Godot Engine v4.6.2.stable.mono.official.71f334935 - https://godotengine.org

CardRegistry: loaded 2054 cards
SelfPlayRunner: loaded runner opponent 'runner_arissana_lilypad_gamble' — arissana_rocha_nahu_street_artist (46 cards)
SelfPlayRunner: loaded corp opponent 'nbn_reality_plus_tags' — nbn_reality_plus (36 cards)
╔══════════════════════════════════════════════════════╗
║     NETRUNNER SELF-PLAY — BATCH MODE ( 20 games)     ║
╚══════════════════════════════════════════════════════╝
AbilityRegistry: loaded definitions for 630 cards
[GameContext] Reality Plus draws Ivik.
[GameContext] === Reality Plus Turn 1 begins. Credits: 5, Clicks: 3 ===
[GameContext] [MCTS] slow search: 1243 ms (100 iterations, depth 3)
[DecisionLogger] user data dir : C:/Users/jnsno/AppData/Roaming/Godot/app_userdata/Netrunner Solo
[DecisionLogger] logs dir      : C:/Users/jnsno/AppData/Roaming/Godot/app_userdata/Netrunner Solo/logs
[DecisionLogger] opening       : C:/Users/jnsno/AppData/Roaming/Godot/app_userdata/Netrunner Solo/logs/corp_ai_20260620_195451.log
[DecisionLogger] log file ready.
[GameContext] Reality Plus installs Vasilisa in R&D.
[GameContext] [MCTS] slow search: 1000 ms (100 iterations, depth 3)
[GameContext] Reality Plus installs Ivik in Server 0.
[heartbeat] game 1/20 — turn 1, time 5s
[GameContext] [MCTS] slow search: 1028 ms (100 iterations, depth 3)
[GameContext] Reality Plus gains 1 credit. (6 total)
[GameContext] === Street Artist Turn 2 begins. Credits: 5, Clicks: 4 ===
[GameContext] --- Run on R&D begins ---
[GameContext] [Initiation] Run declared on R&D.
[GameContext] [Approach] Runner approaches unrezzed ice (position 0).
[CorpRunAI] AI: Vasilisa — rez_cost=2  tax/enc=6.0  enc=3.0  LTV=18.0
[GameContext] [Rez] Corp rezzes Vasilisa for 2 credits.
[GameContext] [Encounter] Runner encounters Vasilisa.
[GameContext] Street Artist takes 1 tag(s). (1 total)
[GameContext] NBN: Reality Plus — Reality Plus may gain 2 cr or draw 2 cards.
[GameContext] [Wildcat Strike] Corp denies draws — Runner gains credits instead.
[GameContext] Reality Plus: Reality Plus chooses 'Draw 2 cards'.
[GameContext] Reality Plus draws 2 card(s).
[GameContext] [Movement] Runner approaches the server root.
[GameContext] [Success] Run successful on R&D!
[GameContext] [Debug/gain_on_success] run_modifiers at success: {  }
[GameContext] [Breach] Runner breaches R&D.
[GameContext] [Access] Runner accesses: Trust Operation
[GameContext] [End] Run ended successfully.
Player install: card is: Unity and charged cost is: 3
[GameContext] Street Artist installs Unity. [MU: 1/4 used]
[GameContext] --- Run on HQ begins ---
[GameContext] [Initiation] Run declared on HQ.
[GameContext] [Initiation] No ice protecting server — proceeding to root.
[GameContext] [Movement] Runner approaches the server root.
[GameContext] [Success] Run successful on HQ!
[GameContext] [Debug/gain_on_success] run_modifiers at success: {  }
[GameContext] [Breach] Runner breaches HQ.
[GameContext] [Access] Runner accesses: Funhouse
[GameContext] [End] Run ended successfully.
[GameContext] Street Artist removes 1 tag (0 remaining). [paid 2cr]
[GameContext] Reality Plus draws Trust Operation.
[GameContext] === Reality Plus Turn 2 begins. Credits: 4, Clicks: 3 ===
[GameContext] [MCTS] slow search: 1390 ms (100 iterations, depth 3)
[GameContext] Reality Plus installs Artificial Cryptocrash in Server 0.
[GameContext] [MCTS] slow search: 1304 ms (100 iterations, depth 3)
[GameContext] Reality Plus advances Artificial Cryptocrash (1 counters).
[heartbeat] game 1/20 — turn 2, time 10s
[GameContext] [MCTS] slow search: 1274 ms (100 iterations, depth 3)
[GameContext] Reality Plus advances Artificial Cryptocrash (2 counters).
[GameContext] Reality Plus discards Trust Operation to hand limit.
[GameContext] === Street Artist Turn 3 begins. Credits: 0, Clicks: 4 ===
[GameContext] Street Artist gains 1 credit. (1 total)
[GameContext] --- Run on Server 0 begins ---
[GameContext] [Initiation] Run declared on Server 0.
[GameContext] [Approach] Runner approaches unrezzed ice (position 0).
[GameContext] [Approach] Corp declines to rez. Runner passes unrezzed ice.
[GameContext] [Movement] Runner approaches the server root.
[GameContext] [Success] Run successful on Server 0!
[GameContext] [Debug/gain_on_success] run_modifiers at success: {  }
[GameContext] [Breach] Runner breaches Server 0.
[GameContext] [Access] Runner accesses: Artificial Cryptocrash
[GameContext] [Access] Runner steals Artificial Cryptocrash! (2 agenda points)
[GameContext] [End] Run ended successfully.
[GameContext] --- Run on HQ begins ---
[GameContext] [Initiation] Run declared on HQ.
[GameContext] [Initiation] No ice protecting server — proceeding to root.
[GameContext] [Movement] Runner approaches the server root.
[GameContext] [Success] Run successful on HQ!
[GameContext] [Debug/gain_on_success] run_modifiers at success: {  }
[GameContext] [Breach] Runner breaches HQ.
[GameContext] [Access] Runner accesses: Doomscroll
[GameContext] [End] Run ended successfully.
[GameContext] Street Artist draws Telework Contract.
[GameContext] Reality Plus draws IP Enforcement.
[GameContext] === Reality Plus Turn 3 begins. Credits: 2, Clicks: 3 ===
[GameContext] [MCTS] slow search: 1447 ms (100 iterations, depth 3)
[GameContext] Reality Plus installs Vasilisa in HQ.
[GameContext] [MCTS] slow search: 1377 ms (100 iterations, depth 3)
[GameContext] Reality Plus installs Artificial Cryptocrash in Server 1.
[heartbeat] game 1/20 — turn 3, time 16s
[GameContext] [MCTS] slow search: 1209 ms (100 iterations, depth 3)
[GameContext] Reality Plus installs Doomscroll in Server 1.
[GameContext] === Street Artist Turn 4 begins. Credits: 1, Clicks: 4 ===
[GameContext] Street Artist gains 1 credit. (2 total)
[GameContext] Street Artist gains 1 credit. (3 total)
[GameContext] --- Run on Server 1 begins ---
[GameContext] [Initiation] Run declared on Server 1.
[GameContext] [Approach] Runner approaches unrezzed ice (position 0).
[GameContext] [Approach] Corp declines to rez. Runner passes unrezzed ice.
[GameContext] [Movement] Runner approaches the server root.
[GameContext] [Success] Run successful on Server 1!
[GameContext] [Debug/gain_on_success] run_modifiers at success: {  }
[GameContext] [Breach] Runner breaches Server 1.
[GameContext] [Access] Runner accesses: Artificial Cryptocrash
[GameContext] [Access] Runner steals Artificial Cryptocrash! (2 agenda points)
[GameContext] [End] Run ended successfully.
[GameContext] --- Run on HQ begins ---
[GameContext] [Initiation] Run declared on HQ.
[GameContext] [Approach] Runner approaches unrezzed ice (position 0).
[CorpRunAI] AI: rezzing Vasilisa would breach credit floor — holding.
[GameContext] [Approach] Corp declines to rez. Runner passes unrezzed ice.
[GameContext] [Movement] Runner approaches the server root.
[GameContext] [Success] Run successful on HQ!
[GameContext] [Debug/gain_on_success] run_modifiers at success: {  }
[GameContext] [Breach] Runner breaches HQ.
[GameContext] [Access] Runner accesses: IP Enforcement
[GameContext] [End] Run ended successfully.
[GameContext] Reality Plus draws Retribution.
[GameContext] === Reality Plus Turn 4 begins. Credits: 2, Clicks: 3 ===
[GameContext] [MCTS] slow search: 764 ms (100 iterations, depth 3)
[GameContext] Reality Plus gains 1 credit. (3 total)
[GameContext] [MCTS] slow search: 765 ms (100 iterations, depth 3)
[GameContext] Reality Plus gains 1 credit. (4 total)
[GameContext] [MCTS] slow search: 835 ms (100 iterations, depth 3)
[GameContext] Reality Plus gains 1 credit. (5 total)
[heartbeat] game 1/20 — turn 4, time 21s
[GameContext] === Street Artist Turn 5 begins. Credits: 3, Clicks: 4 ===
[GameContext] --- Run on HQ begins ---
[GameContext] [Initiation] Run declared on HQ.
[GameContext] [Approach] Runner approaches unrezzed ice (position 0).
[CorpRunAI] AI: Vasilisa — rez_cost=2  tax/enc=6.0  enc=3.0  LTV=18.0
[GameContext] [Rez] Corp rezzes Vasilisa for 2 credits.
[GameContext] [Encounter] Runner encounters Vasilisa.
[GameContext] Street Artist takes 1 tag(s). (1 total)
[GameContext] NBN: Reality Plus — Reality Plus may gain 2 cr or draw 2 cards.
[GameContext] [Wildcat Strike] Corp denies credits — Runner draws instead.
[GameContext] Reality Plus: Reality Plus chooses 'Gain 2 credits'.
[GameContext] Reality Plus gains 2 credits.
[GameContext] [Movement] Runner approaches the server root.
[GameContext] [Success] Run successful on HQ!
[GameContext] [Debug/gain_on_success] run_modifiers at success: {  }
[GameContext] [Breach] Runner breaches HQ.
[GameContext] [Access] Runner accesses: Funhouse
[GameContext] [End] Run ended successfully.
[GameContext] Street Artist removes 1 tag (0 remaining). [paid 2cr]
[GameContext] Street Artist gains 1 credit. (2 total)
[GameContext] Street Artist gains 1 credit. (3 total)
[GameContext] Reality Plus draws Backroom Machinations.
[GameContext] === Reality Plus Turn 5 begins. Credits: 5, Clicks: 3 ===
[GameContext] [MCTS] slow search: 712 ms (100 iterations, depth 3)
[GameContext] Reality Plus gains 1 credit. (6 total)
[GameContext] [MCTS] slow search: 696 ms (100 iterations, depth 3)
[GameContext] Reality Plus pays 1 credit(s) to install ice.
[GameContext] Reality Plus installs Funhouse in R&D.
[GameContext] [MCTS] slow search: 546 ms (100 iterations, depth 3)
[GameContext] Reality Plus gains 1 credit. (6 total)
[GameContext] === Street Artist Turn 6 begins. Credits: 3, Clicks: 4 ===
[GameContext] Street Artist gains 1 credit. (4 total)
[GameContext] Street Artist gains 1 credit. (5 total)
[GameContext] Street Artist gains 1 credit. (6 total)
[GameContext] Street Artist gains 1 credit. (7 total)
[GameContext] Reality Plus draws Drago Ivanov.
[GameContext] === Reality Plus Turn 6 begins. Credits: 6, Clicks: 3 ===
[GameContext] [MCTS] slow search: 681 ms (100 iterations, depth 3)
[GameContext] Reality Plus gains 1 credit. (7 total)
[GameContext] [MCTS] slow search: 663 ms (100 iterations, depth 3)
[GameContext] Reality Plus installs Regolith Mining License in Server 2.
[heartbeat] game 1/20 — turn 6, time 27s
[GameContext] [MCTS] slow search: 575 ms (100 iterations, depth 3)
[GameContext] Reality Plus gains 1 credit. (8 total)
[GameContext] === Street Artist Turn 7 begins. Credits: 7, Clicks: 4 ===
[GameContext] Street Artist gains 1 credit. (8 total)
[GameContext] Street Artist gains 1 credit. (9 total)
[GameContext] Street Artist gains 1 credit. (10 total)
[GameContext] Street Artist gains 1 credit. (11 total)
[GameContext] Reality Plus draws Drago Ivanov.
[GameContext] === Reality Plus Turn 7 begins. Credits: 8, Clicks: 3 ===
[GameContext] Placed 15 credits counter(s) on Regolith Mining License.
[GameContext] Reality Plus rezzes Regolith Mining License for 2 cr.
[GameContext] [MCTS] slow search: 738 ms (100 iterations, depth 3)
[GameContext] Reality Plus installs Drago Ivanov in Server 3.
[GameContext] [MCTS] slow search: 674 ms (100 iterations, depth 3)
[GameContext] Reality Plus takes 3 cr from Regolith Mining License (12 remaining).
[GameContext] [MCTS] slow search: 718 ms (100 iterations, depth 3)
[GameContext] Reality Plus takes 3 cr from Regolith Mining License (9 remaining).
[GameContext] === Street Artist Turn 8 begins. Credits: 11, Clicks: 4 ===
[GameContext] Street Artist gains 1 credit. (12 total)
[GameContext] Street Artist gains 1 credit. (13 total)
[GameContext] Street Artist gains 1 credit. (14 total)
[GameContext] Street Artist gains 1 credit. (15 total)
[GameContext] Reality Plus draws Blood in the Water.
[GameContext] === Reality Plus Turn 8 begins. Credits: 12, Clicks: 3 ===
[GameContext] Reality Plus rezzes Drago Ivanov for 0 cr.
[GameContext] [MCTS] slow search: 1530 ms (100 iterations, depth 3)
[heartbeat] game 1/20 — turn 8, time 33s
[GameContext] Reality Plus installs Blood in the Water in Server 0.
[GameContext] [MCTS] Scoring line detected — executing: Advance blood_in_the_water
[GameContext] Reality Plus advances Blood in the Water (1 counters).
[GameContext] Reality Plus scores Blood in the Water! (2 agenda points)
[GameContext] [MCTS] slow search: 693 ms (100 iterations, depth 3)
[GameContext] Reality Plus takes 3 cr from Regolith Mining License (6 remaining).
[GameContext] === Street Artist Turn 9 begins. Credits: 15, Clicks: 4 ===
[GameContext] Street Artist gains 1 credit. (16 total)
[GameContext] Street Artist gains 1 credit. (17 total)
[GameContext] Street Artist gains 1 credit. (18 total)
[GameContext] Street Artist gains 1 credit. (19 total)
[GameContext] Reality Plus draws Hedge Fund.
[GameContext] === Reality Plus Turn 9 begins. Credits: 14, Clicks: 3 ===
[GameContext] [MCTS] slow search: 979 ms (100 iterations, depth 3)
[GameContext] Reality Plus gains 1 credit. (15 total)
[GameContext] [MCTS] slow search: 1072 ms (100 iterations, depth 3)
[GameContext] Condition not met — ability has no effect.
[GameContext] Reality Plus plays Retribution.
[heartbeat] game 1/20 — turn 9, time 38s
[GameContext] [MCTS] slow search: 827 ms (100 iterations, depth 3)
[GameContext] Reality Plus gains 1 credit. (15 total)
[GameContext] === Street Artist Turn 10 begins. Credits: 19, Clicks: 4 ===
Player install: card is: Fermenter and charged cost is: 1
[GameContext] Placed 1 virus counter(s) on Fermenter.
[GameContext] Street Artist installs Fermenter. [MU: 2/4 used]
[GameContext] Street Artist draws Pinhole Threading.
[GameContext] Street Artist plays Pinhole Threading.
[GameContext] Street Artist draws Creative Commission.
[GameContext] Reality Plus draws Trust Operation.
[GameContext] === Reality Plus Turn 10 begins. Credits: 15, Clicks: 3 ===
[GameContext] [MCTS] slow search: 788 ms (100 iterations, depth 3)
[GameContext] Reality Plus draws Ivik.
[GameContext] [MCTS] slow search: 876 ms (100 iterations, depth 3)
[GameContext] Reality Plus installs Drago Ivanov in Server 4.
[GameContext] [MCTS] slow search: 801 ms (100 iterations, depth 3)
[GameContext] Reality Plus pays 1 credit(s) to install ice.
[GameContext] Reality Plus installs Ivik in HQ.
[heartbeat] game 1/20 — turn 10, time 43s
[GameContext] === Street Artist Turn 11 begins. Credits: 17, Clicks: 4 ===
[GameContext] Placed 1 virus counter(s) on Fermenter.
Player install: card is: Self-modifying Code and charged cost is: 0
[GameContext] Street Artist installs Self-modifying Code. [MU: 4/4 used]
[GameContext] Street Artist draws Daily Casts.
[GameContext] Street Artist draws Creative Commission.
[GameContext] Street Artist draws DZMZ Optimizer.
[GameContext] Street Artist discards Telework Contract to hand limit. (5 cards remaining)
[GameContext] Street Artist discards Daily Casts to hand limit. (5 cards remaining)
[GameContext] Reality Plus draws Blood in the Water.
[GameContext] === Reality Plus Turn 11 begins. Credits: 14, Clicks: 3 ===
[GameContext] Reality Plus rezzes Drago Ivanov for 0 cr.
[GameContext] [◆ Unique] Duplicate Drago Ivanov trashed (cannot be prevented).
[GameContext] [MCTS] slow search: 1080 ms (100 iterations, depth 3)
[GameContext] Reality Plus gains 1 credit. (15 total)
[GameContext] [MCTS] slow search: 1102 ms (100 iterations, depth 3)
[GameContext] Reality Plus installs Blood in the Water in Server 0.
[GameContext] [MCTS] Scoring line detected — executing: Advance blood_in_the_water
[GameContext] Reality Plus advances Blood in the Water (1 counters).
[GameContext] Reality Plus scores Blood in the Water! (2 agenda points)
[GameContext] === Street Artist Turn 12 begins. Credits: 17, Clicks: 4 ===
[GameContext] Placed 1 virus counter(s) on Fermenter.
[GameContext] Street Artist draws Overclock.
[GameContext] Street Artist gains 1 credit. (18 total)
[GameContext] Street Artist draws Sure Gamble.
[GameContext] Street Artist draws Overclock.
[GameContext] Street Artist discards Daily Casts to hand limit. (5 cards remaining)
[GameContext] Street Artist discards Creative Commission to hand limit. (5 cards remaining)
[GameContext] Street Artist discards Creative Commission to hand limit. (5 cards remaining)
[GameContext] Reality Plus draws Backroom Machinations.
[GameContext] === Reality Plus Turn 12 begins. Credits: 14, Clicks: 3 ===
[GameContext] [MCTS] slow search: 624 ms (100 iterations, depth 3)
[GameContext] Reality Plus draws IP Enforcement.
[GameContext] [MCTS] slow search: 656 ms (100 iterations, depth 3)
[GameContext] Reality Plus draws Hedge Fund.
[heartbeat] game 1/20 — turn 12, time 48s
[GameContext] [MCTS] slow search: 990 ms (100 iterations, depth 3)
[GameContext] Reality Plus gains 1 credit. (15 total)
[GameContext] Reality Plus discards IP Enforcement to hand limit.
[GameContext] Reality Plus discards Trust Operation to hand limit.
[GameContext] === Street Artist Turn 13 begins. Credits: 18, Clicks: 4 ===
[GameContext] Placed 1 virus counter(s) on Fermenter.
[GameContext] Street Artist draws Fermenter.
[GameContext] Street Artist draws Dr. Nuka Vrolyck.
[GameContext] Street Artist draws Self-modifying Code.
[GameContext] Street Artist gains 1 credit. (19 total)
[GameContext] Street Artist discards Dr. Nuka Vrolyck to hand limit. (5 cards remaining)
[GameContext] Street Artist discards Overclock to hand limit. (5 cards remaining)
[GameContext] Street Artist discards Overclock to hand limit. (5 cards remaining)
[GameContext] Reality Plus draws Artificial Cryptocrash.
[GameContext] === Reality Plus Turn 13 begins. Credits: 15, Clicks: 3 ===
[GameContext] [MCTS] slow search: 1291 ms (100 iterations, depth 3)
[GameContext] Reality Plus installs Artificial Cryptocrash in Server 0.
[GameContext] [MCTS] slow search: 1333 ms (100 iterations, depth 3)
[GameContext] Reality Plus advances Artificial Cryptocrash (1 counters).
[heartbeat] game 1/20 — turn 13, time 53s
[GameContext] [MCTS] slow search: 1261 ms (100 iterations, depth 3)
[GameContext] Reality Plus advances Artificial Cryptocrash (2 counters).
[GameContext] === Street Artist Turn 14 begins. Credits: 19, Clicks: 4 ===
[GameContext] Placed 1 virus counter(s) on Fermenter.
[GameContext] --- Run on Server 0 begins ---
[GameContext] [Initiation] Run declared on Server 0.
[GameContext] [Approach] Runner approaches unrezzed ice (position 0).
[CorpRunAI] AI: Ivik — rez_cost=7  tax/enc=11.0  enc=2.5  LTV=27.5
[GameContext] [Rez] Corp rezzes Ivik for 7 credits.
[GameContext] [Encounter] Runner encounters Ivik.
[GameContext] Runner takes 2 net damage.
[GameContext]   Trashed from grip: fermenter
[GameContext]   Trashed from grip: self_modifying_code
[GameContext] 2 card(s) trashed from Street Artist's grip.
[GameContext] Run ended.
[GameContext] [Encounter] Run ended by subroutine.
[GameContext] [End] Run ended unsuccessfully.
[GameContext] Street Artist draws Deep Dive.
[GameContext] Street Artist draws DZMZ Optimizer.
[GameContext] Street Artist draws Simulchip.
[GameContext] Street Artist discards Deep Dive to hand limit. (5 cards remaining)
[GameContext] Reality Plus draws Spin Doctor.
[GameContext] === Reality Plus Turn 14 begins. Credits: 6, Clicks: 3 ===
[GameContext] [MCTS] Scoring line detected — executing: Advance artificial_cryptocrash
[GameContext] Reality Plus advances Artificial Cryptocrash (3 counters).
[GameContext] [MCTS] Scoring line detected — executing: Advance artificial_cryptocrash
[GameContext] Reality Plus advances Artificial Cryptocrash (4 counters).
[GameContext] Reality Plus scores Artificial Cryptocrash! (2 agenda points)
[GameContext] Street Artist loses 7 credits.
[GameContext] [MCTS] slow search: 882 ms (100 iterations, depth 3)
[GameContext] Reality Plus takes 3 cr from Regolith Mining License (3 remaining).
[GameContext] Reality Plus discards IP Enforcement to hand limit.
[GameContext] === Street Artist Turn 15 begins. Credits: 12, Clicks: 4 ===
[GameContext] Placed 1 virus counter(s) on Fermenter.
[GameContext] Street Artist gains 9 credits.
[GameContext] Street Artist plays Sure Gamble.
[GameContext] Street Artist draws Telework Contract.
[GameContext] Street Artist draws Daily Casts.
[GameContext] Street Artist draws Environmental Testing.
[GameContext] Street Artist discards Telework Contract to hand limit. (5 cards remaining)
[GameContext] Street Artist discards Daily Casts to hand limit. (5 cards remaining)
[GameContext] Reality Plus draws Chekist Scion.
[GameContext] === Reality Plus Turn 15 begins. Credits: 7, Clicks: 3 ===
[GameContext] [MCTS] slow search: 650 ms (100 iterations, depth 3)
[heartbeat] game 1/20 — turn 15, time 59s
[GameContext] Reality Plus gains 9 credits.
[GameContext] Reality Plus plays Hedge Fund.
[GameContext] [MCTS] slow search: 730 ms (100 iterations, depth 3)
[GameContext] Reality Plus draws Chekist Scion.
[GameContext] [MCTS] slow search: 1275 ms (100 iterations, depth 3)
[GameContext] Reality Plus gains 9 credits.
[GameContext] Reality Plus plays Hedge Fund.
[GameContext] === Street Artist Turn 16 begins. Credits: 16, Clicks: 4 ===
[GameContext] Placed 1 virus counter(s) on Fermenter.
[GameContext] Street Artist draws Environmental Testing.
[GameContext] Street Artist draws Sure Gamble.
[GameContext] Street Artist draws Sure Gamble.
[GameContext] Street Artist gains 1 credit. (17 total)
[GameContext] Street Artist discards Environmental Testing to hand limit. (5 cards remaining)
[GameContext] Street Artist discards Environmental Testing to hand limit. (5 cards remaining)
[GameContext] Street Artist discards Sure Gamble to hand limit. (5 cards remaining)
[GameContext] Reality Plus draws Blood in the Water.
[GameContext] === Reality Plus Turn 16 begins. Credits: 15, Clicks: 3 ===
[GameContext] Reality Plus installs Blood in the Water in Server 0.
[GameContext] [MCTS] Scoring line detected — executing: Advance blood_in_the_water
[GameContext] Reality Plus advances Blood in the Water (1 counters).
[GameContext] Reality Plus scores Blood in the Water! (2 agenda points)
[GameContext] Game over — Reality Plus wins. Reality Plus scored 8 agenda points
  [  1/ 20]  CORP      Reality Plus scored 8 agenda points  16 turns
[GameContext] Reality Plus draws Trust Operation.
[GameContext] === Reality Plus Turn 1 begins. Credits: 5, Clicks: 3 ===
[GameContext] [MCTS] slow search: 472 ms (100 iterations, depth 3)
[GameContext] Reality Plus installs Doomscroll in R&D.
[heartbeat] game 2/20 — turn 1, time 64s
[GameContext] [MCTS] slow search: 484 ms (100 iterations, depth 3)
[GameContext] Reality Plus installs Ivik in Server 0.
[GameContext] [MCTS] slow search: 426 ms (100 iterations, depth 3)
[GameContext] Reality Plus installs Doomscroll in HQ.
[GameContext] === Street Artist Turn 2 begins. Credits: 5, Clicks: 4 ===
[GameContext] --- Run on R&D begins ---
[GameContext] [Initiation] Run declared on R&D.
[GameContext] [Approach] Runner approaches unrezzed ice (position 0).
[CorpRunAI] AI: rezzing Doomscroll would breach credit floor — holding.
[GameContext] [Approach] Corp declines to rez. Runner passes unrezzed ice.
[GameContext] [Movement] Runner approaches the server root.
[GameContext] [Success] Run successful on R&D!
[GameContext] [Debug/gain_on_success] run_modifiers at success: {  }
[GameContext] [Breach] Runner breaches R&D.
[GameContext] [Access] Runner accesses: Artificial Cryptocrash
[GameContext] [Access] Runner steals Artificial Cryptocrash! (2 agenda points)
[GameContext] [End] Run ended successfully.
[GameContext] Street Artist gains 9 credits.
[GameContext] Street Artist plays Sure Gamble.
[GameContext] --- Run on HQ begins ---
[GameContext] [Initiation] Run declared on HQ.
[GameContext] [Approach] Runner approaches unrezzed ice (position 0).
[CorpRunAI] AI: rezzing Doomscroll would breach credit floor — holding.
[GameContext] [Approach] Corp declines to rez. Runner passes unrezzed ice.
[GameContext] [Movement] Runner approaches the server root.
[GameContext] [Success] Run successful on HQ!
[GameContext] [Debug/gain_on_success] run_modifiers at success: {  }
[GameContext] [Breach] Runner breaches HQ.
[GameContext] [Access] Runner accesses: IP Enforcement
[GameContext] [End] Run ended successfully.
[GameContext] Street Artist draws Self-modifying Code.
[GameContext] Reality Plus draws Chekist Scion.
[GameContext] === Reality Plus Turn 2 begins. Credits: 5, Clicks: 3 ===
[GameContext] [MCTS] slow search: 436 ms (100 iterations, depth 3)
[GameContext] Reality Plus gains 1 credit. (6 total)
[GameContext] [MCTS] slow search: 437 ms (100 iterations, depth 3)
[GameContext] Reality Plus gains 1 credit. (7 total)
[GameContext] [MCTS] slow search: 450 ms (100 iterations, depth 3)
[GameContext] Reality Plus gains 1 credit. (8 total)
[GameContext] === Street Artist Turn 3 begins. Credits: 9, Clicks: 4 ===
[GameContext] --- Run on HQ begins ---
[GameContext] [Initiation] Run declared on HQ.
[GameContext] [Approach] Runner approaches unrezzed ice (position 0).
[CorpRunAI] AI: Doomscroll — rez_cost=3  tax/enc=11.0  enc=3.0  LTV=33.0
[GameContext] [Rez] Corp rezzes Doomscroll for 3 credits.
[GameContext] [Encounter] Runner encounters Doomscroll.
[GameContext] Street Artist takes 1 tag(s). (1 total)
[GameContext] NBN: Reality Plus — Reality Plus may gain 2 cr or draw 2 cards.
[GameContext] [Wildcat Strike] Corp denies draws — Runner gains credits instead.
[GameContext] Reality Plus: Reality Plus chooses 'Draw 2 cards'.
[GameContext] Reality Plus draws 2 card(s).
[GameContext] Runner takes 1 net damage.
[GameContext]   Trashed from grip: self_modifying_code
[GameContext] 1 card(s) trashed from Street Artist's grip.
[GameContext] Subroutine condition not met — no effect.
[GameContext] [Movement] Runner approaches the server root.
[GameContext] [Success] Run successful on HQ!
[GameContext] [Debug/gain_on_success] run_modifiers at success: {  }
[GameContext] [Breach] Runner breaches HQ.
[GameContext] [Access] Runner accesses: Retribution
[GameContext] [End] Run ended successfully.
[GameContext] --- Run on R&D begins ---
[GameContext] [Initiation] Run declared on R&D.
[GameContext] [Approach] Runner approaches unrezzed ice (position 0).
[CorpRunAI] AI: Doomscroll — rez_cost=3  tax/enc=11.0  enc=3.0  LTV=33.0
[GameContext] [Rez] Corp rezzes Doomscroll for 3 credits.
[GameContext] [Encounter] Runner encounters Doomscroll.
[GameContext] Street Artist takes 1 tag(s). (2 total)
[GameContext] Runner takes 1 net damage.
[GameContext]   Trashed from grip: conduit
[GameContext] 1 card(s) trashed from Street Artist's grip.
[GameContext] Runner takes 2 net damage.
[GameContext]   Trashed from grip: lilypad
[GameContext]   Trashed from grip: pinhole_threading
[GameContext] 2 card(s) trashed from Street Artist's grip.
[GameContext] [Movement] Runner approaches the server root.
[GameContext] [Success] Run successful on R&D!
[GameContext] [Debug/gain_on_success] run_modifiers at success: {  }
[GameContext] [Breach] Runner breaches R&D.
[GameContext] [Access] Runner accesses: Chekist Scion
[GameContext] [Access] Runner may trash Chekist Scion for 0 credits (Runner has 9 total).
[GameContext] [Access] Runner trashes Chekist Scion.
[GameContext] [End] Run ended successfully.
[GameContext] Street Artist removes 1 tag (1 remaining). [paid 2cr]
[GameContext] Street Artist removes 1 tag (0 remaining). [paid 2cr]
[GameContext] Reality Plus draws Hedge Fund.
[GameContext] === Reality Plus Turn 3 begins. Credits: 2, Clicks: 3 ===
[GameContext] [MCTS] slow search: 588 ms (100 iterations, depth 3)
[heartbeat] game 2/20 — turn 3, time 69s
[GameContext] Reality Plus gains 1 credit. (3 total)
[GameContext] [MCTS] slow search: 668 ms (100 iterations, depth 3)
[GameContext] Reality Plus gains 1 credit. (4 total)
[GameContext] [MCTS] slow search: 3371 ms (100 iterations, depth 3)
[GameContext] Reality Plus gains 1 credit. (5 total)
[heartbeat] game 2/20 — turn 3, time 74s
[GameContext] Reality Plus discards IP Enforcement to hand limit.
[GameContext] Reality Plus discards Trust Operation to hand limit.
[GameContext] === Street Artist Turn 4 begins. Credits: 5, Clicks: 4 ===
[GameContext] Street Artist draws Simulchip.
[GameContext] Street Artist draws Overclock.
[GameContext] Run modifier set: overclock_credits = 5
[GameContext] --- Run on HQ begins ---
[GameContext] [Initiation] Run declared on HQ.
[GameContext] [Approach] Runner approaches Doomscroll (position 0).
[GameContext] [Encounter] Runner encounters Doomscroll.
[GameContext] Street Artist takes 1 tag(s). (1 total)
[GameContext] NBN: Reality Plus — Reality Plus may gain 2 cr or draw 2 cards.
[GameContext] [Wildcat Strike] Corp denies credits by default.
[GameContext] Reality Plus: Reality Plus chooses 'Gain 2 credits'.
[GameContext] Reality Plus gains 2 credits.
[GameContext] Runner takes 1 net damage.
[GameContext]   Trashed from grip: simulchip
[GameContext] 1 card(s) trashed from Street Artist's grip.
[GameContext] Subroutine condition not met — no effect.
[GameContext] [Movement] Runner approaches the server root.
[GameContext] [Success] Run successful on HQ!
[GameContext] [Debug/gain_on_success] run_modifiers at success: { "overclock_credits": 5, "run_event_active": 1 }
[GameContext] [Breach] Runner breaches HQ.
[GameContext] [Access] Runner accesses: Chekist Scion
[GameContext] [Access] Runner may trash Chekist Scion for 0 credits (Runner has 9 total).
[GameContext] [Access] Runner trashes Chekist Scion.
[GameContext] [End] Run ended successfully.
[GameContext] Overclock: 5 unspent credit(s) returned to the bank.
[GameContext] Street Artist plays Overclock.
[GameContext] Street Artist removes 1 tag (0 remaining). [paid 2cr]
[GameContext] Reality Plus draws Drago Ivanov.
[GameContext] === Reality Plus Turn 4 begins. Credits: 7, Clicks: 3 ===
[GameContext] [MCTS] slow search: 496 ms (100 iterations, depth 3)
[GameContext] Reality Plus gains 9 credits.
[GameContext] Reality Plus plays Hedge Fund.
[GameContext] [MCTS] slow search: 417 ms (100 iterations, depth 3)
[GameContext] Reality Plus gains 1 credit. (12 total)
[GameContext] [MCTS] slow search: 494 ms (100 iterations, depth 3)
[GameContext] Reality Plus gains 1 credit. (13 total)
[GameContext] === Street Artist Turn 5 begins. Credits: 2, Clicks: 4 ===
[GameContext] Street Artist draws Sure Gamble.
[GameContext] Street Artist draws Overclock.
[GameContext] Run modifier set: overclock_credits = 5
[GameContext] --- Run on HQ begins ---
[GameContext] [Initiation] Run declared on HQ.
[GameContext] [Approach] Runner approaches Doomscroll (position 0).
[GameContext] [Encounter] Runner encounters Doomscroll.
[GameContext] Street Artist takes 1 tag(s). (1 total)
[GameContext] NBN: Reality Plus — Reality Plus may gain 2 cr or draw 2 cards.
[GameContext] [Wildcat Strike] Corp denies credits — Runner draws instead.
[GameContext] Reality Plus: Reality Plus chooses 'Gain 2 credits'.
[GameContext] Reality Plus gains 2 credits.
[GameContext] Runner takes 1 net damage.
[GameContext]   Trashed from grip: sure_gamble
[GameContext] 1 card(s) trashed from Street Artist's grip.
[GameContext] Subroutine condition not met — no effect.
[GameContext] [Movement] Runner approaches the server root.
[GameContext] [Success] Run successful on HQ!
[GameContext] [Debug/gain_on_success] run_modifiers at success: { "overclock_credits": 5, "run_event_active": 1 }
[GameContext] [Breach] Runner breaches HQ.
[GameContext] [Access] Runner accesses: Retribution
[GameContext] [End] Run ended successfully.
[GameContext] Overclock: 5 unspent credit(s) returned to the bank.
[GameContext] Street Artist plays Overclock.
[GameContext] Street Artist draws LilyPAD.
[GameContext] Reality Plus draws Spin Doctor.
[GameContext] === Reality Plus Turn 5 begins. Credits: 15, Clicks: 3 ===
[GameContext] [MCTS] slow search: 831 ms (100 iterations, depth 3)
[GameContext] Reality Plus draws Drago Ivanov.
[GameContext] [MCTS] slow search: 828 ms (100 iterations, depth 3)
[GameContext] Reality Plus installs Spin Doctor in Server 0.
[heartbeat] game 2/20 — turn 5, time 79s
[GameContext] [MCTS] slow search: 979 ms (100 iterations, depth 3)
[GameContext] Reality Plus gains 1 credit. (16 total)
[GameContext] === Street Artist Turn 6 begins. Credits: 1, Clicks: 4 ===
[GameContext] Street Artist gains 1 credit. (2 total)
[GameContext] Street Artist removes 1 tag (0 remaining). [paid 2cr]
[GameContext] Street Artist draws Deep Dive.
[GameContext] Street Artist draws Fermenter.
[GameContext] Reality Plus draws Artificial Cryptocrash.
[GameContext] === Reality Plus Turn 6 begins. Credits: 16, Clicks: 3 ===
[GameContext] Reality Plus draws 2 card(s).
[GameContext] Reality Plus rezzes Spin Doctor for 0 cr.
[GameContext] [MCTS] slow search: 1872 ms (100 iterations, depth 3)
[GameContext] Reality Plus installs Artificial Cryptocrash in Server 1.
[GameContext] [MCTS] slow search: 1802 ms (100 iterations, depth 3)
[GameContext] Reality Plus advances Artificial Cryptocrash (1 counters).
[heartbeat] game 2/20 — turn 6, time 85s
[GameContext] [MCTS] slow search: 1680 ms (100 iterations, depth 3)
[GameContext] Reality Plus installs Funhouse in Server 1.
[GameContext] Reality Plus discards Retribution to hand limit.
[GameContext] === Street Artist Turn 7 begins. Credits: 0, Clicks: 4 ===
[GameContext] Street Artist draws Pinhole Threading.
[GameContext] Street Artist gains 1 credit. (1 total)
[GameContext] Street Artist plays Pinhole Threading.
[GameContext] Street Artist draws Overclock.
[GameContext] Reality Plus draws Hedge Fund.
[GameContext] === Reality Plus Turn 7 begins. Credits: 15, Clicks: 3 ===
[GameContext] [MCTS] Scoring line detected — executing: Advance artificial_cryptocrash
[GameContext] Reality Plus advances Artificial Cryptocrash (2 counters).
[GameContext] [MCTS] Scoring line detected — executing: Advance artificial_cryptocrash
[GameContext] Reality Plus advances Artificial Cryptocrash (3 counters).
[GameContext] [MCTS] Scoring line detected — executing: Advance artificial_cryptocrash
[GameContext] Reality Plus advances Artificial Cryptocrash (4 counters).
[GameContext] Reality Plus scores Artificial Cryptocrash! (2 agenda points)
[GameContext] Street Artist loses 0 credits.
[GameContext] Reality Plus discards Retribution to hand limit.
[GameContext] === Street Artist Turn 8 begins. Credits: 0, Clicks: 4 ===
[GameContext] Street Artist gains 1 credit. (1 total)
[GameContext] Run modifier set: overclock_credits = 5
[GameContext] --- Run on HQ begins ---
[GameContext] [Initiation] Run declared on HQ.
[GameContext] [Approach] Runner approaches Doomscroll (position 0).
[GameContext] [Encounter] Runner encounters Doomscroll.
[GameContext] Street Artist takes 1 tag(s). (1 total)
[GameContext] NBN: Reality Plus — Reality Plus may gain 2 cr or draw 2 cards.
[GameContext] [Wildcat Strike] Corp denies credits — Runner draws instead.
[GameContext] Reality Plus: Reality Plus chooses 'Gain 2 credits'.
[GameContext] Reality Plus gains 2 credits.
[GameContext] Runner takes 1 net damage.
[GameContext]   Trashed from grip: deep_dive
[GameContext] 1 card(s) trashed from Street Artist's grip.
[GameContext] Subroutine condition not met — no effect.
[GameContext] [Movement] Runner approaches the server root.
[GameContext] [Success] Run successful on HQ!
[GameContext] [Debug/gain_on_success] run_modifiers at success: { "overclock_credits": 5, "run_event_active": 1 }
[GameContext] [Breach] Runner breaches HQ.
[GameContext] [Access] Runner accesses: Drago Ivanov
[GameContext] [Access] Runner may trash Drago Ivanov for 1 credits (Runner has 5 total).
[GameContext] [End] Run ended successfully.
[GameContext] Overclock: 5 unspent credit(s) returned to the bank.
[GameContext] Street Artist plays Overclock.
[GameContext] Street Artist draws Telework Contract.
[GameContext] Street Artist draws Environmental Testing.
[GameContext] Reality Plus draws Spin Doctor.
[GameContext] === Reality Plus Turn 8 begins. Credits: 14, Clicks: 3 ===
[GameContext] [MCTS] slow search: 1084 ms (100 iterations, depth 3)
[heartbeat] game 2/20 — turn 8, time 91s
[GameContext] Reality Plus installs Spin Doctor in Server 1.
[GameContext] [MCTS] slow search: 1400 ms (100 iterations, depth 3)
[GameContext] Reality Plus gains 1 credit. (15 total)
[GameContext] [MCTS] slow search: 1363 ms (100 iterations, depth 3)
[GameContext] Reality Plus draws Backroom Machinations.
[GameContext] Reality Plus discards Backroom Machinations to hand limit.
[GameContext] === Street Artist Turn 9 begins. Credits: 0, Clicks: 4 ===
[GameContext] Street Artist gains 1 credit. (1 total)
[GameContext] Street Artist gains 1 credit. (2 total)
[GameContext] Street Artist removes 1 tag (0 remaining). [paid 2cr]
[GameContext] Street Artist draws DZMZ Optimizer.
[GameContext] Street Artist discards Telework Contract to hand limit. (5 cards remaining)
[GameContext] Reality Plus draws Artificial Cryptocrash.
[GameContext] === Reality Plus Turn 9 begins. Credits: 15, Clicks: 3 ===
[GameContext] Reality Plus draws 2 card(s).
[GameContext] Reality Plus rezzes Spin Doctor for 0 cr.
[GameContext] [◆ Unique] Duplicate Spin Doctor trashed (cannot be prevented).
[GameContext] [MCTS] slow search: 1759 ms (100 iterations, depth 3)
[heartbeat] game 2/20 — turn 9, time 96s
[GameContext] Reality Plus installs Artificial Cryptocrash in Server 0.
[GameContext] [MCTS] slow search: 1724 ms (100 iterations, depth 3)
[GameContext] Reality Plus advances Artificial Cryptocrash (1 counters).
[GameContext] [MCTS] slow search: 1664 ms (100 iterations, depth 3)
[GameContext] Reality Plus advances Artificial Cryptocrash (2 counters).
[GameContext] Reality Plus discards Backroom Machinations to hand limit.
[GameContext] Reality Plus discards Hedge Fund to hand limit.
[GameContext] === Street Artist Turn 10 begins. Credits: 0, Clicks: 4 ===
[GameContext] Street Artist draws Environmental Testing.
[GameContext] Street Artist draws Deep Dive.
[GameContext] Street Artist draws Daily Casts.
[GameContext] Street Artist gains 1 credit. (1 total)
[GameContext] Street Artist discards Environmental Testing to hand limit. (5 cards remaining)
[GameContext] Street Artist discards Environmental Testing to hand limit. (5 cards remaining)
[GameContext] Street Artist discards Daily Casts to hand limit. (5 cards remaining)
[GameContext] Reality Plus draws Blood in the Water.
[GameContext] === Reality Plus Turn 10 begins. Credits: 13, Clicks: 3 ===
[GameContext] [MCTS] Scoring line detected — executing: Advance artificial_cryptocrash
[GameContext] Reality Plus advances Artificial Cryptocrash (3 counters).
[heartbeat] game 2/20 — turn 10, time 101s
[GameContext] [MCTS] Scoring line detected — executing: Advance artificial_cryptocrash
[GameContext] Reality Plus advances Artificial Cryptocrash (4 counters).
[GameContext] Reality Plus scores Artificial Cryptocrash! (2 agenda points)
[GameContext] Street Artist loses 1 credits.
[GameContext] [MCTS] slow search: 1511 ms (100 iterations, depth 3)
[GameContext] Reality Plus installs Blood in the Water in Server 0.
[GameContext] === Street Artist Turn 11 begins. Credits: 0, Clicks: 4 ===
[GameContext] Street Artist draws Self-modifying Code.
[GameContext] Street Artist draws Daily Casts.
[GameContext] Street Artist draws Environmental Testing.
[GameContext] Street Artist gains 1 credit. (1 total)
[GameContext] Street Artist discards Daily Casts to hand limit. (5 cards remaining)
[GameContext] Street Artist discards Environmental Testing to hand limit. (5 cards remaining)
[GameContext] Street Artist discards Deep Dive to hand limit. (5 cards remaining)
[GameContext] Reality Plus draws Trust Operation.
[GameContext] === Reality Plus Turn 11 begins. Credits: 11, Clicks: 3 ===
[GameContext] [MCTS] Scoring line detected — executing: Advance blood_in_the_water
[GameContext] Reality Plus advances Blood in the Water (1 counters).
[GameContext] Reality Plus scores Blood in the Water! (2 agenda points)
[GameContext] [MCTS] slow search: 799 ms (100 iterations, depth 3)
[GameContext] Reality Plus pays 1 credit(s) to install ice.
[GameContext] Reality Plus installs Funhouse in HQ.
[GameContext] [MCTS] slow search: 718 ms (100 iterations, depth 3)
[GameContext] Reality Plus installs Drago Ivanov in Server 0.
[heartbeat] game 2/20 — turn 11, time 107s
[GameContext] === Street Artist Turn 12 begins. Credits: 1, Clicks: 4 ===
[GameContext] Street Artist draws Telework Contract.
[GameContext] Street Artist draws Propeller.
[GameContext] Street Artist draws Echelon.
Player install: card is: Propeller and charged cost is: 1
[GameContext] Placed 4 power counter(s) on Propeller.
[GameContext] Street Artist installs Propeller. [MU: 1/4 used]
[GameContext] Street Artist discards Telework Contract to hand limit. (5 cards remaining)
[GameContext] Street Artist discards Simulchip to hand limit. (5 cards remaining)
[GameContext] Reality Plus draws Regolith Mining License.
[GameContext] === Reality Plus Turn 12 begins. Credits: 9, Clicks: 3 ===
[GameContext] Reality Plus rezzes Drago Ivanov for 0 cr.
[GameContext] [MCTS] slow search: 1562 ms (100 iterations, depth 3)
[GameContext] Reality Plus action rejected: Card __sim_trap__ not found or not advanceable
[GameContext] === Street Artist Turn 13 begins. Credits: 0, Clicks: 4 ===
[GameContext] Street Artist gains 1 credit. (1 total)
[GameContext] Street Artist gains 1 credit. (2 total)
[GameContext] Street Artist gains 1 credit. (3 total)
Player install: card is: Echelon and charged cost is: 3
[GameContext] Street Artist installs Echelon. [MU: 2/4 used]
[GameContext] Reality Plus draws Blood in the Water.
[GameContext] === Reality Plus Turn 13 begins. Credits: 9, Clicks: 3 ===
[GameContext] Reality Plus gains 1 credit. (10 total)
[GameContext] Reality Plus installs Blood in the Water in Server 2.
[GameContext] [MCTS] Scoring line detected — executing: Advance blood_in_the_water
[GameContext] Reality Plus advances Blood in the Water (1 counters).
[GameContext] Reality Plus scores Blood in the Water! (2 agenda points)
[GameContext] Game over — Reality Plus wins. Reality Plus scored 8 agenda points
  [  2/ 20]  CORP      Reality Plus scored 8 agenda points  13 turns
[GameContext] Reality Plus draws Drago Ivanov.
[GameContext] === Reality Plus Turn 1 begins. Credits: 5, Clicks: 3 ===
[GameContext] [MCTS] slow search: 779 ms (100 iterations, depth 3)
[GameContext] Reality Plus installs Funhouse in Server 0.
[GameContext] [MCTS] slow search: 745 ms (100 iterations, depth 3)
[GameContext] Reality Plus installs Blood in the Water in Server 0.
[heartbeat] game 3/20 — turn 1, time 112s
[GameContext] [MCTS] Scoring line detected — executing: Advance blood_in_the_water
[GameContext] Reality Plus advances Blood in the Water (1 counters).
[GameContext] Reality Plus scores Blood in the Water! (2 agenda points)
[GameContext] === Street Artist Turn 2 begins. Credits: 5, Clicks: 4 ===
[GameContext] --- Run on R&D begins ---
[GameContext] [Initiation] Run declared on R&D.
[GameContext] [Initiation] No ice protecting server — proceeding to root.
[GameContext] [Movement] Runner approaches the server root.
[GameContext] [Success] Run successful on R&D!
[GameContext] [Debug/gain_on_success] run_modifiers at success: {  }
[GameContext] [Breach] Runner breaches R&D.
[GameContext] [Access] Runner accesses: Doomscroll
[GameContext] [End] Run ended successfully.
[GameContext] --- Run on HQ begins ---
[GameContext] [Initiation] Run declared on HQ.
[GameContext] [Initiation] No ice protecting server — proceeding to root.
[GameContext] [Movement] Runner approaches the server root.
[GameContext] [Success] Run successful on HQ!
[GameContext] [Debug/gain_on_success] run_modifiers at success: {  }
[GameContext] [Breach] Runner breaches HQ.
[GameContext] [Access] Runner accesses: Drago Ivanov
[GameContext] [Access] Runner may trash Drago Ivanov for 1 credits (Runner has 5 total).
[GameContext] [Access] Runner trashes Drago Ivanov.
[GameContext] [End] Run ended successfully.
[GameContext] Street Artist gains 1 credit. (5 total)
[GameContext] Street Artist gains 9 credits.
[GameContext] Street Artist plays Sure Gamble.
[GameContext] Reality Plus draws Doomscroll.
[GameContext] === Reality Plus Turn 2 begins. Credits: 4, Clicks: 3 ===
[GameContext] [MCTS] slow search: 699 ms (100 iterations, depth 3)
[GameContext] Reality Plus installs Artificial Cryptocrash in Server 0.
[GameContext] [MCTS] slow search: 630 ms (100 iterations, depth 3)
[GameContext] Reality Plus installs Doomscroll in HQ.
[GameContext] [MCTS] slow search: 651 ms (100 iterations, depth 3)
[GameContext] Reality Plus advances Artificial Cryptocrash (1 counters).
[GameContext] === Street Artist Turn 3 begins. Credits: 9, Clicks: 4 ===
[GameContext] --- Run on Server 0 begins ---
[GameContext] [Initiation] Run declared on Server 0.
[GameContext] [Approach] Runner approaches unrezzed ice (position 0).
[GameContext] [Approach] Corp declines to rez. Runner passes unrezzed ice.
[GameContext] [Movement] Runner approaches the server root.
[GameContext] [Success] Run successful on Server 0!
[GameContext] [Debug/gain_on_success] run_modifiers at success: {  }
[GameContext] [Breach] Runner breaches Server 0.
[GameContext] [Access] Runner accesses: Artificial Cryptocrash
[GameContext] [Access] Runner steals Artificial Cryptocrash! (2 agenda points)
[GameContext] [End] Run ended successfully.
[GameContext] --- Run on R&D begins ---
[GameContext] [Initiation] Run declared on R&D.
[GameContext] [Initiation] No ice protecting server — proceeding to root.
[GameContext] [Movement] Runner approaches the server root.
[GameContext] [Success] Run successful on R&D!
[GameContext] [Debug/gain_on_success] run_modifiers at success: {  }
[GameContext] [Breach] Runner breaches R&D.
[GameContext] [Access] Runner accesses: Spin Doctor
[GameContext] [Access] Runner may trash Spin Doctor for 2 credits (Runner has 9 total).
[GameContext] [Access] Runner trashes Spin Doctor.
[GameContext] [End] Run ended successfully.
[GameContext] --- Run on HQ begins ---
[GameContext] [Initiation] Run declared on HQ.
[GameContext] [Approach] Runner approaches unrezzed ice (position 0).
[CorpRunAI] AI: rezzing Doomscroll would breach credit floor — holding.
[GameContext] [Approach] Corp declines to rez. Runner passes unrezzed ice.
[GameContext] [Movement] Runner approaches the server root.
[GameContext] [Success] Run successful on HQ!
[GameContext] [Debug/gain_on_success] run_modifiers at success: {  }
[GameContext] [Breach] Runner breaches HQ.
[GameContext] [Access] Runner accesses: Drago Ivanov
[GameContext] [Access] Runner may trash Drago Ivanov for 1 credits (Runner has 7 total).
[GameContext] [Access] Runner trashes Drago Ivanov.
[GameContext] [End] Run ended successfully.
[GameContext] Street Artist draws Pinhole Threading.
[GameContext] Reality Plus draws Trust Operation.
[GameContext] === Reality Plus Turn 3 begins. Credits: 3, Clicks: 3 ===
[GameContext] [MCTS] slow search: 361 ms (100 iterations, depth 3)
[GameContext] Reality Plus installs Doomscroll in R&D.
[heartbeat] game 3/20 — turn 3, time 117s
[GameContext] [MCTS] slow search: 340 ms (100 iterations, depth 3)
[GameContext] Reality Plus draws Retribution.
[GameContext] [MCTS] slow search: 380 ms (100 iterations, depth 3)
[GameContext] Reality Plus gains 1 credit. (4 total)
[GameContext] === Street Artist Turn 4 begins. Credits: 6, Clicks: 4 ===
[GameContext] --- Run on R&D begins ---
[GameContext] [Initiation] Run declared on R&D.
[GameContext] [Approach] Runner approaches unrezzed ice (position 0).
[CorpRunAI] AI: rezzing Doomscroll would breach credit floor — holding.
[GameContext] [Approach] Corp declines to rez. Runner passes unrezzed ice.
[GameContext] [Movement] Runner approaches the server root.
[GameContext] [Success] Run successful on R&D!
[GameContext] [Debug/gain_on_success] run_modifiers at success: {  }
[GameContext] [Breach] Runner breaches R&D.
[GameContext] [Access] Runner accesses: Blood in the Water
[GameContext] [Access] Runner steals Blood in the Water! (2 agenda points)
[GameContext] [End] Run ended successfully.
[GameContext] --- Run on HQ begins ---
[GameContext] [Initiation] Run declared on HQ.
[GameContext] [Approach] Runner approaches unrezzed ice (position 0).
[CorpRunAI] AI: rezzing Doomscroll would breach credit floor — holding.
[GameContext] [Approach] Corp declines to rez. Runner passes unrezzed ice.
[GameContext] [Movement] Runner approaches the server root.
[GameContext] [Success] Run successful on HQ!
[GameContext] [Debug/gain_on_success] run_modifiers at success: {  }
[GameContext] [Breach] Runner breaches HQ.
[GameContext] [Access] Runner accesses: Trust Operation
[GameContext] [End] Run ended successfully.
[GameContext] Street Artist draws Sure Gamble.
[GameContext] Street Artist gains 9 credits.
[GameContext] Street Artist plays Sure Gamble.
[GameContext] Reality Plus draws Spin Doctor.
[GameContext] === Reality Plus Turn 4 begins. Credits: 4, Clicks: 3 ===
[GameContext] [MCTS] slow search: 375 ms (100 iterations, depth 3)
[GameContext] Reality Plus draws Backroom Machinations.
[GameContext] [MCTS] slow search: 378 ms (100 iterations, depth 3)
[GameContext] Reality Plus gains 1 credit. (5 total)
[GameContext] [MCTS] slow search: 393 ms (100 iterations, depth 3)
[GameContext] Reality Plus gains 1 credit. (6 total)
[GameContext] === Street Artist Turn 5 begins. Credits: 10, Clicks: 4 ===
[GameContext] --- Run on R&D begins ---
[GameContext] [Initiation] Run declared on R&D.
[GameContext] [Approach] Runner approaches unrezzed ice (position 0).
[CorpRunAI] AI: Doomscroll — rez_cost=3  tax/enc=11.0  enc=3.0  LTV=33.0
[GameContext] [Rez] Corp rezzes Doomscroll for 3 credits.
[GameContext] [Encounter] Runner encounters Doomscroll.
[GameContext] Street Artist takes 1 tag(s). (1 total)
[GameContext] NBN: Reality Plus — Reality Plus may gain 2 cr or draw 2 cards.
[GameContext] [Wildcat Strike] Corp denies draws — Runner gains credits instead.
[GameContext] Reality Plus: Reality Plus chooses 'Draw 2 cards'.
[GameContext] Reality Plus draws 2 card(s).
[GameContext] Runner takes 1 net damage.
[GameContext]   Trashed from grip: conduit
[GameContext] 1 card(s) trashed from Street Artist's grip.
[GameContext] Subroutine condition not met — no effect.
[GameContext] [Movement] Runner approaches the server root.
[GameContext] [Success] Run successful on R&D!
[GameContext] [Debug/gain_on_success] run_modifiers at success: {  }
[GameContext] [Breach] Runner breaches R&D.
[GameContext] [Access] Runner accesses: Artificial Cryptocrash
[GameContext] [Access] Runner steals Artificial Cryptocrash! (2 agenda points)
[GameContext] [End] Run ended successfully.
[GameContext] --- Run on HQ begins ---
[GameContext] [Initiation] Run declared on HQ.
[GameContext] [Approach] Runner approaches unrezzed ice (position 0).
[CorpRunAI] AI: rezzing Doomscroll would breach credit floor — holding.
[GameContext] [Approach] Corp declines to rez. Runner passes unrezzed ice.
[GameContext] [Movement] Runner approaches the server root.
[GameContext] [Success] Run successful on HQ!
[GameContext] [Debug/gain_on_success] run_modifiers at success: {  }
[GameContext] [Breach] Runner breaches HQ.
[GameContext] [Access] Runner accesses: Retribution
[GameContext] [End] Run ended successfully.
[GameContext] Street Artist removes 1 tag (0 remaining). [paid 2cr]
[GameContext] Street Artist draws Simulchip.
[GameContext] Reality Plus draws Vasilisa.
[GameContext] === Reality Plus Turn 5 begins. Credits: 3, Clicks: 3 ===
[GameContext] [MCTS] slow search: 526 ms (100 iterations, depth 3)
[GameContext] Reality Plus draws Trust Operation.
[heartbeat] game 3/20 — turn 5, time 122s
[GameContext] [MCTS] slow search: 627 ms (100 iterations, depth 3)
[GameContext] Reality Plus draws Ivik.
[GameContext] [MCTS] slow search: 1011 ms (100 iterations, depth 3)
[GameContext] Reality Plus pays 1 credit(s) to install ice.
[GameContext] Reality Plus installs Vasilisa in R&D.
[GameContext] Reality Plus discards Trust Operation to hand limit.
[GameContext] Reality Plus discards Trust Operation to hand limit.
[GameContext] Reality Plus discards Retribution to hand limit.
[GameContext] === Street Artist Turn 6 begins. Credits: 8, Clicks: 4 ===
[GameContext] --- Run on HQ begins ---
[GameContext] [Initiation] Run declared on HQ.
[GameContext] [Approach] Runner approaches unrezzed ice (position 0).
[GameContext] [Approach] Corp declines to rez. Runner passes unrezzed ice.
[GameContext] [Movement] Runner approaches the server root.
[GameContext] [Success] Run successful on HQ!
[GameContext] [Debug/gain_on_success] run_modifiers at success: {  }
[GameContext] [Breach] Runner breaches HQ.
[GameContext] [Access] Runner accesses: Ivik
[GameContext] [End] Run ended successfully.
[GameContext] Street Artist draws Echelon.
Player install: card is: Echelon and charged cost is: 3
[GameContext] Street Artist installs Echelon. [MU: 1/4 used]
[GameContext] Street Artist plays Pinhole Threading.
[GameContext] Reality Plus draws IP Enforcement.
[GameContext] === Reality Plus Turn 6 begins. Credits: 2, Clicks: 3 ===
[GameContext] [MCTS] slow search: 479 ms (100 iterations, depth 3)
[GameContext] Reality Plus installs Chekist Scion in Server 1.
[GameContext] [MCTS] slow search: 209 ms (100 iterations, depth 3)
[GameContext] Reality Plus pays 1 credit(s) to install ice.
[GameContext] Reality Plus installs Ivik in HQ.
[GameContext] [MCTS] slow search: 455 ms (100 iterations, depth 3)
[GameContext] Reality Plus gains 1 credit. (2 total)
[heartbeat] game 3/20 — turn 6, time 127s
[GameContext] === Street Artist Turn 7 begins. Credits: 4, Clicks: 4 ===
[GameContext] --- Run on HQ begins ---
[GameContext] [Initiation] Run declared on HQ.
[GameContext] [Approach] Runner approaches unrezzed ice (position 0).
[GameContext] [Approach] Corp declines to rez. Runner passes unrezzed ice.
[GameContext] [Approach] Runner approaches unrezzed ice (position 1).
[GameContext] [Approach] Corp declines to rez. Runner passes unrezzed ice.
[GameContext] [Movement] Runner approaches the server root.
[GameContext] [Success] Run successful on HQ!
[GameContext] [Debug/gain_on_success] run_modifiers at success: {  }
[GameContext] [Breach] Runner breaches HQ.
[GameContext] [Access] Runner accesses: Backroom Machinations
[GameContext] [End] Run ended successfully.
[GameContext] Street Artist gains 1 credit. (5 total)
[GameContext] Street Artist gains 1 credit. (6 total)
[GameContext] --- Run on R&D begins ---
[GameContext] [Initiation] Run declared on R&D.
[GameContext] [Approach] Runner approaches unrezzed ice (position 0).
[CorpRunAI] AI: rezzing Vasilisa would breach credit floor — holding.
[GameContext] [Approach] Corp declines to rez. Runner passes unrezzed ice.
[GameContext] [Approach] Runner approaches Doomscroll (position 1).
[CorpRunAI] AI: rezzing Vasilisa would breach credit floor — holding.
[GameContext] [Encounter] Runner encounters Doomscroll.
[GameContext] [Encounter] Echelon boosted  +2 str (now 3). Cost: 1 cr.
[GameContext] [Encounter] Echelon breaks 'Give the Runner 1 tag.' for 1 cr.
[GameContext] [Encounter] Echelon breaks 'Do 1 net damage.' for 1 cr.
[GameContext] [Encounter] Echelon breaks 'Do 2 net damage if the Runner has at least 2 tags.' for 1 cr.
[GameContext] [Encounter] Subroutine 0 broken.
[GameContext] [Encounter] Subroutine 1 broken.
[GameContext] [Encounter] Subroutine 2 broken.
[GameContext] [Movement] Runner approaches the server root.
[GameContext] [Success] Run successful on R&D!
[GameContext] [Debug/gain_on_success] run_modifiers at success: { "overclock_credits": 0, "concerto_credits": 0, "bad_pub_credits": 0 }
[GameContext] [Breach] Runner breaches R&D.
[GameContext] [Access] Runner accesses: Hedge Fund
[GameContext] [End] Run ended successfully.
[GameContext] Reality Plus draws Hedge Fund.
[GameContext] === Reality Plus Turn 7 begins. Credits: 2, Clicks: 3 ===
[GameContext] Reality Plus rezzes Chekist Scion for 0 cr.
[GameContext] [MCTS] slow search: 466 ms (100 iterations, depth 3)
[GameContext] Reality Plus gains 1 credit. (3 total)
[GameContext] [MCTS] slow search: 452 ms (100 iterations, depth 3)
[GameContext] Condition not met — ability has no effect.
[GameContext] Reality Plus plays IP Enforcement.
[GameContext] [MCTS] slow search: 434 ms (100 iterations, depth 3)
[GameContext] Reality Plus gains 1 credit. (4 total)
[GameContext] === Street Artist Turn 8 begins. Credits: 2, Clicks: 4 ===
[GameContext] Street Artist gains 1 credit. (3 total)
[GameContext] Street Artist gains 1 credit. (4 total)
[GameContext] --- Run on HQ begins ---
[GameContext] [Initiation] Run declared on HQ.
[GameContext] [Approach] Runner approaches unrezzed ice (position 0).
[GameContext] [Approach] Corp declines to rez. Runner passes unrezzed ice.
[GameContext] [Approach] Runner approaches unrezzed ice (position 1).
[GameContext] [Approach] Corp declines to rez. Runner passes unrezzed ice.
[GameContext] [Movement] Runner approaches the server root.
[GameContext] [Success] Run successful on HQ!
[GameContext] [Debug/gain_on_success] run_modifiers at success: {  }
[GameContext] [Breach] Runner breaches HQ.
[GameContext] [Access] Runner accesses: Spin Doctor
[GameContext] [Access] Runner may trash Spin Doctor for 2 credits (Runner has 4 total).
[GameContext] [Access] Runner trashes Spin Doctor.
[GameContext] [End] Run ended successfully.
[GameContext] Street Artist draws Daily Casts.
[GameContext] Reality Plus draws IP Enforcement.
[GameContext] === Reality Plus Turn 8 begins. Credits: 4, Clicks: 3 ===
[GameContext] [MCTS] slow search: 377 ms (100 iterations, depth 3)
[GameContext] Reality Plus gains 1 credit. (5 total)
[GameContext] [MCTS] slow search: 393 ms (100 iterations, depth 3)
[GameContext] Reality Plus gains 9 credits.
[GameContext] Reality Plus plays Hedge Fund.
[GameContext] [MCTS] slow search: 377 ms (100 iterations, depth 3)
[GameContext] Reality Plus draws Hedge Fund.
[heartbeat] game 3/20 — turn 8, time 132s
[GameContext] === Street Artist Turn 9 begins. Credits: 2, Clicks: 4 ===
[GameContext] Street Artist gains 1 credit. (3 total)
[GameContext] Street Artist gains 1 credit. (4 total)
[GameContext] Street Artist gains 1 credit. (5 total)
[GameContext] Street Artist gains 1 credit. (6 total)
[GameContext] Reality Plus draws Vasilisa.
[GameContext] === Reality Plus Turn 9 begins. Credits: 9, Clicks: 3 ===
[GameContext] [MCTS] slow search: 398 ms (100 iterations, depth 3)
[GameContext] Reality Plus pays 2 credit(s) to install ice.
[GameContext] Reality Plus installs Vasilisa in R&D.
[GameContext] [MCTS] slow search: 356 ms (100 iterations, depth 3)
[GameContext] Reality Plus gains 9 credits.
[GameContext] Reality Plus plays Hedge Fund.
[GameContext] [MCTS] slow search: 318 ms (100 iterations, depth 3)
[GameContext] Reality Plus draws Blood in the Water.
[GameContext] === Street Artist Turn 10 begins. Credits: 6, Clicks: 4 ===
[GameContext] --- Run on HQ begins ---
[GameContext] [Initiation] Run declared on HQ.
[GameContext] [Approach] Runner approaches unrezzed ice (position 0).
[CorpRunAI] AI: Ivik — rez_cost=7  tax/enc=11.0  enc=3.0  LTV=33.0
[GameContext] [Rez] Corp rezzes Ivik for 7 credits.
[GameContext] [Encounter] Runner encounters Ivik.
[GameContext] Runner takes 2 net damage.
[GameContext]   Trashed from grip: daily_casts
[GameContext]   Trashed from grip: dzmz_optimizer
[GameContext] 2 card(s) trashed from Street Artist's grip.
[GameContext] Run ended.
[GameContext] [Encounter] Run ended by subroutine.
[GameContext] [End] Run ended unsuccessfully.
[GameContext] Street Artist draws Fermenter.
[GameContext] Street Artist draws Creative Commission.
[GameContext] Street Artist gains 5 credits.
[GameContext] Street Artist will lose 1 click(s) next turn.
[GameContext] Street Artist plays Creative Commission.
[GameContext] Reality Plus draws Ivik.
[GameContext] === Reality Plus Turn 10 begins. Credits: 4, Clicks: 3 ===
[GameContext] [MCTS] slow search: 703 ms (100 iterations, depth 3)
[GameContext] Reality Plus installs Blood in the Water in Server 0.
[GameContext] [MCTS] Scoring line detected — executing: Advance blood_in_the_water
[GameContext] Reality Plus advances Blood in the Water (1 counters).
[GameContext] Reality Plus scores Blood in the Water! (2 agenda points)
[GameContext] [MCTS] slow search: 485 ms (100 iterations, depth 3)
[GameContext] Reality Plus gains 1 credit. (4 total)
[heartbeat] game 3/20 — turn 10, time 137s
[GameContext] Street Artist loses 1 click(s) this turn (deferred penalty).
[GameContext] === Street Artist Turn 11 begins. Credits: 10, Clicks: 3 ===
[GameContext] --- Run on R&D begins ---
[GameContext] [Initiation] Run declared on R&D.
[GameContext] [Approach] Runner approaches unrezzed ice (position 0).
[CorpRunAI] AI: rezzing Vasilisa would breach credit floor — holding.
[GameContext] [Approach] Corp declines to rez. Runner passes unrezzed ice.
[GameContext] [Approach] Runner approaches unrezzed ice (position 1).
[CorpRunAI] AI: rezzing Vasilisa would breach credit floor — holding.
[GameContext] [Approach] Corp declines to rez. Runner passes unrezzed ice.
[GameContext] [Approach] Runner approaches Doomscroll (position 2).
[CorpRunAI] AI: rezzing Vasilisa would breach credit floor — holding.
[GameContext] [Encounter] Runner encounters Doomscroll.
[GameContext] [Encounter] Echelon boosted  +2 str (now 3). Cost: 1 cr.
[GameContext] [Encounter] Echelon breaks 'Give the Runner 1 tag.' for 1 cr.
[GameContext] [Encounter] Echelon breaks 'Do 1 net damage.' for 1 cr.
[GameContext] [Encounter] Echelon breaks 'Do 2 net damage if the Runner has at least 2 tags.' for 1 cr.
[GameContext] [Encounter] Subroutine 0 broken.
[GameContext] [Encounter] Subroutine 1 broken.
[GameContext] [Encounter] Subroutine 2 broken.
[GameContext] [Movement] Runner approaches the server root.
[GameContext] [Success] Run successful on R&D!
[GameContext] [Debug/gain_on_success] run_modifiers at success: { "overclock_credits": 0, "concerto_credits": 0, "bad_pub_credits": 0 }
[GameContext] [Breach] Runner breaches R&D.
[GameContext] [Access] Runner accesses: Regolith Mining License
[GameContext] [Access] Runner may trash Regolith Mining License for 3 credits (Runner has 6 total).
[GameContext] [Access] Runner trashes Regolith Mining License.
[GameContext] [End] Run ended successfully.
[GameContext] Street Artist draws Telework Contract.
[GameContext] Street Artist gains 1 credit. (4 total)
[GameContext] Reality Plus draws Artificial Cryptocrash.
[GameContext] === Reality Plus Turn 11 begins. Credits: 4, Clicks: 3 ===
[GameContext] [MCTS] slow search: 847 ms (100 iterations, depth 3)
[GameContext] Reality Plus gains 1 credit. (5 total)
[GameContext] [MCTS] slow search: 916 ms (100 iterations, depth 3)
[GameContext] Reality Plus gains 1 credit. (6 total)
[GameContext] [MCTS] slow search: 884 ms (100 iterations, depth 3)
[GameContext] Reality Plus installs Artificial Cryptocrash in Server 0.
[GameContext] === Street Artist Turn 12 begins. Credits: 4, Clicks: 4 ===
[GameContext] --- Run on Server 0 begins ---
[GameContext] [Initiation] Run declared on Server 0.
[GameContext] [Approach] Runner approaches unrezzed ice (position 0).
[CorpRunAI] AI: Funhouse — rez_cost=5  tax/enc=8.0  enc=2.5  LTV=20.0
[GameContext] [Rez] Corp rezzes Funhouse for 5 credits.
[GameContext] [Encounter] Runner encounters Funhouse.
[GameContext] Street Artist takes 1 tag(s) to continue the run (Funhouse). (1 total)
[GameContext] NBN: Reality Plus — Reality Plus may gain 2 cr or draw 2 cards.
[GameContext] [Wildcat Strike] Corp denies draws — Runner gains credits instead.
[GameContext] Reality Plus: Reality Plus chooses 'Draw 2 cards'.
[GameContext] Reality Plus draws 2 card(s).
[GameContext] Street Artist takes 1 tag (did not pay 4 cr). (2 total)
[GameContext] [Movement] Runner approaches the server root.
[GameContext] [Success] Run successful on Server 0!
[GameContext] [Debug/gain_on_success] run_modifiers at success: {  }
[GameContext] [Breach] Runner breaches Server 0.
[GameContext] [Access] Runner accesses: Artificial Cryptocrash
[GameContext] [Access] Runner steals Artificial Cryptocrash! (2 agenda points)
[GameContext] Runner wins by stealing agendas!
[GameContext] [End] Run ended successfully.
[GameContext] Game over — Street Artist wins. Street Artist stole enough agendas to win
  [  3/ 20]  RUNNER    Street Artist stole enough agendas to win  12 turns
[GameContext] Reality Plus draws Funhouse.
[GameContext] === Reality Plus Turn 1 begins. Credits: 5, Clicks: 3 ===
[GameContext] [MCTS] slow search: 686 ms (100 iterations, depth 3)
[heartbeat] game 4/20 — turn 1, time 143s
[GameContext] Reality Plus installs Vasilisa in R&D.
[GameContext] [MCTS] slow search: 618 ms (100 iterations, depth 3)
[GameContext] Reality Plus installs Ivik in Server 0.
[GameContext] [MCTS] slow search: 632 ms (100 iterations, depth 3)
[GameContext] Reality Plus installs Blood in the Water in Server 0.
[GameContext] === Street Artist Turn 2 begins. Credits: 5, Clicks: 4 ===
[GameContext] --- Run on Server 0 begins ---
[GameContext] [Initiation] Run declared on Server 0.
[GameContext] [Approach] Runner approaches unrezzed ice (position 0).
[GameContext] [Approach] Corp declines to rez. Runner passes unrezzed ice.
[GameContext] [Movement] Runner approaches the server root.
[GameContext] [Success] Run successful on Server 0!
[GameContext] [Debug/gain_on_success] run_modifiers at success: {  }
[GameContext] [Breach] Runner breaches Server 0.
[GameContext] [Access] Runner accesses: Blood in the Water
[GameContext] [Access] Runner steals Blood in the Water! (2 agenda points)
[GameContext] [End] Run ended successfully.
[GameContext] Run modifier set: overclock_credits = 5
[GameContext] --- Run on HQ begins ---
[GameContext] [Initiation] Run declared on HQ.
[GameContext] [Initiation] No ice protecting server — proceeding to root.
[GameContext] [Movement] Runner approaches the server root.
[GameContext] [Success] Run successful on HQ!
[GameContext] [Debug/gain_on_success] run_modifiers at success: { "overclock_credits": 5, "run_event_active": 1 }
[GameContext] [Breach] Runner breaches HQ.
[GameContext] [Access] Runner accesses: Trust Operation
[GameContext] [End] Run ended successfully.
[GameContext] Overclock: 5 unspent credit(s) returned to the bank.
[GameContext] Street Artist plays Overclock.
[GameContext] --- Run on R&D begins ---
[GameContext] [Initiation] Run declared on R&D.
[GameContext] [Approach] Runner approaches unrezzed ice (position 0).
[CorpRunAI] AI: Vasilisa — rez_cost=2  tax/enc=6.0  enc=3.0  LTV=18.0
[GameContext] [Rez] Corp rezzes Vasilisa for 2 credits.
[GameContext] [Encounter] Runner encounters Vasilisa.
[GameContext] Street Artist takes 1 tag(s). (1 total)
[GameContext] NBN: Reality Plus — Reality Plus may gain 2 cr or draw 2 cards.
[GameContext] [Wildcat Strike] Corp denies draws — Runner gains credits instead.
[GameContext] Reality Plus: Reality Plus chooses 'Draw 2 cards'.
[GameContext] Reality Plus draws 2 card(s).
[GameContext] [Movement] Runner approaches the server root.
[GameContext] [Success] Run successful on R&D!
[GameContext] [Debug/gain_on_success] run_modifiers at success: {  }
[GameContext] [Breach] Runner breaches R&D.
[GameContext] [Access] Runner accesses: Retribution
[GameContext] [End] Run ended successfully.
[GameContext] --- Run on HQ begins ---
[GameContext] [Initiation] Run declared on HQ.
[GameContext] [Initiation] No ice protecting server — proceeding to root.
[GameContext] [Movement] Runner approaches the server root.
[GameContext] [Success] Run successful on HQ!
[GameContext] [Debug/gain_on_success] run_modifiers at success: {  }
[GameContext] [Breach] Runner breaches HQ.
[GameContext] [Access] Runner accesses: Doomscroll
[GameContext] [End] Run ended successfully.
[GameContext] Reality Plus draws Retribution.
[GameContext] === Reality Plus Turn 2 begins. Credits: 3, Clicks: 3 ===
[GameContext] [MCTS] slow search: 993 ms (100 iterations, depth 3)
[GameContext] Reality Plus installs Doomscroll in HQ.
[GameContext] [MCTS] slow search: 906 ms (100 iterations, depth 3)
[GameContext] [Trust Operation] No Runner resources to trash — operation fizzles.
[GameContext] Reality Plus plays Trust Operation.
[heartbeat] game 4/20 — turn 2, time 148s
[GameContext] [MCTS] slow search: 829 ms (100 iterations, depth 3)
[GameContext] Reality Plus gains 1 credit. (4 total)
[GameContext] === Street Artist Turn 3 begins. Credits: 4, Clicks: 4 ===
[GameContext] Street Artist removes 1 tag (0 remaining). [paid 2cr]
[GameContext] Street Artist plays Pinhole Threading.
[GameContext] Street Artist gains 1 credit. (2 total)
[GameContext] --- Run on HQ begins ---
[GameContext] [Initiation] Run declared on HQ.
[GameContext] [Approach] Runner approaches unrezzed ice (position 0).
[CorpRunAI] AI: rezzing Doomscroll would breach credit floor — holding.
[GameContext] [Approach] Corp declines to rez. Runner passes unrezzed ice.
[GameContext] [Movement] Runner approaches the server root.
[GameContext] [Success] Run successful on HQ!
[GameContext] [Debug/gain_on_success] run_modifiers at success: {  }
[GameContext] [Breach] Runner breaches HQ.
[GameContext] [Access] Runner accesses: Chekist Scion
[GameContext] [Access] Runner may trash Chekist Scion for 0 credits (Runner has 2 total).
[GameContext] [Access] Runner trashes Chekist Scion.
[GameContext] [End] Run ended successfully.
[GameContext] Reality Plus draws Regolith Mining License.
[GameContext] === Reality Plus Turn 3 begins. Credits: 4, Clicks: 3 ===
[GameContext] [MCTS] slow search: 626 ms (100 iterations, depth 3)
[GameContext] Reality Plus gains 1 credit. (5 total)
[GameContext] [MCTS] slow search: 638 ms (100 iterations, depth 3)
[GameContext] Reality Plus gains 1 credit. (6 total)
[GameContext] [MCTS] slow search: 683 ms (100 iterations, depth 3)
[GameContext] Reality Plus gains 1 credit. (7 total)
[GameContext] === Street Artist Turn 4 begins. Credits: 2, Clicks: 4 ===
[GameContext] --- Run on HQ begins ---
[GameContext] [Initiation] Run declared on HQ.
[GameContext] [Approach] Runner approaches unrezzed ice (position 0).
[CorpRunAI] AI: Doomscroll — rez_cost=3  tax/enc=11.0  enc=3.0  LTV=33.0
[GameContext] [Rez] Corp rezzes Doomscroll for 3 credits.
[GameContext] [Encounter] Runner encounters Doomscroll.
[GameContext] Street Artist takes 1 tag(s). (1 total)
[GameContext] NBN: Reality Plus — Reality Plus may gain 2 cr or draw 2 cards.
[GameContext] [Wildcat Strike] Corp denies credits — Runner draws instead.
[GameContext] Reality Plus: Reality Plus chooses 'Gain 2 credits'.
[GameContext] Reality Plus gains 2 credits.
[GameContext] Runner takes 1 net damage.
[GameContext]   Trashed from grip: sure_gamble
[GameContext] 1 card(s) trashed from Street Artist's grip.
[GameContext] Subroutine condition not met — no effect.
[GameContext] [Movement] Runner approaches the server root.
[GameContext] [Success] Run successful on HQ!
[GameContext] [Debug/gain_on_success] run_modifiers at success: {  }
[GameContext] [Breach] Runner breaches HQ.
[GameContext] [Access] Runner accesses: Regolith Mining License
[GameContext] [Access] Runner may trash Regolith Mining License for 3 credits (Runner has 2 total).
[GameContext] [Access] Runner cannot afford to trash.
[GameContext] [End] Run ended successfully.
[GameContext] Street Artist removes 1 tag (0 remaining). [paid 2cr]
[GameContext] Street Artist draws Propeller.
[GameContext] Street Artist draws Dr. Nuka Vrolyck.
[heartbeat] game 4/20 — turn 4, time 153s
[GameContext] Reality Plus draws Backroom Machinations.
[GameContext] === Reality Plus Turn 4 begins. Credits: 6, Clicks: 3 ===
[GameContext] [MCTS] slow search: 644 ms (100 iterations, depth 3)
[GameContext] Reality Plus pays 1 credit(s) to install ice.
[GameContext] Reality Plus installs Funhouse in HQ.
[GameContext] [MCTS] slow search: 447 ms (100 iterations, depth 3)
[GameContext] Reality Plus gains 1 credit. (6 total)
[GameContext] [MCTS] slow search: 466 ms (100 iterations, depth 3)
[GameContext] Reality Plus gains 1 credit. (7 total)
[GameContext] === Street Artist Turn 5 begins. Credits: 0, Clicks: 4 ===
[GameContext] Street Artist gains 1 credit. (1 total)
Player install: card is: Propeller and charged cost is: 1
[GameContext] Placed 4 power counter(s) on Propeller.
[GameContext] Street Artist installs Propeller. [MU: 1/4 used]
[GameContext] Street Artist draws Echelon.
[GameContext] Street Artist draws Echelon.
[GameContext] Reality Plus draws Funhouse.
[GameContext] === Reality Plus Turn 5 begins. Credits: 7, Clicks: 3 ===
[GameContext] [MCTS] slow search: 589 ms (100 iterations, depth 3)
[GameContext] Reality Plus pays 1 credit(s) to install ice.
[GameContext] Reality Plus installs Funhouse in R&D.
[GameContext] [MCTS] slow search: 459 ms (100 iterations, depth 3)
[GameContext] Reality Plus gains 1 credit. (7 total)
[GameContext] [MCTS] slow search: 474 ms (100 iterations, depth 3)
[GameContext] Reality Plus gains 1 credit. (8 total)
[heartbeat] game 4/20 — turn 5, time 158s
[GameContext] === Street Artist Turn 6 begins. Credits: 0, Clicks: 4 ===
[GameContext] Street Artist gains 1 credit. (1 total)
[GameContext] Street Artist gains 1 credit. (2 total)
[GameContext] Street Artist gains 1 credit. (3 total)
Player install: card is: Echelon and charged cost is: 3
[GameContext] Street Artist installs Echelon. [MU: 2/4 used]
[GameContext] Reality Plus draws Doomscroll.
[GameContext] === Reality Plus Turn 6 begins. Credits: 8, Clicks: 3 ===
[GameContext] [MCTS] slow search: 645 ms (100 iterations, depth 3)
[GameContext] Reality Plus pays 2 credit(s) to install ice.
[GameContext] Reality Plus installs Doomscroll in R&D.
[GameContext] [MCTS] slow search: 446 ms (100 iterations, depth 3)
[GameContext] Reality Plus gains 1 credit. (7 total)
[GameContext] [MCTS] slow search: 467 ms (100 iterations, depth 3)
[GameContext] Reality Plus gains 1 credit. (8 total)
[GameContext] === Street Artist Turn 7 begins. Credits: 0, Clicks: 4 ===
[GameContext] Street Artist draws Deep Dive.
[GameContext] Street Artist draws Deep Dive.
[GameContext] Street Artist draws Overclock.
[GameContext] Street Artist draws Sure Gamble.
[GameContext] Street Artist discards Telework Contract to hand limit. (5 cards remaining)
[GameContext] Street Artist discards Dr. Nuka Vrolyck to hand limit. (5 cards remaining)
[GameContext] Street Artist discards Overclock to hand limit. (5 cards remaining)
[GameContext] Reality Plus draws Trust Operation.
[GameContext] === Reality Plus Turn 7 begins. Credits: 8, Clicks: 3 ===
[GameContext] [MCTS] slow search: 422 ms (100 iterations, depth 3)
[GameContext] Reality Plus installs Spin Doctor in Server 0.
[GameContext] [MCTS] slow search: 569 ms (100 iterations, depth 3)
[GameContext] Reality Plus gains 1 credit. (9 total)
[heartbeat] game 4/20 — turn 7, time 163s
[GameContext] [MCTS] slow search: 508 ms (100 iterations, depth 3)
[GameContext] Reality Plus gains 1 credit. (10 total)
[GameContext] === Street Artist Turn 8 begins. Credits: 0, Clicks: 4 ===
[GameContext] Street Artist draws Simulchip.
[GameContext] Street Artist draws Environmental Testing.
[GameContext] Street Artist draws DZMZ Optimizer.
[GameContext] Street Artist gains 1 credit. (1 total)
[GameContext] Street Artist discards Environmental Testing to hand limit. (5 cards remaining)
[GameContext] Street Artist discards Deep Dive to hand limit. (5 cards remaining)
[GameContext] Street Artist discards Deep Dive to hand limit. (5 cards remaining)
[GameContext] Reality Plus draws Spin Doctor.
[GameContext] === Reality Plus Turn 8 begins. Credits: 10, Clicks: 3 ===
[GameContext] Reality Plus draws 2 card(s).
[GameContext] Reality Plus rezzes Spin Doctor for 0 cr.
[GameContext] [MCTS] slow search: 642 ms (100 iterations, depth 3)
[GameContext] Reality Plus draws Drago Ivanov.
[GameContext] [MCTS] slow search: 981 ms (100 iterations, depth 3)
[GameContext] Reality Plus draws Hedge Fund.
[GameContext] [MCTS] slow search: 1526 ms (100 iterations, depth 3)
[GameContext] Reality Plus installs Ivik in Server 1.
[heartbeat] game 4/20 — turn 8, time 168s
[GameContext] Reality Plus discards Trust Operation to hand limit.
[GameContext] Reality Plus discards IP Enforcement to hand limit.
[GameContext] Reality Plus discards Retribution to hand limit.
[GameContext] === Street Artist Turn 9 begins. Credits: 1, Clicks: 4 ===
[GameContext] Street Artist draws Overclock.
[GameContext] Run modifier set: overclock_credits = 5
[GameContext] --- Run on HQ begins ---
[GameContext] [Initiation] Run declared on HQ.
[GameContext] [Approach] Runner approaches unrezzed ice (position 0).
[CorpRunAI] AI: Funhouse — rez_cost=5  tax/enc=8.0  enc=3.0  LTV=24.0
[CorpRunAI] AI: deferring Funhouse (pri=9.60) — saving for Doomscroll on rd (pri=12.50)
[GameContext] [Approach] Corp declines to rez. Runner passes unrezzed ice.
[GameContext] [Approach] Runner approaches Doomscroll (position 1).
[CorpRunAI] AI: Funhouse — rez_cost=5  tax/enc=8.0  enc=3.0  LTV=24.0
[CorpRunAI] AI: deferring Funhouse (pri=9.60) — saving for Doomscroll on rd (pri=12.50)
[GameContext] [Encounter] Runner encounters Doomscroll.
[GameContext] [Encounter] Echelon boosted  +2 str (now 4). Cost: 1 cr.
[GameContext] [Encounter] Echelon breaks 'Give the Runner 1 tag.' for 1 cr.
[GameContext] [Encounter] Echelon breaks 'Do 1 net damage.' for 1 cr.
[GameContext] [Encounter] Echelon breaks 'Do 2 net damage if the Runner has at least 2 tags.' for 1 cr.
[GameContext] [Encounter] Subroutine 0 broken.
[GameContext] [Encounter] Subroutine 1 broken.
[GameContext] [Encounter] Subroutine 2 broken.
[GameContext] [Movement] Runner approaches the server root.
[GameContext] [Success] Run successful on HQ!
[GameContext] [Debug/gain_on_success] run_modifiers at success: { "overclock_credits": 1, "run_event_active": 1, "concerto_credits": 0, "bad_pub_credits": 0 }
[GameContext] [Breach] Runner breaches HQ.
[GameContext] [Access] Runner accesses: Drago Ivanov
[GameContext] [Access] Runner may trash Drago Ivanov for 1 credits (Runner has 1 total).
[GameContext] [End] Run ended successfully.
[GameContext] Overclock: 1 unspent credit(s) returned to the bank.
[GameContext] Street Artist plays Overclock.
[GameContext] Street Artist draws Daily Casts.
[GameContext] Street Artist draws Self-modifying Code.
[GameContext] Street Artist discards Daily Casts to hand limit. (5 cards remaining)
[GameContext] Street Artist discards Sure Gamble to hand limit. (5 cards remaining)
[GameContext] Reality Plus draws Regolith Mining License.
[GameContext] === Reality Plus Turn 9 begins. Credits: 10, Clicks: 3 ===
[GameContext] [MCTS] slow search: 1058 ms (100 iterations, depth 3)
[GameContext] Reality Plus installs Drago Ivanov in Server 1.
[GameContext] [MCTS] slow search: 1537 ms (100 iterations, depth 3)
[GameContext] Reality Plus action rejected: Card __sim_trap__ not found or not advanceable
[GameContext] === Street Artist Turn 10 begins. Credits: 0, Clicks: 4 ===
[GameContext] Street Artist draws Propeller.
[GameContext] Street Artist gains 1 credit. (1 total)
[GameContext] Street Artist draws Creative Commission.
[GameContext] Street Artist draws DZMZ Optimizer.
[GameContext] Street Artist discards Creative Commission to hand limit. (5 cards remaining)
[GameContext] Street Artist discards Simulchip to hand limit. (5 cards remaining)
[GameContext] Street Artist discards DZMZ Optimizer to hand limit. (5 cards remaining)
[GameContext] Reality Plus draws Spin Doctor.
[GameContext] === Reality Plus Turn 10 begins. Credits: 10, Clicks: 3 ===
[GameContext] Reality Plus rezzes Drago Ivanov for 0 cr.
[GameContext] [MCTS] slow search: 1714 ms (100 iterations, depth 3)
[heartbeat] game 4/20 — turn 10, time 173s
[GameContext] Reality Plus action rejected: Card __sim_trap__ not found or not advanceable
[GameContext] Reality Plus discards Backroom Machinations to hand limit.
[GameContext] === Street Artist Turn 11 begins. Credits: 1, Clicks: 4 ===
[GameContext] Street Artist draws Simulchip.
[GameContext] Street Artist gains 1 credit. (2 total)
[GameContext] Street Artist draws DZMZ Optimizer.
[GameContext] Street Artist draws Creative Commission.
[GameContext] Street Artist discards Creative Commission to hand limit. (5 cards remaining)
[GameContext] Street Artist discards Simulchip to hand limit. (5 cards remaining)
[GameContext] Street Artist discards DZMZ Optimizer to hand limit. (5 cards remaining)
[GameContext] Reality Plus draws Hedge Fund.
[GameContext] === Reality Plus Turn 11 begins. Credits: 10, Clicks: 3 ===
[GameContext] [MCTS] slow search: 1743 ms (100 iterations, depth 3)
[GameContext] Reality Plus action rejected: Card __sim_trap__ not found or not advanceable
[GameContext] Reality Plus discards Hedge Fund to hand limit.
[GameContext] === Street Artist Turn 12 begins. Credits: 2, Clicks: 4 ===
[GameContext] Street Artist draws Environmental Testing.
[GameContext] Street Artist gains 1 credit. (3 total)
[GameContext] Street Artist draws Simulchip.
[GameContext] Street Artist draws Self-modifying Code.
[GameContext] Street Artist discards Environmental Testing to hand limit. (5 cards remaining)
[GameContext] Street Artist discards Simulchip to hand limit. (5 cards remaining)
[GameContext] Street Artist discards DZMZ Optimizer to hand limit. (5 cards remaining)
[GameContext] Reality Plus draws Vasilisa.
[GameContext] === Reality Plus Turn 12 begins. Credits: 10, Clicks: 3 ===
[GameContext] [MCTS] slow search: 1715 ms (100 iterations, depth 3)
[GameContext] Reality Plus gains 9 credits.
[GameContext] Reality Plus plays Hedge Fund.
[GameContext] [MCTS] slow search: 1947 ms (100 iterations, depth 3)
[GameContext] Reality Plus action rejected: Card __sim_trap__ not found or not advanceable
[GameContext] === Street Artist Turn 13 begins. Credits: 3, Clicks: 4 ===
[GameContext] Street Artist draws Self-modifying Code.
[GameContext] Street Artist gains 1 credit. (4 total)
[GameContext] Street Artist draws LilyPAD.
[GameContext] Street Artist draws Conduit.
[GameContext] Street Artist discards LilyPAD to hand limit. (5 cards remaining)
[GameContext] Street Artist discards LilyPAD to hand limit. (5 cards remaining)
[GameContext] Street Artist discards Self-modifying Code to hand limit. (5 cards remaining)
[heartbeat] game 4/20 — turn 13, time 179s
[GameContext] Reality Plus draws Retribution.
[GameContext] === Reality Plus Turn 13 begins. Credits: 14, Clicks: 3 ===
[GameContext] [MCTS] slow search: 1874 ms (100 iterations, depth 3)
[GameContext] Reality Plus installs Vasilisa in Server 2.
[GameContext] [MCTS] slow search: 1661 ms (100 iterations, depth 3)
[GameContext] Reality Plus installs Spin Doctor in Server 3.
[GameContext] [MCTS] slow search: 1735 ms (100 iterations, depth 3)
[GameContext] Reality Plus action rejected: Card __sim_trap__ not found or not advanceable
[GameContext] === Street Artist Turn 14 begins. Credits: 4, Clicks: 4 ===
[GameContext] Street Artist draws Unity.
Player install: card is: Unity and charged cost is: 3
[GameContext] Street Artist installs Unity. [MU: 3/4 used]
[GameContext] Street Artist draws Unity.
[GameContext] Street Artist draws Deep Dive.
[GameContext] Street Artist discards Deep Dive to hand limit. (5 cards remaining)
[GameContext] Street Artist discards Self-modifying Code to hand limit. (5 cards remaining)
[heartbeat] game 4/20 — turn 14, time 185s
[GameContext] Reality Plus draws IP Enforcement.
[GameContext] === Reality Plus Turn 14 begins. Credits: 14, Clicks: 3 ===
[GameContext] Reality Plus draws 2 card(s).
[GameContext] Reality Plus rezzes Spin Doctor for 0 cr.
[GameContext] [◆ Unique] Duplicate Spin Doctor trashed (cannot be prevented).
[GameContext] [MCTS] slow search: 1068 ms (100 iterations, depth 3)
[GameContext] Reality Plus action rejected: Card __sim_trap__ not found or not advanceable
[GameContext] Reality Plus discards IP Enforcement to hand limit.
[GameContext] Reality Plus discards Retribution to hand limit.
[GameContext] === Street Artist Turn 15 begins. Credits: 1, Clicks: 4 ===
[GameContext] Street Artist draws Propeller.
[GameContext] Street Artist draws Creative Commission.
[GameContext] Street Artist draws Telework Contract.
[GameContext] Street Artist gains 5 credits.
[GameContext] Street Artist will lose 1 click(s) next turn.
[GameContext] Street Artist plays Creative Commission.
[GameContext] Street Artist discards Telework Contract to hand limit. (5 cards remaining)
[GameContext] Street Artist discards Self-modifying Code to hand limit. (5 cards remaining)
[GameContext] Reality Plus draws Chekist Scion.
[GameContext] === Reality Plus Turn 15 begins. Credits: 14, Clicks: 3 ===
[GameContext] [MCTS] slow search: 1915 ms (100 iterations, depth 3)
[GameContext] Reality Plus installs Regolith Mining License in Server 0.
[GameContext] [MCTS] slow search: 874 ms (100 iterations, depth 3)
[GameContext] Reality Plus installs Regolith Mining License in Server 4.
[GameContext] [MCTS] slow search: 425 ms (100 iterations, depth 3)
[GameContext] Reality Plus action rejected: Card __sim_trap__ not found or not advanceable
[GameContext] Street Artist loses 1 click(s) this turn (deferred penalty).
[GameContext] === Street Artist Turn 16 begins. Credits: 5, Clicks: 3 ===
[GameContext] Street Artist draws Telework Contract.
[GameContext] Street Artist draws Fermenter.
[GameContext] Street Artist draws Daily Casts.
[GameContext] Street Artist discards Telework Contract to hand limit. (5 cards remaining)
[GameContext] Street Artist discards Daily Casts to hand limit. (5 cards remaining)
[GameContext] Street Artist discards Propeller to hand limit. (5 cards remaining)
[heartbeat] game 4/20 — turn 16, time 191s
[GameContext] Reality Plus draws Artificial Cryptocrash.
[GameContext] === Reality Plus Turn 16 begins. Credits: 14, Clicks: 3 ===
[GameContext] Placed 15 credits counter(s) on Regolith Mining License.
[GameContext] Reality Plus rezzes Regolith Mining License for 2 cr.
[GameContext] Placed 15 credits counter(s) on Regolith Mining License.
[GameContext] Reality Plus rezzes Regolith Mining License for 2 cr.
[GameContext] [MCTS] slow search: 580 ms (100 iterations, depth 3)
[GameContext] Reality Plus installs Artificial Cryptocrash in Server 2.
[GameContext] [MCTS] slow search: 579 ms (100 iterations, depth 3)
[GameContext] Reality Plus advances Artificial Cryptocrash (1 counters).
[GameContext] [MCTS] slow search: 567 ms (100 iterations, depth 3)
[GameContext] Reality Plus advances Artificial Cryptocrash (2 counters).
[GameContext] === Street Artist Turn 17 begins. Credits: 5, Clicks: 4 ===
[GameContext] --- Run on Server 2 begins ---
[GameContext] [Initiation] Run declared on Server 2.
[GameContext] [Approach] Runner approaches unrezzed ice (position 0).
[CorpRunAI] AI: Vasilisa — rez_cost=2  tax/enc=2.0  enc=2.5  LTV=5.0
[CorpRunAI] AI: deferring Vasilisa (pri=5.00) — saving for Doomscroll on rd (pri=12.50)
[GameContext] [Approach] Corp declines to rez. Runner passes unrezzed ice.
[GameContext] [Movement] Runner approaches the server root.
[GameContext] [Success] Run successful on Server 2!
[GameContext] [Debug/gain_on_success] run_modifiers at success: {  }
[GameContext] [Breach] Runner breaches Server 2.
[GameContext] [Access] Runner accesses: Artificial Cryptocrash
[GameContext] [Access] Runner steals Artificial Cryptocrash! (2 agenda points)
[GameContext] [End] Run ended successfully.
[GameContext] Street Artist draws Pinhole Threading.
[GameContext] Street Artist plays Pinhole Threading.
[GameContext] Street Artist draws Sure Gamble.
[GameContext] Street Artist discards Sure Gamble to hand limit. (5 cards remaining)
[GameContext] Reality Plus draws Hedge Fund.
[GameContext] === Reality Plus Turn 17 begins. Credits: 8, Clicks: 3 ===
[GameContext] Reality Plus action rejected: Card __sim_trap__ not found or not advanceable
[GameContext] === Street Artist Turn 18 begins. Credits: 4, Clicks: 4 ===
[GameContext] Street Artist draws Conduit.
[GameContext] Street Artist gains 1 credit. (5 total)
[GameContext] Street Artist draws Daily Casts.
[GameContext] Street Artist draws Fermenter.
[GameContext] Street Artist discards Daily Casts to hand limit. (5 cards remaining)
[GameContext] Street Artist discards Propeller to hand limit. (5 cards remaining)
[GameContext] Street Artist discards Fermenter to hand limit. (5 cards remaining)
[GameContext] Reality Plus draws Backroom Machinations.
[GameContext] === Reality Plus Turn 18 begins. Credits: 8, Clicks: 3 ===
[GameContext] Reality Plus gains 9 credits.
[GameContext] Reality Plus plays Hedge Fund.
[GameContext] Reality Plus installs Drago Ivanov in Server 2.
[GameContext] Reality Plus action rejected: Card __sim_trap__ not found or not advanceable
[GameContext] === Street Artist Turn 19 begins. Credits: 5, Clicks: 4 ===
[GameContext] Street Artist draws Environmental Testing.
[GameContext] Street Artist gains 1 credit. (6 total)
[GameContext] Street Artist gains 1 credit. (7 total)
[GameContext] Street Artist gains 1 credit. (8 total)
[GameContext] Street Artist discards Environmental Testing to hand limit. (5 cards remaining)
[GameContext] Reality Plus draws Blood in the Water.
[GameContext] === Reality Plus Turn 19 begins. Credits: 12, Clicks: 3 ===
[GameContext] Reality Plus rezzes Drago Ivanov for 0 cr.
[GameContext] [◆ Unique] Duplicate Drago Ivanov trashed (cannot be prevented).
[GameContext] Reality Plus installs Blood in the Water in Server 1.
[heartbeat] game 4/20 — turn 19, time 196s
[GameContext] [MCTS] Scoring line detected — executing: Advance blood_in_the_water
[GameContext] Reality Plus advances Blood in the Water (1 counters).
[GameContext] Reality Plus scores Blood in the Water! (2 agenda points)
[GameContext] Reality Plus action rejected: Card __sim_trap__ not found or not advanceable
[GameContext] === Street Artist Turn 20 begins. Credits: 8, Clicks: 4 ===
[GameContext] --- Run on R&D begins ---
[GameContext] [Initiation] Run declared on R&D.
[GameContext] [Approach] Runner approaches unrezzed ice (position 0).
[CorpRunAI] AI: Doomscroll — rez_cost=3  tax/enc=5.0  enc=3.0  LTV=15.0
[GameContext] [Rez] Corp rezzes Doomscroll for 3 credits.
[GameContext] [Encounter] Runner encounters Doomscroll.
[GameContext] [Encounter] Echelon breaks 'Give the Runner 1 tag.' for 1 cr.
[GameContext] [Encounter] Echelon breaks 'Do 1 net damage.' for 1 cr.
[GameContext] [Encounter] Echelon breaks 'Do 2 net damage if the Runner has at least 2 tags.' for 1 cr.
[GameContext] [Encounter] Subroutine 0 broken.
[GameContext] [Encounter] Subroutine 1 broken.
[GameContext] [Encounter] Subroutine 2 broken.
[GameContext] [Approach] Runner approaches unrezzed ice (position 1).
[GameContext] [Approach] Corp declines to rez. Runner passes unrezzed ice.
[GameContext] [Approach] Runner approaches Vasilisa (position 2).
[GameContext] [Encounter] Runner encounters Vasilisa.
[GameContext] [Encounter] Echelon breaks 'Give the Runner 1 tag.' for 1 cr.
[GameContext] [Encounter] Subroutine 0 broken.
[GameContext] [Movement] Runner approaches the server root.
[GameContext] [Success] Run successful on R&D!
[GameContext] [Debug/gain_on_success] run_modifiers at success: { "overclock_credits": 0, "concerto_credits": 0, "bad_pub_credits": 0 }
[GameContext] [Breach] Runner breaches R&D.
[GameContext] [Access] Runner accesses: Blood in the Water
[GameContext] [Access] Runner steals Blood in the Water! (2 agenda points)
[GameContext] [End] Run ended successfully.
[GameContext] Street Artist gains 1 credit. (5 total)
[GameContext] Street Artist gains 1 credit. (6 total)
[GameContext] Street Artist gains 1 credit. (7 total)
[GameContext] Reality Plus draws Artificial Cryptocrash.
[GameContext] === Reality Plus Turn 20 begins. Credits: 8, Clicks: 3 ===
[GameContext] Reality Plus installs Artificial Cryptocrash in Server 1.
[GameContext] Reality Plus advances Artificial Cryptocrash (1 counters).
[GameContext] Reality Plus advances Artificial Cryptocrash (2 counters).
[GameContext] === Street Artist Turn 21 begins. Credits: 7, Clicks: 4 ===
[GameContext] --- Run on Server 1 begins ---
[GameContext] [Initiation] Run declared on Server 1.
[GameContext] [Approach] Runner approaches unrezzed ice (position 0).
[GameContext] [Approach] Corp declines to rez. Runner passes unrezzed ice.
[GameContext] [Movement] Runner approaches the server root.
[GameContext] [Success] Run successful on Server 1!
[GameContext] [Debug/gain_on_success] run_modifiers at success: {  }
[GameContext] [Breach] Runner breaches Server 1.
[GameContext] [Access] Runner accesses: Artificial Cryptocrash
[GameContext] [Access] Runner steals Artificial Cryptocrash! (2 agenda points)
[GameContext] Runner wins by stealing agendas!
[GameContext] [End] Run ended successfully.
[GameContext] Game over — Street Artist wins. Street Artist stole enough agendas to win
  [  4/ 20]  RUNNER    Street Artist stole enough agendas to win  21 turns
[GameContext] Reality Plus draws Ivik.
[GameContext] === Reality Plus Turn 1 begins. Credits: 5, Clicks: 3 ===
[GameContext] [MCTS] slow search: 757 ms (100 iterations, depth 3)
[GameContext] Reality Plus installs Ivik in Server 0.
[GameContext] [MCTS] slow search: 758 ms (100 iterations, depth 3)
[GameContext] Reality Plus installs Funhouse in R&D.
[GameContext] [MCTS] slow search: 538 ms (100 iterations, depth 3)
[GameContext] Reality Plus installs Blood in the Water in Server 0.
[heartbeat] game 5/20 — turn 1, time 201s
[GameContext] === Street Artist Turn 2 begins. Credits: 5, Clicks: 4 ===
[GameContext] --- Run on Server 0 begins ---
[GameContext] [Initiation] Run declared on Server 0.
[GameContext] [Approach] Runner approaches unrezzed ice (position 0).
[GameContext] [Approach] Corp declines to rez. Runner passes unrezzed ice.
[GameContext] [Movement] Runner approaches the server root.
[GameContext] [Success] Run successful on Server 0!
[GameContext] [Debug/gain_on_success] run_modifiers at success: {  }
[GameContext] [Breach] Runner breaches Server 0.
[GameContext] [Access] Runner accesses: Blood in the Water
[GameContext] [Access] Runner steals Blood in the Water! (2 agenda points)
[GameContext] [End] Run ended successfully.
[GameContext] --- Run on R&D begins ---
[GameContext] [Initiation] Run declared on R&D.
[GameContext] [Approach] Runner approaches unrezzed ice (position 0).
[CorpRunAI] AI: rezzing Funhouse would breach credit floor — holding.
[GameContext] [Approach] Corp declines to rez. Runner passes unrezzed ice.
[GameContext] [Movement] Runner approaches the server root.
[GameContext] [Success] Run successful on R&D!
[GameContext] [Debug/gain_on_success] run_modifiers at success: {  }
[GameContext] [Breach] Runner breaches R&D.
[GameContext] [Access] Runner accesses: Vasilisa
[GameContext] [End] Run ended successfully.
[GameContext] Run modifier set: overclock_credits = 5
[GameContext] --- Run on HQ begins ---
[GameContext] [Initiation] Run declared on HQ.
[GameContext] [Initiation] No ice protecting server — proceeding to root.
[GameContext] [Movement] Runner approaches the server root.
[GameContext] [Success] Run successful on HQ!
[GameContext] [Debug/gain_on_success] run_modifiers at success: { "overclock_credits": 5, "run_event_active": 1 }
[GameContext] [Breach] Runner breaches HQ.
[GameContext] [Access] Runner accesses: Spin Doctor
[GameContext] [Access] Runner may trash Spin Doctor for 2 credits (Runner has 9 total).
[GameContext] [Access] Runner trashes Spin Doctor.
[GameContext] [End] Run ended successfully.
[GameContext] Overclock: 3 unspent credit(s) returned to the bank.
[GameContext] Street Artist plays Overclock.
[GameContext] --- Run on HQ begins ---
[GameContext] [Initiation] Run declared on HQ.
[GameContext] [Initiation] No ice protecting server — proceeding to root.
[GameContext] [Movement] Runner approaches the server root.
[GameContext] [Success] Run successful on HQ!
[GameContext] [Debug/gain_on_success] run_modifiers at success: {  }
[GameContext] [Breach] Runner breaches HQ.
[GameContext] [Access] Runner accesses: Regolith Mining License
[GameContext] [Access] Runner may trash Regolith Mining License for 3 credits (Runner has 4 total).
[GameContext] [Access] Runner trashes Regolith Mining License.
[GameContext] [End] Run ended successfully.
[GameContext] Reality Plus draws Vasilisa.
[GameContext] === Reality Plus Turn 2 begins. Credits: 5, Clicks: 3 ===
[GameContext] [MCTS] slow search: 389 ms (100 iterations, depth 3)
[GameContext] Reality Plus installs Vasilisa in HQ.
[GameContext] [MCTS] slow search: 329 ms (100 iterations, depth 3)
[GameContext] Condition not met — ability has no effect.
[GameContext] Reality Plus plays IP Enforcement.
[GameContext] [MCTS] slow search: 317 ms (100 iterations, depth 3)
[GameContext] Reality Plus draws Chekist Scion.
[GameContext] === Street Artist Turn 3 begins. Credits: 1, Clicks: 4 ===
[GameContext] Street Artist gains 1 credit. (2 total)
[GameContext] --- Run on R&D begins ---
[GameContext] [Initiation] Run declared on R&D.
[GameContext] [Approach] Runner approaches unrezzed ice (position 0).
[CorpRunAI] AI: rezzing Funhouse would breach credit floor — holding.
[GameContext] [Approach] Corp declines to rez. Runner passes unrezzed ice.
[GameContext] [Movement] Runner approaches the server root.
[GameContext] [Success] Run successful on R&D!
[GameContext] [Debug/gain_on_success] run_modifiers at success: {  }
[GameContext] [Breach] Runner breaches R&D.
[GameContext] [Access] Runner accesses: Hedge Fund
[GameContext] [End] Run ended successfully.
[GameContext] --- Run on HQ begins ---
[GameContext] [Initiation] Run declared on HQ.
[GameContext] [Approach] Runner approaches unrezzed ice (position 0).
[CorpRunAI] AI: Vasilisa — rez_cost=2  tax/enc=6.0  enc=3.0  LTV=18.0
[GameContext] [Rez] Corp rezzes Vasilisa for 2 credits.
[GameContext] [Encounter] Runner encounters Vasilisa.
[GameContext] Street Artist takes 1 tag(s). (1 total)
[GameContext] NBN: Reality Plus — Reality Plus may gain 2 cr or draw 2 cards.
[GameContext] [Wildcat Strike] Corp denies credits — Runner draws instead.
[GameContext] Reality Plus: Reality Plus chooses 'Gain 2 credits'.
[GameContext] Reality Plus gains 2 credits.
[GameContext] [Movement] Runner approaches the server root.
[GameContext] [Success] Run successful on HQ!
[GameContext] [Debug/gain_on_success] run_modifiers at success: {  }
[GameContext] [Breach] Runner breaches HQ.
[GameContext] [Access] Runner accesses: Chekist Scion
[GameContext] [Access] Runner may trash Chekist Scion for 0 credits (Runner has 2 total).
[GameContext] [Access] Runner trashes Chekist Scion.
[GameContext] [End] Run ended successfully.
[GameContext] Street Artist removes 1 tag (0 remaining). [paid 2cr]
[GameContext] Reality Plus draws Hedge Fund.
[GameContext] === Reality Plus Turn 3 begins. Credits: 5, Clicks: 3 ===
[GameContext] [MCTS] slow search: 343 ms (100 iterations, depth 3)
[GameContext] Reality Plus draws Drago Ivanov.
[GameContext] [MCTS] slow search: 362 ms (100 iterations, depth 3)
[GameContext] Reality Plus draws Blood in the Water.
[GameContext] [MCTS] slow search: 610 ms (100 iterations, depth 3)
[GameContext] Reality Plus installs Blood in the Water in Server 0.
[heartbeat] game 5/20 — turn 3, time 206s
[GameContext] === Street Artist Turn 4 begins. Credits: 0, Clicks: 4 ===
[GameContext] Street Artist gains 1 credit. (1 total)
[GameContext] Street Artist gains 1 credit. (2 total)
[GameContext] --- Run on Server 0 begins ---
[GameContext] [Initiation] Run declared on Server 0.
[GameContext] [Approach] Runner approaches unrezzed ice (position 0).
[GameContext] [Approach] Corp declines to rez. Runner passes unrezzed ice.
[GameContext] [Movement] Runner approaches the server root.
[GameContext] [Success] Run successful on Server 0!
[GameContext] [Debug/gain_on_success] run_modifiers at success: {  }
[GameContext] [Breach] Runner breaches Server 0.
[GameContext] [Access] Runner accesses: Blood in the Water
[GameContext] [Access] Runner steals Blood in the Water! (2 agenda points)
[GameContext] [End] Run ended successfully.
[GameContext] --- Run on R&D begins ---
[GameContext] [Initiation] Run declared on R&D.
[GameContext] [Approach] Runner approaches unrezzed ice (position 0).
[CorpRunAI] AI: rezzing Funhouse would breach credit floor — holding.
[GameContext] [Approach] Corp declines to rez. Runner passes unrezzed ice.
[GameContext] [Movement] Runner approaches the server root.
[GameContext] [Success] Run successful on R&D!
[GameContext] [Debug/gain_on_success] run_modifiers at success: {  }
[GameContext] [Breach] Runner breaches R&D.
[GameContext] [Access] Runner accesses: Artificial Cryptocrash
[GameContext] [Access] Runner steals Artificial Cryptocrash! (2 agenda points)
[GameContext] [End] Run ended successfully.
[GameContext] Reality Plus draws Hedge Fund.
[GameContext] === Reality Plus Turn 4 begins. Credits: 5, Clicks: 3 ===
[GameContext] [MCTS] slow search: 378 ms (100 iterations, depth 3)
[GameContext] Reality Plus gains 9 credits.
[GameContext] Reality Plus plays Hedge Fund.
[GameContext] [MCTS] slow search: 368 ms (100 iterations, depth 3)
[GameContext] Reality Plus draws Hedge Fund.
[GameContext] [MCTS] slow search: 459 ms (100 iterations, depth 3)
[GameContext] Reality Plus draws Drago Ivanov.
[GameContext] === Street Artist Turn 5 begins. Credits: 2, Clicks: 4 ===
[GameContext] Street Artist gains 1 credit. (3 total)
[GameContext] --- Run on R&D begins ---
[GameContext] [Initiation] Run declared on R&D.
[GameContext] [Approach] Runner approaches unrezzed ice (position 0).
[CorpRunAI] AI: Funhouse — rez_cost=5  tax/enc=8.0  enc=3.0  LTV=24.0
[GameContext] [Rez] Corp rezzes Funhouse for 5 credits.
[GameContext] [Encounter] Runner encounters Funhouse.
[GameContext] Street Artist takes 1 tag(s) to continue the run (Funhouse). (1 total)
[GameContext] NBN: Reality Plus — Reality Plus may gain 2 cr or draw 2 cards.
[GameContext] [Wildcat Strike] Corp denies credits — Runner draws instead.
[GameContext] Reality Plus: Reality Plus chooses 'Gain 2 credits'.
[GameContext] Reality Plus gains 2 credits.
[GameContext] Street Artist takes 1 tag (did not pay 4 cr). (2 total)
[GameContext] [Movement] Runner approaches the server root.
[GameContext] [Success] Run successful on R&D!
[GameContext] [Debug/gain_on_success] run_modifiers at success: {  }
[GameContext] [Breach] Runner breaches R&D.
[GameContext] [Access] Runner accesses: Chekist Scion
[GameContext] [Access] Runner may trash Chekist Scion for 0 credits (Runner has 3 total).
[GameContext] [Access] Runner trashes Chekist Scion.
[GameContext] [End] Run ended successfully.
Player install: card is: Echelon and charged cost is: 3
[GameContext] Street Artist installs Echelon. [MU: 1/4 used]
[GameContext] Street Artist draws Echelon.
[GameContext] Reality Plus draws Spin Doctor.
[GameContext] === Reality Plus Turn 5 begins. Credits: 6, Clicks: 3 ===
[GameContext] [MCTS] slow search: 745 ms (100 iterations, depth 3)
[GameContext] Reality Plus gains 9 credits.
[GameContext] Reality Plus plays Hedge Fund.
[GameContext] [MCTS] slow search: 633 ms (100 iterations, depth 3)
[GameContext] Reality Plus gains 9 credits.
[GameContext] Reality Plus plays Hedge Fund.
[heartbeat] game 5/20 — turn 5, time 211s
[GameContext] [MCTS] slow search: 518 ms (100 iterations, depth 3)
[GameContext] Reality Plus draws Ivik.
[GameContext] === Street Artist Turn 6 begins. Credits: 0, Clicks: 4 ===
[GameContext] Street Artist gains 1 credit. (1 total)
[GameContext] Street Artist gains 1 credit. (2 total)
[GameContext] --- Run on HQ begins ---
[GameContext] [Initiation] Run declared on HQ.
[GameContext] [Approach] Runner approaches Vasilisa (position 0).
[GameContext] [Encounter] Runner encounters Vasilisa.
[GameContext] Street Artist takes 1 tag(s) to continue the run (Funhouse). (3 total)
[GameContext] NBN: Reality Plus — Reality Plus may gain 2 cr or draw 2 cards.
[GameContext] [Wildcat Strike] Corp denies credits — Runner draws instead.
[GameContext] Reality Plus: Reality Plus chooses 'Gain 2 credits'.
[GameContext] Reality Plus gains 2 credits.
[GameContext] [Encounter] Echelon boosted  +2 str (now 3). Cost: 1 cr.
[GameContext] [Encounter] Echelon breaks 'Give the Runner 1 tag.' for 1 cr.
[GameContext] [Encounter] Subroutine 0 broken.
[GameContext] [Movement] Runner approaches the server root.
[GameContext] [Success] Run successful on HQ!
[GameContext] [Debug/gain_on_success] run_modifiers at success: { "overclock_credits": 0, "concerto_credits": 0, "bad_pub_credits": 0 }
[GameContext] [Breach] Runner breaches HQ.
[GameContext] [Access] Runner accesses: Spin Doctor
[GameContext] [Access] Runner may trash Spin Doctor for 2 credits (Runner has 0 total).
[GameContext] [Access] Runner cannot afford to trash.
[GameContext] [End] Run ended successfully.
[GameContext] Street Artist draws LilyPAD.
[GameContext] Reality Plus draws Backroom Machinations.
[GameContext] === Reality Plus Turn 6 begins. Credits: 16, Clicks: 3 ===
[GameContext] [MCTS] slow search: 543 ms (100 iterations, depth 3)
[GameContext] [Backroom Machinations] Runner loses 1 tag as additional cost (2 remaining).
[GameContext] Reality Plus: Backroom Machinations scores as a 1-point agenda!
[GameContext] Reality Plus plays Backroom Machinations.
[GameContext] [MCTS] slow search: 318 ms (100 iterations, depth 3)
[GameContext] Reality Plus pays 1 credit(s) to install ice.
[GameContext] Reality Plus installs Ivik in HQ.
[GameContext] [MCTS] slow search: 528 ms (100 iterations, depth 3)
[GameContext] Reality Plus draws Trust Operation.
[GameContext] === Street Artist Turn 7 begins. Credits: 0, Clicks: 4 ===
[GameContext] Street Artist gains 1 credit. (1 total)
[GameContext] Street Artist gains 1 credit. (2 total)
[GameContext] Street Artist removes 1 tag (1 remaining). [paid 2cr]
[GameContext] Street Artist draws DZMZ Optimizer.
[GameContext] Street Artist discards Environmental Testing to hand limit. (5 cards remaining)
[GameContext] Reality Plus draws Funhouse.
[GameContext] === Reality Plus Turn 7 begins. Credits: 13, Clicks: 3 ===
[GameContext] [MCTS] slow search: 884 ms (100 iterations, depth 3)
[GameContext] Reality Plus pays 1 credit(s) to install ice.
[GameContext] Reality Plus installs Funhouse in R&D.
[heartbeat] game 5/20 — turn 7, time 216s
[GameContext] [MCTS] slow search: 629 ms (100 iterations, depth 3)
[GameContext] Reality Plus gains 1 credit. (13 total)
[GameContext] [MCTS] slow search: 630 ms (100 iterations, depth 3)
[GameContext] Reality Plus gains 1 credit. (14 total)
[GameContext] === Street Artist Turn 8 begins. Credits: 0, Clicks: 4 ===
[GameContext] Street Artist gains 1 credit. (1 total)
[GameContext] Street Artist gains 1 credit. (2 total)
[GameContext] Street Artist removes 1 tag (0 remaining). [paid 2cr]
[GameContext] Street Artist draws Unity.
[GameContext] Street Artist discards Environmental Testing to hand limit. (5 cards remaining)
[GameContext] Reality Plus draws Artificial Cryptocrash.
[GameContext] === Reality Plus Turn 8 begins. Credits: 14, Clicks: 3 ===
[GameContext] [MCTS] slow search: 1103 ms (100 iterations, depth 3)
[GameContext] Reality Plus installs Artificial Cryptocrash in Server 0.
[GameContext] [MCTS] slow search: 1014 ms (100 iterations, depth 3)
[GameContext] Reality Plus advances Artificial Cryptocrash (1 counters).
[heartbeat] game 5/20 — turn 8, time 221s
[GameContext] [MCTS] slow search: 1018 ms (100 iterations, depth 3)
[GameContext] Reality Plus advances Artificial Cryptocrash (2 counters).
[GameContext] === Street Artist Turn 9 begins. Credits: 0, Clicks: 4 ===
[GameContext] Street Artist draws Fermenter.
[GameContext] Street Artist draws Deep Dive.
[GameContext] Street Artist draws Creative Commission.
[GameContext] Street Artist gains 1 credit. (1 total)
[GameContext] Street Artist discards Creative Commission to hand limit. (5 cards remaining)
[GameContext] Street Artist discards Deep Dive to hand limit. (5 cards remaining)
[GameContext] Street Artist discards Sure Gamble to hand limit. (5 cards remaining)
[GameContext] Reality Plus draws Backroom Machinations.
[GameContext] === Reality Plus Turn 9 begins. Credits: 12, Clicks: 3 ===
[GameContext] [MCTS] Scoring line detected — executing: Advance artificial_cryptocrash
[GameContext] Reality Plus advances Artificial Cryptocrash (3 counters).
[GameContext] [MCTS] Scoring line detected — executing: Advance artificial_cryptocrash
[GameContext] Reality Plus advances Artificial Cryptocrash (4 counters).
[GameContext] Reality Plus scores Artificial Cryptocrash! (2 agenda points)
[GameContext] Street Artist loses 1 credits.
[GameContext] [MCTS] slow search: 489 ms (100 iterations, depth 3)
[GameContext] Reality Plus installs Drago Ivanov in Server 0.
[GameContext] === Street Artist Turn 10 begins. Credits: 0, Clicks: 4 ===
[GameContext] Street Artist draws Telework Contract.
[GameContext] Street Artist draws Creative Commission.
[GameContext] Street Artist draws Sure Gamble.
[GameContext] Street Artist gains 1 credit. (1 total)
[GameContext] Street Artist discards Telework Contract to hand limit. (5 cards remaining)
[GameContext] Street Artist discards Creative Commission to hand limit. (5 cards remaining)
[GameContext] Street Artist discards Sure Gamble to hand limit. (5 cards remaining)
[GameContext] Reality Plus draws Retribution.
[GameContext] === Reality Plus Turn 10 begins. Credits: 10, Clicks: 3 ===
[GameContext] Reality Plus rezzes Drago Ivanov for 0 cr.
[GameContext] [MCTS] slow search: 1140 ms (100 iterations, depth 3)
[heartbeat] game 5/20 — turn 10, time 226s
[GameContext] Reality Plus action rejected: Card __sim_trap__ not found or not advanceable
[GameContext] === Street Artist Turn 11 begins. Credits: 1, Clicks: 4 ===
[GameContext] Street Artist gains 1 credit. (2 total)
[GameContext] Street Artist gains 1 credit. (3 total)
Player install: card is: Unity and charged cost is: 3
[GameContext] Street Artist installs Unity. [MU: 2/4 used]
[GameContext] Street Artist draws Deep Dive.
[GameContext] Reality Plus draws Artificial Cryptocrash.
[GameContext] === Reality Plus Turn 11 begins. Credits: 10, Clicks: 3 ===
[GameContext] [MCTS] slow search: 1335 ms (100 iterations, depth 3)
[GameContext] Reality Plus action rejected: Card __sim_trap__ not found or not advanceable
[GameContext] Reality Plus discards Trust Operation to hand limit.
[GameContext] === Street Artist Turn 12 begins. Credits: 0, Clicks: 4 ===
[GameContext] Street Artist draws Telework Contract.
[GameContext] Street Artist draws Overclock.
[GameContext] Street Artist gains 1 credit. (1 total)
[GameContext] Run modifier set: overclock_credits = 5
[GameContext] --- Run on HQ begins ---
[GameContext] [Initiation] Run declared on HQ.
[GameContext] [Approach] Runner approaches unrezzed ice (position 0).
[CorpRunAI] AI: Ivik — rez_cost=7  tax/enc=11.0  enc=3.0  LTV=33.0
[GameContext] [Rez] Corp rezzes Ivik for 7 credits.
[GameContext] [Encounter] Runner encounters Ivik.
[GameContext] Street Artist takes 1 tag(s) to continue the run (Funhouse). (1 total)
[GameContext] NBN: Reality Plus — Reality Plus may gain 2 cr or draw 2 cards.
[GameContext] [Wildcat Strike] Corp denies credits — Runner draws instead.
[GameContext] Reality Plus: Reality Plus chooses 'Gain 2 credits'.
[GameContext] Reality Plus gains 2 credits.
[GameContext] Runner takes 2 net damage.
[GameContext]   Trashed from grip: deep_dive
[GameContext]   Trashed from grip: telework_contract
[GameContext] 2 card(s) trashed from Street Artist's grip.
[GameContext] Run ended.
[GameContext] [Encounter] Run ended by subroutine.
[GameContext] [End] Run ended unsuccessfully.
[GameContext] Overclock: 5 unspent credit(s) returned to the bank.
[GameContext] Street Artist plays Overclock.
[GameContext] Reality Plus draws Vasilisa.
[GameContext] === Reality Plus Turn 12 begins. Credits: 5, Clicks: 3 ===
[GameContext] [MCTS] slow search: 1688 ms (100 iterations, depth 3)
[GameContext] Reality Plus installs Artificial Cryptocrash in Server 1.
[GameContext] Reality Plus advances Artificial Cryptocrash (1 counters).
[GameContext] Reality Plus installs Vasilisa in Server 1.
[GameContext] === Street Artist Turn 13 begins. Credits: 0, Clicks: 4 ===
[GameContext] Street Artist gains 1 credit. (1 total)
[GameContext] Street Artist gains 1 credit. (2 total)
[GameContext] --- Run on Server 1 begins ---
[GameContext] [Initiation] Run declared on Server 1.
[GameContext] [Approach] Runner approaches unrezzed ice (position 0).
[CorpRunAI] AI: Vasilisa — rez_cost=2  tax/enc=2.0  enc=2.5  LTV=5.0
[GameContext] [Rez] Corp rezzes Vasilisa for 2 credits.
[GameContext] [Encounter] Runner encounters Vasilisa.
[GameContext] Street Artist takes 1 tag(s) to continue the run (Funhouse). (2 total)
[GameContext] NBN: Reality Plus — Reality Plus may gain 2 cr or draw 2 cards.
[GameContext] [Wildcat Strike] Corp denies credits — Runner draws instead.
[GameContext] Reality Plus: Reality Plus chooses 'Gain 2 credits'.
[GameContext] Reality Plus gains 2 credits.
[GameContext] [Encounter] Echelon breaks 'Give the Runner 1 tag.' for 1 cr.
[GameContext] [Encounter] Subroutine 0 broken.
[GameContext] [Movement] Runner approaches the server root.
[GameContext] [Success] Run successful on Server 1!
[GameContext] [Debug/gain_on_success] run_modifiers at success: { "overclock_credits": 0, "concerto_credits": 0, "bad_pub_credits": 0 }
[GameContext] [Breach] Runner breaches Server 1.
[GameContext] [Access] Runner accesses: Artificial Cryptocrash
[GameContext] [Access] Runner steals Artificial Cryptocrash! (2 agenda points)
[GameContext] Runner wins by stealing agendas!
[GameContext] [End] Run ended successfully.
[GameContext] Game over — Street Artist wins. Street Artist stole enough agendas to win
  [  5/ 20]  RUNNER    Street Artist stole enough agendas to win  13 turns
[GameContext] Reality Plus draws Chekist Scion.
[GameContext] === Reality Plus Turn 1 begins. Credits: 5, Clicks: 3 ===
[GameContext] [MCTS] slow search: 904 ms (100 iterations, depth 3)
[heartbeat] game 6/20 — turn 1, time 232s
[GameContext] Reality Plus installs Ivik in R&D.
[GameContext] [MCTS] slow search: 817 ms (100 iterations, depth 3)
[GameContext] Reality Plus installs Funhouse in HQ.
[GameContext] [MCTS] slow search: 719 ms (100 iterations, depth 3)
[GameContext] Reality Plus gains 1 credit. (6 total)
[GameContext] === Street Artist Turn 2 begins. Credits: 5, Clicks: 4 ===
[GameContext] --- Run on R&D begins ---
[GameContext] [Initiation] Run declared on R&D.
[GameContext] [Approach] Runner approaches unrezzed ice (position 0).
[GameContext] [Approach] Corp declines to rez. Runner passes unrezzed ice.
[GameContext] [Movement] Runner approaches the server root.
[GameContext] [Success] Run successful on R&D!
[GameContext] [Debug/gain_on_success] run_modifiers at success: {  }
[GameContext] [Breach] Runner breaches R&D.
[GameContext] [Access] Runner accesses: Backroom Machinations
[GameContext] [End] Run ended successfully.
[GameContext] Street Artist gains 9 credits.
[GameContext] Street Artist plays Sure Gamble.
[GameContext] --- Run on HQ begins ---
[GameContext] [Initiation] Run declared on HQ.
[GameContext] [Approach] Runner approaches unrezzed ice (position 0).
[CorpRunAI] AI: rezzing Funhouse would breach credit floor — holding.
[GameContext] [Approach] Corp declines to rez. Runner passes unrezzed ice.
[GameContext] [Movement] Runner approaches the server root.
[GameContext] [Success] Run successful on HQ!
[GameContext] [Debug/gain_on_success] run_modifiers at success: {  }
[GameContext] [Breach] Runner breaches HQ.
[GameContext] [Access] Runner accesses: IP Enforcement
[GameContext] [End] Run ended successfully.
Player install: card is: Unity and charged cost is: 3
[GameContext] Street Artist installs Unity. [MU: 1/4 used]
[GameContext] Reality Plus draws Backroom Machinations.
[GameContext] === Reality Plus Turn 2 begins. Credits: 6, Clicks: 3 ===
[GameContext] [MCTS] slow search: 773 ms (100 iterations, depth 3)
[GameContext] Reality Plus gains 1 credit. (7 total)
[GameContext] [MCTS] slow search: 796 ms (100 iterations, depth 3)
[GameContext] Reality Plus gains 1 credit. (8 total)
[heartbeat] game 6/20 — turn 2, time 237s
[GameContext] [MCTS] slow search: 784 ms (100 iterations, depth 3)
[GameContext] Reality Plus gains 1 credit. (9 total)
[GameContext] === Street Artist Turn 3 begins. Credits: 6, Clicks: 4 ===
[GameContext] --- Run on R&D begins ---
[GameContext] [Initiation] Run declared on R&D.
[GameContext] [Approach] Runner approaches unrezzed ice (position 0).
[CorpRunAI] AI: Ivik — rez_cost=7  tax/enc=11.0  enc=3.0  LTV=33.0
[GameContext] [Rez] Corp rezzes Ivik for 7 credits.
[GameContext] [Encounter] Runner encounters Ivik.
[GameContext] Runner takes 2 net damage.
[GameContext]   Trashed from grip: environmental_testing
[GameContext]   Trashed from grip: daily_casts
[GameContext] 2 card(s) trashed from Street Artist's grip.
[GameContext] Run ended.
[GameContext] [Encounter] Run ended by subroutine.
[GameContext] [End] Run ended unsuccessfully.
[GameContext] --- Run on HQ begins ---
[GameContext] [Initiation] Run declared on HQ.
[GameContext] [Approach] Runner approaches unrezzed ice (position 0).
[GameContext] [Approach] Corp declines to rez. Runner passes unrezzed ice.
[GameContext] [Movement] Runner approaches the server root.
[GameContext] [Success] Run successful on HQ!
[GameContext] [Debug/gain_on_success] run_modifiers at success: {  }
[GameContext] [Breach] Runner breaches HQ.
[GameContext] [Access] Runner accesses: Spin Doctor
[GameContext] [Access] Runner may trash Spin Doctor for 2 credits (Runner has 6 total).
[GameContext] [Access] Runner trashes Spin Doctor.
[GameContext] [End] Run ended successfully.
Player install: card is: Echelon and charged cost is: 3
[GameContext] Street Artist installs Echelon. [MU: 2/4 used]
[GameContext] Game over — Reality Plus wins. "Street Artist" flatlined (empty grip)
  [  6/ 20]  CORP      "Street Artist" flatlined (empty grip)   3 turns
[GameContext] Reality Plus draws Chekist Scion.
[GameContext] === Reality Plus Turn 1 begins. Credits: 5, Clicks: 3 ===
[GameContext] [MCTS] slow search: 873 ms (100 iterations, depth 3)
[GameContext] Reality Plus installs Ivik in R&D.
[GameContext] [MCTS] slow search: 782 ms (100 iterations, depth 3)
[GameContext] Reality Plus installs Ivik in HQ.
[GameContext] [MCTS] slow search: 740 ms (100 iterations, depth 3)
[GameContext] Reality Plus gains 1 credit. (6 total)
[heartbeat] game 7/20 — turn 1, time 242s
[GameContext] === Street Artist Turn 2 begins. Credits: 5, Clicks: 4 ===
[GameContext] --- Run on R&D begins ---
[GameContext] [Initiation] Run declared on R&D.
[GameContext] [Approach] Runner approaches unrezzed ice (position 0).
[GameContext] [Approach] Corp declines to rez. Runner passes unrezzed ice.
[GameContext] [Movement] Runner approaches the server root.
[GameContext] [Success] Run successful on R&D!
[GameContext] [Debug/gain_on_success] run_modifiers at success: {  }
[GameContext] [Breach] Runner breaches R&D.
[GameContext] [Access] Runner accesses: Artificial Cryptocrash
[GameContext] [Access] Runner steals Artificial Cryptocrash! (2 agenda points)
[GameContext] [End] Run ended successfully.
Player install: card is: Echelon and charged cost is: 3
[GameContext] Street Artist installs Echelon. [MU: 1/4 used]
[GameContext] Street Artist plays Pinhole Threading.
[GameContext] Street Artist draws Sure Gamble.
[GameContext] Reality Plus draws Drago Ivanov.
[GameContext] === Reality Plus Turn 2 begins. Credits: 6, Clicks: 3 ===
[GameContext] [MCTS] slow search: 1007 ms (100 iterations, depth 3)
[GameContext] Reality Plus gains 1 credit. (7 total)
[GameContext] [MCTS] slow search: 946 ms (100 iterations, depth 3)
[GameContext] Reality Plus gains 1 credit. (8 total)
[GameContext] [MCTS] slow search: 947 ms (100 iterations, depth 3)
[GameContext] Reality Plus gains 1 credit. (9 total)
[GameContext] === Street Artist Turn 3 begins. Credits: 1, Clicks: 4 ===
[GameContext] Street Artist gains 1 credit. (2 total)
[GameContext] Street Artist gains 1 credit. (3 total)
[GameContext] --- Run on R&D begins ---
[GameContext] [Initiation] Run declared on R&D.
[GameContext] [Approach] Runner approaches unrezzed ice (position 0).
[CorpRunAI] AI: Ivik — rez_cost=7  tax/enc=11.0  enc=3.0  LTV=33.0
[GameContext] [Rez] Corp rezzes Ivik for 7 credits.
[GameContext] [Encounter] Runner encounters Ivik.
[GameContext] Runner takes 2 net damage.
[GameContext]   Trashed from grip: telework_contract
[GameContext]   Trashed from grip: environmental_testing
[GameContext] 2 card(s) trashed from Street Artist's grip.
[GameContext] Run ended.
[GameContext] [Encounter] Run ended by subroutine.
[GameContext] [End] Run ended unsuccessfully.
[GameContext] --- Run on HQ begins ---
[GameContext] [Initiation] Run declared on HQ.
[GameContext] [Approach] Runner approaches unrezzed ice (position 0).
[GameContext] [Approach] Corp declines to rez. Runner passes unrezzed ice.
[GameContext] [Movement] Runner approaches the server root.
[GameContext] [Success] Run successful on HQ!
[GameContext] [Debug/gain_on_success] run_modifiers at success: {  }
[GameContext] [Breach] Runner breaches HQ.
[GameContext] [Access] Runner accesses: Spin Doctor
[GameContext] [Access] Runner may trash Spin Doctor for 2 credits (Runner has 3 total).
[GameContext] [Access] Runner trashes Spin Doctor.
[GameContext] [End] Run ended successfully.
[GameContext] Reality Plus draws Chekist Scion.
[GameContext] === Reality Plus Turn 3 begins. Credits: 2, Clicks: 3 ===
[GameContext] [MCTS] slow search: 1009 ms (100 iterations, depth 3)
[heartbeat] game 7/20 — turn 3, time 248s
[GameContext] Reality Plus gains 1 credit. (3 total)
[GameContext] [MCTS] slow search: 966 ms (100 iterations, depth 3)
[GameContext] Reality Plus gains 1 credit. (4 total)
[GameContext] [MCTS] slow search: 967 ms (100 iterations, depth 3)
[GameContext] Reality Plus gains 1 credit. (5 total)
[GameContext] === Street Artist Turn 4 begins. Credits: 1, Clicks: 4 ===
[GameContext] Street Artist gains 1 credit. (2 total)
[GameContext] --- Run on HQ begins ---
[GameContext] [Initiation] Run declared on HQ.
[GameContext] [Approach] Runner approaches unrezzed ice (position 0).
[GameContext] [Approach] Corp declines to rez. Runner passes unrezzed ice.
[GameContext] [Movement] Runner approaches the server root.
[GameContext] [Success] Run successful on HQ!
[GameContext] [Debug/gain_on_success] run_modifiers at success: {  }
[GameContext] [Breach] Runner breaches HQ.
[GameContext] [Access] Runner accesses: IP Enforcement
[GameContext] [End] Run ended successfully.
[GameContext] Street Artist draws Simulchip.
[GameContext] Street Artist draws Deep Dive.
[GameContext] Reality Plus draws Artificial Cryptocrash.
[GameContext] === Reality Plus Turn 4 begins. Credits: 5, Clicks: 3 ===
[GameContext] [MCTS] slow search: 1135 ms (100 iterations, depth 3)
[GameContext] Reality Plus gains 1 credit. (6 total)
[GameContext] [MCTS] slow search: 1033 ms (100 iterations, depth 3)
[GameContext] Reality Plus gains 1 credit. (7 total)
[heartbeat] game 7/20 — turn 4, time 253s
[GameContext] [MCTS] slow search: 1078 ms (100 iterations, depth 3)
[GameContext] Reality Plus gains 1 credit. (8 total)
[GameContext] Reality Plus discards IP Enforcement to hand limit.
[GameContext] === Street Artist Turn 5 begins. Credits: 2, Clicks: 4 ===
[GameContext] Street Artist gains 1 credit. (3 total)
[GameContext] --- Run on HQ begins ---
[GameContext] [Initiation] Run declared on HQ.
[GameContext] [Approach] Runner approaches unrezzed ice (position 0).
[CorpRunAI] AI: rezzing Ivik would breach credit floor — holding.
[GameContext] [Approach] Corp declines to rez. Runner passes unrezzed ice.
[GameContext] [Movement] Runner approaches the server root.
[GameContext] [Success] Run successful on HQ!
[GameContext] [Debug/gain_on_success] run_modifiers at success: {  }
[GameContext] [Breach] Runner breaches HQ.
[GameContext] [Access] Runner accesses: Artificial Cryptocrash
[GameContext] [Access] Runner steals Artificial Cryptocrash! (2 agenda points)
[GameContext] [End] Run ended successfully.
[GameContext] Street Artist draws Simulchip.
[GameContext] Street Artist gains 1 credit. (4 total)
[GameContext] Reality Plus draws Vasilisa.
[GameContext] === Reality Plus Turn 5 begins. Credits: 8, Clicks: 3 ===
[GameContext] [MCTS] slow search: 847 ms (100 iterations, depth 3)
[GameContext] Reality Plus installs Vasilisa in Server 0.
[GameContext] [MCTS] slow search: 698 ms (100 iterations, depth 3)
[GameContext] Reality Plus gains 1 credit. (9 total)
[GameContext] [MCTS] slow search: 731 ms (100 iterations, depth 3)
[GameContext] Reality Plus gains 1 credit. (10 total)
[heartbeat] game 7/20 — turn 5, time 259s
[GameContext] === Street Artist Turn 6 begins. Credits: 4, Clicks: 4 ===
[GameContext] Street Artist gains 1 credit. (5 total)
[GameContext] Street Artist gains 9 credits.
[GameContext] Street Artist plays Sure Gamble.
[GameContext] --- Run on HQ begins ---
[GameContext] [Initiation] Run declared on HQ.
[GameContext] [Approach] Runner approaches unrezzed ice (position 0).
[CorpRunAI] AI: Ivik — rez_cost=7  tax/enc=11.0  enc=3.0  LTV=33.0
[GameContext] [Rez] Corp rezzes Ivik for 7 credits.
[GameContext] [Encounter] Runner encounters Ivik.
[GameContext] Runner takes 2 net damage.
[GameContext]   Trashed from grip: deep_dive
[GameContext]   Trashed from grip: simulchip
[GameContext] 2 card(s) trashed from Street Artist's grip.
[GameContext] Run ended.
[GameContext] [Encounter] Run ended by subroutine.
[GameContext] [End] Run ended unsuccessfully.
[GameContext] Street Artist draws Daily Casts.
[GameContext] Reality Plus draws Retribution.
[GameContext] === Reality Plus Turn 6 begins. Credits: 3, Clicks: 3 ===
[GameContext] [MCTS] slow search: 879 ms (100 iterations, depth 3)
[GameContext] Reality Plus gains 1 credit. (4 total)
[GameContext] [MCTS] slow search: 840 ms (100 iterations, depth 3)
[GameContext] Reality Plus installs Chekist Scion in Server 1.
[GameContext] [MCTS] slow search: 748 ms (100 iterations, depth 3)
[GameContext] Reality Plus gains 1 credit. (5 total)
[GameContext] === Street Artist Turn 7 begins. Credits: 9, Clicks: 4 ===
[GameContext] Street Artist draws Self-modifying Code.
[GameContext] Street Artist draws Overclock.
[GameContext] Run modifier set: overclock_credits = 5
[GameContext] --- Run on HQ begins ---
[GameContext] [Initiation] Run declared on HQ.
[GameContext] [Approach] Runner approaches Ivik (position 0).
[GameContext] [Encounter] Runner encounters Ivik.
[GameContext] Runner takes 2 net damage.
[GameContext]   Trashed from grip: self_modifying_code
[GameContext]   Trashed from grip: daily_casts
[GameContext] 2 card(s) trashed from Street Artist's grip.
[GameContext] Run ended.
[GameContext] [Encounter] Run ended by subroutine.
[GameContext] [End] Run ended unsuccessfully.
[GameContext] Overclock: 5 unspent credit(s) returned to the bank.
[GameContext] Street Artist plays Overclock.
[GameContext] Street Artist draws Conduit.
[GameContext] Reality Plus draws Regolith Mining License.
[GameContext] === Reality Plus Turn 7 begins. Credits: 5, Clicks: 3 ===
[GameContext] Reality Plus rezzes Chekist Scion for 0 cr.
[GameContext] [MCTS] slow search: 937 ms (100 iterations, depth 3)
[heartbeat] game 7/20 — turn 7, time 264s
[GameContext] Reality Plus gains 1 credit. (6 total)
[GameContext] [MCTS] slow search: 928 ms (100 iterations, depth 3)
[GameContext] Reality Plus installs Drago Ivanov in Server 2.
[GameContext] [MCTS] slow search: 784 ms (100 iterations, depth 3)
[GameContext] Reality Plus gains 1 credit. (7 total)
[GameContext] === Street Artist Turn 8 begins. Credits: 8, Clicks: 4 ===
[GameContext] Street Artist draws Self-modifying Code.
[GameContext] Street Artist draws Environmental Testing.
[GameContext] Street Artist gains 1 credit. (9 total)
[GameContext] Street Artist gains 1 credit. (10 total)
[GameContext] Reality Plus draws Hedge Fund.
[GameContext] === Reality Plus Turn 8 begins. Credits: 7, Clicks: 3 ===
[GameContext] Reality Plus rezzes Drago Ivanov for 0 cr.
[GameContext] [MCTS] slow search: 1049 ms (100 iterations, depth 3)
[GameContext] Reality Plus gains 9 credits.
[GameContext] Reality Plus plays Hedge Fund.
[GameContext] [MCTS] slow search: 786 ms (100 iterations, depth 3)
[GameContext] Reality Plus gains 1 credit. (12 total)
[heartbeat] game 7/20 — turn 8, time 269s
[GameContext] [MCTS] slow search: 830 ms (100 iterations, depth 3)
[GameContext] Reality Plus gains 1 credit. (13 total)
[GameContext] === Street Artist Turn 9 begins. Credits: 10, Clicks: 4 ===
[GameContext] Street Artist gains 1 credit. (11 total)
[GameContext] Street Artist gains 1 credit. (12 total)
[GameContext] Street Artist gains 1 credit. (13 total)
[GameContext] Street Artist gains 1 credit. (14 total)
[GameContext] Reality Plus draws Hedge Fund.
[GameContext] === Reality Plus Turn 9 begins. Credits: 13, Clicks: 3 ===
[GameContext] [MCTS] slow search: 981 ms (100 iterations, depth 3)
[GameContext] Reality Plus gains 1 credit. (14 total)
[GameContext] [MCTS] slow search: 934 ms (100 iterations, depth 3)
[GameContext] Reality Plus installs Chekist Scion in Server 3.
[GameContext] [MCTS] slow search: 771 ms (100 iterations, depth 3)
[GameContext] Reality Plus gains 1 credit. (15 total)
[heartbeat] game 7/20 — turn 9, time 274s
[GameContext] === Street Artist Turn 10 begins. Credits: 14, Clicks: 4 ===
[GameContext] Street Artist gains 1 credit. (15 total)
[GameContext] Street Artist gains 1 credit. (16 total)
[GameContext] Street Artist gains 1 credit. (17 total)
[GameContext] Street Artist gains 1 credit. (18 total)
[GameContext] Reality Plus draws Artificial Cryptocrash.
[GameContext] === Reality Plus Turn 10 begins. Credits: 15, Clicks: 3 ===
[GameContext] Reality Plus rezzes Chekist Scion for 0 cr.
[GameContext] [MCTS] slow search: 1454 ms (100 iterations, depth 3)
[GameContext] Reality Plus installs Artificial Cryptocrash in Server 0.
[GameContext] [MCTS] slow search: 1462 ms (100 iterations, depth 3)
[GameContext] Reality Plus advances Artificial Cryptocrash (1 counters).
[GameContext] [MCTS] slow search: 1434 ms (100 iterations, depth 3)
[GameContext] Reality Plus advances Artificial Cryptocrash (2 counters).
[heartbeat] game 7/20 — turn 10, time 280s
[GameContext] === Street Artist Turn 11 begins. Credits: 18, Clicks: 4 ===
[GameContext] --- Run on Server 0 begins ---
[GameContext] [Initiation] Run declared on Server 0.
[GameContext] [Approach] Runner approaches unrezzed ice (position 0).
[CorpRunAI] AI: Vasilisa — rez_cost=2  tax/enc=2.0  enc=2.5  LTV=5.0
[GameContext] [Rez] Corp rezzes Vasilisa for 2 credits.
[GameContext] [Encounter] Runner encounters Vasilisa.
[GameContext] [Encounter] Echelon boosted  +2 str (now 3). Cost: 1 cr.
[GameContext] [Encounter] Echelon breaks 'Give the Runner 1 tag.' for 1 cr.
[GameContext] [Encounter] Subroutine 0 broken.
[GameContext] [Movement] Runner approaches the server root.
[GameContext] [Success] Run successful on Server 0!
[GameContext] [Debug/gain_on_success] run_modifiers at success: { "overclock_credits": 0, "concerto_credits": 0, "bad_pub_credits": 0 }
[GameContext] [Breach] Runner breaches Server 0.
[GameContext] [Access] Runner accesses: Artificial Cryptocrash
[GameContext] [Access] Runner steals Artificial Cryptocrash! (2 agenda points)
[GameContext] [End] Run ended successfully.
[GameContext] Street Artist gains 1 credit. (17 total)
[GameContext] Street Artist gains 1 credit. (18 total)
[GameContext] Street Artist gains 1 credit. (19 total)
[GameContext] Reality Plus draws Funhouse.
[GameContext] === Reality Plus Turn 11 begins. Credits: 11, Clicks: 3 ===
[GameContext] [MCTS] slow search: 924 ms (100 iterations, depth 3)
[GameContext] Reality Plus gains 9 credits.
[GameContext] Reality Plus plays Hedge Fund.
[GameContext] [MCTS] slow search: 790 ms (100 iterations, depth 3)
[GameContext] Reality Plus draws Vasilisa.
[GameContext] [MCTS] slow search: 1331 ms (100 iterations, depth 3)
[GameContext] Reality Plus pays 1 credit(s) to install ice.
[GameContext] Reality Plus installs Vasilisa in R&D.
[GameContext] === Street Artist Turn 12 begins. Credits: 19, Clicks: 4 ===
Player install: card is: Conduit and charged cost is: 4
[GameContext] Street Artist installs Conduit. [MU: 2/4 used]
[GameContext] Street Artist draws Creative Commission.
[GameContext] Street Artist gains 1 credit. (16 total)
[GameContext] Street Artist gains 1 credit. (17 total)
[GameContext] Reality Plus draws Backroom Machinations.
[GameContext] === Reality Plus Turn 12 begins. Credits: 14, Clicks: 3 ===
[GameContext] [MCTS] slow search: 841 ms (100 iterations, depth 3)
[heartbeat] game 7/20 — turn 12, time 286s
[GameContext] Reality Plus pays 1 credit(s) to install ice.
[GameContext] Reality Plus installs Funhouse in HQ.
[GameContext] [MCTS] slow search: 597 ms (100 iterations, depth 3)
[GameContext] Reality Plus gains 1 credit. (14 total)
[GameContext] [MCTS] slow search: 626 ms (100 iterations, depth 3)
[GameContext] Reality Plus gains 1 credit. (15 total)
[GameContext] === Street Artist Turn 13 begins. Credits: 17, Clicks: 4 ===
Player install: card is: Self-modifying Code and charged cost is: 0
[GameContext] Street Artist installs Self-modifying Code. [MU: 4/4 used]
[GameContext] Street Artist draws Propeller.
[GameContext] Street Artist gains 1 credit. (18 total)
[GameContext] Street Artist gains 1 credit. (19 total)
[GameContext] Reality Plus draws Blood in the Water.
[GameContext] === Reality Plus Turn 13 begins. Credits: 15, Clicks: 3 ===
[GameContext] [MCTS] slow search: 1268 ms (100 iterations, depth 3)
[GameContext] Reality Plus installs Blood in the Water in Server 0.
[GameContext] [MCTS] Scoring line detected — executing: Advance blood_in_the_water
[GameContext] Reality Plus advances Blood in the Water (1 counters).
[GameContext] Reality Plus scores Blood in the Water! (2 agenda points)
[GameContext] [MCTS] slow search: 627 ms (100 iterations, depth 3)
[GameContext] Reality Plus gains 1 credit. (15 total)
[heartbeat] game 7/20 — turn 13, time 291s
[GameContext] === Street Artist Turn 14 begins. Credits: 19, Clicks: 4 ===
[GameContext] Street Artist gains 1 credit. (20 total)
[GameContext] Street Artist gains 1 credit. (21 total)
[GameContext] Street Artist gains 5 credits.
[GameContext] Street Artist will lose 1 click(s) next turn.
[GameContext] Street Artist plays Creative Commission.
[GameContext] Street Artist draws Environmental Testing.
[GameContext] Reality Plus draws Retribution.
[GameContext] === Reality Plus Turn 14 begins. Credits: 15, Clicks: 3 ===
[GameContext] [MCTS] slow search: 690 ms (100 iterations, depth 3)
[GameContext] Reality Plus gains 1 credit. (16 total)
[GameContext] [MCTS] slow search: 715 ms (100 iterations, depth 3)
[GameContext] Reality Plus draws Trust Operation.
[GameContext] [MCTS] slow search: 784 ms (100 iterations, depth 3)
[GameContext] Condition not met — ability has no effect.
[GameContext] Reality Plus plays Retribution.
[GameContext] Street Artist loses 1 click(s) this turn (deferred penalty).
[GameContext] === Street Artist Turn 15 begins. Credits: 25, Clicks: 3 ===
[GameContext] Street Artist gains 1 credit. (26 total)
[GameContext] Street Artist gains 1 credit. (27 total)
[GameContext] Street Artist gains 1 credit. (28 total)
[GameContext] Reality Plus draws Backroom Machinations.
[GameContext] === Reality Plus Turn 15 begins. Credits: 15, Clicks: 3 ===
[GameContext] [MCTS] slow search: 488 ms (100 iterations, depth 3)
[GameContext] Condition not met — ability has no effect.
[GameContext] Reality Plus plays Retribution.
[GameContext] [MCTS] slow search: 476 ms (100 iterations, depth 3)
[GameContext] Reality Plus installs Spin Doctor in Server 0.
[heartbeat] game 7/20 — turn 15, time 296s
[GameContext] [MCTS] slow search: 444 ms (100 iterations, depth 3)
[GameContext] Reality Plus draws Doomscroll.
[GameContext] === Street Artist Turn 16 begins. Credits: 28, Clicks: 4 ===
[GameContext] Street Artist gains 1 credit. (29 total)
[GameContext] Street Artist gains 1 credit. (30 total)
[GameContext] Street Artist gains 1 credit. (31 total)
[GameContext] Street Artist gains 1 credit. (32 total)
[GameContext] Reality Plus draws Doomscroll.
[GameContext] === Reality Plus Turn 16 begins. Credits: 14, Clicks: 3 ===
[GameContext] Reality Plus draws 2 card(s).
[GameContext] Reality Plus rezzes Spin Doctor for 0 cr.
[GameContext] [MCTS] slow search: 1191 ms (100 iterations, depth 3)
[GameContext] Reality Plus installs Blood in the Water in Server 4.
[GameContext] [MCTS] Scoring line detected — executing: Advance blood_in_the_water
[GameContext] Reality Plus advances Blood in the Water (1 counters).
[GameContext] Reality Plus scores Blood in the Water! (2 agenda points)
[GameContext] [MCTS] slow search: 728 ms (100 iterations, depth 3)
[GameContext] Reality Plus installs Doomscroll in Server 4.
[GameContext] Reality Plus discards Trust Operation to hand limit.
[GameContext] === Street Artist Turn 17 begins. Credits: 32, Clicks: 4 ===
[GameContext] Street Artist gains 1 credit. (33 total)
[GameContext] Street Artist gains 1 credit. (34 total)
[GameContext] Street Artist gains 1 credit. (35 total)
[GameContext] Street Artist gains 1 credit. (36 total)
[GameContext] Reality Plus draws Hedge Fund.
[GameContext] === Reality Plus Turn 17 begins. Credits: 13, Clicks: 3 ===
[GameContext] [MCTS] slow search: 634 ms (100 iterations, depth 3)
[heartbeat] game 7/20 — turn 17, time 302s
[GameContext] Reality Plus gains 9 credits.
[GameContext] Reality Plus plays Hedge Fund.
[GameContext] [MCTS] slow search: 632 ms (100 iterations, depth 3)
[GameContext] Reality Plus draws Chekist Scion.
[GameContext] [MCTS] slow search: 303 ms (100 iterations, depth 3)
[GameContext] Reality Plus pays 2 credit(s) to install ice.
[GameContext] Reality Plus installs Doomscroll in R&D.
[GameContext] === Street Artist Turn 18 begins. Credits: 36, Clicks: 4 ===
[GameContext] Street Artist gains 1 credit. (37 total)
[GameContext] Street Artist gains 1 credit. (38 total)
[GameContext] Street Artist gains 1 credit. (39 total)
[GameContext] Street Artist gains 1 credit. (40 total)
[GameContext] Reality Plus draws IP Enforcement.
[GameContext] === Reality Plus Turn 18 begins. Credits: 15, Clicks: 3 ===
[GameContext] [MCTS] slow search: 792 ms (100 iterations, depth 3)
[GameContext] Reality Plus installs Chekist Scion in Server 5.
[GameContext] [MCTS] slow search: 805 ms (100 iterations, depth 3)
[GameContext] Reality Plus draws Blood in the Water.
[GameContext] [MCTS] slow search: 1611 ms (100 iterations, depth 3)
[GameContext] Reality Plus installs Blood in the Water in Server 4.
[heartbeat] game 7/20 — turn 18, time 308s
[GameContext] === Street Artist Turn 19 begins. Credits: 40, Clicks: 4 ===
[GameContext] --- Run on Server 4 begins ---
[GameContext] [Initiation] Run declared on Server 4.
[GameContext] [Approach] Runner approaches unrezzed ice (position 0).
[CorpRunAI] AI: Doomscroll — rez_cost=3  tax/enc=5.0  enc=2.5  LTV=12.5
[GameContext] [Rez] Corp rezzes Doomscroll for 3 credits.
[GameContext] [Encounter] Runner encounters Doomscroll.
[GameContext] [Encounter] Echelon boosted  +2 str (now 3). Cost: 1 cr.
[GameContext] [Encounter] Echelon breaks 'Give the Runner 1 tag.' for 1 cr.
[GameContext] [Encounter] Echelon breaks 'Do 1 net damage.' for 1 cr.
[GameContext] [Encounter] Echelon breaks 'Do 2 net damage if the Runner has at least 2 tags.' for 1 cr.
[GameContext] [Encounter] Subroutine 0 broken.
[GameContext] [Encounter] Subroutine 1 broken.
[GameContext] [Encounter] Subroutine 2 broken.
[GameContext] [Movement] Runner approaches the server root.
[GameContext] [Success] Run successful on Server 4!
[GameContext] [Debug/gain_on_success] run_modifiers at success: { "overclock_credits": 0, "concerto_credits": 0, "bad_pub_credits": 0 }
[GameContext] [Breach] Runner breaches Server 4.
[GameContext] [Access] Runner accesses: Blood in the Water
[GameContext] [Access] Runner steals Blood in the Water! (2 agenda points)
[GameContext] Runner wins by stealing agendas!
[GameContext] [End] Run ended successfully.
[GameContext] Game over — Street Artist wins. Street Artist stole enough agendas to win
  [  7/ 20]  RUNNER    Street Artist stole enough agendas to win  19 turns
[GameContext] Reality Plus draws IP Enforcement.
[GameContext] === Reality Plus Turn 1 begins. Credits: 5, Clicks: 3 ===
[GameContext] [MCTS] slow search: 496 ms (100 iterations, depth 3)
[GameContext] Reality Plus installs Blood in the Water in Server 0.
[GameContext] [MCTS] Scoring line detected — executing: Advance blood_in_the_water
[GameContext] Reality Plus advances Blood in the Water (1 counters).
[GameContext] Reality Plus scores Blood in the Water! (2 agenda points)
[GameContext] [MCTS] slow search: 401 ms (100 iterations, depth 3)
[GameContext] Reality Plus gains 1 credit. (5 total)
[GameContext] === Street Artist Turn 2 begins. Credits: 5, Clicks: 4 ===
[GameContext] --- Run on R&D begins ---
[GameContext] [Initiation] Run declared on R&D.
[GameContext] [Initiation] No ice protecting server — proceeding to root.
[GameContext] [Movement] Runner approaches the server root.
[GameContext] [Success] Run successful on R&D!
[GameContext] [Debug/gain_on_success] run_modifiers at success: {  }
[GameContext] [Breach] Runner breaches R&D.
[GameContext] [Access] Runner accesses: Blood in the Water
[GameContext] [Access] Runner steals Blood in the Water! (2 agenda points)
[GameContext] [End] Run ended successfully.
[GameContext] --- Run on HQ begins ---
[GameContext] [Initiation] Run declared on HQ.
[GameContext] [Initiation] No ice protecting server — proceeding to root.
[GameContext] [Movement] Runner approaches the server root.
[GameContext] [Success] Run successful on HQ!
[GameContext] [Debug/gain_on_success] run_modifiers at success: {  }
[GameContext] [Breach] Runner breaches HQ.
[GameContext] [Access] Runner accesses: IP Enforcement
[GameContext] [End] Run ended successfully.
[GameContext] Street Artist draws Telework Contract.
[GameContext] Street Artist draws Echelon.
[GameContext] Street Artist discards Dr. Nuka Vrolyck to hand limit. (5 cards remaining)
[GameContext] Street Artist discards Telework Contract to hand limit. (5 cards remaining)
[GameContext] Reality Plus draws Drago Ivanov.
[GameContext] === Reality Plus Turn 2 begins. Credits: 5, Clicks: 3 ===
[GameContext] Reality Plus gains 1 credit. (6 total)
[GameContext] [MCTS] slow search: 202 ms (100 iterations, depth 3)
[GameContext] Reality Plus gains 1 credit. (7 total)
[GameContext] [MCTS] slow search: 201 ms (100 iterations, depth 3)
[GameContext] Reality Plus gains 1 credit. (8 total)
[GameContext] Reality Plus discards Trust Operation to hand limit.
[GameContext] === Street Artist Turn 3 begins. Credits: 5, Clicks: 4 ===
[GameContext] --- Run on R&D begins ---
[GameContext] [Initiation] Run declared on R&D.
[GameContext] [Initiation] No ice protecting server — proceeding to root.
[GameContext] [Movement] Runner approaches the server root.
[GameContext] [Success] Run successful on R&D!
[GameContext] [Debug/gain_on_success] run_modifiers at success: {  }
[GameContext] [Breach] Runner breaches R&D.
[GameContext] [Access] Runner accesses: Blood in the Water
[GameContext] [Access] Runner steals Blood in the Water! (2 agenda points)
[GameContext] [End] Run ended successfully.
[GameContext] --- Run on HQ begins ---
[GameContext] [Initiation] Run declared on HQ.
[GameContext] [Initiation] No ice protecting server — proceeding to root.
[GameContext] [Movement] Runner approaches the server root.
[GameContext] [Success] Run successful on HQ!
[GameContext] [Debug/gain_on_success] run_modifiers at success: {  }
[GameContext] [Breach] Runner breaches HQ.
[GameContext] [Access] Runner accesses: Retribution
[GameContext] [End] Run ended successfully.
Player install: card is: Echelon and charged cost is: 3
[GameContext] Street Artist installs Echelon. [MU: 1/4 used]
[GameContext] Street Artist draws Unity.
[GameContext] Reality Plus draws Backroom Machinations.
[GameContext] === Reality Plus Turn 3 begins. Credits: 8, Clicks: 3 ===
[GameContext] Reality Plus gains 1 credit. (9 total)
[heartbeat] game 8/20 — turn 3, time 313s
[GameContext] Reality Plus gains 1 credit. (10 total)
[GameContext] Reality Plus gains 1 credit. (11 total)
[GameContext] Reality Plus discards IP Enforcement to hand limit.
[GameContext] === Street Artist Turn 4 begins. Credits: 2, Clicks: 4 ===
[GameContext] --- Run on R&D begins ---
[GameContext] [Initiation] Run declared on R&D.
[GameContext] [Initiation] No ice protecting server — proceeding to root.
[GameContext] [Movement] Runner approaches the server root.
[GameContext] [Success] Run successful on R&D!
[GameContext] [Debug/gain_on_success] run_modifiers at success: {  }
[GameContext] [Breach] Runner breaches R&D.
[GameContext] [Access] Runner accesses: Funhouse
[GameContext] [End] Run ended successfully.
[GameContext] --- Run on HQ begins ---
[GameContext] [Initiation] Run declared on HQ.
[GameContext] [Initiation] No ice protecting server — proceeding to root.
[GameContext] [Movement] Runner approaches the server root.
[GameContext] [Success] Run successful on HQ!
[GameContext] [Debug/gain_on_success] run_modifiers at success: {  }
[GameContext] [Breach] Runner breaches HQ.
[GameContext] [Access] Runner accesses: Spin Doctor
[GameContext] [Access] Runner may trash Spin Doctor for 2 credits (Runner has 2 total).
[GameContext] [Access] Runner trashes Spin Doctor.
[GameContext] [End] Run ended successfully.
[GameContext] Street Artist gains 1 credit. (1 total)
[GameContext] Street Artist gains 5 credits.
[GameContext] Street Artist will lose 1 click(s) next turn.
[GameContext] Street Artist plays Creative Commission.
[GameContext] Reality Plus draws Funhouse.
[GameContext] === Reality Plus Turn 4 begins. Credits: 11, Clicks: 3 ===
[GameContext] Reality Plus gains 1 credit. (12 total)
[GameContext] Reality Plus gains 1 credit. (13 total)
[GameContext] Reality Plus installs Funhouse in R&D.
[GameContext] Street Artist loses 1 click(s) this turn (deferred penalty).
[GameContext] === Street Artist Turn 5 begins. Credits: 5, Clicks: 3 ===
[GameContext] --- Run on R&D begins ---
[GameContext] [Initiation] Run declared on R&D.
[GameContext] [Approach] Runner approaches unrezzed ice (position 0).
[CorpRunAI] AI: Funhouse — rez_cost=5  tax/enc=8.0  enc=3.0  LTV=24.0
[GameContext] [Rez] Corp rezzes Funhouse for 5 credits.
[GameContext] [Encounter] Runner encounters Funhouse.
[GameContext] Street Artist takes 1 tag(s) to continue the run (Funhouse). (1 total)
[GameContext] NBN: Reality Plus — Reality Plus may gain 2 cr or draw 2 cards.
[GameContext] [Wildcat Strike] Corp denies draws — Runner gains credits instead.
[GameContext] Reality Plus: Reality Plus chooses 'Draw 2 cards'.
[GameContext] Reality Plus draws 2 card(s).
[GameContext] Street Artist takes 1 tag (did not pay 4 cr). (2 total)
[GameContext] [Movement] Runner approaches the server root.
[GameContext] [Success] Run successful on R&D!
[GameContext] [Debug/gain_on_success] run_modifiers at success: {  }
[GameContext] [Breach] Runner breaches R&D.
[GameContext] [Access] Runner accesses: Regolith Mining License
[GameContext] [Access] Runner may trash Regolith Mining License for 3 credits (Runner has 5 total).
[GameContext] [Access] Runner trashes Regolith Mining License.
[GameContext] [End] Run ended successfully.
[GameContext] --- Run on HQ begins ---
[GameContext] [Initiation] Run declared on HQ.
[GameContext] [Initiation] No ice protecting server — proceeding to root.
[GameContext] [Movement] Runner approaches the server root.
[GameContext] [Success] Run successful on HQ!
[GameContext] [Debug/gain_on_success] run_modifiers at success: {  }
[GameContext] [Breach] Runner breaches HQ.
[GameContext] [Access] Runner accesses: Backroom Machinations
[GameContext] [End] Run ended successfully.
[GameContext] Street Artist removes 1 tag (1 remaining). [paid 2cr]
[GameContext] Reality Plus draws IP Enforcement.
[GameContext] === Reality Plus Turn 5 begins. Credits: 8, Clicks: 3 ===
[GameContext] [MCTS] slow search: 937 ms (100 iterations, depth 3)
[GameContext] Reality Plus gains 1 credit. (9 total)
[GameContext] [MCTS] slow search: 1132 ms (100 iterations, depth 3)
[GameContext] Reality Plus installs Doomscroll in HQ.
[heartbeat] game 8/20 — turn 5, time 319s
[GameContext] [MCTS] slow search: 1093 ms (100 iterations, depth 3)
[GameContext] Reality Plus gains 1 credit. (10 total)
[GameContext] Reality Plus discards IP Enforcement to hand limit.
[GameContext] === Street Artist Turn 6 begins. Credits: 0, Clicks: 4 ===
[GameContext] Street Artist gains 1 credit. (1 total)
[GameContext] Street Artist gains 1 credit. (2 total)
[GameContext] Street Artist gains 1 credit. (3 total)
[GameContext] --- Run on HQ begins ---
[GameContext] [Initiation] Run declared on HQ.
[GameContext] [Approach] Runner approaches unrezzed ice (position 0).
[CorpRunAI] AI: Doomscroll — rez_cost=3  tax/enc=5.0  enc=3.0  LTV=15.0
[GameContext] [Rez] Corp rezzes Doomscroll for 3 credits.
[GameContext] [Encounter] Runner encounters Doomscroll.
[GameContext] Street Artist takes 1 tag(s) to continue the run (Funhouse). (2 total)
[GameContext] NBN: Reality Plus — Reality Plus may gain 2 cr or draw 2 cards.
[GameContext] [Wildcat Strike] Corp denies credits — Runner draws instead.
[GameContext] Reality Plus: Reality Plus chooses 'Gain 2 credits'.
[GameContext] Reality Plus gains 2 credits.
[GameContext] [Encounter] Echelon boosted  +2 str (now 3). Cost: 1 cr.
[GameContext] [Encounter] Echelon breaks 'Give the Runner 1 tag.' for 1 cr.
[GameContext] [Encounter] Echelon breaks 'Do 1 net damage.' for 1 cr.
[GameContext] [Encounter] Subroutine 0 broken.
[GameContext] [Encounter] Subroutine 1 broken.
[GameContext] Runner takes 2 net damage.
[GameContext]   Trashed from grip: deep_dive
[GameContext]   Trashed from grip: daily_casts
[GameContext] 2 card(s) trashed from Street Artist's grip.
[GameContext] [Movement] Runner approaches the server root.
[GameContext] [Success] Run successful on HQ!
[GameContext] [Debug/gain_on_success] run_modifiers at success: { "overclock_credits": 0, "concerto_credits": 0, "bad_pub_credits": 0 }
[GameContext] [Breach] Runner breaches HQ.
[GameContext] [Access] Runner accesses: Artificial Cryptocrash
[GameContext] [Access] Runner steals Artificial Cryptocrash! (2 agenda points)
[GameContext] [End] Run ended successfully.
[GameContext] Reality Plus draws Funhouse.
[GameContext] === Reality Plus Turn 6 begins. Credits: 9, Clicks: 3 ===
[GameContext] [MCTS] slow search: 849 ms (100 iterations, depth 3)
[GameContext] Reality Plus installs Funhouse in Server 0.
[GameContext] [MCTS] slow search: 772 ms (100 iterations, depth 3)
[GameContext] Reality Plus gains 1 credit. (10 total)
[GameContext] [MCTS] slow search: 804 ms (100 iterations, depth 3)
[GameContext] Reality Plus gains 1 credit. (11 total)
[heartbeat] game 8/20 — turn 6, time 324s
[GameContext] === Street Artist Turn 7 begins. Credits: 0, Clicks: 4 ===
[GameContext] Street Artist gains 1 credit. (1 total)
[GameContext] Street Artist gains 1 credit. (2 total)
[GameContext] Street Artist gains 1 credit. (3 total)
Player install: card is: Unity and charged cost is: 3
[GameContext] Street Artist installs Unity. [MU: 2/4 used]
[GameContext] Reality Plus draws Chekist Scion.
[GameContext] === Reality Plus Turn 7 begins. Credits: 11, Clicks: 3 ===
[GameContext] [Backroom Machinations] Runner loses 1 tag as additional cost (1 remaining).
[GameContext] Reality Plus: Backroom Machinations scores as a 1-point agenda!
[GameContext] Reality Plus plays Backroom Machinations.
[GameContext] Reality Plus gains 1 credit. (10 total)
[GameContext] Reality Plus gains 1 credit. (11 total)
[GameContext] === Street Artist Turn 8 begins. Credits: 0, Clicks: 4 ===
[GameContext] Street Artist gains 1 credit. (1 total)
[GameContext] Street Artist gains 1 credit. (2 total)
[GameContext] Street Artist gains 1 credit. (3 total)
[GameContext] --- Run on R&D begins ---
[GameContext] [Initiation] Run declared on R&D.
[GameContext] [Approach] Runner approaches Funhouse (position 0).
[GameContext] [Encounter] Runner encounters Funhouse.
[GameContext] Street Artist takes 1 tag(s) to continue the run (Funhouse). (2 total)
[GameContext] NBN: Reality Plus — Reality Plus may gain 2 cr or draw 2 cards.
[GameContext] [Wildcat Strike] Corp denies credits — Runner draws instead.
[GameContext] Reality Plus: Reality Plus chooses 'Gain 2 credits'.
[GameContext] Reality Plus gains 2 credits.
[GameContext] [Encounter] Unity boosted +4 str (2 icebreakers). Cost: 2 cr.
[GameContext] [Encounter] Unity breaks 'Give the Runner 1 tag unless they pay 4[credit].' for 1 cr.
[GameContext] [Encounter] Subroutine 0 broken.
[GameContext] [Movement] Runner approaches the server root.
[GameContext] [Success] Run successful on R&D!
[GameContext] [Debug/gain_on_success] run_modifiers at success: { "overclock_credits": 0, "concerto_credits": 0, "bad_pub_credits": 0 }
[GameContext] [Breach] Runner breaches R&D.
[GameContext] [Access] Runner accesses: Backroom Machinations
[GameContext] [End] Run ended successfully.
[GameContext] Reality Plus draws Backroom Machinations.
[GameContext] === Reality Plus Turn 8 begins. Credits: 13, Clicks: 3 ===
[GameContext] [Backroom Machinations] Runner loses 1 tag as additional cost (1 remaining).
[GameContext] Reality Plus: Backroom Machinations scores as a 1-point agenda!
[GameContext] Reality Plus plays Backroom Machinations.
[GameContext] Reality Plus gains 1 credit. (12 total)
[GameContext] Reality Plus gains 1 credit. (13 total)
[GameContext] === Street Artist Turn 9 begins. Credits: 0, Clicks: 4 ===
[GameContext] Street Artist gains 1 credit. (1 total)
[GameContext] Street Artist gains 1 credit. (2 total)
[GameContext] Street Artist gains 1 credit. (3 total)
[GameContext] --- Run on R&D begins ---
[GameContext] [Initiation] Run declared on R&D.
[GameContext] [Approach] Runner approaches Funhouse (position 0).
[GameContext] [Encounter] Runner encounters Funhouse.
[GameContext] Street Artist takes 1 tag(s) to continue the run (Funhouse). (2 total)
[GameContext] NBN: Reality Plus — Reality Plus may gain 2 cr or draw 2 cards.
[GameContext] [Wildcat Strike] Corp denies credits — Runner draws instead.
[GameContext] Reality Plus: Reality Plus chooses 'Gain 2 credits'.
[GameContext] Reality Plus gains 2 credits.
[GameContext] [Encounter] Unity boosted +4 str (2 icebreakers). Cost: 2 cr.
[GameContext] [Encounter] Unity breaks 'Give the Runner 1 tag unless they pay 4[credit].' for 1 cr.
[GameContext] [Encounter] Subroutine 0 broken.
[GameContext] [Movement] Runner approaches the server root.
[GameContext] [Success] Run successful on R&D!
[GameContext] [Debug/gain_on_success] run_modifiers at success: { "overclock_credits": 0, "concerto_credits": 0, "bad_pub_credits": 0 }
[GameContext] [Breach] Runner breaches R&D.
[GameContext] [Access] Runner accesses: Spin Doctor
[GameContext] [Access] Runner may trash Spin Doctor for 2 credits (Runner has 0 total).
[GameContext] [Access] Runner cannot afford to trash.
[GameContext] [End] Run ended successfully.
[GameContext] Reality Plus draws Spin Doctor.
[GameContext] === Reality Plus Turn 9 begins. Credits: 15, Clicks: 3 ===
[GameContext] Reality Plus draws Regolith Mining License.
[GameContext] Reality Plus installs Drago Ivanov in Server 1.
[GameContext] Reality Plus installs Chekist Scion in Server 0.
[heartbeat] game 8/20 — turn 9, time 329s
[GameContext] === Street Artist Turn 10 begins. Credits: 0, Clicks: 4 ===
[GameContext] Street Artist gains 1 credit. (1 total)
[GameContext] Street Artist gains 1 credit. (2 total)
[GameContext] Street Artist gains 1 credit. (3 total)
[GameContext] --- Run on R&D begins ---
[GameContext] [Initiation] Run declared on R&D.
[GameContext] [Approach] Runner approaches Funhouse (position 0).
[GameContext] [Encounter] Runner encounters Funhouse.
[GameContext] Street Artist takes 1 tag(s) to continue the run (Funhouse). (3 total)
[GameContext] NBN: Reality Plus — Reality Plus may gain 2 cr or draw 2 cards.
[GameContext] [Wildcat Strike] Corp denies credits — Runner draws instead.
[GameContext] Reality Plus: Reality Plus chooses 'Gain 2 credits'.
[GameContext] Reality Plus gains 2 credits.
[GameContext] [Encounter] Unity boosted +4 str (2 icebreakers). Cost: 2 cr.
[GameContext] [Encounter] Unity breaks 'Give the Runner 1 tag unless they pay 4[credit].' for 1 cr.
[GameContext] [Encounter] Subroutine 0 broken.
[GameContext] [Movement] Runner approaches the server root.
[GameContext] [Success] Run successful on R&D!
[GameContext] [Debug/gain_on_success] run_modifiers at success: { "overclock_credits": 0, "concerto_credits": 0, "bad_pub_credits": 0 }
[GameContext] [Breach] Runner breaches R&D.
[GameContext] [Access] Runner accesses: Vasilisa
[GameContext] [End] Run ended successfully.
[GameContext] Reality Plus draws Vasilisa.
[GameContext] === Reality Plus Turn 10 begins. Credits: 17, Clicks: 3 ===
[GameContext] Reality Plus rezzes Chekist Scion for 0 cr.
[GameContext] Reality Plus rezzes Drago Ivanov for 0 cr.
[GameContext] Reality Plus action rejected: Card __sim_trap__ not found or not advanceable
[GameContext] === Street Artist Turn 11 begins. Credits: 0, Clicks: 4 ===
[GameContext] Street Artist gains 1 credit. (1 total)
[GameContext] Street Artist gains 1 credit. (2 total)
[GameContext] Street Artist gains 1 credit. (3 total)
[GameContext] --- Run on R&D begins ---
[GameContext] [Initiation] Run declared on R&D.
[GameContext] [Approach] Runner approaches Funhouse (position 0).
[GameContext] [Encounter] Runner encounters Funhouse.
[GameContext] Street Artist takes 1 tag(s) to continue the run (Funhouse). (4 total)
[GameContext] NBN: Reality Plus — Reality Plus may gain 2 cr or draw 2 cards.
[GameContext] [Wildcat Strike] Corp denies credits — Runner draws instead.
[GameContext] Reality Plus: Reality Plus chooses 'Gain 2 credits'.
[GameContext] Reality Plus gains 2 credits.
[GameContext] [Encounter] Unity boosted +4 str (2 icebreakers). Cost: 2 cr.
[GameContext] [Encounter] Unity breaks 'Give the Runner 1 tag unless they pay 4[credit].' for 1 cr.
[GameContext] [Encounter] Subroutine 0 broken.
[GameContext] [Movement] Runner approaches the server root.
[GameContext] [Success] Run successful on R&D!
[GameContext] [Debug/gain_on_success] run_modifiers at success: { "overclock_credits": 0, "concerto_credits": 0, "bad_pub_credits": 0 }
[GameContext] [Breach] Runner breaches R&D.
[GameContext] [Access] Runner accesses: Ivik
[GameContext] [End] Run ended successfully.
[GameContext] Reality Plus draws Ivik.
[GameContext] === Reality Plus Turn 11 begins. Credits: 19, Clicks: 3 ===
[GameContext] Reality Plus pays 1 credit(s) to install ice.
[GameContext] Reality Plus installs Vasilisa in R&D.
[GameContext] Reality Plus installs Ivik in Server 2.
[GameContext] Reality Plus action rejected: Card __sim_trap__ not found or not advanceable
[GameContext] === Street Artist Turn 12 begins. Credits: 0, Clicks: 4 ===
[GameContext] Street Artist gains 1 credit. (1 total)
[GameContext] Street Artist gains 1 credit. (2 total)
[GameContext] Street Artist removes 1 tag (3 remaining). [paid 2cr]
[GameContext] Street Artist draws Environmental Testing.
[GameContext] Reality Plus draws Trust Operation.
[GameContext] === Reality Plus Turn 12 begins. Credits: 18, Clicks: 3 ===
[GameContext] Reality Plus installs Spin Doctor in Server 3.
[GameContext] Reality Plus action rejected: Card __sim_trap__ not found or not advanceable
[GameContext] === Street Artist Turn 13 begins. Credits: 0, Clicks: 4 ===
[GameContext] Street Artist gains 1 credit. (1 total)
[GameContext] Street Artist gains 1 credit. (2 total)
[GameContext] Street Artist removes 1 tag (2 remaining). [paid 2cr]
[GameContext] Street Artist draws Overclock.
[GameContext] Reality Plus draws Hedge Fund.
[GameContext] === Reality Plus Turn 13 begins. Credits: 18, Clicks: 3 ===
[GameContext] Reality Plus draws 2 card(s).
[GameContext] Reality Plus rezzes Spin Doctor for 0 cr.
[GameContext] [MCTS] slow search: 975 ms (100 iterations, depth 3)
[GameContext] Reality Plus pays 1 credit(s) to install ice.
[GameContext] Reality Plus installs Doomscroll in HQ.
[GameContext] [MCTS] slow search: 2130 ms (100 iterations, depth 3)
[GameContext] Reality Plus action rejected: Card __sim_trap__ not found or not advanceable
[GameContext] Reality Plus discards Trust Operation to hand limit.
[GameContext] === Street Artist Turn 14 begins. Credits: 0, Clicks: 4 ===
[GameContext] Street Artist gains 1 credit. (1 total)
[GameContext] Run modifier set: overclock_credits = 5
[GameContext] --- Run on HQ begins ---
[GameContext] [Initiation] Run declared on HQ.
[GameContext] [Approach] Runner approaches unrezzed ice (position 0).
[CorpRunAI] AI: Doomscroll — rez_cost=3  tax/enc=5.0  enc=3.0  LTV=15.0
[GameContext] [Rez] Corp rezzes Doomscroll for 3 credits.
[GameContext] [Encounter] Runner encounters Doomscroll.
[GameContext] Street Artist takes 1 tag(s) to continue the run (Funhouse). (3 total)
[GameContext] NBN: Reality Plus — Reality Plus may gain 2 cr or draw 2 cards.
[GameContext] [Wildcat Strike] Corp denies credits — Runner draws instead.
[GameContext] Reality Plus: Reality Plus chooses 'Gain 2 credits'.
[GameContext] Reality Plus gains 2 credits.
[GameContext] [Encounter] Echelon boosted  +2 str (now 4). Cost: 1 cr.
[GameContext] [Encounter] Echelon breaks 'Give the Runner 1 tag.' for 1 cr.
[GameContext] [Encounter] Echelon breaks 'Do 1 net damage.' for 1 cr.
[GameContext] [Encounter] Echelon breaks 'Do 2 net damage if the Runner has at least 2 tags.' for 1 cr.
[GameContext] [Encounter] Subroutine 0 broken.
[GameContext] [Encounter] Subroutine 1 broken.
[GameContext] [Encounter] Subroutine 2 broken.
[GameContext] [Approach] Runner approaches Doomscroll (position 1).
[GameContext] [Encounter] Runner encounters Doomscroll.
[GameContext] Street Artist takes 1 tag(s) to continue the run (Funhouse). (4 total)
[GameContext] [Encounter] Echelon boosted  +2 str (now 4). Cost: 1 cr.
[GameContext] Street Artist takes 1 tag(s). (5 total)
[GameContext] Runner takes 1 net damage.
[GameContext]   Trashed from grip: environmental_testing
[GameContext] 1 card(s) trashed from Street Artist's grip.
[GameContext] Runner takes 2 net damage.
[GameContext]   Trashed from grip: environmental_testing
[GameContext] Street Artist is flatlined! (no cards remaining in grip)
[GameContext] 1 card(s) trashed from Street Artist's grip.
[GameContext] [Movement] Runner approaches the server root.
[GameContext] [Success] Run successful on HQ!
[GameContext] [Debug/gain_on_success] run_modifiers at success: { "overclock_credits": 0, "run_event_active": 1, "concerto_credits": 0, "bad_pub_credits": 0 }
[GameContext] [Breach] Runner breaches HQ.
[GameContext] [End] Run ended successfully.
[GameContext] Street Artist plays Overclock.
[GameContext] Game over — Reality Plus wins. Reality Plus wins
  [  8/ 20]  CORP      Reality Plus wins                 14 turns
[heartbeat] game 9/20 — turn 0, time 335s
[GameContext] Reality Plus draws Ivik.
[GameContext] === Reality Plus Turn 1 begins. Credits: 5, Clicks: 3 ===
[GameContext] [MCTS] slow search: 556 ms (100 iterations, depth 3)
[GameContext] Reality Plus installs Vasilisa in R&D.
[GameContext] [MCTS] slow search: 509 ms (100 iterations, depth 3)
[GameContext] Reality Plus installs Ivik in Server 0.
[GameContext] [MCTS] slow search: 505 ms (100 iterations, depth 3)
[GameContext] Reality Plus installs Funhouse in HQ.
[GameContext] === Street Artist Turn 2 begins. Credits: 5, Clicks: 4 ===
[GameContext] --- Run on R&D begins ---
[GameContext] [Initiation] Run declared on R&D.
[GameContext] [Approach] Runner approaches unrezzed ice (position 0).
[CorpRunAI] AI: Vasilisa — rez_cost=2  tax/enc=6.0  enc=3.0  LTV=18.0
[GameContext] [Rez] Corp rezzes Vasilisa for 2 credits.
[GameContext] [Encounter] Runner encounters Vasilisa.
[GameContext] Street Artist takes 1 tag(s). (1 total)
[GameContext] NBN: Reality Plus — Reality Plus may gain 2 cr or draw 2 cards.
[GameContext] [Wildcat Strike] Corp denies draws — Runner gains credits instead.
[GameContext] Reality Plus: Reality Plus chooses 'Draw 2 cards'.
[GameContext] Reality Plus draws 2 card(s).
[GameContext] [Movement] Runner approaches the server root.
[GameContext] [Success] Run successful on R&D!
[GameContext] [Debug/gain_on_success] run_modifiers at success: {  }
[GameContext] [Breach] Runner breaches R&D.
[GameContext] [Access] Runner accesses: Chekist Scion
[GameContext] [Access] Runner may trash Chekist Scion for 0 credits (Runner has 5 total).
[GameContext] [Access] Runner trashes Chekist Scion.
[GameContext] [End] Run ended successfully.
[GameContext] --- Run on HQ begins ---
[GameContext] [Initiation] Run declared on HQ.
[GameContext] [Approach] Runner approaches unrezzed ice (position 0).
[GameContext] [Approach] Corp declines to rez. Runner passes unrezzed ice.
[GameContext] [Movement] Runner approaches the server root.
[GameContext] [Success] Run successful on HQ!
[GameContext] [Debug/gain_on_success] run_modifiers at success: {  }
[GameContext] [Breach] Runner breaches HQ.
[GameContext] [Access] Runner accesses: Artificial Cryptocrash
[GameContext] [Access] Runner steals Artificial Cryptocrash! (2 agenda points)
[GameContext] [End] Run ended successfully.
[GameContext] Street Artist removes 1 tag (0 remaining). [paid 2cr]
[GameContext] Street Artist draws DZMZ Optimizer.
[GameContext] Street Artist discards Environmental Testing to hand limit. (5 cards remaining)
[GameContext] Reality Plus draws Hedge Fund.
[GameContext] === Reality Plus Turn 2 begins. Credits: 3, Clicks: 3 ===
[GameContext] [MCTS] slow search: 628 ms (100 iterations, depth 3)
[GameContext] Reality Plus gains 1 credit. (4 total)
[GameContext] [MCTS] slow search: 640 ms (100 iterations, depth 3)
[GameContext] Reality Plus gains 1 credit. (5 total)
[heartbeat] game 9/20 — turn 2, time 340s
[GameContext] [MCTS] slow search: 639 ms (100 iterations, depth 3)
[GameContext] Reality Plus gains 9 credits.
[GameContext] Reality Plus plays Hedge Fund.
[GameContext] === Street Artist Turn 3 begins. Credits: 3, Clicks: 4 ===
[GameContext] --- Run on HQ begins ---
[GameContext] [Initiation] Run declared on HQ.
[GameContext] [Approach] Runner approaches unrezzed ice (position 0).
[CorpRunAI] AI: Funhouse — rez_cost=5  tax/enc=8.0  enc=3.0  LTV=24.0
[GameContext] [Rez] Corp rezzes Funhouse for 5 credits.
[GameContext] [Encounter] Runner encounters Funhouse.
[GameContext] Street Artist takes 1 tag(s) to continue the run (Funhouse). (1 total)
[GameContext] NBN: Reality Plus — Reality Plus may gain 2 cr or draw 2 cards.
[GameContext] [Wildcat Strike] Corp denies credits — Runner draws instead.
[GameContext] Reality Plus: Reality Plus chooses 'Gain 2 credits'.
[GameContext] Reality Plus gains 2 credits.
[GameContext] Street Artist takes 1 tag (did not pay 4 cr). (2 total)
[GameContext] [Movement] Runner approaches the server root.
[GameContext] [Success] Run successful on HQ!
[GameContext] [Debug/gain_on_success] run_modifiers at success: {  }
[GameContext] [Breach] Runner breaches HQ.
[GameContext] [Access] Runner accesses: Drago Ivanov
[GameContext] [Access] Runner may trash Drago Ivanov for 1 credits (Runner has 3 total).
[GameContext] [Access] Runner trashes Drago Ivanov.
[GameContext] [End] Run ended successfully.
[GameContext] Street Artist removes 1 tag (1 remaining). [paid 2cr]
[GameContext] Street Artist draws Creative Commission.
[GameContext] Street Artist draws Deep Dive.
[GameContext] Street Artist discards Daily Casts to hand limit. (5 cards remaining)
[GameContext] Street Artist discards Creative Commission to hand limit. (5 cards remaining)
[GameContext] Reality Plus draws Spin Doctor.
[GameContext] === Reality Plus Turn 3 begins. Credits: 6, Clicks: 3 ===
[GameContext] [MCTS] slow search: 579 ms (100 iterations, depth 3)
[GameContext] Reality Plus gains 9 credits.
[GameContext] Reality Plus plays Hedge Fund.
[GameContext] [MCTS] slow search: 567 ms (100 iterations, depth 3)
[GameContext] Reality Plus draws IP Enforcement.
[GameContext] [MCTS] slow search: 699 ms (100 iterations, depth 3)
[GameContext] Reality Plus gains 1 credit. (11 total)
[GameContext] === Street Artist Turn 4 begins. Credits: 0, Clicks: 4 ===
[GameContext] Street Artist gains 1 credit. (1 total)
[GameContext] Street Artist gains 1 credit. (2 total)
[GameContext] Street Artist removes 1 tag (0 remaining). [paid 2cr]
[GameContext] Street Artist draws Conduit.
[GameContext] Street Artist discards Deep Dive to hand limit. (5 cards remaining)
[GameContext] Reality Plus draws Doomscroll.
[GameContext] === Reality Plus Turn 4 begins. Credits: 11, Clicks: 3 ===
[GameContext] [MCTS] slow search: 760 ms (100 iterations, depth 3)
[heartbeat] game 9/20 — turn 4, time 345s
[GameContext] Reality Plus pays 1 credit(s) to install ice.
[GameContext] Reality Plus installs Doomscroll in R&D.
[GameContext] [MCTS] slow search: 596 ms (100 iterations, depth 3)
[GameContext] Reality Plus gains 1 credit. (11 total)
[GameContext] [MCTS] slow search: 634 ms (100 iterations, depth 3)
[GameContext] Reality Plus gains 1 credit. (12 total)
[GameContext] === Street Artist Turn 5 begins. Credits: 0, Clicks: 4 ===
[GameContext] Street Artist draws Conduit.
[GameContext] Street Artist draws Echelon.
[GameContext] Street Artist draws LilyPAD.
[GameContext] Street Artist gains 1 credit. (1 total)
[GameContext] Street Artist discards Simulchip to hand limit. (5 cards remaining)
[GameContext] Street Artist discards DZMZ Optimizer to hand limit. (5 cards remaining)
[GameContext] Street Artist discards LilyPAD to hand limit. (5 cards remaining)
[GameContext] Reality Plus draws Backroom Machinations.
[GameContext] === Reality Plus Turn 5 begins. Credits: 12, Clicks: 3 ===
[GameContext] [MCTS] slow search: 539 ms (100 iterations, depth 3)
[GameContext] Reality Plus gains 1 credit. (13 total)
[GameContext] [MCTS] slow search: 557 ms (100 iterations, depth 3)
[GameContext] Reality Plus installs Spin Doctor in Server 0.
[GameContext] [MCTS] slow search: 605 ms (100 iterations, depth 3)
[GameContext] Reality Plus draws Blood in the Water.
[heartbeat] game 9/20 — turn 5, time 350s
[GameContext] === Street Artist Turn 6 begins. Credits: 1, Clicks: 4 ===
[GameContext] Street Artist gains 1 credit. (2 total)
[GameContext] Street Artist gains 1 credit. (3 total)
Player install: card is: Echelon and charged cost is: 3
[GameContext] Street Artist installs Echelon. [MU: 1/4 used]
[GameContext] Street Artist draws Echelon.
[GameContext] Reality Plus draws Backroom Machinations.
[GameContext] === Reality Plus Turn 6 begins. Credits: 13, Clicks: 3 ===
[GameContext] Reality Plus draws 2 card(s).
[GameContext] Reality Plus rezzes Spin Doctor for 0 cr.
[GameContext] [MCTS] slow search: 1396 ms (100 iterations, depth 3)
[GameContext] Reality Plus installs Blood in the Water in Server 1.
[GameContext] [MCTS] Scoring line detected — executing: Advance blood_in_the_water
[GameContext] Reality Plus advances Blood in the Water (1 counters).
[GameContext] Reality Plus scores Blood in the Water! (2 agenda points)
[GameContext] [MCTS] slow search: 1336 ms (100 iterations, depth 3)
[GameContext] Reality Plus gains 1 credit. (13 total)
[GameContext] Reality Plus discards IP Enforcement to hand limit.
[GameContext] Reality Plus discards Retribution to hand limit.
[GameContext] === Street Artist Turn 7 begins. Credits: 0, Clicks: 4 ===
[GameContext] Street Artist draws Unity.
[GameContext] Street Artist gains 1 credit. (1 total)
[GameContext] Street Artist draws Pinhole Threading.
[GameContext] Street Artist plays Pinhole Threading.
[GameContext] Street Artist discards Self-modifying Code to hand limit. (5 cards remaining)
[GameContext] Reality Plus draws Trust Operation.
[GameContext] === Reality Plus Turn 7 begins. Credits: 13, Clicks: 3 ===
[GameContext] [MCTS] slow search: 961 ms (100 iterations, depth 3)
[heartbeat] game 9/20 — turn 7, time 356s
[GameContext] Reality Plus installs Ivik in Server 1.
[GameContext] [MCTS] slow search: 817 ms (100 iterations, depth 3)
[GameContext] Reality Plus gains 1 credit. (14 total)
[GameContext] [MCTS] slow search: 824 ms (100 iterations, depth 3)
[GameContext] Reality Plus gains 1 credit. (15 total)
[GameContext] === Street Artist Turn 8 begins. Credits: 0, Clicks: 4 ===
[GameContext] Street Artist draws Fermenter.
[GameContext] Street Artist gains 1 credit. (1 total)
[GameContext] Street Artist draws Unity.
[GameContext] Street Artist draws Environmental Testing.
[GameContext] Street Artist discards Environmental Testing to hand limit. (5 cards remaining)
[GameContext] Street Artist discards Self-modifying Code to hand limit. (5 cards remaining)
[GameContext] Street Artist discards Fermenter to hand limit. (5 cards remaining)
[GameContext] Reality Plus draws Chekist Scion.
[GameContext] === Reality Plus Turn 8 begins. Credits: 15, Clicks: 3 ===
[GameContext] [MCTS] slow search: 980 ms (100 iterations, depth 3)
[GameContext] Reality Plus installs Artificial Cryptocrash in Server 1.
[GameContext] [MCTS] slow search: 1059 ms (100 iterations, depth 3)
[GameContext] Reality Plus advances Artificial Cryptocrash (1 counters).
[heartbeat] game 9/20 — turn 8, time 361s
[GameContext] [MCTS] slow search: 1015 ms (100 iterations, depth 3)
[GameContext] Reality Plus advances Artificial Cryptocrash (2 counters).
[GameContext] === Street Artist Turn 9 begins. Credits: 1, Clicks: 4 ===
[GameContext] Street Artist gains 1 credit. (2 total)
[GameContext] Street Artist gains 1 credit. (3 total)
[GameContext] Street Artist gains 1 credit. (4 total)
[GameContext] --- Run on Server 1 begins ---
[GameContext] [Initiation] Run declared on Server 1.
[GameContext] [Approach] Runner approaches unrezzed ice (position 0).
[CorpRunAI] AI: Ivik — rez_cost=7  tax/enc=11.0  enc=2.5  LTV=27.5
[GameContext] [Rez] Corp rezzes Ivik for 7 credits.
[GameContext] [Encounter] Runner encounters Ivik.
[GameContext] Street Artist takes 1 tag(s) to continue the run (Funhouse). (1 total)
[GameContext] NBN: Reality Plus — Reality Plus may gain 2 cr or draw 2 cards.
[GameContext] [Wildcat Strike] Corp denies draws — Runner gains credits instead.
[GameContext] Reality Plus: Reality Plus chooses 'Draw 2 cards'.
[GameContext] Reality Plus draws 2 card(s).
[GameContext] Runner takes 2 net damage.
[GameContext]   Trashed from grip: unity
[GameContext]   Trashed from grip: unity
[GameContext] 2 card(s) trashed from Street Artist's grip.
[GameContext] Run ended.
[GameContext] [Encounter] Run ended by subroutine.
[GameContext] [End] Run ended unsuccessfully.
[GameContext] Reality Plus draws Chekist Scion.
[GameContext] === Reality Plus Turn 9 begins. Credits: 6, Clicks: 3 ===
[GameContext] [MCTS] Scoring line detected — executing: Advance artificial_cryptocrash
[GameContext] Reality Plus advances Artificial Cryptocrash (3 counters).
[GameContext] [MCTS] Scoring line detected — executing: Advance artificial_cryptocrash
[GameContext] Reality Plus advances Artificial Cryptocrash (4 counters).
[GameContext] Reality Plus scores Artificial Cryptocrash! (2 agenda points)
[GameContext] Street Artist loses 4 credits.
[GameContext] [MCTS] slow search: 1950 ms (100 iterations, depth 3)
[GameContext] Reality Plus pays 1 credit(s) to install ice.
[GameContext] Reality Plus installs Vasilisa in HQ.
[heartbeat] game 9/20 — turn 9, time 366s
[GameContext] Reality Plus discards Trust Operation to hand limit.
[GameContext] Reality Plus discards Backroom Machinations to hand limit.
[GameContext] === Street Artist Turn 10 begins. Credits: 0, Clicks: 4 ===
[GameContext] Street Artist gains 1 credit. (1 total)
[GameContext] Street Artist gains 1 credit. (2 total)
[GameContext] Street Artist gains 1 credit. (3 total)
[GameContext] --- Run on R&D begins ---
[GameContext] [Initiation] Run declared on R&D.
[GameContext] [Approach] Runner approaches unrezzed ice (position 0).
[CorpRunAI] AI: rezzing Doomscroll would breach credit floor — holding.
[GameContext] [Approach] Corp declines to rez. Runner passes unrezzed ice.
[GameContext] [Approach] Runner approaches Vasilisa (position 1).
[CorpRunAI] AI: rezzing Doomscroll would breach credit floor — holding.
[GameContext] [Encounter] Runner encounters Vasilisa.
[GameContext] Street Artist takes 1 tag(s) to continue the run (Funhouse). (2 total)
[GameContext] NBN: Reality Plus — Reality Plus may gain 2 cr or draw 2 cards.
[GameContext] [Wildcat Strike] Corp denies credits — Runner draws instead.
[GameContext] Reality Plus: Reality Plus chooses 'Gain 2 credits'.
[GameContext] Reality Plus gains 2 credits.
[GameContext] [Encounter] Echelon boosted  +2 str (now 3). Cost: 1 cr.
[GameContext] [Encounter] Echelon breaks 'Give the Runner 1 tag.' for 1 cr.
[GameContext] [Encounter] Subroutine 0 broken.
[GameContext] [Movement] Runner approaches the server root.
[GameContext] [Success] Run successful on R&D!
[GameContext] [Debug/gain_on_success] run_modifiers at success: { "overclock_credits": 0, "concerto_credits": 0, "bad_pub_credits": 0 }
[GameContext] [Breach] Runner breaches R&D.
[GameContext] [Access] Runner accesses: Regolith Mining License
[GameContext] [Access] Runner may trash Regolith Mining License for 3 credits (Runner has 1 total).
[GameContext] [Access] Runner cannot afford to trash.
[GameContext] [End] Run ended successfully.
[GameContext] Reality Plus draws Regolith Mining License.
[GameContext] === Reality Plus Turn 10 begins. Credits: 5, Clicks: 3 ===
[GameContext] [MCTS] slow search: 1245 ms (100 iterations, depth 3)
[GameContext] Reality Plus draws Blood in the Water.
[GameContext] [MCTS] slow search: 663 ms (100 iterations, depth 3)
[GameContext] Reality Plus installs Blood in the Water in Server 1.
[GameContext] [MCTS] Scoring line detected — executing: Advance blood_in_the_water
[GameContext] Reality Plus advances Blood in the Water (1 counters).
[GameContext] Reality Plus scores Blood in the Water! (2 agenda points)
[GameContext] Reality Plus discards Backroom Machinations to hand limit.
[GameContext] === Street Artist Turn 11 begins. Credits: 1, Clicks: 4 ===
[GameContext] Street Artist gains 1 credit. (2 total)
[GameContext] Street Artist removes 1 tag (1 remaining). [paid 2cr]
[GameContext] Street Artist draws Self-modifying Code.
[GameContext] Street Artist draws Deep Dive.
[GameContext] Reality Plus draws Blood in the Water.
[GameContext] === Reality Plus Turn 11 begins. Credits: 4, Clicks: 3 ===
[GameContext] Reality Plus installs Blood in the Water in Server 1.
[GameContext] [MCTS] Scoring line detected — executing: Advance blood_in_the_water
[GameContext] Reality Plus advances Blood in the Water (1 counters).
[GameContext] Reality Plus scores Blood in the Water! (2 agenda points)
[GameContext] Game over — Reality Plus wins. Reality Plus scored 8 agenda points
  [  9/ 20]  CORP      Reality Plus scored 8 agenda points  11 turns
[GameContext] Reality Plus draws Hedge Fund.
[GameContext] === Reality Plus Turn 1 begins. Credits: 5, Clicks: 3 ===
[GameContext] [MCTS] slow search: 714 ms (100 iterations, depth 3)
[heartbeat] game 10/20 — turn 1, time 372s
[GameContext] Reality Plus gains 9 credits.
[GameContext] Reality Plus plays Hedge Fund.
[GameContext] [MCTS] slow search: 717 ms (100 iterations, depth 3)
[GameContext] Reality Plus installs Funhouse in HQ.
[GameContext] [MCTS] slow search: 691 ms (100 iterations, depth 3)
[GameContext] Reality Plus installs Doomscroll in R&D.
[GameContext] === Street Artist Turn 2 begins. Credits: 5, Clicks: 4 ===
[GameContext] --- Run on HQ begins ---
[GameContext] [Initiation] Run declared on HQ.
[GameContext] [Approach] Runner approaches unrezzed ice (position 0).
[CorpRunAI] AI: Funhouse — rez_cost=5  tax/enc=8.0  enc=3.0  LTV=24.0
[CorpRunAI] AI: deferring Funhouse (pri=9.60) — saving for Doomscroll on rd (pri=27.50)
[GameContext] [Approach] Corp declines to rez. Runner passes unrezzed ice.
[GameContext] [Movement] Runner approaches the server root.
[GameContext] [Success] Run successful on HQ!
[GameContext] [Debug/gain_on_success] run_modifiers at success: {  }
[GameContext] [Breach] Runner breaches HQ.
[GameContext] [Access] Runner accesses: Spin Doctor
[GameContext] [Access] Runner may trash Spin Doctor for 2 credits (Runner has 5 total).
[GameContext] [Access] Runner trashes Spin Doctor.
[GameContext] [End] Run ended successfully.
[GameContext] Street Artist gains 5 credits.
[GameContext] Street Artist will lose 1 click(s) next turn.
[GameContext] Street Artist plays Creative Commission.
[GameContext] Run modifier set: overclock_credits = 5
[GameContext] --- Run on HQ begins ---
[GameContext] [Initiation] Run declared on HQ.
[GameContext] [Approach] Runner approaches unrezzed ice (position 0).
[CorpRunAI] AI: Funhouse — rez_cost=5  tax/enc=8.0  enc=3.0  LTV=24.0
[CorpRunAI] AI: deferring Funhouse (pri=12.00) — saving for Doomscroll on rd (pri=27.50)
[GameContext] [Approach] Corp declines to rez. Runner passes unrezzed ice.
[GameContext] [Movement] Runner approaches the server root.
[GameContext] [Success] Run successful on HQ!
[GameContext] [Debug/gain_on_success] run_modifiers at success: { "overclock_credits": 5, "run_event_active": 1 }
[GameContext] [Breach] Runner breaches HQ.
[GameContext] [Access] Runner accesses: Regolith Mining License
[GameContext] [Access] Runner may trash Regolith Mining License for 3 credits (Runner has 11 total).
[GameContext] [Access] Runner trashes Regolith Mining License.
[GameContext] [End] Run ended successfully.
[GameContext] Overclock: 2 unspent credit(s) returned to the bank.
[GameContext] Street Artist plays Overclock.
[GameContext] --- Run on R&D begins ---
[GameContext] [Initiation] Run declared on R&D.
[GameContext] [Approach] Runner approaches unrezzed ice (position 0).
[CorpRunAI] AI: Doomscroll — rez_cost=3  tax/enc=11.0  enc=3.0  LTV=33.0
[GameContext] [Rez] Corp rezzes Doomscroll for 3 credits.
[GameContext] [Encounter] Runner encounters Doomscroll.
[GameContext] Street Artist takes 1 tag(s). (1 total)
[GameContext] NBN: Reality Plus — Reality Plus may gain 2 cr or draw 2 cards.
[GameContext] [Wildcat Strike] Corp denies credits by default.
[GameContext] Reality Plus: Reality Plus chooses 'Gain 2 credits'.
[GameContext] Reality Plus gains 2 credits.
[GameContext] Runner takes 1 net damage.
[GameContext]   Trashed from grip: environmental_testing
[GameContext] 1 card(s) trashed from Street Artist's grip.
[GameContext] Subroutine condition not met — no effect.
[GameContext] [Movement] Runner approaches the server root.
[GameContext] [Success] Run successful on R&D!
[GameContext] [Debug/gain_on_success] run_modifiers at success: {  }
[GameContext] [Breach] Runner breaches R&D.
[GameContext] [Access] Runner accesses: Backroom Machinations
[GameContext] [End] Run ended successfully.
[GameContext] Reality Plus draws Backroom Machinations.
[GameContext] === Reality Plus Turn 2 begins. Credits: 8, Clicks: 3 ===
[GameContext] [MCTS] slow search: 378 ms (100 iterations, depth 3)
[GameContext] Reality Plus draws Backroom Machinations.
[GameContext] [MCTS] slow search: 453 ms (100 iterations, depth 3)
[GameContext] Reality Plus gains 1 credit. (9 total)
[GameContext] [MCTS] slow search: 426 ms (100 iterations, depth 3)
[GameContext] Reality Plus gains 1 credit. (10 total)
[heartbeat] game 10/20 — turn 2, time 377s
[GameContext] Street Artist loses 1 click(s) this turn (deferred penalty).
[GameContext] === Street Artist Turn 3 begins. Credits: 6, Clicks: 3 ===
[GameContext] --- Run on HQ begins ---
[GameContext] [Initiation] Run declared on HQ.
[GameContext] [Approach] Runner approaches unrezzed ice (position 0).
[CorpRunAI] AI: Funhouse — rez_cost=5  tax/enc=8.0  enc=3.0  LTV=24.0
[GameContext] [Rez] Corp rezzes Funhouse for 5 credits.
[GameContext] [Encounter] Runner encounters Funhouse.
[GameContext] Street Artist takes 1 tag(s) to continue the run (Funhouse). (2 total)
[GameContext] NBN: Reality Plus — Reality Plus may gain 2 cr or draw 2 cards.
[GameContext] [Wildcat Strike] Corp denies credits by default.
[GameContext] Reality Plus: Reality Plus chooses 'Gain 2 credits'.
[GameContext] Reality Plus gains 2 credits.
[GameContext] Street Artist pays 4 cr to avoid 1 tag.
[GameContext] [Movement] Runner approaches the server root.
[GameContext] [Success] Run successful on HQ!
[GameContext] [Debug/gain_on_success] run_modifiers at success: {  }
[GameContext] [Breach] Runner breaches HQ.
[GameContext] [Access] Runner accesses: Backroom Machinations
[GameContext] [End] Run ended successfully.
Player install: card is: Propeller and charged cost is: 1
[GameContext] Placed 4 power counter(s) on Propeller.
[GameContext] Street Artist installs Propeller. [MU: 1/4 used]
[GameContext] Street Artist draws Conduit.
[GameContext] Reality Plus draws Artificial Cryptocrash.
[GameContext] === Reality Plus Turn 3 begins. Credits: 7, Clicks: 3 ===
[GameContext] [MCTS] slow search: 634 ms (100 iterations, depth 3)
[GameContext] Reality Plus gains 1 credit. (8 total)
[GameContext] [MCTS] slow search: 660 ms (100 iterations, depth 3)
[GameContext] Reality Plus gains 1 credit. (9 total)
[GameContext] [MCTS] slow search: 663 ms (100 iterations, depth 3)
[GameContext] Reality Plus gains 1 credit. (10 total)
[GameContext] === Street Artist Turn 4 begins. Credits: 1, Clicks: 4 ===
[GameContext] Street Artist gains 1 credit. (2 total)
[GameContext] Street Artist removes 1 tag (1 remaining). [paid 2cr]
[GameContext] Street Artist draws Sure Gamble.
[GameContext] Street Artist draws Self-modifying Code.
[GameContext] Reality Plus draws Artificial Cryptocrash.
[GameContext] === Reality Plus Turn 4 begins. Credits: 10, Clicks: 3 ===
[GameContext] [MCTS] slow search: 796 ms (100 iterations, depth 3)
[GameContext] Reality Plus gains 1 credit. (11 total)
[GameContext] [MCTS] slow search: 786 ms (100 iterations, depth 3)
[GameContext] Reality Plus gains 1 credit. (12 total)
[heartbeat] game 10/20 — turn 4, time 383s
[GameContext] [MCTS] slow search: 786 ms (100 iterations, depth 3)
[GameContext] Reality Plus draws Chekist Scion.
[GameContext] Reality Plus discards IP Enforcement to hand limit.
[GameContext] === Street Artist Turn 5 begins. Credits: 0, Clicks: 4 ===
[GameContext] Street Artist gains 1 credit. (1 total)
[GameContext] Street Artist gains 1 credit. (2 total)
[GameContext] Street Artist removes 1 tag (0 remaining). [paid 2cr]
[GameContext] Street Artist draws Propeller.
[GameContext] Reality Plus draws Retribution.
[GameContext] === Reality Plus Turn 5 begins. Credits: 12, Clicks: 3 ===
[GameContext] [MCTS] slow search: 743 ms (100 iterations, depth 3)
[GameContext] Reality Plus draws Regolith Mining License.
[GameContext] [MCTS] slow search: 1385 ms (100 iterations, depth 3)
[GameContext] Reality Plus gains 1 credit. (13 total)
[GameContext] [MCTS] slow search: 992 ms (100 iterations, depth 3)
[GameContext] Reality Plus gains 1 credit. (14 total)
[heartbeat] game 10/20 — turn 5, time 388s
[GameContext] Reality Plus discards Retribution to hand limit.
[GameContext] Reality Plus discards Backroom Machinations to hand limit.
[GameContext] === Street Artist Turn 6 begins. Credits: 0, Clicks: 4 ===
[GameContext] Street Artist draws Self-modifying Code.
[GameContext] Street Artist draws Environmental Testing.
[GameContext] Street Artist draws Pinhole Threading.
[GameContext] Street Artist gains 1 credit. (1 total)
[GameContext] Street Artist discards Environmental Testing to hand limit. (5 cards remaining)
[GameContext] Street Artist discards Pinhole Threading to hand limit. (5 cards remaining)
[GameContext] Street Artist discards Sure Gamble to hand limit. (5 cards remaining)
[GameContext] Reality Plus draws Blood in the Water.
[GameContext] === Reality Plus Turn 6 begins. Credits: 14, Clicks: 3 ===
[GameContext] [MCTS] slow search: 859 ms (100 iterations, depth 3)
[GameContext] Reality Plus installs Blood in the Water in Server 0.
[GameContext] [MCTS] Scoring line detected — executing: Advance blood_in_the_water
[GameContext] Reality Plus advances Blood in the Water (1 counters).
[GameContext] Reality Plus scores Blood in the Water! (2 agenda points)
[GameContext] [MCTS] slow search: 731 ms (100 iterations, depth 3)
[GameContext] Reality Plus gains 1 credit. (14 total)
[GameContext] === Street Artist Turn 7 begins. Credits: 1, Clicks: 4 ===
[GameContext] Street Artist draws Overclock.
[GameContext] Run modifier set: overclock_credits = 5
[GameContext] --- Run on HQ begins ---
[GameContext] [Initiation] Run declared on HQ.
[GameContext] [Approach] Runner approaches Funhouse (position 0).
[GameContext] [Encounter] Runner encounters Funhouse.
[GameContext] Street Artist takes 1 tag(s) to continue the run (Funhouse). (1 total)
[GameContext] NBN: Reality Plus — Reality Plus may gain 2 cr or draw 2 cards.
[GameContext] [Wildcat Strike] Corp denies credits — Runner draws instead.
[GameContext] Reality Plus: Reality Plus chooses 'Gain 2 credits'.
[GameContext] Reality Plus gains 2 credits.
[GameContext] Street Artist takes 1 tag (did not pay 4 cr). (2 total)
[GameContext] [Movement] Runner approaches the server root.
[GameContext] [Success] Run successful on HQ!
[GameContext] [Debug/gain_on_success] run_modifiers at success: { "overclock_credits": 5, "run_event_active": 1 }
[GameContext] [Breach] Runner breaches HQ.
[GameContext] [Access] Runner accesses: Artificial Cryptocrash
[GameContext] [Access] Runner steals Artificial Cryptocrash! (2 agenda points)
[GameContext] [End] Run ended successfully.
[GameContext] Overclock: 5 unspent credit(s) returned to the bank.
[GameContext] Street Artist plays Overclock.
[GameContext] Street Artist draws Deep Dive.
[GameContext] Street Artist draws Sure Gamble.
[GameContext] Street Artist discards Deep Dive to hand limit. (5 cards remaining)
[GameContext] Street Artist discards Sure Gamble to hand limit. (5 cards remaining)
[GameContext] Reality Plus draws Artificial Cryptocrash.
[GameContext] === Reality Plus Turn 7 begins. Credits: 16, Clicks: 3 ===
[GameContext] [MCTS] slow search: 871 ms (100 iterations, depth 3)
[GameContext] [Backroom Machinations] Runner loses 1 tag as additional cost (1 remaining).
[GameContext] Reality Plus: Backroom Machinations scores as a 1-point agenda!
[GameContext] Reality Plus plays Backroom Machinations.
[GameContext] [MCTS] slow search: 740 ms (100 iterations, depth 3)
[GameContext] Reality Plus draws Trust Operation.
[heartbeat] game 10/20 — turn 7, time 394s
[GameContext] [MCTS] slow search: 897 ms (100 iterations, depth 3)
[GameContext] Reality Plus gains 1 credit. (15 total)
[GameContext] === Street Artist Turn 8 begins. Credits: 0, Clicks: 4 ===
[GameContext] Street Artist gains 1 credit. (1 total)
[GameContext] Street Artist gains 1 credit. (2 total)
[GameContext] Street Artist removes 1 tag (0 remaining). [paid 2cr]
[GameContext] Street Artist draws DZMZ Optimizer.
[GameContext] Street Artist discards DZMZ Optimizer to hand limit. (5 cards remaining)
[GameContext] Reality Plus draws Hedge Fund.
[GameContext] === Reality Plus Turn 8 begins. Credits: 15, Clicks: 3 ===
[GameContext] [MCTS] slow search: 823 ms (100 iterations, depth 3)
[GameContext] Reality Plus gains 1 credit. (16 total)
[GameContext] [MCTS] slow search: 858 ms (100 iterations, depth 3)
[GameContext] Reality Plus draws Doomscroll.
[GameContext] [MCTS] slow search: 1171 ms (100 iterations, depth 3)
[GameContext] Reality Plus installs Doomscroll in Server 0.
[heartbeat] game 10/20 — turn 8, time 400s
[GameContext] Reality Plus discards Trust Operation to hand limit.
[GameContext] === Street Artist Turn 9 begins. Credits: 0, Clicks: 4 ===
[GameContext] Street Artist draws DZMZ Optimizer.
[GameContext] Street Artist draws Dr. Nuka Vrolyck.
[GameContext] Street Artist draws Unity.
[GameContext] Street Artist gains 1 credit. (1 total)
[GameContext] Street Artist discards Dr. Nuka Vrolyck to hand limit. (5 cards remaining)
[GameContext] Street Artist discards DZMZ Optimizer to hand limit. (5 cards remaining)
[GameContext] Street Artist discards Self-modifying Code to hand limit. (5 cards remaining)
[GameContext] Reality Plus draws Spin Doctor.
[GameContext] === Reality Plus Turn 9 begins. Credits: 16, Clicks: 3 ===
[GameContext] [MCTS] slow search: 1325 ms (100 iterations, depth 3)
[GameContext] Reality Plus gains 1 credit. (17 total)
[GameContext] [MCTS] slow search: 1350 ms (100 iterations, depth 3)
[GameContext] Reality Plus installs Artificial Cryptocrash in Server 0.
[GameContext] [MCTS] slow search: 1360 ms (100 iterations, depth 3)
[GameContext] Reality Plus advances Artificial Cryptocrash (1 counters).
[heartbeat] game 10/20 — turn 9, time 405s
[GameContext] === Street Artist Turn 10 begins. Credits: 1, Clicks: 4 ===
[GameContext] Street Artist gains 1 credit. (2 total)
[GameContext] Street Artist gains 1 credit. (3 total)
[GameContext] Street Artist gains 1 credit. (4 total)
[GameContext] --- Run on Server 0 begins ---
[GameContext] [Initiation] Run declared on Server 0.
[GameContext] [Approach] Runner approaches unrezzed ice (position 0).
[CorpRunAI] AI: Doomscroll — rez_cost=3  tax/enc=11.0  enc=2.5  LTV=27.5
[GameContext] [Rez] Corp rezzes Doomscroll for 3 credits.
[GameContext] [Encounter] Runner encounters Doomscroll.
[GameContext] Street Artist takes 1 tag(s) to continue the run (Funhouse). (1 total)
[GameContext] NBN: Reality Plus — Reality Plus may gain 2 cr or draw 2 cards.
[GameContext] [Wildcat Strike] Corp denies draws — Runner gains credits instead.
[GameContext] Reality Plus: Reality Plus chooses 'Draw 2 cards'.
[GameContext] Reality Plus draws 2 card(s).
[GameContext] Street Artist takes 1 tag(s). (2 total)
[GameContext] Runner takes 1 net damage.
[GameContext]   Trashed from grip: fermenter
[GameContext] 1 card(s) trashed from Street Artist's grip.
[GameContext] Runner takes 2 net damage.
[GameContext]   Trashed from grip: conduit
[GameContext]   Trashed from grip: propeller
[GameContext] 2 card(s) trashed from Street Artist's grip.
[GameContext] [Movement] Runner approaches the server root.
[GameContext] [Success] Run successful on Server 0!
[GameContext] [Debug/gain_on_success] run_modifiers at success: {  }
[GameContext] [Breach] Runner breaches Server 0.
[GameContext] [Access] Runner accesses: Artificial Cryptocrash
[GameContext] [Access] Runner steals Artificial Cryptocrash! (2 agenda points)
[GameContext] [End] Run ended successfully.
[GameContext] Reality Plus draws Blood in the Water.
[GameContext] === Reality Plus Turn 10 begins. Credits: 13, Clicks: 3 ===
[GameContext] [MCTS] slow search: 2551 ms (100 iterations, depth 3)
[GameContext] Reality Plus installs Blood in the Water in Server 1.
[GameContext] [MCTS] Scoring line detected — executing: Advance blood_in_the_water
[GameContext] Reality Plus advances Blood in the Water (1 counters).
[GameContext] Reality Plus scores Blood in the Water! (2 agenda points)
[GameContext] [MCTS] slow search: 988 ms (100 iterations, depth 3)
[GameContext] Reality Plus gains 9 credits.
[GameContext] Reality Plus plays Hedge Fund.
[heartbeat] game 10/20 — turn 10, time 410s
[GameContext] Reality Plus discards Chekist Scion to hand limit.
[GameContext] === Street Artist Turn 11 begins. Credits: 4, Clicks: 4 ===
[GameContext] Street Artist gains 1 credit. (5 total)
Player install: card is: Unity and charged cost is: 3
[GameContext] Street Artist installs Unity. [MU: 2/4 used]
[GameContext] Street Artist gains 1 credit. (3 total)
[GameContext] --- Run on HQ begins ---
[GameContext] [Initiation] Run declared on HQ.
[GameContext] [Approach] Runner approaches Funhouse (position 0).
[GameContext] [Encounter] Runner encounters Funhouse.
[GameContext] Street Artist takes 1 tag(s) to continue the run (Funhouse). (3 total)
[GameContext] NBN: Reality Plus — Reality Plus may gain 2 cr or draw 2 cards.
[GameContext] [Wildcat Strike] Corp denies credits — Runner draws instead.
[GameContext] Reality Plus: Reality Plus chooses 'Gain 2 credits'.
[GameContext] Reality Plus gains 2 credits.
[GameContext] [Encounter] Unity boosted +4 str (2 icebreakers). Cost: 2 cr.
[GameContext] [Encounter] Unity breaks 'Give the Runner 1 tag unless they pay 4[credit].' for 1 cr.
[GameContext] [Encounter] Subroutine 0 broken.
[GameContext] [Movement] Runner approaches the server root.
[GameContext] [Success] Run successful on HQ!
[GameContext] [Debug/gain_on_success] run_modifiers at success: { "overclock_credits": 0, "concerto_credits": 0, "bad_pub_credits": 0 }
[GameContext] [Breach] Runner breaches HQ.
[GameContext] [Access] Runner accesses: Artificial Cryptocrash
[GameContext] [Access] Runner steals Artificial Cryptocrash! (2 agenda points)
[GameContext] [End] Run ended successfully.
[GameContext] Reality Plus draws Funhouse.
[GameContext] === Reality Plus Turn 11 begins. Credits: 18, Clicks: 3 ===
[GameContext] [MCTS] slow search: 399 ms (100 iterations, depth 3)
[GameContext] Reality Plus pays 1 credit(s) to install ice.
[GameContext] Reality Plus installs Funhouse in HQ.
[GameContext] [MCTS] slow search: 555 ms (100 iterations, depth 3)
[GameContext] Reality Plus pays 2 credit(s) to install ice.
[GameContext] Reality Plus installs Ivik in HQ.
[GameContext] [MCTS] slow search: 471 ms (100 iterations, depth 3)
[GameContext] Reality Plus draws Backroom Machinations.
[GameContext] === Street Artist Turn 12 begins. Credits: 0, Clicks: 4 ===
[GameContext] Street Artist gains 1 credit. (1 total)
[GameContext] Street Artist gains 1 credit. (2 total)
[GameContext] Street Artist removes 1 tag (2 remaining). [paid 2cr]
[GameContext] Street Artist draws Simulchip.
[GameContext] Reality Plus draws Vasilisa.
[GameContext] === Reality Plus Turn 12 begins. Credits: 15, Clicks: 3 ===
[GameContext] [MCTS] slow search: 997 ms (100 iterations, depth 3)
[GameContext] Reality Plus draws Chekist Scion.
[GameContext] [MCTS] slow search: 967 ms (100 iterations, depth 3)
[GameContext] Reality Plus installs Chekist Scion in Server 0.
[heartbeat] game 10/20 — turn 12, time 415s
[GameContext] [MCTS] slow search: 1739 ms (100 iterations, depth 3)
[GameContext] Reality Plus action rejected: Card __sim_trap__ not found or not advanceable
[GameContext] === Street Artist Turn 13 begins. Credits: 0, Clicks: 4 ===
[GameContext] Street Artist gains 1 credit. (1 total)
[GameContext] Street Artist gains 1 credit. (2 total)
[GameContext] Street Artist removes 1 tag (1 remaining). [paid 2cr]
[GameContext] Street Artist draws Echelon.
[GameContext] Reality Plus draws Trust Operation.
[GameContext] === Reality Plus Turn 13 begins. Credits: 15, Clicks: 3 ===
[GameContext] Reality Plus rezzes Chekist Scion for 0 cr.
[GameContext] [MCTS] slow search: 1861 ms (100 iterations, depth 3)
[GameContext] Reality Plus action rejected: Card __sim_trap__ not found or not advanceable
[GameContext] Reality Plus discards Trust Operation to hand limit.
[GameContext] === Street Artist Turn 14 begins. Credits: 0, Clicks: 4 ===
[GameContext] Street Artist gains 1 credit. (1 total)
[GameContext] Street Artist gains 1 credit. (2 total)
[GameContext] Street Artist gains 1 credit. (3 total)
Player install: card is: Echelon and charged cost is: 3
[GameContext] Street Artist installs Echelon. [MU: 3/4 used]
[GameContext] Reality Plus draws Retribution.
[GameContext] === Reality Plus Turn 14 begins. Credits: 15, Clicks: 3 ===
[GameContext] Reality Plus action rejected: Card __sim_trap__ not found or not advanceable
[GameContext] Reality Plus discards Retribution to hand limit.
[GameContext] === Street Artist Turn 15 begins. Credits: 0, Clicks: 4 ===
[GameContext] Street Artist gains 1 credit. (1 total)
[GameContext] Street Artist gains 1 credit. (2 total)
[GameContext] Street Artist removes 1 tag (0 remaining). [paid 2cr]
[GameContext] Street Artist draws Simulchip.
[GameContext] Reality Plus draws IP Enforcement.
[GameContext] === Reality Plus Turn 15 begins. Credits: 15, Clicks: 3 ===
[GameContext] Reality Plus action rejected: Card __sim_trap__ not found or not advanceable
[GameContext] Reality Plus discards IP Enforcement to hand limit.
[GameContext] === Street Artist Turn 16 begins. Credits: 0, Clicks: 4 ===
[GameContext] Street Artist draws Daily Casts.
[GameContext] Street Artist draws LilyPAD.
[GameContext] Street Artist gains 1 credit. (1 total)
[GameContext] Street Artist gains 1 credit. (2 total)
[GameContext] Reality Plus draws Hedge Fund.
[GameContext] === Reality Plus Turn 16 begins. Credits: 15, Clicks: 3 ===
[GameContext] Reality Plus installs Vasilisa in Server 1.
[GameContext] Reality Plus installs Drago Ivanov in Server 1.
[heartbeat] game 10/20 — turn 16, time 420s
[GameContext] Reality Plus action rejected: Card __sim_trap__ not found or not advanceable
[GameContext] === Street Artist Turn 17 begins. Credits: 2, Clicks: 4 ===
[GameContext] Street Artist gains 1 credit. (3 total)
[GameContext] Street Artist gains 1 credit. (4 total)
[GameContext] Street Artist gains 1 credit. (5 total)
[GameContext] --- Run on R&D begins ---
[GameContext] [Initiation] Run declared on R&D.
[GameContext] [Approach] Runner approaches Doomscroll (position 0).
[GameContext] [Encounter] Runner encounters Doomscroll.
[GameContext] Street Artist takes 1 tag(s) to continue the run (Funhouse). (1 total)
[GameContext] NBN: Reality Plus — Reality Plus may gain 2 cr or draw 2 cards.
[GameContext] [Wildcat Strike] Corp denies draws — Runner gains credits instead.
[GameContext] Reality Plus: Reality Plus chooses 'Draw 2 cards'.
[GameContext] Reality Plus draws 2 card(s).
[GameContext] [Encounter] Echelon breaks 'Give the Runner 1 tag.' for 1 cr.
[GameContext] [Encounter] Echelon breaks 'Do 1 net damage.' for 1 cr.
[GameContext] [Encounter] Echelon breaks 'Do 2 net damage if the Runner has at least 2 tags.' for 1 cr.
[GameContext] [Encounter] Subroutine 0 broken.
[GameContext] [Encounter] Subroutine 1 broken.
[GameContext] [Encounter] Subroutine 2 broken.
[GameContext] [Movement] Runner approaches the server root.
[GameContext] [Success] Run successful on R&D!
[GameContext] [Debug/gain_on_success] run_modifiers at success: { "overclock_credits": 0, "concerto_credits": 0, "bad_pub_credits": 0 }
[GameContext] [Breach] Runner breaches R&D.
[GameContext] [Access] Runner accesses: Ivik
[GameContext] [End] Run ended successfully.
[GameContext] Reality Plus draws Ivik.
[GameContext] === Reality Plus Turn 17 begins. Credits: 15, Clicks: 3 ===
[GameContext] Reality Plus rezzes Drago Ivanov for 0 cr.
[GameContext] Reality Plus installs Regolith Mining License in Server 2.
[GameContext] Reality Plus installs Blood in the Water in Server 3.
[GameContext] [MCTS] Scoring line detected — executing: Advance blood_in_the_water
[GameContext] Reality Plus advances Blood in the Water (1 counters).
[GameContext] Reality Plus scores Blood in the Water! (2 agenda points)
[GameContext] Game over — Reality Plus wins. Reality Plus scored 7 agenda points
  [ 10/ 20]  CORP      Reality Plus scored 7 agenda points  17 turns
[GameContext] Reality Plus draws Vasilisa.
[GameContext] === Reality Plus Turn 1 begins. Credits: 5, Clicks: 3 ===
[GameContext] [MCTS] slow search: 605 ms (100 iterations, depth 3)
[GameContext] Reality Plus installs Blood in the Water in Server 0.
[GameContext] [MCTS] Scoring line detected — executing: Advance blood_in_the_water
[GameContext] Reality Plus advances Blood in the Water (1 counters).
[GameContext] Reality Plus scores Blood in the Water! (2 agenda points)
[GameContext] [MCTS] slow search: 556 ms (100 iterations, depth 3)
[GameContext] Reality Plus installs Vasilisa in R&D.
[GameContext] === Street Artist Turn 2 begins. Credits: 5, Clicks: 4 ===
[GameContext] Street Artist gains 9 credits.
[GameContext] Street Artist plays Sure Gamble.
Player install: card is: Propeller and charged cost is: 1
[GameContext] Placed 4 power counter(s) on Propeller.
[GameContext] Street Artist installs Propeller. [MU: 1/4 used]
[GameContext] --- Run on R&D begins ---
[GameContext] [Initiation] Run declared on R&D.
[GameContext] [Approach] Runner approaches unrezzed ice (position 0).
[CorpRunAI] AI: Vasilisa — rez_cost=2  tax/enc=6.0  enc=3.0  LTV=18.0
[GameContext] [Rez] Corp rezzes Vasilisa for 2 credits.
[GameContext] [Encounter] Runner encounters Vasilisa.
[GameContext] Street Artist takes 1 tag(s). (1 total)
[GameContext] NBN: Reality Plus — Reality Plus may gain 2 cr or draw 2 cards.
[GameContext] [Wildcat Strike] Corp denies credits by default.
[GameContext] Reality Plus: Reality Plus chooses 'Gain 2 credits'.
[GameContext] Reality Plus gains 2 credits.
[GameContext] [Movement] Runner approaches the server root.
[GameContext] [Success] Run successful on R&D!
[GameContext] [Debug/gain_on_success] run_modifiers at success: {  }
[GameContext] [Breach] Runner breaches R&D.
[GameContext] [Access] Runner accesses: Regolith Mining License
[GameContext] [Access] Runner may trash Regolith Mining License for 3 credits (Runner has 8 total).
[GameContext] [Access] Runner trashes Regolith Mining License.
[GameContext] [End] Run ended successfully.
[GameContext] --- Run on HQ begins ---
[GameContext] [Initiation] Run declared on HQ.
[GameContext] [Initiation] No ice protecting server — proceeding to root.
[GameContext] [Movement] Runner approaches the server root.
[GameContext] [Success] Run successful on HQ!
[GameContext] [Debug/gain_on_success] run_modifiers at success: {  }
[GameContext] [Breach] Runner breaches HQ.
[GameContext] [Access] Runner accesses: Drago Ivanov
[GameContext] [Access] Runner may trash Drago Ivanov for 1 credits (Runner has 5 total).
[GameContext] [Access] Runner trashes Drago Ivanov.
[GameContext] [End] Run ended successfully.
[GameContext] Reality Plus draws Vasilisa.
[GameContext] === Reality Plus Turn 2 begins. Credits: 4, Clicks: 3 ===
[GameContext] [MCTS] slow search: 800 ms (100 iterations, depth 3)
[heartbeat] game 11/20 — turn 2, time 426s
[GameContext] Reality Plus gains 1 credit. (5 total)
[GameContext] [MCTS] slow search: 756 ms (100 iterations, depth 3)
[GameContext] Reality Plus installs Vasilisa in HQ.
[GameContext] [MCTS] slow search: 663 ms (100 iterations, depth 3)
[GameContext] Reality Plus draws Backroom Machinations.
[GameContext] === Street Artist Turn 3 begins. Credits: 4, Clicks: 4 ===
[GameContext] --- Run on HQ begins ---
[GameContext] [Initiation] Run declared on HQ.
[GameContext] [Approach] Runner approaches unrezzed ice (position 0).
[CorpRunAI] AI: Vasilisa — rez_cost=2  tax/enc=6.0  enc=3.0  LTV=18.0
[GameContext] [Rez] Corp rezzes Vasilisa for 2 credits.
[GameContext] [Encounter] Runner encounters Vasilisa.
[GameContext] Street Artist takes 1 tag(s). (2 total)
[GameContext] NBN: Reality Plus — Reality Plus may gain 2 cr or draw 2 cards.
[GameContext] [Wildcat Strike] Corp denies credits by default.
[GameContext] Reality Plus: Reality Plus chooses 'Gain 2 credits'.
[GameContext] Reality Plus gains 2 credits.
[GameContext] [Movement] Runner approaches the server root.
[GameContext] [Success] Run successful on HQ!
[GameContext] [Debug/gain_on_success] run_modifiers at success: {  }
[GameContext] [Breach] Runner breaches HQ.
[GameContext] [Access] Runner accesses: Chekist Scion
[GameContext] [Access] Runner may trash Chekist Scion for 0 credits (Runner has 4 total).
[GameContext] [Access] Runner trashes Chekist Scion.
[GameContext] [End] Run ended successfully.
[GameContext] Street Artist removes 1 tag (1 remaining). [paid 2cr]
[GameContext] Street Artist removes 1 tag (0 remaining). [paid 2cr]
[GameContext] Street Artist draws Fermenter.
[GameContext] Reality Plus draws Hedge Fund.
[GameContext] === Reality Plus Turn 3 begins. Credits: 5, Clicks: 3 ===
[GameContext] [MCTS] slow search: 456 ms (100 iterations, depth 3)
[GameContext] Reality Plus gains 9 credits.
[GameContext] Reality Plus plays Hedge Fund.
[GameContext] [MCTS] slow search: 403 ms (100 iterations, depth 3)
[GameContext] Reality Plus gains 1 credit. (10 total)
[GameContext] [MCTS] slow search: 428 ms (100 iterations, depth 3)
[GameContext] Reality Plus draws Trust Operation.
[heartbeat] game 11/20 — turn 3, time 431s
[GameContext] === Street Artist Turn 4 begins. Credits: 0, Clicks: 4 ===
[GameContext] Street Artist draws DZMZ Optimizer.
[GameContext] Street Artist gains 1 credit. (1 total)
[GameContext] Street Artist gains 1 credit. (2 total)
[GameContext] Street Artist gains 1 credit. (3 total)
[GameContext] Reality Plus draws Blood in the Water.
[GameContext] === Reality Plus Turn 4 begins. Credits: 10, Clicks: 3 ===
[GameContext] [MCTS] slow search: 499 ms (100 iterations, depth 3)
[GameContext] Reality Plus installs Blood in the Water in Server 0.
[GameContext] [MCTS] Scoring line detected — executing: Advance blood_in_the_water
[GameContext] Reality Plus advances Blood in the Water (1 counters).
[GameContext] Reality Plus scores Blood in the Water! (2 agenda points)
[GameContext] [MCTS] slow search: 447 ms (100 iterations, depth 3)
[GameContext] Reality Plus gains 1 credit. (10 total)
[GameContext] === Street Artist Turn 5 begins. Credits: 3, Clicks: 4 ===
[GameContext] Street Artist gains 1 credit. (4 total)
[GameContext] Street Artist gains 1 credit. (5 total)
[GameContext] Street Artist gains 9 credits.
[GameContext] Street Artist plays Sure Gamble.
[GameContext] Street Artist draws Sure Gamble.
[GameContext] Reality Plus draws Trust Operation.
[GameContext] === Reality Plus Turn 5 begins. Credits: 10, Clicks: 3 ===
[GameContext] [MCTS] slow search: 441 ms (100 iterations, depth 3)
[GameContext] Reality Plus gains 1 credit. (11 total)
[GameContext] [MCTS] slow search: 446 ms (100 iterations, depth 3)
[GameContext] Reality Plus draws Funhouse.
[GameContext] [MCTS] slow search: 553 ms (100 iterations, depth 3)
[GameContext] Reality Plus installs Funhouse in Server 0.
[heartbeat] game 11/20 — turn 5, time 436s
[GameContext] === Street Artist Turn 6 begins. Credits: 9, Clicks: 4 ===
[GameContext] Street Artist gains 9 credits.
[GameContext] Street Artist plays Sure Gamble.
[GameContext] Street Artist draws Simulchip.
[GameContext] Street Artist gains 1 credit. (14 total)
[GameContext] Street Artist gains 1 credit. (15 total)
[GameContext] Reality Plus draws Retribution.
[GameContext] === Reality Plus Turn 6 begins. Credits: 11, Clicks: 3 ===
[GameContext] [MCTS] slow search: 639 ms (100 iterations, depth 3)
[GameContext] Reality Plus installs Artificial Cryptocrash in Server 0.
[GameContext] [MCTS] slow search: 635 ms (100 iterations, depth 3)
[GameContext] Reality Plus advances Artificial Cryptocrash (1 counters).
[GameContext] [MCTS] slow search: 640 ms (100 iterations, depth 3)
[GameContext] Reality Plus advances Artificial Cryptocrash (2 counters).
[GameContext] === Street Artist Turn 7 begins. Credits: 15, Clicks: 4 ===
[GameContext] --- Run on Server 0 begins ---
[GameContext] [Initiation] Run declared on Server 0.
[GameContext] [Approach] Runner approaches unrezzed ice (position 0).
[CorpRunAI] AI: Funhouse — rez_cost=5  tax/enc=8.0  enc=2.5  LTV=20.0
[GameContext] [Rez] Corp rezzes Funhouse for 5 credits.
[GameContext] [Encounter] Runner encounters Funhouse.
[GameContext] Street Artist takes 1 tag(s) to continue the run (Funhouse). (1 total)
[GameContext] NBN: Reality Plus — Reality Plus may gain 2 cr or draw 2 cards.
[GameContext] [Wildcat Strike] Corp denies draws — Runner gains credits instead.
[GameContext] Reality Plus: Reality Plus chooses 'Draw 2 cards'.
[GameContext] Reality Plus draws 2 card(s).
[GameContext] Street Artist pays 4 cr to avoid 1 tag.
[GameContext] [Movement] Runner approaches the server root.
[GameContext] [Success] Run successful on Server 0!
[GameContext] [Debug/gain_on_success] run_modifiers at success: {  }
[GameContext] [Breach] Runner breaches Server 0.
[GameContext] [Access] Runner accesses: Artificial Cryptocrash
[GameContext] [Access] Runner steals Artificial Cryptocrash! (2 agenda points)
[GameContext] [End] Run ended successfully.
[GameContext] Street Artist removes 1 tag (0 remaining). [paid 2cr]
[GameContext] Street Artist gains 1 credit. (10 total)
[GameContext] Street Artist gains 1 credit. (11 total)
[GameContext] Reality Plus draws Hedge Fund.
[GameContext] === Reality Plus Turn 7 begins. Credits: 4, Clicks: 3 ===
[GameContext] [MCTS] slow search: 473 ms (100 iterations, depth 3)
[GameContext] Reality Plus draws Drago Ivanov.
[GameContext] [MCTS] slow search: 598 ms (100 iterations, depth 3)
[GameContext] Reality Plus draws IP Enforcement.
[heartbeat] game 11/20 — turn 7, time 441s
[GameContext] [MCTS] slow search: 1048 ms (100 iterations, depth 3)
[GameContext] Reality Plus pays 1 credit(s) to install ice.
[GameContext] Reality Plus installs Doomscroll in R&D.
[GameContext] Reality Plus discards Trust Operation to hand limit.
[GameContext] Reality Plus discards Trust Operation to hand limit.
[GameContext] Reality Plus discards IP Enforcement to hand limit.
[GameContext] Reality Plus discards Retribution to hand limit.
[GameContext] === Street Artist Turn 8 begins. Credits: 11, Clicks: 4 ===
[GameContext] Street Artist gains 1 credit. (12 total)
[GameContext] Street Artist gains 1 credit. (13 total)
[GameContext] Street Artist gains 1 credit. (14 total)
[GameContext] Street Artist gains 1 credit. (15 total)
[GameContext] Reality Plus draws Backroom Machinations.
[GameContext] === Reality Plus Turn 8 begins. Credits: 3, Clicks: 3 ===
[GameContext] [MCTS] slow search: 415 ms (100 iterations, depth 3)
[GameContext] Reality Plus pays 1 credit(s) to install ice.
[GameContext] Reality Plus installs Ivik in HQ.
[GameContext] [MCTS] slow search: 380 ms (100 iterations, depth 3)
[GameContext] Reality Plus installs Drago Ivanov in Server 0.
[GameContext] [MCTS] slow search: 576 ms (100 iterations, depth 3)
[GameContext] Reality Plus action rejected: Card __sim_trap__ not found or not advanceable
[GameContext] === Street Artist Turn 9 begins. Credits: 15, Clicks: 4 ===
[GameContext] Street Artist gains 1 credit. (16 total)
[GameContext] Street Artist gains 1 credit. (17 total)
[GameContext] Street Artist gains 1 credit. (18 total)
[GameContext] Street Artist gains 1 credit. (19 total)
[GameContext] Reality Plus draws Chekist Scion.
[GameContext] === Reality Plus Turn 9 begins. Credits: 2, Clicks: 3 ===
[GameContext] Reality Plus rezzes Drago Ivanov for 0 cr.
[GameContext] [MCTS] slow search: 708 ms (100 iterations, depth 3)
[GameContext] Reality Plus action rejected: Card __sim_trap__ not found or not advanceable
[GameContext] === Street Artist Turn 10 begins. Credits: 19, Clicks: 4 ===
Player install: card is: Fermenter and charged cost is: 1
[GameContext] Placed 1 virus counter(s) on Fermenter.
[GameContext] Street Artist installs Fermenter. [MU: 2/4 used]
[GameContext] Street Artist draws Deep Dive.
[GameContext] Street Artist gains 1 credit. (19 total)
[GameContext] Street Artist gains 1 credit. (20 total)
[GameContext] Reality Plus draws Blood in the Water.
[GameContext] === Reality Plus Turn 10 begins. Credits: 2, Clicks: 3 ===
[GameContext] [MCTS] slow search: 771 ms (100 iterations, depth 3)
[heartbeat] game 11/20 — turn 10, time 447s
[GameContext] Reality Plus action rejected: Card __sim_trap__ not found or not advanceable
[GameContext] Reality Plus discards Backroom Machinations to hand limit.
[GameContext] === Street Artist Turn 11 begins. Credits: 20, Clicks: 4 ===
[GameContext] Placed 1 virus counter(s) on Fermenter.
Player install: card is: Conduit and charged cost is: 4
[GameContext] Street Artist installs Conduit. [MU: 3/4 used]
[GameContext] Street Artist draws Unity.
Player install: card is: Unity and charged cost is: 3
[GameContext] Street Artist installs Unity. [MU: 4/4 used]
[GameContext] Street Artist draws Overclock.
[GameContext] Reality Plus draws Spin Doctor.
[GameContext] === Reality Plus Turn 11 begins. Credits: 2, Clicks: 3 ===
[GameContext] [MCTS] slow search: 910 ms (100 iterations, depth 3)
[GameContext] Reality Plus installs Blood in the Water in Server 1.
[GameContext] [MCTS] Scoring line detected — executing: Advance blood_in_the_water
[GameContext] Reality Plus advances Blood in the Water (1 counters).
[GameContext] Reality Plus scores Blood in the Water! (2 agenda points)
[GameContext] [MCTS] slow search: 821 ms (100 iterations, depth 3)
[GameContext] Reality Plus action rejected: Card __sim_trap__ not found or not advanceable
[GameContext] === Street Artist Turn 12 begins. Credits: 13, Clicks: 4 ===
[GameContext] Placed 1 virus counter(s) on Fermenter.
[GameContext] Run modifier set: overclock_credits = 5
[GameContext] --- Run on HQ begins ---
[GameContext] [Initiation] Run declared on HQ.
[GameContext] [Approach] Runner approaches unrezzed ice (position 0).
[GameContext] [Approach] Corp declines to rez. Runner passes unrezzed ice.
[GameContext] [Approach] Runner approaches Vasilisa (position 1).
[GameContext] [Encounter] Runner encounters Vasilisa.
[GameContext] Street Artist takes 1 tag(s) to continue the run (Funhouse). (1 total)
[GameContext] NBN: Reality Plus — Reality Plus may gain 2 cr or draw 2 cards.
[GameContext] [Wildcat Strike] Corp denies draws — Runner gains credits instead.
[GameContext] Reality Plus: Reality Plus chooses 'Draw 2 cards'.
[GameContext] Reality Plus draws 2 card(s).
[GameContext] Street Artist takes 1 tag(s). (2 total)
[GameContext] [Movement] Runner approaches the server root.
[GameContext] [Success] Run successful on HQ!
[GameContext] [Debug/gain_on_success] run_modifiers at success: { "overclock_credits": 5, "run_event_active": 1 }
[GameContext] [Breach] Runner breaches HQ.
[GameContext] [Access] Runner accesses: Hedge Fund
[GameContext] [End] Run ended successfully.
[GameContext] Overclock: 5 unspent credit(s) returned to the bank.
[GameContext] Street Artist plays Overclock.
[GameContext] Street Artist removes 1 tag (1 remaining). [paid 2cr]
[GameContext] Street Artist removes 1 tag (0 remaining). [paid 2cr]
[GameContext] Street Artist draws Unity.
[GameContext] Reality Plus draws Spin Doctor.
[GameContext] === Reality Plus Turn 12 begins. Credits: 1, Clicks: 3 ===
[GameContext] [MCTS] slow search: 1470 ms (100 iterations, depth 3)
[GameContext] Reality Plus gains 1 credit. (2 total)
[GameContext] [MCTS] slow search: 1385 ms (100 iterations, depth 3)
[GameContext] Reality Plus action rejected: Card __sim_trap__ not found or not advanceable
[GameContext] Reality Plus discards Backroom Machinations to hand limit.
[GameContext] Reality Plus discards Backroom Machinations to hand limit.
[GameContext] Reality Plus discards Hedge Fund to hand limit.
[GameContext] === Street Artist Turn 13 begins. Credits: 8, Clicks: 4 ===
[GameContext] Placed 1 virus counter(s) on Fermenter.
[GameContext] Street Artist draws Overclock.
[GameContext] Run modifier set: overclock_credits = 5
[GameContext] --- Run on HQ begins ---
[GameContext] [Initiation] Run declared on HQ.
[GameContext] [Approach] Runner approaches unrezzed ice (position 0).
[GameContext] [Approach] Corp declines to rez. Runner passes unrezzed ice.
[GameContext] [Approach] Runner approaches Vasilisa (position 1).
[GameContext] [Encounter] Runner encounters Vasilisa.
[GameContext] Street Artist takes 1 tag(s) to continue the run (Funhouse). (1 total)
[GameContext] NBN: Reality Plus — Reality Plus may gain 2 cr or draw 2 cards.
[GameContext] [Wildcat Strike] Corp denies draws — Runner gains credits instead.
[GameContext] Reality Plus: Reality Plus chooses 'Draw 2 cards'.
[GameContext] Reality Plus draws 2 card(s).
[GameContext] Street Artist takes 1 tag(s). (2 total)
[GameContext] [Movement] Runner approaches the server root.
[GameContext] [Success] Run successful on HQ!
[GameContext] [Debug/gain_on_success] run_modifiers at success: { "overclock_credits": 5, "run_event_active": 1 }
[GameContext] [Breach] Runner breaches HQ.
[GameContext] [Access] Runner accesses: Spin Doctor
[GameContext] [Access] Runner may trash Spin Doctor for 2 credits (Runner has 12 total).
[GameContext] [Access] Runner trashes Spin Doctor.
[GameContext] [End] Run ended successfully.
[GameContext] Overclock: 3 unspent credit(s) returned to the bank.
[GameContext] Street Artist plays Overclock.
[GameContext] Street Artist removes 1 tag (1 remaining). [paid 2cr]
[GameContext] Street Artist removes 1 tag (0 remaining). [paid 2cr]
[heartbeat] game 11/20 — turn 13, time 453s
[GameContext] Reality Plus draws Regolith Mining License.
[GameContext] === Reality Plus Turn 13 begins. Credits: 2, Clicks: 3 ===
[GameContext] [MCTS] slow search: 763 ms (100 iterations, depth 3)
[GameContext] Reality Plus installs Ivik in Server 1.
[GameContext] [MCTS] slow search: 766 ms (100 iterations, depth 3)
[GameContext] Reality Plus installs Artificial Cryptocrash in Server 1.
[GameContext] [MCTS] slow search: 798 ms (100 iterations, depth 3)
[GameContext] Reality Plus advances Artificial Cryptocrash (1 counters).
[GameContext] === Street Artist Turn 14 begins. Credits: 3, Clicks: 4 ===
[GameContext] Placed 1 virus counter(s) on Fermenter.
[GameContext] --- Run on Server 1 begins ---
[GameContext] [Initiation] Run declared on Server 1.
[GameContext] [Approach] Runner approaches unrezzed ice (position 0).
[GameContext] [Approach] Corp declines to rez. Runner passes unrezzed ice.
[GameContext] [Movement] Runner approaches the server root.
[GameContext] [Success] Run successful on Server 1!
[GameContext] [Debug/gain_on_success] run_modifiers at success: {  }
[GameContext] [Breach] Runner breaches Server 1.
[GameContext] [Access] Runner accesses: Artificial Cryptocrash
[GameContext] [Access] Runner steals Artificial Cryptocrash! (2 agenda points)
[GameContext] [End] Run ended successfully.
[GameContext] Street Artist draws Environmental Testing.
[GameContext] Street Artist draws Environmental Testing.
[GameContext] Street Artist draws Creative Commission.
[GameContext] Street Artist discards Environmental Testing to hand limit. (5 cards remaining)
[GameContext] Street Artist discards Environmental Testing to hand limit. (5 cards remaining)
[GameContext] Street Artist discards Creative Commission to hand limit. (5 cards remaining)
[GameContext] Reality Plus draws Hedge Fund.
[GameContext] === Reality Plus Turn 14 begins. Credits: 1, Clicks: 3 ===
[GameContext] [MCTS] slow search: 2320 ms (100 iterations, depth 3)
[heartbeat] game 11/20 — turn 14, time 459s
[GameContext] Reality Plus gains 1 credit. (2 total)
[GameContext] [MCTS] slow search: 2179 ms (100 iterations, depth 3)
[GameContext] Reality Plus action rejected: Card __sim_trap__ not found or not advanceable
[GameContext] Reality Plus discards Hedge Fund to hand limit.
[GameContext] === Street Artist Turn 15 begins. Credits: 3, Clicks: 4 ===
[GameContext] Placed 1 virus counter(s) on Fermenter.
[GameContext] Street Artist draws Deep Dive.
[GameContext] Street Artist draws Deep Dive.
[GameContext] Street Artist draws Telework Contract.
[GameContext] Street Artist gains 1 credit. (4 total)
[GameContext] Street Artist discards Telework Contract to hand limit. (5 cards remaining)
[GameContext] Street Artist discards Deep Dive to hand limit. (5 cards remaining)
[GameContext] Street Artist discards Deep Dive to hand limit. (5 cards remaining)
[GameContext] Reality Plus draws Funhouse.
[GameContext] === Reality Plus Turn 15 begins. Credits: 2, Clicks: 3 ===
[GameContext] [MCTS] slow search: 2919 ms (100 iterations, depth 3)
[heartbeat] game 11/20 — turn 15, time 465s
[GameContext] Reality Plus action rejected: Card __sim_trap__ not found or not advanceable
[GameContext] Reality Plus discards Chekist Scion to hand limit.
[GameContext] === Street Artist Turn 16 begins. Credits: 4, Clicks: 4 ===
[GameContext] Placed 1 virus counter(s) on Fermenter.
[GameContext] Street Artist draws Creative Commission.
[GameContext] Street Artist draws Telework Contract.
[GameContext] Street Artist draws Pinhole Threading.
[GameContext] Street Artist gains 5 credits.
[GameContext] Street Artist will lose 1 click(s) next turn.
[GameContext] Street Artist plays Creative Commission.
[GameContext] Street Artist discards Telework Contract to hand limit. (5 cards remaining)
[GameContext] Street Artist discards Pinhole Threading to hand limit. (5 cards remaining)
[GameContext] Reality Plus draws IP Enforcement.
[GameContext] === Reality Plus Turn 16 begins. Credits: 2, Clicks: 3 ===
[GameContext] [MCTS] slow search: 2645 ms (100 iterations, depth 3)
[GameContext] Reality Plus action rejected: Card __sim_trap__ not found or not advanceable
[GameContext] Reality Plus discards IP Enforcement to hand limit.
[GameContext] Street Artist loses 1 click(s) this turn (deferred penalty).
[GameContext] === Street Artist Turn 17 begins. Credits: 8, Clicks: 3 ===
[GameContext] Placed 1 virus counter(s) on Fermenter.
[GameContext] Street Artist draws Fermenter.
[GameContext] Street Artist draws Propeller.
[GameContext] Street Artist draws Self-modifying Code.
[GameContext] Street Artist discards Deep Dive to hand limit. (5 cards remaining)
[GameContext] Street Artist discards Simulchip to hand limit. (5 cards remaining)
[GameContext] Street Artist discards DZMZ Optimizer to hand limit. (5 cards remaining)
[GameContext] Reality Plus draws Artificial Cryptocrash.
[GameContext] === Reality Plus Turn 17 begins. Credits: 2, Clicks: 3 ===
[GameContext] [MCTS] slow search: 573 ms (100 iterations, depth 3)
[GameContext] Reality Plus installs Artificial Cryptocrash in Server 1.
[GameContext] [MCTS] slow search: 613 ms (100 iterations, depth 3)
[GameContext] Reality Plus advances Artificial Cryptocrash (1 counters).
[GameContext] [MCTS] slow search: 611 ms (100 iterations, depth 3)
[GameContext] Reality Plus advances Artificial Cryptocrash (2 counters).
[heartbeat] game 11/20 — turn 17, time 470s
[GameContext] === Street Artist Turn 18 begins. Credits: 8, Clicks: 4 ===
[GameContext] Placed 1 virus counter(s) on Fermenter.
[GameContext] --- Run on Server 1 begins ---
[GameContext] [Initiation] Run declared on Server 1.
[GameContext] [Approach] Runner approaches unrezzed ice (position 0).
[GameContext] [Approach] Corp declines to rez. Runner passes unrezzed ice.
[GameContext] [Movement] Runner approaches the server root.
[GameContext] [Success] Run successful on Server 1!
[GameContext] [Debug/gain_on_success] run_modifiers at success: {  }
[GameContext] [Breach] Runner breaches Server 1.
[GameContext] [Access] Runner accesses: Artificial Cryptocrash
[GameContext] [Access] Runner steals Artificial Cryptocrash! (2 agenda points)
[GameContext] [End] Run ended successfully.
[GameContext] Street Artist draws LilyPAD.
[GameContext] Street Artist draws Daily Casts.
[GameContext] Street Artist draws Dr. Nuka Vrolyck.
[GameContext] Street Artist discards Dr. Nuka Vrolyck to hand limit. (5 cards remaining)
[GameContext] Street Artist discards Daily Casts to hand limit. (5 cards remaining)
[GameContext] Street Artist discards LilyPAD to hand limit. (5 cards remaining)
[GameContext] Reality Plus draws Retribution.
[GameContext] === Reality Plus Turn 18 begins. Credits: 0, Clicks: 3 ===
[GameContext] [MCTS] slow search: 2762 ms (100 iterations, depth 3)
[GameContext] Reality Plus gains 1 credit. (1 total)
[GameContext] [MCTS] slow search: 3010 ms (100 iterations, depth 3)
[GameContext] Reality Plus action rejected: Card __sim_trap__ not found or not advanceable
[GameContext] Reality Plus discards Retribution to hand limit.
[GameContext] === Street Artist Turn 19 begins. Credits: 8, Clicks: 4 ===
[GameContext] Placed 1 virus counter(s) on Fermenter.
[GameContext] Street Artist draws Environmental Testing.
[GameContext] Street Artist draws Overclock.
[GameContext] Run modifier set: overclock_credits = 5
[GameContext] --- Run on HQ begins ---
[GameContext] [Initiation] Run declared on HQ.
[GameContext] [Approach] Runner approaches unrezzed ice (position 0).
[GameContext] [Approach] Corp declines to rez. Runner passes unrezzed ice.
[GameContext] [Approach] Runner approaches Vasilisa (position 1).
[GameContext] [Encounter] Runner encounters Vasilisa.
[GameContext] Street Artist takes 1 tag(s) to continue the run (Funhouse). (1 total)
[GameContext] NBN: Reality Plus — Reality Plus may gain 2 cr or draw 2 cards.
[GameContext] [Wildcat Strike] Corp denies draws — Runner gains credits instead.
[GameContext] Reality Plus: Reality Plus chooses 'Draw 2 cards'.
[GameContext] Reality Plus deck empty — cannot draw.
[GameContext] Reality Plus draws 1 card(s).
[GameContext] Street Artist takes 1 tag(s). (2 total)
[GameContext] [Movement] Runner approaches the server root.
[GameContext] [Success] Run successful on HQ!
[GameContext] [Debug/gain_on_success] run_modifiers at success: { "overclock_credits": 5, "run_event_active": 1 }
[GameContext] [Breach] Runner breaches HQ.
[GameContext] [Access] Runner accesses: Regolith Mining License
[GameContext] [Access] Runner may trash Regolith Mining License for 3 credits (Runner has 12 total).
[GameContext] [Access] Runner trashes Regolith Mining License.
[GameContext] [End] Run ended successfully.
[GameContext] Overclock: 2 unspent credit(s) returned to the bank.
[GameContext] Street Artist plays Overclock.
[GameContext] Street Artist removes 1 tag (1 remaining). [paid 2cr]
[GameContext] Street Artist discards Environmental Testing to hand limit. (5 cards remaining)
[heartbeat] game 11/20 — turn 19, time 477s
[GameContext] Reality Plus deck is empty — Reality Plus loses!
[GameContext] Game over — Street Artist wins. Corp could not draw (empty R&D)
[GameContext] === Reality Plus Turn 19 begins. Credits: 1, Clicks: 3 ===
  [ 11/ 20]  RUNNER    Corp could not draw (empty R&D)   19 turns
[GameContext] Reality Plus draws Blood in the Water.
[GameContext] === Reality Plus Turn 1 begins. Credits: 5, Clicks: 3 ===
[GameContext] [MCTS] slow search: 845 ms (100 iterations, depth 3)
[GameContext] Reality Plus installs Blood in the Water in Server 0.
[GameContext] [MCTS] Scoring line detected — executing: Advance blood_in_the_water
[GameContext] Reality Plus advances Blood in the Water (1 counters).
[GameContext] Reality Plus scores Blood in the Water! (2 agenda points)
[GameContext] [MCTS] slow search: 885 ms (100 iterations, depth 3)
[GameContext] Reality Plus installs Doomscroll in R&D.
[GameContext] === Street Artist Turn 2 begins. Credits: 5, Clicks: 4 ===
[GameContext] --- Run on R&D begins ---
[GameContext] [Initiation] Run declared on R&D.
[GameContext] [Approach] Runner approaches unrezzed ice (position 0).
[CorpRunAI] AI: rezzing Doomscroll would breach credit floor — holding.
[GameContext] [Approach] Corp declines to rez. Runner passes unrezzed ice.
[GameContext] [Movement] Runner approaches the server root.
[GameContext] [Success] Run successful on R&D!
[GameContext] [Debug/gain_on_success] run_modifiers at success: {  }
[GameContext] [Breach] Runner breaches R&D.
[GameContext] [Access] Runner accesses: Trust Operation
[GameContext] [End] Run ended successfully.
[GameContext] Run modifier set: overclock_credits = 5
[GameContext] --- Run on HQ begins ---
[GameContext] [Initiation] Run declared on HQ.
[GameContext] [Initiation] No ice protecting server — proceeding to root.
[GameContext] [Movement] Runner approaches the server root.
[GameContext] [Success] Run successful on HQ!
[GameContext] [Debug/gain_on_success] run_modifiers at success: { "overclock_credits": 5, "run_event_active": 1 }
[GameContext] [Breach] Runner breaches HQ.
[GameContext] [Access] Runner accesses: Chekist Scion
[GameContext] [Access] Runner may trash Chekist Scion for 0 credits (Runner has 9 total).
[GameContext] [Access] Runner trashes Chekist Scion.
[GameContext] [End] Run ended successfully.
[GameContext] Overclock: 5 unspent credit(s) returned to the bank.
[GameContext] Street Artist plays Overclock.
[GameContext] --- Run on HQ begins ---
[GameContext] [Initiation] Run declared on HQ.
[GameContext] [Initiation] No ice protecting server — proceeding to root.
[GameContext] [Movement] Runner approaches the server root.
[GameContext] [Success] Run successful on HQ!
[GameContext] [Debug/gain_on_success] run_modifiers at success: {  }
[GameContext] [Breach] Runner breaches HQ.
[GameContext] [Access] Runner accesses: Ivik
[GameContext] [End] Run ended successfully.
[GameContext] Street Artist draws Daily Casts.
[GameContext] Reality Plus draws Trust Operation.
[GameContext] === Reality Plus Turn 2 begins. Credits: 4, Clicks: 3 ===
[GameContext] [MCTS] slow search: 571 ms (100 iterations, depth 3)
[GameContext] Reality Plus installs Ivik in HQ.
[GameContext] [MCTS] slow search: 490 ms (100 iterations, depth 3)
[GameContext] Reality Plus gains 1 credit. (5 total)
[heartbeat] game 12/20 — turn 2, time 482s
[GameContext] [MCTS] slow search: 506 ms (100 iterations, depth 3)
[GameContext] Reality Plus gains 1 credit. (6 total)
[GameContext] === Street Artist Turn 3 begins. Credits: 4, Clicks: 4 ===
[GameContext] --- Run on R&D begins ---
[GameContext] [Initiation] Run declared on R&D.
[GameContext] [Approach] Runner approaches unrezzed ice (position 0).
[CorpRunAI] AI: Doomscroll — rez_cost=3  tax/enc=11.0  enc=3.0  LTV=33.0
[GameContext] [Rez] Corp rezzes Doomscroll for 3 credits.
[GameContext] [Encounter] Runner encounters Doomscroll.
[GameContext] Street Artist takes 1 tag(s). (1 total)
[GameContext] NBN: Reality Plus — Reality Plus may gain 2 cr or draw 2 cards.
[GameContext] [Wildcat Strike] Corp denies draws — Runner gains credits instead.
[GameContext] Reality Plus: Reality Plus chooses 'Draw 2 cards'.
[GameContext] Reality Plus draws 2 card(s).
[GameContext] Runner takes 1 net damage.
[GameContext]   Trashed from grip: simulchip
[GameContext] 1 card(s) trashed from Street Artist's grip.
[GameContext] Subroutine condition not met — no effect.
[GameContext] [Movement] Runner approaches the server root.
[GameContext] [Success] Run successful on R&D!
[GameContext] [Debug/gain_on_success] run_modifiers at success: {  }
[GameContext] [Breach] Runner breaches R&D.
[GameContext] [Access] Runner accesses: Chekist Scion
[GameContext] [Access] Runner may trash Chekist Scion for 0 credits (Runner has 4 total).
[GameContext] [Access] Runner trashes Chekist Scion.
[GameContext] [End] Run ended successfully.
[GameContext] --- Run on HQ begins ---
[GameContext] [Initiation] Run declared on HQ.
[GameContext] [Approach] Runner approaches unrezzed ice (position 0).
[GameContext] [Approach] Corp declines to rez. Runner passes unrezzed ice.
[GameContext] [Movement] Runner approaches the server root.
[GameContext] [Success] Run successful on HQ!
[GameContext] [Debug/gain_on_success] run_modifiers at success: {  }
[GameContext] [Breach] Runner breaches HQ.
[GameContext] [Access] Runner accesses: Retribution
[GameContext] [End] Run ended successfully.
[GameContext] Street Artist removes 1 tag (0 remaining). [paid 2cr]
[GameContext] Street Artist draws Self-modifying Code.
[GameContext] Reality Plus draws Vasilisa.
[GameContext] === Reality Plus Turn 3 begins. Credits: 3, Clicks: 3 ===
[GameContext] [MCTS] slow search: 959 ms (100 iterations, depth 3)
[GameContext] Reality Plus installs Artificial Cryptocrash in Server 0.
[GameContext] [MCTS] slow search: 999 ms (100 iterations, depth 3)
[GameContext] Reality Plus advances Artificial Cryptocrash (1 counters).
[GameContext] [MCTS] slow search: 1018 ms (100 iterations, depth 3)
[GameContext] Reality Plus installs Vasilisa in Server 0.
[heartbeat] game 12/20 — turn 3, time 487s
[GameContext] === Street Artist Turn 4 begins. Credits: 2, Clicks: 4 ===
[GameContext] --- Run on Server 0 begins ---
[GameContext] [Initiation] Run declared on Server 0.
[GameContext] [Approach] Runner approaches unrezzed ice (position 0).
[CorpRunAI] AI: Vasilisa — rez_cost=2  tax/enc=6.0  enc=2.5  LTV=15.0
[GameContext] [Rez] Corp rezzes Vasilisa for 2 credits.
[GameContext] [Encounter] Runner encounters Vasilisa.
[GameContext] Street Artist takes 1 tag(s). (1 total)
[GameContext] NBN: Reality Plus — Reality Plus may gain 2 cr or draw 2 cards.
[GameContext] [Wildcat Strike] Corp denies credits — Runner draws instead.
[GameContext] Reality Plus: Reality Plus chooses 'Gain 2 credits'.
[GameContext] Reality Plus gains 2 credits.
[GameContext] [Movement] Runner approaches the server root.
[GameContext] [Success] Run successful on Server 0!
[GameContext] [Debug/gain_on_success] run_modifiers at success: {  }
[GameContext] [Breach] Runner breaches Server 0.
[GameContext] [Access] Runner accesses: Artificial Cryptocrash
[GameContext] [Access] Runner steals Artificial Cryptocrash! (2 agenda points)
[GameContext] [End] Run ended successfully.
[GameContext] Street Artist gains 1 credit. (3 total)
[GameContext] --- Run on HQ begins ---
[GameContext] [Initiation] Run declared on HQ.
[GameContext] [Approach] Runner approaches unrezzed ice (position 0).
[GameContext] [Approach] Corp declines to rez. Runner passes unrezzed ice.
[GameContext] [Movement] Runner approaches the server root.
[GameContext] [Success] Run successful on HQ!
[GameContext] [Debug/gain_on_success] run_modifiers at success: {  }
[GameContext] [Breach] Runner breaches HQ.
[GameContext] [Access] Runner accesses: Hedge Fund
[GameContext] [End] Run ended successfully.
[GameContext] Street Artist removes 1 tag (0 remaining). [paid 2cr]
[GameContext] Reality Plus draws Backroom Machinations.
[GameContext] === Reality Plus Turn 4 begins. Credits: 2, Clicks: 3 ===
[GameContext] [MCTS] slow search: 478 ms (100 iterations, depth 3)
[GameContext] Reality Plus gains 1 credit. (3 total)
[GameContext] [MCTS] slow search: 450 ms (100 iterations, depth 3)
[GameContext] Reality Plus gains 1 credit. (4 total)
[GameContext] [MCTS] slow search: 488 ms (100 iterations, depth 3)
[GameContext] Reality Plus installs Regolith Mining License in Server 0.
[GameContext] === Street Artist Turn 5 begins. Credits: 1, Clicks: 4 ===
[GameContext] Street Artist gains 1 credit. (2 total)
[GameContext] --- Run on HQ begins ---
[GameContext] [Initiation] Run declared on HQ.
[GameContext] [Approach] Runner approaches unrezzed ice (position 0).
[GameContext] [Approach] Corp declines to rez. Runner passes unrezzed ice.
[GameContext] [Movement] Runner approaches the server root.
[GameContext] [Success] Run successful on HQ!
[GameContext] [Debug/gain_on_success] run_modifiers at success: {  }
[GameContext] [Breach] Runner breaches HQ.
[GameContext] [Access] Runner accesses: Trust Operation
[GameContext] [End] Run ended successfully.
[GameContext] Street Artist draws Sure Gamble.
[GameContext] Street Artist draws Dr. Nuka Vrolyck.
[GameContext] Street Artist discards Dr. Nuka Vrolyck to hand limit. (5 cards remaining)
[GameContext] Street Artist discards Daily Casts to hand limit. (5 cards remaining)
[GameContext] Reality Plus draws Artificial Cryptocrash.
[GameContext] === Reality Plus Turn 5 begins. Credits: 4, Clicks: 3 ===
[GameContext] Placed 15 credits counter(s) on Regolith Mining License.
[GameContext] Reality Plus rezzes Regolith Mining License for 2 cr.
[GameContext] [MCTS] slow search: 849 ms (100 iterations, depth 3)
[GameContext] Reality Plus draws Backroom Machinations.
[GameContext] [MCTS] slow search: 857 ms (100 iterations, depth 3)
[GameContext] Reality Plus gains 1 credit. (3 total)
[heartbeat] game 12/20 — turn 5, time 492s
[GameContext] [MCTS] slow search: 805 ms (100 iterations, depth 3)
[GameContext] Reality Plus takes 3 cr from Regolith Mining License (12 remaining).
[GameContext] Reality Plus discards Trust Operation to hand limit.
[GameContext] === Street Artist Turn 6 begins. Credits: 2, Clicks: 4 ===
[GameContext] --- Run on HQ begins ---
[GameContext] [Initiation] Run declared on HQ.
[GameContext] [Approach] Runner approaches unrezzed ice (position 0).
[GameContext] [Approach] Corp declines to rez. Runner passes unrezzed ice.
[GameContext] [Movement] Runner approaches the server root.
[GameContext] [Success] Run successful on HQ!
[GameContext] [Debug/gain_on_success] run_modifiers at success: {  }
[GameContext] [Breach] Runner breaches HQ.
[GameContext] [Access] Runner accesses: Backroom Machinations
[GameContext] [End] Run ended successfully.
[GameContext] Street Artist draws Environmental Testing.
[GameContext] Street Artist draws Propeller.
Player install: card is: Propeller and charged cost is: 1
[GameContext] Placed 4 power counter(s) on Propeller.
[GameContext] Street Artist installs Propeller. [MU: 1/4 used]
[GameContext] Street Artist discards Environmental Testing to hand limit. (5 cards remaining)
[GameContext] Reality Plus draws Hedge Fund.
[GameContext] === Reality Plus Turn 6 begins. Credits: 6, Clicks: 3 ===
[GameContext] [MCTS] slow search: 703 ms (100 iterations, depth 3)
[GameContext] Reality Plus gains 9 credits.
[GameContext] Reality Plus plays Hedge Fund.
[GameContext] [MCTS] slow search: 816 ms (100 iterations, depth 3)
[GameContext] Reality Plus gains 9 credits.
[GameContext] Reality Plus plays Hedge Fund.
[GameContext] [MCTS] slow search: 710 ms (100 iterations, depth 3)
[GameContext] Reality Plus draws Blood in the Water.
[heartbeat] game 12/20 — turn 6, time 497s
[GameContext] === Street Artist Turn 7 begins. Credits: 1, Clicks: 4 ===
[GameContext] Street Artist gains 1 credit. (2 total)
[GameContext] Street Artist gains 1 credit. (3 total)
[GameContext] Street Artist gains 1 credit. (4 total)
[GameContext] --- Run on HQ begins ---
[GameContext] [Initiation] Run declared on HQ.
[GameContext] [Approach] Runner approaches unrezzed ice (position 0).
[CorpRunAI] AI: Ivik — rez_cost=7  tax/enc=5.0  enc=3.0  LTV=15.0
[GameContext] [Rez] Corp rezzes Ivik for 7 credits.
[GameContext] [Encounter] Runner encounters Ivik.
[GameContext] [Encounter] Propeller spends 1 power counter(s): +2 str (now 5, 3 counters left).
[GameContext] [Encounter] Propeller breaks 'Do 2 net damage.' for 1 cr.
[GameContext] [Encounter] Propeller breaks 'End the run.' for 1 cr.
[GameContext] [Encounter] Subroutine 0 broken.
[GameContext] [Encounter] Subroutine 1 broken.
[GameContext] [Movement] Runner approaches the server root.
[GameContext] [Success] Run successful on HQ!
[GameContext] [Debug/gain_on_success] run_modifiers at success: { "overclock_credits": 0, "concerto_credits": 0, "bad_pub_credits": 0 }
[GameContext] [Breach] Runner breaches HQ.
[GameContext] [Access] Runner accesses: Artificial Cryptocrash
[GameContext] [Access] Runner steals Artificial Cryptocrash! (2 agenda points)
[GameContext] [End] Run ended successfully.
[GameContext] Reality Plus draws Retribution.
[GameContext] === Reality Plus Turn 7 begins. Credits: 7, Clicks: 3 ===
[GameContext] [MCTS] slow search: 766 ms (100 iterations, depth 3)
[GameContext] Reality Plus installs Blood in the Water in Server 1.
[GameContext] [MCTS] Scoring line detected — executing: Advance blood_in_the_water
[GameContext] Reality Plus advances Blood in the Water (1 counters).
[GameContext] Reality Plus scores Blood in the Water! (2 agenda points)
[GameContext] [MCTS] slow search: 694 ms (100 iterations, depth 3)
[GameContext] Reality Plus takes 3 cr from Regolith Mining License (9 remaining).
[GameContext] === Street Artist Turn 8 begins. Credits: 2, Clicks: 4 ===
[GameContext] Street Artist gains 1 credit. (3 total)
[GameContext] Street Artist gains 1 credit. (4 total)
[GameContext] Street Artist gains 1 credit. (5 total)
[GameContext] --- Run on HQ begins ---
[GameContext] [Initiation] Run declared on HQ.
[GameContext] [Approach] Runner approaches Ivik (position 0).
[GameContext] [Encounter] Runner encounters Ivik.
[GameContext] [Encounter] Propeller spends 1 power counter(s): +2 str (now 4, 2 counters left).
[GameContext] [Encounter] Propeller spends 1 power counter(s): +2 str (now 5, 1 counters left).
[GameContext] [Encounter] Propeller breaks 'Do 2 net damage.' for 1 cr.
[GameContext] [Encounter] Propeller breaks 'End the run.' for 1 cr.
[GameContext] [Encounter] Subroutine 0 broken.
[GameContext] [Encounter] Subroutine 1 broken.
[GameContext] [Movement] Runner approaches the server root.
[GameContext] [Success] Run successful on HQ!
[GameContext] [Debug/gain_on_success] run_modifiers at success: { "overclock_credits": 0, "concerto_credits": 0, "bad_pub_credits": 0 }
[GameContext] [Breach] Runner breaches HQ.
[GameContext] [Access] Runner accesses: Retribution
[GameContext] [End] Run ended successfully.
[GameContext] Reality Plus draws Drago Ivanov.
[GameContext] === Reality Plus Turn 8 begins. Credits: 9, Clicks: 3 ===
[GameContext] [MCTS] slow search: 752 ms (100 iterations, depth 3)
[GameContext] Reality Plus takes 3 cr from Regolith Mining License (6 remaining).
[GameContext] [MCTS] slow search: 693 ms (100 iterations, depth 3)
[GameContext] Reality Plus takes 3 cr from Regolith Mining License (3 remaining).
[heartbeat] game 12/20 — turn 8, time 502s
[GameContext] [MCTS] slow search: 783 ms (100 iterations, depth 3)
[GameContext] Reality Plus draws Spin Doctor.
[GameContext] Reality Plus discards Retribution to hand limit.
[GameContext] === Street Artist Turn 9 begins. Credits: 3, Clicks: 4 ===
[GameContext] Street Artist gains 1 credit. (4 total)
[GameContext] Street Artist gains 1 credit. (5 total)
[GameContext] Street Artist gains 9 credits.
[GameContext] Street Artist plays Sure Gamble.
[GameContext] --- Run on HQ begins ---
[GameContext] [Initiation] Run declared on HQ.
[GameContext] [Approach] Runner approaches Ivik (position 0).
[GameContext] [Encounter] Runner encounters Ivik.
[GameContext] Runner takes 2 net damage.
[GameContext]   Trashed from grip: simulchip
[GameContext]   Trashed from grip: self_modifying_code
[GameContext] 2 card(s) trashed from Street Artist's grip.
[GameContext] Run ended.
[GameContext] [Encounter] Run ended by subroutine.
[GameContext] [End] Run ended unsuccessfully.
[GameContext] Reality Plus draws Trust Operation.
[GameContext] === Reality Plus Turn 9 begins. Credits: 15, Clicks: 3 ===
[GameContext] [MCTS] slow search: 891 ms (100 iterations, depth 3)
[GameContext] Reality Plus draws Ivik.
[GameContext] [MCTS] slow search: 952 ms (100 iterations, depth 3)
[GameContext] Reality Plus draws IP Enforcement.
[GameContext] [MCTS] slow search: 1136 ms (100 iterations, depth 3)
[GameContext] Reality Plus installs Ivik in Server 1.
[heartbeat] game 12/20 — turn 9, time 508s
[GameContext] Reality Plus discards Trust Operation to hand limit.
[GameContext] Reality Plus discards IP Enforcement to hand limit.
[GameContext] === Street Artist Turn 10 begins. Credits: 9, Clicks: 4 ===
[GameContext] Street Artist gains 9 credits.
[GameContext] Street Artist plays Sure Gamble.
[GameContext] --- Run on HQ begins ---
[GameContext] [Initiation] Run declared on HQ.
[GameContext] [Approach] Runner approaches Ivik (position 0).
[GameContext] [Encounter] Runner encounters Ivik.
[GameContext] Runner takes 2 net damage.
[GameContext]   Trashed from grip: self_modifying_code
[GameContext] Street Artist is flatlined! (no cards remaining in grip)
[GameContext] 1 card(s) trashed from Street Artist's grip.
[GameContext] Run ended.
[GameContext] [Encounter] Run ended by subroutine.
[GameContext] [End] Run ended unsuccessfully.
[GameContext] Game over — Reality Plus wins. Reality Plus wins
  [ 12/ 20]  CORP      Reality Plus wins                 10 turns
[GameContext] Reality Plus draws IP Enforcement.
[GameContext] === Reality Plus Turn 1 begins. Credits: 5, Clicks: 3 ===
[GameContext] [MCTS] slow search: 766 ms (100 iterations, depth 3)
[GameContext] Reality Plus installs Blood in the Water in Server 0.
[GameContext] [MCTS] Scoring line detected — executing: Advance blood_in_the_water
[GameContext] Reality Plus advances Blood in the Water (1 counters).
[GameContext] Reality Plus scores Blood in the Water! (2 agenda points)
[GameContext] [MCTS] slow search: 754 ms (100 iterations, depth 3)
[GameContext] Reality Plus installs Doomscroll in R&D.
[GameContext] === Street Artist Turn 2 begins. Credits: 5, Clicks: 4 ===
[GameContext] --- Run on R&D begins ---
[GameContext] [Initiation] Run declared on R&D.
[GameContext] [Approach] Runner approaches unrezzed ice (position 0).
[CorpRunAI] AI: rezzing Doomscroll would breach credit floor — holding.
[GameContext] [Approach] Corp declines to rez. Runner passes unrezzed ice.
[GameContext] [Movement] Runner approaches the server root.
[GameContext] [Success] Run successful on R&D!
[GameContext] [Debug/gain_on_success] run_modifiers at success: {  }
[GameContext] [Breach] Runner breaches R&D.
[GameContext] [Access] Runner accesses: Spin Doctor
[GameContext] [Access] Runner may trash Spin Doctor for 2 credits (Runner has 5 total).
[GameContext] [Access] Runner trashes Spin Doctor.
[GameContext] [End] Run ended successfully.
[GameContext] --- Run on HQ begins ---
[GameContext] [Initiation] Run declared on HQ.
[GameContext] [Initiation] No ice protecting server — proceeding to root.
[GameContext] [Movement] Runner approaches the server root.
[GameContext] [Success] Run successful on HQ!
[GameContext] [Debug/gain_on_success] run_modifiers at success: {  }
[GameContext] [Breach] Runner breaches HQ.
[GameContext] [Access] Runner accesses: IP Enforcement
[GameContext] [End] Run ended successfully.
Player install: card is: Unity and charged cost is: 3
[GameContext] Street Artist installs Unity. [MU: 1/4 used]
[GameContext] Street Artist draws Daily Casts.
[GameContext] Reality Plus draws Artificial Cryptocrash.
[GameContext] === Reality Plus Turn 2 begins. Credits: 4, Clicks: 3 ===
[GameContext] [MCTS] slow search: 461 ms (100 iterations, depth 3)
[GameContext] Reality Plus gains 1 credit. (5 total)
[GameContext] [MCTS] slow search: 457 ms (100 iterations, depth 3)
[GameContext] Reality Plus gains 1 credit. (6 total)
[heartbeat] game 13/20 — turn 2, time 513s
[GameContext] [MCTS] slow search: 467 ms (100 iterations, depth 3)
[GameContext] Reality Plus gains 1 credit. (7 total)
[GameContext] === Street Artist Turn 3 begins. Credits: 0, Clicks: 4 ===
[GameContext] Street Artist gains 1 credit. (1 total)
[GameContext] Street Artist plays Pinhole Threading.
[GameContext] --- Run on HQ begins ---
[GameContext] [Initiation] Run declared on HQ.
[GameContext] [Initiation] No ice protecting server — proceeding to root.
[GameContext] [Movement] Runner approaches the server root.
[GameContext] [Success] Run successful on HQ!
[GameContext] [Debug/gain_on_success] run_modifiers at success: {  }
[GameContext] [Breach] Runner breaches HQ.
[GameContext] [Access] Runner accesses: Artificial Cryptocrash
[GameContext] [Access] Runner steals Artificial Cryptocrash! (2 agenda points)
[GameContext] [End] Run ended successfully.
[GameContext] Street Artist draws Creative Commission.
[GameContext] Reality Plus draws Ivik.
[GameContext] === Reality Plus Turn 3 begins. Credits: 7, Clicks: 3 ===
[GameContext] [MCTS] slow search: 907 ms (100 iterations, depth 3)
[GameContext] Reality Plus gains 1 credit. (8 total)
[GameContext] [MCTS] slow search: 897 ms (100 iterations, depth 3)
[GameContext] Reality Plus installs Ivik in HQ.
[GameContext] [MCTS] slow search: 872 ms (100 iterations, depth 3)
[GameContext] Reality Plus gains 1 credit. (9 total)
[heartbeat] game 13/20 — turn 3, time 518s
[GameContext] === Street Artist Turn 4 begins. Credits: 0, Clicks: 4 ===
[GameContext] Street Artist gains 1 credit. (1 total)
[GameContext] Street Artist gains 5 credits.
[GameContext] Street Artist will lose 1 click(s) next turn.
[GameContext] Street Artist plays Creative Commission.
[GameContext] --- Run on R&D begins ---
[GameContext] [Initiation] Run declared on R&D.
[GameContext] [Approach] Runner approaches unrezzed ice (position 0).
[CorpRunAI] AI: Doomscroll — rez_cost=3  tax/enc=11.0  enc=3.0  LTV=33.0
[GameContext] [Rez] Corp rezzes Doomscroll for 3 credits.
[GameContext] [Encounter] Runner encounters Doomscroll.
[GameContext] Street Artist takes 1 tag(s). (1 total)
[GameContext] NBN: Reality Plus — Reality Plus may gain 2 cr or draw 2 cards.
[GameContext] [Wildcat Strike] Corp denies draws — Runner gains credits instead.
[GameContext] Reality Plus: Reality Plus chooses 'Draw 2 cards'.
[GameContext] Reality Plus draws 2 card(s).
[GameContext] Runner takes 1 net damage.
[GameContext]   Trashed from grip: daily_casts
[GameContext] 1 card(s) trashed from Street Artist's grip.
[GameContext] Subroutine condition not met — no effect.
[GameContext] [Movement] Runner approaches the server root.
[GameContext] [Success] Run successful on R&D!
[GameContext] [Debug/gain_on_success] run_modifiers at success: {  }
[GameContext] [Breach] Runner breaches R&D.
[GameContext] [Access] Runner accesses: Drago Ivanov
[GameContext] [Access] Runner may trash Drago Ivanov for 1 credits (Runner has 5 total).
[GameContext] [Access] Runner trashes Drago Ivanov.
[GameContext] [End] Run ended successfully.
[GameContext] --- Run on HQ begins ---
[GameContext] [Initiation] Run declared on HQ.
[GameContext] [Approach] Runner approaches unrezzed ice (position 0).
[GameContext] [Approach] Corp declines to rez. Runner passes unrezzed ice.
[GameContext] [Movement] Runner approaches the server root.
[GameContext] [Success] Run successful on HQ!
[GameContext] [Debug/gain_on_success] run_modifiers at success: {  }
[GameContext] [Breach] Runner breaches HQ.
[GameContext] [Access] Runner accesses: IP Enforcement
[GameContext] [End] Run ended successfully.
[GameContext] Reality Plus draws Ivik.
[GameContext] === Reality Plus Turn 4 begins. Credits: 6, Clicks: 3 ===
[GameContext] [MCTS] slow search: 1585 ms (100 iterations, depth 3)
[GameContext] Reality Plus installs Ivik in Server 0.
[GameContext] [MCTS] slow search: 1640 ms (100 iterations, depth 3)
[GameContext] Reality Plus installs Artificial Cryptocrash in Server 0.
[GameContext] [MCTS] slow search: 1631 ms (100 iterations, depth 3)
[GameContext] Reality Plus gains 1 credit. (7 total)
[heartbeat] game 13/20 — turn 4, time 523s
[GameContext] Street Artist loses 1 click(s) this turn (deferred penalty).
[GameContext] === Street Artist Turn 5 begins. Credits: 4, Clicks: 3 ===
[GameContext] Street Artist gains 5 credits.
[GameContext] Street Artist will lose 1 click(s) next turn.
[GameContext] Street Artist plays Creative Commission.
[GameContext] --- Run on Server 0 begins ---
[GameContext] [Initiation] Run declared on Server 0.
[GameContext] [Approach] Runner approaches unrezzed ice (position 0).
[CorpRunAI] AI: Ivik — rez_cost=7  tax/enc=11.0  enc=2.5  LTV=27.5
[GameContext] [Rez] Corp rezzes Ivik for 7 credits.
[GameContext] [Encounter] Runner encounters Ivik.
[GameContext] Runner takes 2 net damage.
[GameContext]   Trashed from grip: dzmz_optimizer
[GameContext]   Trashed from grip: self_modifying_code
[GameContext] 2 card(s) trashed from Street Artist's grip.
[GameContext] Run ended.
[GameContext] [Encounter] Run ended by subroutine.
[GameContext] [End] Run ended unsuccessfully.
[GameContext] Game over — Reality Plus wins. "Street Artist" flatlined (empty grip)
  [ 13/ 20]  CORP      "Street Artist" flatlined (empty grip)   5 turns
[GameContext] Reality Plus draws Spin Doctor.
[GameContext] === Reality Plus Turn 1 begins. Credits: 5, Clicks: 3 ===
[GameContext] [MCTS] slow search: 1034 ms (100 iterations, depth 3)
[GameContext] Reality Plus installs Ivik in HQ.
[GameContext] [MCTS] slow search: 924 ms (100 iterations, depth 3)
[GameContext] Reality Plus gains 1 credit. (6 total)
[GameContext] [MCTS] slow search: 1016 ms (100 iterations, depth 3)
[GameContext] Reality Plus installs Doomscroll in R&D.
[GameContext] === Street Artist Turn 2 begins. Credits: 5, Clicks: 4 ===
[GameContext] --- Run on R&D begins ---
[GameContext] [Initiation] Run declared on R&D.
[GameContext] [Approach] Runner approaches unrezzed ice (position 0).
[CorpRunAI] AI: Doomscroll — rez_cost=3  tax/enc=11.0  enc=3.0  LTV=33.0
[GameContext] [Rez] Corp rezzes Doomscroll for 3 credits.
[GameContext] [Encounter] Runner encounters Doomscroll.
[GameContext] Street Artist takes 1 tag(s). (1 total)
[GameContext] NBN: Reality Plus — Reality Plus may gain 2 cr or draw 2 cards.
[GameContext] [Wildcat Strike] Corp denies draws — Runner gains credits instead.
[GameContext] Reality Plus: Reality Plus chooses 'Draw 2 cards'.
[GameContext] Reality Plus draws 2 card(s).
[GameContext] Runner takes 1 net damage.
[GameContext]   Trashed from grip: simulchip
[GameContext] 1 card(s) trashed from Street Artist's grip.
[GameContext] Subroutine condition not met — no effect.
[GameContext] [Movement] Runner approaches the server root.
[GameContext] [Success] Run successful on R&D!
[GameContext] [Debug/gain_on_success] run_modifiers at success: {  }
[GameContext] [Breach] Runner breaches R&D.
[GameContext] [Access] Runner accesses: Chekist Scion
[GameContext] [Access] Runner may trash Chekist Scion for 0 credits (Runner has 5 total).
[GameContext] [Access] Runner trashes Chekist Scion.
[GameContext] [End] Run ended successfully.
[GameContext] --- Run on HQ begins ---
[GameContext] [Initiation] Run declared on HQ.
[GameContext] [Approach] Runner approaches unrezzed ice (position 0).
[GameContext] [Approach] Corp declines to rez. Runner passes unrezzed ice.
[GameContext] [Movement] Runner approaches the server root.
[GameContext] [Success] Run successful on HQ!
[GameContext] [Debug/gain_on_success] run_modifiers at success: {  }
[GameContext] [Breach] Runner breaches HQ.
[GameContext] [Access] Runner accesses: Blood in the Water
[GameContext] [Access] Runner steals Blood in the Water! (2 agenda points)
[GameContext] [End] Run ended successfully.
Player install: card is: Echelon and charged cost is: 3
[GameContext] Street Artist installs Echelon. [MU: 1/4 used]
[GameContext] Street Artist removes 1 tag (0 remaining). [paid 2cr]
[GameContext] Reality Plus draws Funhouse.
[GameContext] === Reality Plus Turn 2 begins. Credits: 3, Clicks: 3 ===
[GameContext] [MCTS] slow search: 988 ms (100 iterations, depth 3)
[heartbeat] game 14/20 — turn 2, time 529s
[GameContext] Reality Plus pays 1 credit(s) to install ice.
[GameContext] Reality Plus installs Vasilisa in R&D.
[GameContext] [MCTS] slow search: 1018 ms (100 iterations, depth 3)
[GameContext] Reality Plus installs Funhouse in Server 0.
[GameContext] [MCTS] slow search: 908 ms (100 iterations, depth 3)
[GameContext] Reality Plus gains 1 credit. (3 total)
[GameContext] === Street Artist Turn 3 begins. Credits: 0, Clicks: 4 ===
[GameContext] Street Artist gains 1 credit. (1 total)
[GameContext] --- Run on HQ begins ---
[GameContext] [Initiation] Run declared on HQ.
[GameContext] [Approach] Runner approaches unrezzed ice (position 0).
[GameContext] [Approach] Corp declines to rez. Runner passes unrezzed ice.
[GameContext] [Movement] Runner approaches the server root.
[GameContext] [Success] Run successful on HQ!
[GameContext] [Debug/gain_on_success] run_modifiers at success: {  }
[GameContext] [Breach] Runner breaches HQ.
[GameContext] [Access] Runner accesses: Spin Doctor
[GameContext] [Access] Runner may trash Spin Doctor for 2 credits (Runner has 1 total).
[GameContext] [Access] Runner cannot afford to trash.
[GameContext] [End] Run ended successfully.
[GameContext] Street Artist draws Creative Commission.
[GameContext] Street Artist draws Propeller.
[GameContext] Reality Plus draws Backroom Machinations.
[GameContext] === Reality Plus Turn 3 begins. Credits: 3, Clicks: 3 ===
[GameContext] [MCTS] slow search: 778 ms (100 iterations, depth 3)
[GameContext] Reality Plus installs Spin Doctor in Server 1.
[GameContext] [MCTS] slow search: 671 ms (100 iterations, depth 3)
[GameContext] Reality Plus gains 1 credit. (4 total)
[heartbeat] game 14/20 — turn 3, time 534s
[GameContext] [MCTS] slow search: 625 ms (100 iterations, depth 3)
[GameContext] Reality Plus gains 1 credit. (5 total)
[GameContext] === Street Artist Turn 4 begins. Credits: 1, Clicks: 4 ===
[GameContext] Street Artist gains 5 credits.
[GameContext] Street Artist will lose 1 click(s) next turn.
[GameContext] Street Artist plays Creative Commission.
[GameContext] --- Run on HQ begins ---
[GameContext] [Initiation] Run declared on HQ.
[GameContext] [Approach] Runner approaches unrezzed ice (position 0).
[GameContext] [Approach] Corp declines to rez. Runner passes unrezzed ice.
[GameContext] [Movement] Runner approaches the server root.
[GameContext] [Success] Run successful on HQ!
[GameContext] [Debug/gain_on_success] run_modifiers at success: {  }
[GameContext] [Breach] Runner breaches HQ.
[GameContext] [Access] Runner accesses: Drago Ivanov
[GameContext] [Access] Runner may trash Drago Ivanov for 1 credits (Runner has 5 total).
[GameContext] [Access] Runner trashes Drago Ivanov.
[GameContext] [End] Run ended successfully.
Player install: card is: Propeller and charged cost is: 1
[GameContext] Placed 4 power counter(s) on Propeller.
[GameContext] Street Artist installs Propeller. [MU: 2/4 used]
[GameContext] Street Artist draws Sure Gamble.
[GameContext] Reality Plus draws Vasilisa.
[GameContext] === Reality Plus Turn 4 begins. Credits: 5, Clicks: 3 ===
[GameContext] Reality Plus draws 2 card(s).
[GameContext] Reality Plus rezzes Spin Doctor for 0 cr.
[GameContext] [MCTS] slow search: 240 ms (100 iterations, depth 3)
[GameContext] Reality Plus installs Blood in the Water in Server 0.
[GameContext] [MCTS] Scoring line detected — executing: Advance blood_in_the_water
[GameContext] Reality Plus advances Blood in the Water (1 counters).
[GameContext] Reality Plus scores Blood in the Water! (2 agenda points)
[GameContext] [MCTS] slow search: 680 ms (100 iterations, depth 3)
[GameContext] Reality Plus pays 1 credit(s) to install ice.
[GameContext] Reality Plus installs Vasilisa in HQ.
[GameContext] Street Artist loses 1 click(s) this turn (deferred penalty).
[GameContext] === Street Artist Turn 5 begins. Credits: 3, Clicks: 3 ===
[GameContext] --- Run on HQ begins ---
[GameContext] [Initiation] Run declared on HQ.
[GameContext] [Approach] Runner approaches unrezzed ice (position 0).
[CorpRunAI] AI: rezzing Vasilisa would breach credit floor — holding.
[GameContext] [Approach] Corp declines to rez. Runner passes unrezzed ice.
[GameContext] [Approach] Runner approaches unrezzed ice (position 1).
[CorpRunAI] AI: rezzing Vasilisa would breach credit floor — holding.
[GameContext] [Approach] Corp declines to rez. Runner passes unrezzed ice.
[GameContext] [Movement] Runner approaches the server root.
[GameContext] [Success] Run successful on HQ!
[GameContext] [Debug/gain_on_success] run_modifiers at success: {  }
[GameContext] [Breach] Runner breaches HQ.
[GameContext] [Access] Runner accesses: Backroom Machinations
[GameContext] [End] Run ended successfully.
[GameContext] Street Artist draws Sure Gamble.
[GameContext] Street Artist gains 1 credit. (4 total)
[GameContext] Reality Plus draws Hedge Fund.
[GameContext] === Reality Plus Turn 5 begins. Credits: 3, Clicks: 3 ===
[GameContext] [MCTS] slow search: 648 ms (100 iterations, depth 3)
[GameContext] Spin Doctor: shuffled 2 card(s) from Archives into R&D.
[GameContext] Spin Doctor is trashed.
[heartbeat] game 14/20 — turn 5, time 539s
[GameContext] [MCTS] slow search: 603 ms (100 iterations, depth 3)
[GameContext] Reality Plus installs Spin Doctor in Server 1.
[GameContext] [MCTS] slow search: 542 ms (100 iterations, depth 3)
[GameContext] Reality Plus gains 1 credit. (4 total)
[GameContext] === Street Artist Turn 6 begins. Credits: 4, Clicks: 4 ===
[GameContext] Street Artist gains 1 credit. (5 total)
[GameContext] Street Artist gains 9 credits.
[GameContext] Street Artist plays Sure Gamble.
[GameContext] Street Artist gains 9 credits.
[GameContext] Street Artist plays Sure Gamble.
[GameContext] --- Run on R&D begins ---
[GameContext] [Initiation] Run declared on R&D.
[GameContext] [Approach] Runner approaches unrezzed ice (position 0).
[CorpRunAI] AI: rezzing Vasilisa would breach credit floor — holding.
[GameContext] [Approach] Corp declines to rez. Runner passes unrezzed ice.
[GameContext] [Approach] Runner approaches Doomscroll (position 1).
[CorpRunAI] AI: rezzing Vasilisa would breach credit floor — holding.
[GameContext] [Encounter] Runner encounters Doomscroll.
[GameContext] [Encounter] Echelon boosted  +2 str (now 4). Cost: 1 cr.
[GameContext] [Encounter] Echelon breaks 'Give the Runner 1 tag.' for 1 cr.
[GameContext] [Encounter] Echelon breaks 'Do 1 net damage.' for 1 cr.
[GameContext] [Encounter] Echelon breaks 'Do 2 net damage if the Runner has at least 2 tags.' for 1 cr.
[GameContext] [Encounter] Subroutine 0 broken.
[GameContext] [Encounter] Subroutine 1 broken.
[GameContext] [Encounter] Subroutine 2 broken.
[GameContext] [Movement] Runner approaches the server root.
[GameContext] [Success] Run successful on R&D!
[GameContext] [Debug/gain_on_success] run_modifiers at success: { "overclock_credits": 0, "concerto_credits": 0, "bad_pub_credits": 0 }
[GameContext] [Breach] Runner breaches R&D.
[GameContext] [Access] Runner accesses: Chekist Scion
[GameContext] [Access] Runner may trash Chekist Scion for 0 credits (Runner has 9 total).
[GameContext] [Access] Runner trashes Chekist Scion.
[GameContext] [End] Run ended successfully.
[GameContext] Reality Plus draws Trust Operation.
[GameContext] === Reality Plus Turn 6 begins. Credits: 4, Clicks: 3 ===
[GameContext] Reality Plus draws 2 card(s).
[GameContext] Reality Plus rezzes Spin Doctor for 0 cr.
[GameContext] [MCTS] slow search: 721 ms (100 iterations, depth 3)
[GameContext] Spin Doctor: shuffled 2 card(s) from Archives into R&D.
[GameContext] Spin Doctor is trashed.
[GameContext] [MCTS] slow search: 619 ms (100 iterations, depth 3)
[GameContext] Reality Plus pays 2 credit(s) to install ice.
[GameContext] Reality Plus installs Funhouse in R&D.
[GameContext] [MCTS] slow search: 697 ms (100 iterations, depth 3)
[GameContext] Reality Plus gains 1 credit. (3 total)
[heartbeat] game 14/20 — turn 6, time 544s
[GameContext] Reality Plus discards Trust Operation to hand limit.
[GameContext] === Street Artist Turn 7 begins. Credits: 9, Clicks: 4 ===
[GameContext] --- Run on R&D begins ---
[GameContext] [Initiation] Run declared on R&D.
[GameContext] [Approach] Runner approaches unrezzed ice (position 0).
[GameContext] [Approach] Corp declines to rez. Runner passes unrezzed ice.
[GameContext] [Approach] Runner approaches unrezzed ice (position 1).
[GameContext] [Approach] Corp declines to rez. Runner passes unrezzed ice.
[GameContext] [Approach] Runner approaches Doomscroll (position 2).
[GameContext] [Encounter] Runner encounters Doomscroll.
[GameContext] [Encounter] Echelon boosted  +2 str (now 4). Cost: 1 cr.
[GameContext] [Encounter] Echelon breaks 'Give the Runner 1 tag.' for 1 cr.
[GameContext] [Encounter] Echelon breaks 'Do 1 net damage.' for 1 cr.
[GameContext] [Encounter] Echelon breaks 'Do 2 net damage if the Runner has at least 2 tags.' for 1 cr.
[GameContext] [Encounter] Subroutine 0 broken.
[GameContext] [Encounter] Subroutine 1 broken.
[GameContext] [Encounter] Subroutine 2 broken.
[GameContext] [Movement] Runner approaches the server root.
[GameContext] [Success] Run successful on R&D!
[GameContext] [Debug/gain_on_success] run_modifiers at success: { "overclock_credits": 0, "concerto_credits": 0, "bad_pub_credits": 0 }
[GameContext] [Breach] Runner breaches R&D.
[GameContext] [Access] Runner accesses: Doomscroll
[GameContext] [End] Run ended successfully.
[GameContext] --- Run on HQ begins ---
[GameContext] [Initiation] Run declared on HQ.
[GameContext] [Approach] Runner approaches unrezzed ice (position 0).
[CorpRunAI] AI: rezzing Vasilisa would breach credit floor — holding.
[GameContext] [Approach] Corp declines to rez. Runner passes unrezzed ice.
[GameContext] [Approach] Runner approaches unrezzed ice (position 1).
[CorpRunAI] AI: rezzing Vasilisa would breach credit floor — holding.
[GameContext] [Approach] Corp declines to rez. Runner passes unrezzed ice.
[GameContext] [Movement] Runner approaches the server root.
[GameContext] [Success] Run successful on HQ!
[GameContext] [Debug/gain_on_success] run_modifiers at success: {  }
[GameContext] [Breach] Runner breaches HQ.
[GameContext] [Access] Runner accesses: Backroom Machinations
[GameContext] [End] Run ended successfully.
[GameContext] Street Artist draws Pinhole Threading.
[GameContext] Street Artist draws Self-modifying Code.
[GameContext] Reality Plus draws Doomscroll.
[GameContext] === Reality Plus Turn 7 begins. Credits: 3, Clicks: 3 ===
[GameContext] [MCTS] slow search: 309 ms (100 iterations, depth 3)
[GameContext] Reality Plus installs Doomscroll in Server 1.
[GameContext] [MCTS] slow search: 250 ms (100 iterations, depth 3)
[GameContext] Reality Plus installs Chekist Scion in Server 1.
[GameContext] [MCTS] slow search: 204 ms (100 iterations, depth 3)
[GameContext] Reality Plus gains 1 credit. (4 total)
[GameContext] === Street Artist Turn 8 begins. Credits: 5, Clicks: 4 ===
[GameContext] --- Run on HQ begins ---
[GameContext] [Initiation] Run declared on HQ.
[GameContext] [Approach] Runner approaches unrezzed ice (position 0).
[CorpRunAI] AI: rezzing Vasilisa would breach credit floor — holding.
[GameContext] [Approach] Corp declines to rez. Runner passes unrezzed ice.
[GameContext] [Approach] Runner approaches unrezzed ice (position 1).
[CorpRunAI] AI: rezzing Vasilisa would breach credit floor — holding.
[GameContext] [Approach] Corp declines to rez. Runner passes unrezzed ice.
[GameContext] [Movement] Runner approaches the server root.
[GameContext] [Success] Run successful on HQ!
[GameContext] [Debug/gain_on_success] run_modifiers at success: {  }
[GameContext] [Breach] Runner breaches HQ.
[GameContext] [Access] Runner accesses: Drago Ivanov
[GameContext] [Access] Runner may trash Drago Ivanov for 1 credits (Runner has 5 total).
[GameContext] [Access] Runner trashes Drago Ivanov.
[GameContext] [End] Run ended successfully.
[GameContext] Street Artist plays Pinhole Threading.
[GameContext] Street Artist draws Sure Gamble.
[GameContext] Street Artist gains 1 credit. (4 total)
[GameContext] Reality Plus draws Drago Ivanov.
[GameContext] === Reality Plus Turn 8 begins. Credits: 4, Clicks: 3 ===
[GameContext] Reality Plus rezzes Chekist Scion for 0 cr.
[GameContext] [MCTS] slow search: 314 ms (100 iterations, depth 3)
[GameContext] Reality Plus action rejected: Card __sim_trap__ not found or not advanceable
[GameContext] === Street Artist Turn 9 begins. Credits: 4, Clicks: 4 ===
[GameContext] Street Artist gains 1 credit. (5 total)
[GameContext] Street Artist gains 9 credits.
[GameContext] Street Artist plays Sure Gamble.
[GameContext] --- Run on R&D begins ---
[GameContext] [Initiation] Run declared on R&D.
[GameContext] [Approach] Runner approaches unrezzed ice (position 0).
[GameContext] [Approach] Corp declines to rez. Runner passes unrezzed ice.
[GameContext] [Approach] Runner approaches unrezzed ice (position 1).
[GameContext] [Approach] Corp declines to rez. Runner passes unrezzed ice.
[GameContext] [Approach] Runner approaches Doomscroll (position 2).
[GameContext] [Encounter] Runner encounters Doomscroll.
[GameContext] [Encounter] Echelon boosted  +2 str (now 4). Cost: 1 cr.
[GameContext] [Encounter] Echelon breaks 'Give the Runner 1 tag.' for 1 cr.
[GameContext] [Encounter] Echelon breaks 'Do 1 net damage.' for 1 cr.
[GameContext] [Encounter] Echelon breaks 'Do 2 net damage if the Runner has at least 2 tags.' for 1 cr.
[GameContext] [Encounter] Subroutine 0 broken.
[GameContext] [Encounter] Subroutine 1 broken.
[GameContext] [Encounter] Subroutine 2 broken.
[GameContext] [Movement] Runner approaches the server root.
[GameContext] [Success] Run successful on R&D!
[GameContext] [Debug/gain_on_success] run_modifiers at success: { "overclock_credits": 0, "concerto_credits": 0, "bad_pub_credits": 0 }
[GameContext] [Breach] Runner breaches R&D.
[GameContext] [Access] Runner accesses: Chekist Scion
[GameContext] [Access] Runner may trash Chekist Scion for 0 credits (Runner has 5 total).
[GameContext] [Access] Runner trashes Chekist Scion.
[GameContext] [End] Run ended successfully.
[GameContext] --- Run on HQ begins ---
[GameContext] [Initiation] Run declared on HQ.
[GameContext] [Approach] Runner approaches unrezzed ice (position 0).
[CorpRunAI] AI: rezzing Vasilisa would breach credit floor — holding.
[GameContext] [Approach] Corp declines to rez. Runner passes unrezzed ice.
[GameContext] [Approach] Runner approaches unrezzed ice (position 1).
[CorpRunAI] AI: rezzing Vasilisa would breach credit floor — holding.
[GameContext] [Approach] Corp declines to rez. Runner passes unrezzed ice.
[GameContext] [Movement] Runner approaches the server root.
[GameContext] [Success] Run successful on HQ!
[GameContext] [Debug/gain_on_success] run_modifiers at success: {  }
[GameContext] [Breach] Runner breaches HQ.
[GameContext] [Access] Runner accesses: Hedge Fund
[GameContext] [End] Run ended successfully.
[GameContext] Reality Plus draws Hedge Fund.
[GameContext] === Reality Plus Turn 9 begins. Credits: 4, Clicks: 3 ===
[GameContext] Reality Plus action rejected: Card __sim_trap__ not found or not advanceable
[GameContext] === Street Artist Turn 10 begins. Credits: 5, Clicks: 4 ===
[GameContext] --- Run on HQ begins ---
[GameContext] [Initiation] Run declared on HQ.
[GameContext] [Approach] Runner approaches unrezzed ice (position 0).
[CorpRunAI] AI: rezzing Vasilisa would breach credit floor — holding.
[GameContext] [Approach] Corp declines to rez. Runner passes unrezzed ice.
[GameContext] [Approach] Runner approaches unrezzed ice (position 1).
[CorpRunAI] AI: rezzing Vasilisa would breach credit floor — holding.
[GameContext] [Approach] Corp declines to rez. Runner passes unrezzed ice.
[GameContext] [Movement] Runner approaches the server root.
[GameContext] [Success] Run successful on HQ!
[GameContext] [Debug/gain_on_success] run_modifiers at success: {  }
[GameContext] [Breach] Runner breaches HQ.
[GameContext] [Access] Runner accesses: Backroom Machinations
[GameContext] [End] Run ended successfully.
[GameContext] Street Artist draws Simulchip.
[GameContext] Street Artist gains 1 credit. (6 total)
[GameContext] Street Artist gains 1 credit. (7 total)
[GameContext] Reality Plus draws Ivik.
[GameContext] === Reality Plus Turn 10 begins. Credits: 4, Clicks: 3 ===
[GameContext] [MCTS] slow search: 508 ms (100 iterations, depth 3)
[GameContext] Reality Plus gains 1 credit. (5 total)
[GameContext] [MCTS] slow search: 566 ms (100 iterations, depth 3)
[GameContext] Reality Plus gains 9 credits.
[GameContext] Reality Plus plays Hedge Fund.
[heartbeat] game 14/20 — turn 10, time 549s
[GameContext] [MCTS] slow search: 554 ms (100 iterations, depth 3)
[GameContext] Reality Plus gains 9 credits.
[GameContext] Reality Plus plays Hedge Fund.
[GameContext] === Street Artist Turn 11 begins. Credits: 7, Clicks: 4 ===
[GameContext] Street Artist gains 1 credit. (8 total)
[GameContext] --- Run on HQ begins ---
[GameContext] [Initiation] Run declared on HQ.
[GameContext] [Approach] Runner approaches unrezzed ice (position 0).
[CorpRunAI] AI: Vasilisa — rez_cost=2  tax/enc=2.0  enc=3.0  LTV=6.0
[GameContext] [Rez] Corp rezzes Vasilisa for 2 credits.
[GameContext] [Encounter] Runner encounters Vasilisa.
[GameContext] [Encounter] Echelon breaks 'Give the Runner 1 tag.' for 1 cr.
[GameContext] [Encounter] Subroutine 0 broken.
[GameContext] [Approach] Runner approaches unrezzed ice (position 1).
[GameContext] [Approach] Corp declines to rez. Runner passes unrezzed ice.
[GameContext] [Movement] Runner approaches the server root.
[GameContext] [Success] Run successful on HQ!
[GameContext] [Debug/gain_on_success] run_modifiers at success: { "overclock_credits": 0, "concerto_credits": 0, "bad_pub_credits": 0 }
[GameContext] [Breach] Runner breaches HQ.
[GameContext] [Access] Runner accesses: Regolith Mining License
[GameContext] [Access] Runner may trash Regolith Mining License for 3 credits (Runner has 7 total).
[GameContext] [Access] Runner trashes Regolith Mining License.
[GameContext] [End] Run ended successfully.
[GameContext] Street Artist gains 1 credit. (5 total)
[GameContext] Street Artist gains 1 credit. (6 total)
[GameContext] Reality Plus draws Spin Doctor.
[GameContext] === Reality Plus Turn 11 begins. Credits: 11, Clicks: 3 ===
[GameContext] [MCTS] slow search: 1011 ms (100 iterations, depth 3)
[GameContext] Reality Plus draws Chekist Scion.
[GameContext] [MCTS] slow search: 1436 ms (100 iterations, depth 3)
[GameContext] Reality Plus pays 2 credit(s) to install ice.
[GameContext] Reality Plus installs Ivik in HQ.
[GameContext] [MCTS] slow search: 1247 ms (100 iterations, depth 3)
[GameContext] Reality Plus action rejected: Card __sim_trap__ not found or not advanceable
[GameContext] === Street Artist Turn 12 begins. Credits: 6, Clicks: 4 ===
[GameContext] Street Artist gains 1 credit. (7 total)
[GameContext] Street Artist gains 1 credit. (8 total)
[GameContext] --- Run on HQ begins ---
[GameContext] [Initiation] Run declared on HQ.
[GameContext] [Approach] Runner approaches unrezzed ice (position 0).
[CorpRunAI] AI: rezzing Ivik would breach credit floor — holding.
[GameContext] [Approach] Corp declines to rez. Runner passes unrezzed ice.
[GameContext] [Approach] Runner approaches Vasilisa (position 1).
[CorpRunAI] AI: rezzing Ivik would breach credit floor — holding.
[GameContext] [Encounter] Runner encounters Vasilisa.
[GameContext] [Encounter] Echelon breaks 'Give the Runner 1 tag.' for 1 cr.
[GameContext] [Encounter] Subroutine 0 broken.
[GameContext] [Approach] Runner approaches unrezzed ice (position 2).
[CorpRunAI] AI: rezzing Ivik would breach credit floor — holding.
[GameContext] [Approach] Corp declines to rez. Runner passes unrezzed ice.
[GameContext] [Movement] Runner approaches the server root.
[GameContext] [Success] Run successful on HQ!
[GameContext] [Debug/gain_on_success] run_modifiers at success: { "overclock_credits": 0, "concerto_credits": 0, "bad_pub_credits": 0 }
[GameContext] [Breach] Runner breaches HQ.
[GameContext] [Access] Runner accesses: Chekist Scion
[GameContext] [Access] Runner may trash Chekist Scion for 0 credits (Runner has 7 total).
[GameContext] [Access] Runner trashes Chekist Scion.
[GameContext] [End] Run ended successfully.
[GameContext] Street Artist gains 1 credit. (8 total)
[heartbeat] game 14/20 — turn 12, time 555s
[GameContext] Reality Plus draws Retribution.
[GameContext] === Reality Plus Turn 12 begins. Credits: 9, Clicks: 3 ===
[GameContext] [MCTS] slow search: 1423 ms (100 iterations, depth 3)
[GameContext] Reality Plus action rejected: Card __sim_trap__ not found or not advanceable
[GameContext] === Street Artist Turn 13 begins. Credits: 8, Clicks: 4 ===
[GameContext] --- Run on HQ begins ---
[GameContext] [Initiation] Run declared on HQ.
[GameContext] [Approach] Runner approaches unrezzed ice (position 0).
[CorpRunAI] AI: rezzing Ivik would breach credit floor — holding.
[GameContext] [Approach] Corp declines to rez. Runner passes unrezzed ice.
[GameContext] [Approach] Runner approaches Vasilisa (position 1).
[CorpRunAI] AI: rezzing Ivik would breach credit floor — holding.
[GameContext] [Encounter] Runner encounters Vasilisa.
[GameContext] [Encounter] Echelon breaks 'Give the Runner 1 tag.' for 1 cr.
[GameContext] [Encounter] Subroutine 0 broken.
[GameContext] [Approach] Runner approaches unrezzed ice (position 2).
[CorpRunAI] AI: rezzing Ivik would breach credit floor — holding.
[GameContext] [Approach] Corp declines to rez. Runner passes unrezzed ice.
[GameContext] [Movement] Runner approaches the server root.
[GameContext] [Success] Run successful on HQ!
[GameContext] [Debug/gain_on_success] run_modifiers at success: { "overclock_credits": 0, "concerto_credits": 0, "bad_pub_credits": 0 }
[GameContext] [Breach] Runner breaches HQ.
[GameContext] [Access] Runner accesses: Spin Doctor
[GameContext] [Access] Runner may trash Spin Doctor for 2 credits (Runner has 7 total).
[GameContext] [Access] Runner trashes Spin Doctor.
[GameContext] [End] Run ended successfully.
[GameContext] Street Artist gains 1 credit. (6 total)
[GameContext] Street Artist gains 1 credit. (7 total)
[GameContext] Street Artist gains 1 credit. (8 total)
[GameContext] Reality Plus draws IP Enforcement.
[GameContext] === Reality Plus Turn 13 begins. Credits: 9, Clicks: 3 ===
[GameContext] [MCTS] slow search: 1082 ms (100 iterations, depth 3)
[GameContext] Reality Plus action rejected: Card __sim_trap__ not found or not advanceable
[GameContext] === Street Artist Turn 14 begins. Credits: 8, Clicks: 4 ===
[GameContext] --- Run on HQ begins ---
[GameContext] [Initiation] Run declared on HQ.
[GameContext] [Approach] Runner approaches unrezzed ice (position 0).
[CorpRunAI] AI: rezzing Ivik would breach credit floor — holding.
[GameContext] [Approach] Corp declines to rez. Runner passes unrezzed ice.
[GameContext] [Approach] Runner approaches Vasilisa (position 1).
[CorpRunAI] AI: rezzing Ivik would breach credit floor — holding.
[GameContext] [Encounter] Runner encounters Vasilisa.
[GameContext] [Encounter] Echelon breaks 'Give the Runner 1 tag.' for 1 cr.
[GameContext] [Encounter] Subroutine 0 broken.
[GameContext] [Approach] Runner approaches unrezzed ice (position 2).
[CorpRunAI] AI: rezzing Ivik would breach credit floor — holding.
[GameContext] [Approach] Corp declines to rez. Runner passes unrezzed ice.
[GameContext] [Movement] Runner approaches the server root.
[GameContext] [Success] Run successful on HQ!
[GameContext] [Debug/gain_on_success] run_modifiers at success: { "overclock_credits": 0, "concerto_credits": 0, "bad_pub_credits": 0 }
[GameContext] [Breach] Runner breaches HQ.
[GameContext] [Access] Runner accesses: Backroom Machinations
[GameContext] [End] Run ended successfully.
[GameContext] Street Artist gains 1 credit. (8 total)
[GameContext] Street Artist gains 1 credit. (9 total)
[GameContext] Street Artist gains 1 credit. (10 total)
[GameContext] Reality Plus draws Artificial Cryptocrash.
[GameContext] === Reality Plus Turn 14 begins. Credits: 9, Clicks: 3 ===
[GameContext] [MCTS] slow search: 1924 ms (100 iterations, depth 3)
[GameContext] Reality Plus installs Artificial Cryptocrash in Server 0.
[heartbeat] game 14/20 — turn 14, time 560s
[GameContext] [MCTS] slow search: 1870 ms (100 iterations, depth 3)
[GameContext] Reality Plus advances Artificial Cryptocrash (1 counters).
[GameContext] [MCTS] slow search: 1819 ms (100 iterations, depth 3)
[GameContext] Reality Plus advances Artificial Cryptocrash (2 counters).
[GameContext] === Street Artist Turn 15 begins. Credits: 10, Clicks: 4 ===
[GameContext] --- Run on Server 0 begins ---
[GameContext] [Initiation] Run declared on Server 0.
[GameContext] [Approach] Runner approaches unrezzed ice (position 0).
[CorpRunAI] AI: Funhouse — rez_cost=5  tax/enc=8.0  enc=2.5  LTV=20.0
[CorpRunAI] AI: deferring Funhouse (pri=8.00) — saving for Funhouse on rd (pri=12.00)
[GameContext] [Approach] Corp declines to rez. Runner passes unrezzed ice.
[GameContext] [Movement] Runner approaches the server root.
[GameContext] [Success] Run successful on Server 0!
[GameContext] [Debug/gain_on_success] run_modifiers at success: {  }
[GameContext] [Breach] Runner breaches Server 0.
[GameContext] [Access] Runner accesses: Artificial Cryptocrash
[GameContext] [Access] Runner steals Artificial Cryptocrash! (2 agenda points)
[GameContext] [End] Run ended successfully.
[GameContext] --- Run on R&D begins ---
[GameContext] [Initiation] Run declared on R&D.
[GameContext] [Approach] Runner approaches unrezzed ice (position 0).
[CorpRunAI] AI: rezzing Funhouse would breach credit floor — holding.
[GameContext] [Approach] Corp declines to rez. Runner passes unrezzed ice.
[GameContext] [Approach] Runner approaches unrezzed ice (position 1).
[CorpRunAI] AI: rezzing Funhouse would breach credit floor — holding.
[GameContext] [Approach] Corp declines to rez. Runner passes unrezzed ice.
[GameContext] [Approach] Runner approaches Doomscroll (position 2).
[CorpRunAI] AI: rezzing Funhouse would breach credit floor — holding.
[GameContext] [Encounter] Runner encounters Doomscroll.
[GameContext] [Encounter] Echelon boosted  +2 str (now 4). Cost: 1 cr.
[GameContext] [Encounter] Echelon breaks 'Give the Runner 1 tag.' for 1 cr.
[GameContext] [Encounter] Echelon breaks 'Do 1 net damage.' for 1 cr.
[GameContext] [Encounter] Echelon breaks 'Do 2 net damage if the Runner has at least 2 tags.' for 1 cr.
[GameContext] [Encounter] Subroutine 0 broken.
[GameContext] [Encounter] Subroutine 1 broken.
[GameContext] [Encounter] Subroutine 2 broken.
[GameContext] [Movement] Runner approaches the server root.
[GameContext] [Success] Run successful on R&D!
[GameContext] [Debug/gain_on_success] run_modifiers at success: { "overclock_credits": 0, "concerto_credits": 0, "bad_pub_credits": 0 }
[GameContext] [Breach] Runner breaches R&D.
[GameContext] [Access] Runner accesses: Retribution
[GameContext] [End] Run ended successfully.
[GameContext] --- Run on HQ begins ---
[GameContext] [Initiation] Run declared on HQ.
[GameContext] [Approach] Runner approaches unrezzed ice (position 0).
[CorpRunAI] AI: rezzing Ivik would breach credit floor — holding.
[GameContext] [Approach] Corp declines to rez. Runner passes unrezzed ice.
[GameContext] [Approach] Runner approaches Vasilisa (position 1).
[CorpRunAI] AI: rezzing Ivik would breach credit floor — holding.
[GameContext] [Encounter] Runner encounters Vasilisa.
[GameContext] [Encounter] Echelon breaks 'Give the Runner 1 tag.' for 1 cr.
[GameContext] [Encounter] Subroutine 0 broken.
[GameContext] [Approach] Runner approaches unrezzed ice (position 2).
[CorpRunAI] AI: rezzing Ivik would breach credit floor — holding.
[GameContext] [Approach] Corp declines to rez. Runner passes unrezzed ice.
[GameContext] [Movement] Runner approaches the server root.
[GameContext] [Success] Run successful on HQ!
[GameContext] [Debug/gain_on_success] run_modifiers at success: { "overclock_credits": 0, "concerto_credits": 0, "bad_pub_credits": 0 }
[GameContext] [Breach] Runner breaches HQ.
[GameContext] [Access] Runner accesses: IP Enforcement
[GameContext] [End] Run ended successfully.
[GameContext] Street Artist gains 1 credit. (6 total)
[GameContext] Reality Plus draws Retribution.
[GameContext] === Reality Plus Turn 15 begins. Credits: 7, Clicks: 3 ===
[GameContext] [MCTS] slow search: 1223 ms (100 iterations, depth 3)
[heartbeat] game 14/20 — turn 15, time 566s
[GameContext] Reality Plus gains 1 credit. (8 total)
[GameContext] [MCTS] slow search: 1272 ms (100 iterations, depth 3)
[GameContext] Condition not met — ability has no effect.
[GameContext] Reality Plus plays IP Enforcement.
[GameContext] [MCTS] slow search: 1099 ms (100 iterations, depth 3)
[GameContext] Reality Plus gains 1 credit. (9 total)
[GameContext] === Street Artist Turn 16 begins. Credits: 6, Clicks: 4 ===
[GameContext] Street Artist gains 1 credit. (7 total)
[GameContext] Street Artist gains 1 credit. (8 total)
[GameContext] --- Run on HQ begins ---
[GameContext] [Initiation] Run declared on HQ.
[GameContext] [Approach] Runner approaches unrezzed ice (position 0).
[CorpRunAI] AI: rezzing Ivik would breach credit floor — holding.
[GameContext] [Approach] Corp declines to rez. Runner passes unrezzed ice.
[GameContext] [Approach] Runner approaches Vasilisa (position 1).
[CorpRunAI] AI: rezzing Ivik would breach credit floor — holding.
[GameContext] [Encounter] Runner encounters Vasilisa.
[GameContext] [Encounter] Echelon breaks 'Give the Runner 1 tag.' for 1 cr.
[GameContext] [Encounter] Subroutine 0 broken.
[GameContext] [Approach] Runner approaches unrezzed ice (position 2).
[CorpRunAI] AI: rezzing Ivik would breach credit floor — holding.
[GameContext] [Approach] Corp declines to rez. Runner passes unrezzed ice.
[GameContext] [Movement] Runner approaches the server root.
[GameContext] [Success] Run successful on HQ!
[GameContext] [Debug/gain_on_success] run_modifiers at success: { "overclock_credits": 0, "concerto_credits": 0, "bad_pub_credits": 0 }
[GameContext] [Breach] Runner breaches HQ.
[GameContext] [Access] Runner accesses: Backroom Machinations
[GameContext] [End] Run ended successfully.
[GameContext] Street Artist gains 1 credit. (8 total)
[GameContext] Reality Plus draws Backroom Machinations.
[GameContext] === Reality Plus Turn 16 begins. Credits: 9, Clicks: 3 ===
[GameContext] [MCTS] slow search: 1077 ms (100 iterations, depth 3)
[GameContext] Reality Plus gains 1 credit. (10 total)
[heartbeat] game 14/20 — turn 16, time 571s
[GameContext] [MCTS] slow search: 1103 ms (100 iterations, depth 3)
[GameContext] Reality Plus action rejected: Card __sim_trap__ not found or not advanceable
[GameContext] === Street Artist Turn 17 begins. Credits: 8, Clicks: 4 ===
[GameContext] --- Run on HQ begins ---
[GameContext] [Initiation] Run declared on HQ.
[GameContext] [Approach] Runner approaches unrezzed ice (position 0).
[CorpRunAI] AI: rezzing Ivik would breach credit floor — holding.
[GameContext] [Approach] Corp declines to rez. Runner passes unrezzed ice.
[GameContext] [Approach] Runner approaches Vasilisa (position 1).
[CorpRunAI] AI: rezzing Ivik would breach credit floor — holding.
[GameContext] [Encounter] Runner encounters Vasilisa.
[GameContext] [Encounter] Echelon breaks 'Give the Runner 1 tag.' for 1 cr.
[GameContext] [Encounter] Subroutine 0 broken.
[GameContext] [Approach] Runner approaches unrezzed ice (position 2).
[CorpRunAI] AI: rezzing Ivik would breach credit floor — holding.
[GameContext] [Approach] Corp declines to rez. Runner passes unrezzed ice.
[GameContext] [Movement] Runner approaches the server root.
[GameContext] [Success] Run successful on HQ!
[GameContext] [Debug/gain_on_success] run_modifiers at success: { "overclock_credits": 0, "concerto_credits": 0, "bad_pub_credits": 0 }
[GameContext] [Breach] Runner breaches HQ.
[GameContext] [Access] Runner accesses: Drago Ivanov
[GameContext] [Access] Runner may trash Drago Ivanov for 1 credits (Runner has 7 total).
[GameContext] [Access] Runner trashes Drago Ivanov.
[GameContext] [End] Run ended successfully.
[GameContext] Street Artist gains 1 credit. (7 total)
[GameContext] Street Artist gains 1 credit. (8 total)
[GameContext] Street Artist gains 1 credit. (9 total)
[GameContext] Reality Plus draws IP Enforcement.
[GameContext] === Reality Plus Turn 17 begins. Credits: 10, Clicks: 3 ===
[GameContext] [MCTS] slow search: 1075 ms (100 iterations, depth 3)
[GameContext] Condition not met — ability has no effect.
[GameContext] Reality Plus plays IP Enforcement.
[GameContext] [MCTS] slow search: 885 ms (100 iterations, depth 3)
[GameContext] Reality Plus action rejected: Card __sim_trap__ not found or not advanceable
[GameContext] === Street Artist Turn 18 begins. Credits: 9, Clicks: 4 ===
[GameContext] Street Artist gains 1 credit. (10 total)
[GameContext] Street Artist gains 1 credit. (11 total)
[GameContext] --- Run on R&D begins ---
[GameContext] [Initiation] Run declared on R&D.
[GameContext] [Approach] Runner approaches unrezzed ice (position 0).
[CorpRunAI] AI: Funhouse — rez_cost=5  tax/enc=8.0  enc=3.0  LTV=24.0
[GameContext] [Rez] Corp rezzes Funhouse for 5 credits.
[GameContext] [Encounter] Runner encounters Funhouse.
[GameContext] Street Artist takes 1 tag(s) to continue the run (Funhouse). (1 total)
[GameContext] NBN: Reality Plus — Reality Plus may gain 2 cr or draw 2 cards.
[GameContext] [Wildcat Strike] Corp denies draws — Runner gains credits instead.
[GameContext] Reality Plus: Reality Plus chooses 'Draw 2 cards'.
[GameContext] Reality Plus draws 2 card(s).
[GameContext] Street Artist pays 4 cr to avoid 1 tag.
[GameContext] [Approach] Runner approaches unrezzed ice (position 1).
[GameContext] [Approach] Corp declines to rez. Runner passes unrezzed ice.
[GameContext] [Approach] Runner approaches Doomscroll (position 2).
[GameContext] [Encounter] Runner encounters Doomscroll.
[GameContext] Street Artist takes 1 tag(s) to continue the run (Funhouse). (2 total)
[GameContext] [Encounter] Echelon boosted  +2 str (now 4). Cost: 1 cr.
[GameContext] [Encounter] Echelon breaks 'Give the Runner 1 tag.' for 1 cr.
[GameContext] [Encounter] Echelon breaks 'Do 1 net damage.' for 1 cr.
[GameContext] [Encounter] Echelon breaks 'Do 2 net damage if the Runner has at least 2 tags.' for 1 cr.
[GameContext] [Encounter] Subroutine 0 broken.
[GameContext] [Encounter] Subroutine 1 broken.
[GameContext] [Encounter] Subroutine 2 broken.
[GameContext] [Movement] Runner approaches the server root.
[GameContext] [Success] Run successful on R&D!
[GameContext] [Debug/gain_on_success] run_modifiers at success: { "overclock_credits": 0, "concerto_credits": 0, "bad_pub_credits": 0 }
[GameContext] [Breach] Runner breaches R&D.
[GameContext] [Access] Runner accesses: Hedge Fund
[GameContext] [End] Run ended successfully.
[GameContext] Street Artist removes 1 tag (1 remaining). [paid 2cr]
[GameContext] Reality Plus draws Hedge Fund.
[GameContext] === Reality Plus Turn 18 begins. Credits: 5, Clicks: 3 ===
[GameContext] [MCTS] slow search: 1279 ms (100 iterations, depth 3)
[heartbeat] game 14/20 — turn 18, time 577s
[GameContext] Reality Plus draws Backroom Machinations.
[GameContext] [MCTS] slow search: 1334 ms (100 iterations, depth 3)
[GameContext] Reality Plus draws Spin Doctor.
[GameContext] [MCTS] slow search: 2067 ms (100 iterations, depth 3)
[GameContext] Reality Plus gains 9 credits.
[GameContext] Reality Plus plays Hedge Fund.
[GameContext] Reality Plus discards Trust Operation to hand limit.
[GameContext] Reality Plus discards Retribution to hand limit.
[GameContext] Reality Plus discards Retribution to hand limit.
[GameContext] === Street Artist Turn 19 begins. Credits: 1, Clicks: 4 ===
[GameContext] Street Artist gains 1 credit. (2 total)
[GameContext] Street Artist removes 1 tag (0 remaining). [paid 2cr]
[GameContext] Street Artist gains 1 credit. (1 total)
[GameContext] Street Artist gains 1 credit. (2 total)
[GameContext] Reality Plus draws Artificial Cryptocrash.
[GameContext] === Reality Plus Turn 19 begins. Credits: 9, Clicks: 3 ===
[GameContext] [MCTS] slow search: 1397 ms (100 iterations, depth 3)
[heartbeat] game 14/20 — turn 19, time 583s
[GameContext] Reality Plus installs Artificial Cryptocrash in Server 0.
[GameContext] [MCTS] slow search: 1380 ms (100 iterations, depth 3)
[GameContext] Reality Plus gains 1 credit. (10 total)
[GameContext] [MCTS] slow search: 1434 ms (100 iterations, depth 3)
[GameContext] Reality Plus advances Artificial Cryptocrash (1 counters).
[GameContext] === Street Artist Turn 20 begins. Credits: 2, Clicks: 4 ===
[GameContext] Street Artist gains 1 credit. (3 total)
[GameContext] --- Run on Server 0 begins ---
[GameContext] [Initiation] Run declared on Server 0.
[GameContext] [Approach] Runner approaches unrezzed ice (position 0).
[CorpRunAI] AI: Funhouse — rez_cost=5  tax/enc=8.0  enc=2.5  LTV=20.0
[GameContext] [Rez] Corp rezzes Funhouse for 5 credits.
[GameContext] [Encounter] Runner encounters Funhouse.
[GameContext] Street Artist takes 1 tag(s) to continue the run (Funhouse). (1 total)
[GameContext] NBN: Reality Plus — Reality Plus may gain 2 cr or draw 2 cards.
[GameContext] [Wildcat Strike] Corp denies credits — Runner draws instead.
[GameContext] Reality Plus: Reality Plus chooses 'Gain 2 credits'.
[GameContext] Reality Plus gains 2 credits.
[GameContext] Street Artist takes 1 tag(s) to continue the run (Funhouse). (2 total)
[GameContext] Street Artist takes 1 tag (did not pay 4 cr). (3 total)
[GameContext] [Movement] Runner approaches the server root.
[GameContext] [Success] Run successful on Server 0!
[GameContext] [Debug/gain_on_success] run_modifiers at success: {  }
[GameContext] [Breach] Runner breaches Server 0.
[GameContext] [Access] Runner accesses: Artificial Cryptocrash
[GameContext] [Access] Runner steals Artificial Cryptocrash! (2 agenda points)
[GameContext] [End] Run ended successfully.
[GameContext] Street Artist removes 1 tag (2 remaining). [paid 2cr]
[GameContext] Street Artist gains 1 credit. (2 total)
[GameContext] Reality Plus draws Artificial Cryptocrash.
[GameContext] === Reality Plus Turn 20 begins. Credits: 6, Clicks: 3 ===
[GameContext] [MCTS] slow search: 1008 ms (100 iterations, depth 3)
[heartbeat] game 14/20 — turn 20, time 588s
[GameContext] Reality Plus action rejected: Card __sim_trap__ not found or not advanceable
[GameContext] Reality Plus discards Backroom Machinations to hand limit.
[GameContext] === Street Artist Turn 21 begins. Credits: 2, Clicks: 4 ===
[GameContext] Street Artist removes 1 tag (1 remaining). [paid 2cr]
[GameContext] Street Artist gains 1 credit. (1 total)
[GameContext] Street Artist gains 1 credit. (2 total)
[GameContext] Street Artist removes 1 tag (0 remaining). [paid 2cr]
[GameContext] Reality Plus draws Blood in the Water.
[GameContext] === Reality Plus Turn 21 begins. Credits: 6, Clicks: 3 ===
[GameContext] [MCTS] slow search: 1443 ms (100 iterations, depth 3)
[GameContext] Reality Plus action rejected: Card __sim_trap__ not found or not advanceable
[GameContext] Reality Plus discards Backroom Machinations to hand limit.
[GameContext] === Street Artist Turn 22 begins. Credits: 0, Clicks: 4 ===
[GameContext] Street Artist gains 1 credit. (1 total)
[GameContext] Street Artist gains 1 credit. (2 total)
[GameContext] Street Artist gains 1 credit. (3 total)
[GameContext] Street Artist gains 1 credit. (4 total)
[GameContext] Reality Plus deck is empty — Reality Plus loses!
[GameContext] Game over — Street Artist wins. Corp could not draw (empty R&D)
[GameContext] === Reality Plus Turn 22 begins. Credits: 6, Clicks: 3 ===
  [ 14/ 20]  RUNNER    Corp could not draw (empty R&D)   22 turns
[GameContext] Reality Plus draws Regolith Mining License.
[GameContext] === Reality Plus Turn 1 begins. Credits: 5, Clicks: 3 ===
[GameContext] [MCTS] slow search: 826 ms (100 iterations, depth 3)
[GameContext] Reality Plus installs Doomscroll in R&D.
[GameContext] [MCTS] slow search: 716 ms (100 iterations, depth 3)
[GameContext] Reality Plus gains 1 credit. (6 total)
[GameContext] [MCTS] slow search: 734 ms (100 iterations, depth 3)
[GameContext] Reality Plus installs Funhouse in HQ.
[heartbeat] game 15/20 — turn 1, time 593s
[GameContext] === Street Artist Turn 2 begins. Credits: 5, Clicks: 4 ===
[GameContext] --- Run on HQ begins ---
[GameContext] [Initiation] Run declared on HQ.
[GameContext] [Approach] Runner approaches unrezzed ice (position 0).
[CorpRunAI] AI: rezzing Funhouse would breach credit floor — holding.
[GameContext] [Approach] Corp declines to rez. Runner passes unrezzed ice.
[GameContext] [Movement] Runner approaches the server root.
[GameContext] [Success] Run successful on HQ!
[GameContext] [Debug/gain_on_success] run_modifiers at success: {  }
[GameContext] [Breach] Runner breaches HQ.
[GameContext] [Access] Runner accesses: Backroom Machinations
[GameContext] [End] Run ended successfully.
Player install: card is: Echelon and charged cost is: 3
[GameContext] Street Artist installs Echelon. [MU: 1/4 used]
[GameContext] Street Artist plays Pinhole Threading.
[GameContext] Street Artist draws LilyPAD.
[GameContext] Reality Plus draws Hedge Fund.
[GameContext] === Reality Plus Turn 2 begins. Credits: 6, Clicks: 3 ===
[GameContext] [MCTS] slow search: 708 ms (100 iterations, depth 3)
[GameContext] Reality Plus gains 1 credit. (7 total)
[GameContext] [MCTS] slow search: 667 ms (100 iterations, depth 3)
[GameContext] Reality Plus gains 9 credits.
[GameContext] Reality Plus plays Hedge Fund.
[GameContext] [MCTS] slow search: 637 ms (100 iterations, depth 3)
[GameContext] Reality Plus gains 1 credit. (12 total)
[GameContext] === Street Artist Turn 3 begins. Credits: 1, Clicks: 4 ===
[GameContext] Street Artist gains 5 credits.
[GameContext] Street Artist will lose 1 click(s) next turn.
[GameContext] Street Artist plays Creative Commission.
[GameContext] --- Run on R&D begins ---
[GameContext] [Initiation] Run declared on R&D.
[GameContext] [Approach] Runner approaches unrezzed ice (position 0).
[CorpRunAI] AI: Doomscroll — rez_cost=3  tax/enc=5.0  enc=3.0  LTV=15.0
[GameContext] [Rez] Corp rezzes Doomscroll for 3 credits.
[GameContext] [Encounter] Runner encounters Doomscroll.
[GameContext] [Encounter] Echelon boosted  +2 str (now 3). Cost: 1 cr.
[GameContext] [Encounter] Echelon breaks 'Give the Runner 1 tag.' for 1 cr.
[GameContext] [Encounter] Echelon breaks 'Do 1 net damage.' for 1 cr.
[GameContext] [Encounter] Echelon breaks 'Do 2 net damage if the Runner has at least 2 tags.' for 1 cr.
[GameContext] [Encounter] Subroutine 0 broken.
[GameContext] [Encounter] Subroutine 1 broken.
[GameContext] [Encounter] Subroutine 2 broken.
[GameContext] [Movement] Runner approaches the server root.
[GameContext] [Success] Run successful on R&D!
[GameContext] [Debug/gain_on_success] run_modifiers at success: { "overclock_credits": 0, "concerto_credits": 0, "bad_pub_credits": 0 }
[GameContext] [Breach] Runner breaches R&D.
[GameContext] [Access] Runner accesses: Doomscroll
[GameContext] [End] Run ended successfully.
[GameContext] Street Artist draws Sure Gamble.
[GameContext] Street Artist draws Creative Commission.
[GameContext] Reality Plus draws Doomscroll.
[GameContext] === Reality Plus Turn 3 begins. Credits: 9, Clicks: 3 ===
[GameContext] [MCTS] slow search: 465 ms (100 iterations, depth 3)
[GameContext] Reality Plus installs Doomscroll in Server 0.
[GameContext] [MCTS] slow search: 339 ms (100 iterations, depth 3)
[GameContext] Reality Plus gains 1 credit. (10 total)
[heartbeat] game 15/20 — turn 3, time 598s
[GameContext] [MCTS] slow search: 363 ms (100 iterations, depth 3)
[GameContext] Reality Plus gains 1 credit. (11 total)
[GameContext] Street Artist loses 1 click(s) this turn (deferred penalty).
[GameContext] === Street Artist Turn 4 begins. Credits: 1, Clicks: 3 ===
[GameContext] Street Artist gains 5 credits.
[GameContext] Street Artist will lose 1 click(s) next turn.
[GameContext] Street Artist plays Creative Commission.
[GameContext] Street Artist gains 9 credits.
[GameContext] Street Artist plays Sure Gamble.
[GameContext] --- Run on R&D begins ---
[GameContext] [Initiation] Run declared on R&D.
[GameContext] [Approach] Runner approaches Doomscroll (position 0).
[GameContext] [Encounter] Runner encounters Doomscroll.
[GameContext] [Encounter] Echelon boosted  +2 str (now 3). Cost: 1 cr.
[GameContext] [Encounter] Echelon breaks 'Give the Runner 1 tag.' for 1 cr.
[GameContext] [Encounter] Echelon breaks 'Do 1 net damage.' for 1 cr.
[GameContext] [Encounter] Echelon breaks 'Do 2 net damage if the Runner has at least 2 tags.' for 1 cr.
[GameContext] [Encounter] Subroutine 0 broken.
[GameContext] [Encounter] Subroutine 1 broken.
[GameContext] [Encounter] Subroutine 2 broken.
[GameContext] [Movement] Runner approaches the server root.
[GameContext] [Success] Run successful on R&D!
[GameContext] [Debug/gain_on_success] run_modifiers at success: { "overclock_credits": 0, "concerto_credits": 0, "bad_pub_credits": 0 }
[GameContext] [Breach] Runner breaches R&D.
[GameContext] [Access] Runner accesses: Blood in the Water
[GameContext] [Access] Runner steals Blood in the Water! (2 agenda points)
[GameContext] [End] Run ended successfully.
[GameContext] Reality Plus draws Spin Doctor.
[GameContext] === Reality Plus Turn 4 begins. Credits: 11, Clicks: 3 ===
[GameContext] [MCTS] slow search: 269 ms (100 iterations, depth 3)
[GameContext] Reality Plus installs Spin Doctor in Server 1.
[GameContext] Reality Plus gains 1 credit. (12 total)
[GameContext] [MCTS] slow search: 207 ms (100 iterations, depth 3)
[GameContext] Reality Plus gains 1 credit. (13 total)
[GameContext] Street Artist loses 1 click(s) this turn (deferred penalty).
[GameContext] === Street Artist Turn 5 begins. Credits: 5, Clicks: 3 ===
[GameContext] --- Run on R&D begins ---
[GameContext] [Initiation] Run declared on R&D.
[GameContext] [Approach] Runner approaches Doomscroll (position 0).
[GameContext] [Encounter] Runner encounters Doomscroll.
[GameContext] [Encounter] Echelon boosted  +2 str (now 3). Cost: 1 cr.
[GameContext] [Encounter] Echelon breaks 'Give the Runner 1 tag.' for 1 cr.
[GameContext] [Encounter] Echelon breaks 'Do 1 net damage.' for 1 cr.
[GameContext] [Encounter] Echelon breaks 'Do 2 net damage if the Runner has at least 2 tags.' for 1 cr.
[GameContext] [Encounter] Subroutine 0 broken.
[GameContext] [Encounter] Subroutine 1 broken.
[GameContext] [Encounter] Subroutine 2 broken.
[GameContext] [Movement] Runner approaches the server root.
[GameContext] [Success] Run successful on R&D!
[GameContext] [Debug/gain_on_success] run_modifiers at success: { "overclock_credits": 0, "concerto_credits": 0, "bad_pub_credits": 0 }
[GameContext] [Breach] Runner breaches R&D.
[GameContext] [Access] Runner accesses: Trust Operation
[GameContext] [End] Run ended successfully.
[GameContext] Street Artist draws Unity.
[GameContext] Street Artist draws Daily Casts.
[GameContext] Reality Plus draws Trust Operation.
[GameContext] === Reality Plus Turn 5 begins. Credits: 13, Clicks: 3 ===
[GameContext] Reality Plus draws 2 card(s).
[GameContext] Reality Plus rezzes Spin Doctor for 0 cr.
[GameContext] [MCTS] slow search: 357 ms (100 iterations, depth 3)
[GameContext] Reality Plus installs Blood in the Water in Server 0.
[GameContext] [MCTS] Scoring line detected — executing: Advance blood_in_the_water
[GameContext] Reality Plus advances Blood in the Water (1 counters).
[GameContext] Reality Plus scores Blood in the Water! (2 agenda points)
[GameContext] [MCTS] slow search: 279 ms (100 iterations, depth 3)
[GameContext] Spin Doctor: shuffled 1 card(s) from Archives into R&D.
[GameContext] Spin Doctor is trashed.
[heartbeat] game 15/20 — turn 5, time 603s
[GameContext] Reality Plus discards Trust Operation to hand limit.
[GameContext] === Street Artist Turn 6 begins. Credits: 1, Clicks: 4 ===
[GameContext] Street Artist gains 1 credit. (2 total)
[GameContext] Street Artist gains 1 credit. (3 total)
[GameContext] Street Artist gains 1 credit. (4 total)
[GameContext] --- Run on HQ begins ---
[GameContext] [Initiation] Run declared on HQ.
[GameContext] [Approach] Runner approaches unrezzed ice (position 0).
[CorpRunAI] AI: Funhouse — rez_cost=5  tax/enc=8.0  enc=3.0  LTV=24.0
[GameContext] [Rez] Corp rezzes Funhouse for 5 credits.
[GameContext] [Encounter] Runner encounters Funhouse.
[GameContext] Street Artist takes 1 tag(s) to continue the run (Funhouse). (1 total)
[GameContext] NBN: Reality Plus — Reality Plus may gain 2 cr or draw 2 cards.
[GameContext] [Wildcat Strike] Corp denies draws — Runner gains credits instead.
[GameContext] Reality Plus: Reality Plus chooses 'Draw 2 cards'.
[GameContext] Reality Plus draws 2 card(s).
[GameContext] Street Artist takes 1 tag (did not pay 4 cr). (2 total)
[GameContext] [Movement] Runner approaches the server root.
[GameContext] [Success] Run successful on HQ!
[GameContext] [Debug/gain_on_success] run_modifiers at success: {  }
[GameContext] [Breach] Runner breaches HQ.
[GameContext] [Access] Runner accesses: Drago Ivanov
[GameContext] [Access] Runner may trash Drago Ivanov for 1 credits (Runner has 4 total).
[GameContext] [Access] Runner trashes Drago Ivanov.
[GameContext] [End] Run ended successfully.
[GameContext] Reality Plus draws Hedge Fund.
[GameContext] === Reality Plus Turn 6 begins. Credits: 7, Clicks: 3 ===
[GameContext] [MCTS] slow search: 601 ms (100 iterations, depth 3)
[GameContext] IP Enforcement: Corp pays 2 cr and removes 2 tag(s) from Street Artist. (0 tags remaining)
[GameContext] IP Enforcement: Reality Plus installs Blood in the Water (AP 2) from Street Artist's score area.
[GameContext] Reality Plus plays IP Enforcement.
[GameContext] [MCTS] slow search: 572 ms (100 iterations, depth 3)
[GameContext] Reality Plus installs Regolith Mining License in Server 1.
[GameContext] [MCTS] slow search: 580 ms (100 iterations, depth 3)
[GameContext] Reality Plus gains 9 credits.
[GameContext] Reality Plus plays Hedge Fund.
[GameContext] === Street Artist Turn 7 begins. Credits: 3, Clicks: 4 ===
Player install: card is: Unity and charged cost is: 3
[GameContext] Street Artist installs Unity. [MU: 2/4 used]
[GameContext] Street Artist draws Sure Gamble.
[GameContext] Street Artist gains 1 credit. (1 total)
[GameContext] Street Artist gains 1 credit. (2 total)
[GameContext] Reality Plus draws IP Enforcement.
[GameContext] === Reality Plus Turn 7 begins. Credits: 9, Clicks: 3 ===
[GameContext] Placed 15 credits counter(s) on Regolith Mining License.
[GameContext] Reality Plus rezzes Regolith Mining License for 2 cr.
[GameContext] [MCTS] slow search: 273 ms (100 iterations, depth 3)
[GameContext] Reality Plus gains 1 credit. (8 total)
[GameContext] [MCTS] slow search: 281 ms (100 iterations, depth 3)
[GameContext] Reality Plus installs Chekist Scion in Server 0.
[GameContext] [MCTS] slow search: 837 ms (100 iterations, depth 3)
[GameContext] Reality Plus action rejected: Card __sim_trap__ not found or not advanceable
[GameContext] === Street Artist Turn 8 begins. Credits: 2, Clicks: 4 ===
[GameContext] Street Artist gains 1 credit. (3 total)
[GameContext] Street Artist gains 1 credit. (4 total)
[GameContext] Street Artist gains 1 credit. (5 total)
[GameContext] --- Run on R&D begins ---
[GameContext] [Initiation] Run declared on R&D.
[GameContext] [Approach] Runner approaches Doomscroll (position 0).
[GameContext] [Encounter] Runner encounters Doomscroll.
[GameContext] Street Artist takes 1 tag(s) to continue the run (Funhouse). (1 total)
[GameContext] NBN: Reality Plus — Reality Plus may gain 2 cr or draw 2 cards.
[GameContext] [Wildcat Strike] Corp denies draws — Runner gains credits instead.
[GameContext] Reality Plus: Reality Plus chooses 'Draw 2 cards'.
[GameContext] Reality Plus draws 2 card(s).
[GameContext] [Encounter] Echelon boosted  +2 str (now 4). Cost: 1 cr.
[GameContext] [Encounter] Echelon breaks 'Give the Runner 1 tag.' for 1 cr.
[GameContext] [Encounter] Echelon breaks 'Do 1 net damage.' for 1 cr.
[GameContext] [Encounter] Echelon breaks 'Do 2 net damage if the Runner has at least 2 tags.' for 1 cr.
[GameContext] [Encounter] Subroutine 0 broken.
[GameContext] [Encounter] Subroutine 1 broken.
[GameContext] [Encounter] Subroutine 2 broken.
[GameContext] [Movement] Runner approaches the server root.
[GameContext] [Success] Run successful on R&D!
[GameContext] [Debug/gain_on_success] run_modifiers at success: { "overclock_credits": 0, "concerto_credits": 0, "bad_pub_credits": 0 }
[GameContext] [Breach] Runner breaches R&D.
[GameContext] [Access] Runner accesses: Vasilisa
[GameContext] [End] Run ended successfully.
[heartbeat] game 15/20 — turn 8, time 608s
[GameContext] Reality Plus draws Vasilisa.
[GameContext] === Reality Plus Turn 8 begins. Credits: 8, Clicks: 3 ===
[GameContext] Reality Plus rezzes Chekist Scion for 0 cr.
[GameContext] [MCTS] slow search: 816 ms (100 iterations, depth 3)
[GameContext] Reality Plus draws Spin Doctor.
[GameContext] [MCTS] slow search: 1160 ms (100 iterations, depth 3)
[GameContext] Reality Plus draws Drago Ivanov.
[GameContext] [MCTS] slow search: 2359 ms (100 iterations, depth 3)
[GameContext] Reality Plus pays 1 credit(s) to install ice.
[GameContext] Reality Plus installs Vasilisa in HQ.
[heartbeat] game 15/20 — turn 8, time 614s
[GameContext] Reality Plus discards IP Enforcement to hand limit.
[GameContext] Reality Plus discards Backroom Machinations to hand limit.
[GameContext] Reality Plus discards Backroom Machinations to hand limit.
[GameContext] === Street Artist Turn 9 begins. Credits: 1, Clicks: 4 ===
[GameContext] Street Artist gains 1 credit. (2 total)
[GameContext] Street Artist removes 1 tag (0 remaining). [paid 2cr]
[GameContext] Street Artist gains 1 credit. (1 total)
[GameContext] Street Artist gains 1 credit. (2 total)
[GameContext] Reality Plus draws Chekist Scion.
[GameContext] === Reality Plus Turn 9 begins. Credits: 7, Clicks: 3 ===
[GameContext] [MCTS] slow search: 1392 ms (100 iterations, depth 3)
[GameContext] Reality Plus installs Spin Doctor in Server 2.
[GameContext] [MCTS] slow search: 1226 ms (100 iterations, depth 3)
[GameContext] Reality Plus takes 3 cr from Regolith Mining License (12 remaining).
[GameContext] [MCTS] slow search: 1894 ms (100 iterations, depth 3)
[GameContext] Reality Plus pays 1 credit(s) to install ice.
[GameContext] Reality Plus installs Ivik in R&D.
[heartbeat] game 15/20 — turn 9, time 619s
[GameContext] === Street Artist Turn 10 begins. Credits: 2, Clicks: 4 ===
[GameContext] Street Artist gains 1 credit. (3 total)
[GameContext] Street Artist gains 1 credit. (4 total)
[GameContext] Street Artist gains 1 credit. (5 total)
[GameContext] Street Artist gains 9 credits.
[GameContext] Street Artist plays Sure Gamble.
[GameContext] Reality Plus draws Artificial Cryptocrash.
[GameContext] === Reality Plus Turn 10 begins. Credits: 9, Clicks: 3 ===
[GameContext] Reality Plus draws 2 card(s).
[GameContext] Reality Plus rezzes Spin Doctor for 0 cr.
[GameContext] [MCTS] slow search: 2741 ms (100 iterations, depth 3)
[GameContext] Reality Plus action rejected: Card __sim_trap__ not found or not advanceable
[GameContext] Reality Plus discards Retribution to hand limit.
[GameContext] Reality Plus discards Backroom Machinations to hand limit.
[GameContext] === Street Artist Turn 11 begins. Credits: 9, Clicks: 4 ===
[GameContext] --- Run on R&D begins ---
[GameContext] [Initiation] Run declared on R&D.
[GameContext] [Approach] Runner approaches unrezzed ice (position 0).
[CorpRunAI] AI: rezzing Ivik would breach credit floor — holding.
[GameContext] [Approach] Corp declines to rez. Runner passes unrezzed ice.
[GameContext] [Approach] Runner approaches Doomscroll (position 1).
[CorpRunAI] AI: rezzing Ivik would breach credit floor — holding.
[GameContext] [Encounter] Runner encounters Doomscroll.
[GameContext] Street Artist takes 1 tag(s) to continue the run (Funhouse). (1 total)
[GameContext] NBN: Reality Plus — Reality Plus may gain 2 cr or draw 2 cards.
[GameContext] [Wildcat Strike] Corp denies draws — Runner gains credits instead.
[GameContext] Reality Plus: Reality Plus chooses 'Draw 2 cards'.
[GameContext] Reality Plus draws 2 card(s).
[GameContext] [Encounter] Echelon boosted  +2 str (now 4). Cost: 1 cr.
[GameContext] [Encounter] Echelon breaks 'Give the Runner 1 tag.' for 1 cr.
[GameContext] [Encounter] Echelon breaks 'Do 1 net damage.' for 1 cr.
[GameContext] [Encounter] Echelon breaks 'Do 2 net damage if the Runner has at least 2 tags.' for 1 cr.
[GameContext] [Encounter] Subroutine 0 broken.
[GameContext] [Encounter] Subroutine 1 broken.
[GameContext] [Encounter] Subroutine 2 broken.
[GameContext] [Movement] Runner approaches the server root.
[GameContext] [Success] Run successful on R&D!
[GameContext] [Debug/gain_on_success] run_modifiers at success: { "overclock_credits": 0, "concerto_credits": 0, "bad_pub_credits": 0 }
[GameContext] [Breach] Runner breaches R&D.
[GameContext] [Access] Runner accesses: Regolith Mining License
[GameContext] [Access] Runner may trash Regolith Mining License for 3 credits (Runner has 5 total).
[GameContext] [Access] Runner trashes Regolith Mining License.
[GameContext] [End] Run ended successfully.
[GameContext] Street Artist removes 1 tag (0 remaining). [paid 2cr]
[GameContext] Street Artist draws Environmental Testing.
[GameContext] Street Artist gains 1 credit. (1 total)
[GameContext] Reality Plus draws Trust Operation.
[GameContext] === Reality Plus Turn 11 begins. Credits: 9, Clicks: 3 ===
[GameContext] [MCTS] slow search: 3093 ms (100 iterations, depth 3)
[heartbeat] game 15/20 — turn 11, time 626s
[GameContext] Spin Doctor: shuffled 2 card(s) from Archives into R&D.
[GameContext] Spin Doctor is trashed.
[GameContext] [MCTS] slow search: 2553 ms (100 iterations, depth 3)
[GameContext] Reality Plus installs Funhouse in Server 2.
[GameContext] [MCTS] slow search: 2540 ms (100 iterations, depth 3)
[GameContext] Reality Plus gains 1 credit. (10 total)
[heartbeat] game 15/20 — turn 11, time 632s
[GameContext] Reality Plus discards Trust Operation to hand limit.
[GameContext] Reality Plus discards Spin Doctor to hand limit.
[GameContext] === Street Artist Turn 12 begins. Credits: 1, Clicks: 4 ===
[GameContext] Street Artist gains 1 credit. (2 total)
[GameContext] Street Artist gains 1 credit. (3 total)
[GameContext] Street Artist gains 1 credit. (4 total)
[GameContext] Street Artist gains 1 credit. (5 total)
[GameContext] Reality Plus draws Hedge Fund.
[GameContext] === Reality Plus Turn 12 begins. Credits: 10, Clicks: 3 ===
[GameContext] [MCTS] slow search: 2201 ms (100 iterations, depth 3)
[GameContext] Reality Plus action rejected: Card __sim_trap__ not found or not advanceable
[GameContext] Reality Plus discards Hedge Fund to hand limit.
[GameContext] === Street Artist Turn 13 begins. Credits: 5, Clicks: 4 ===
[GameContext] Street Artist gains 1 credit. (6 total)
[GameContext] Street Artist gains 1 credit. (7 total)
[GameContext] Street Artist gains 1 credit. (8 total)
[GameContext] --- Run on R&D begins ---
[GameContext] [Initiation] Run declared on R&D.
[GameContext] [Approach] Runner approaches unrezzed ice (position 0).
[CorpRunAI] AI: Ivik — rez_cost=7  tax/enc=11.0  enc=3.0  LTV=33.0
[GameContext] [Rez] Corp rezzes Ivik for 7 credits.
[GameContext] [Encounter] Runner encounters Ivik.
[GameContext] Street Artist takes 1 tag(s) to continue the run (Funhouse). (1 total)
[GameContext] NBN: Reality Plus — Reality Plus may gain 2 cr or draw 2 cards.
[GameContext] [Wildcat Strike] Corp denies draws — Runner gains credits instead.
[GameContext] Reality Plus: Reality Plus chooses 'Draw 2 cards'.
[GameContext] Reality Plus draws 2 card(s).
[GameContext] Runner takes 2 net damage.
[GameContext]   Trashed from grip: self_modifying_code
[GameContext]   Trashed from grip: environmental_testing
[GameContext] 2 card(s) trashed from Street Artist's grip.
[GameContext] Run ended.
[GameContext] [Encounter] Run ended by subroutine.
[GameContext] [End] Run ended unsuccessfully.
[GameContext] Reality Plus draws Chekist Scion.
[GameContext] === Reality Plus Turn 13 begins. Credits: 3, Clicks: 3 ===
[GameContext] [MCTS] slow search: 2937 ms (100 iterations, depth 3)
[heartbeat] game 15/20 — turn 13, time 637s
[GameContext] Reality Plus installs Blood in the Water in Server 2.
[GameContext] [MCTS] Scoring line detected — executing: Advance blood_in_the_water
[GameContext] Reality Plus advances Blood in the Water (1 counters).
[GameContext] Reality Plus scores Blood in the Water! (2 agenda points)
[GameContext] [MCTS] slow search: 2609 ms (100 iterations, depth 3)
[GameContext] Reality Plus action rejected: Card __sim_trap__ not found or not advanceable
[GameContext] Reality Plus discards Drago Ivanov to hand limit.
[GameContext] Reality Plus discards Chekist Scion to hand limit.
[GameContext] === Street Artist Turn 14 begins. Credits: 8, Clicks: 4 ===
[GameContext] --- Run on HQ begins ---
[GameContext] [Initiation] Run declared on HQ.
[GameContext] [Approach] Runner approaches unrezzed ice (position 0).
[CorpRunAI] AI: rezzing Vasilisa would breach credit floor — holding.
[GameContext] [Approach] Corp declines to rez. Runner passes unrezzed ice.
[GameContext] [Approach] Runner approaches Funhouse (position 1).
[CorpRunAI] AI: rezzing Vasilisa would breach credit floor — holding.
[GameContext] [Encounter] Runner encounters Funhouse.
[GameContext] Street Artist takes 1 tag(s) to continue the run (Funhouse). (2 total)
[GameContext] NBN: Reality Plus — Reality Plus may gain 2 cr or draw 2 cards.
[GameContext] [Wildcat Strike] Corp denies credits by default.
[GameContext] Reality Plus: Reality Plus chooses 'Gain 2 credits'.
[GameContext] Reality Plus gains 2 credits.
[GameContext] [Encounter] Unity boosted +4 str (2 icebreakers). Cost: 2 cr.
[GameContext] [Encounter] Unity breaks 'Give the Runner 1 tag unless they pay 4[credit].' for 1 cr.
[GameContext] [Encounter] Subroutine 0 broken.
[GameContext] [Movement] Runner approaches the server root.
[GameContext] [Success] Run successful on HQ!
[GameContext] [Debug/gain_on_success] run_modifiers at success: { "overclock_credits": 0, "concerto_credits": 0, "bad_pub_credits": 0 }
[GameContext] [Breach] Runner breaches HQ.
[GameContext] [Access] Runner accesses: Artificial Cryptocrash
[GameContext] [Access] Runner steals Artificial Cryptocrash! (2 agenda points)
[GameContext] [End] Run ended successfully.
[GameContext] Street Artist removes 1 tag (1 remaining). [paid 2cr]
[GameContext] Street Artist removes 1 tag (0 remaining). [paid 2cr]
[GameContext] Street Artist draws Propeller.
[GameContext] Reality Plus draws Spin Doctor.
[GameContext] === Reality Plus Turn 14 begins. Credits: 4, Clicks: 3 ===
[GameContext] [MCTS] slow search: 759 ms (100 iterations, depth 3)
[GameContext] Reality Plus action rejected: Card __sim_trap__ not found or not advanceable
[GameContext] === Street Artist Turn 15 begins. Credits: 1, Clicks: 4 ===
Player install: card is: Propeller and charged cost is: 1
[GameContext] Placed 4 power counter(s) on Propeller.
[GameContext] Street Artist installs Propeller. [MU: 3/4 used]
[GameContext] Street Artist draws Propeller.
[GameContext] Street Artist draws Self-modifying Code.
[GameContext] Street Artist draws Deep Dive.
[GameContext] Street Artist discards Daily Casts to hand limit. (5 cards remaining)
[GameContext] Reality Plus draws Trust Operation.
[GameContext] === Reality Plus Turn 15 begins. Credits: 4, Clicks: 3 ===
[GameContext] [MCTS] slow search: 289 ms (100 iterations, depth 3)
[GameContext] Reality Plus takes 3 cr from Regolith Mining License (9 remaining).
[heartbeat] game 15/20 — turn 15, time 642s
[GameContext] [MCTS] slow search: 584 ms (100 iterations, depth 3)
[GameContext] Reality Plus pays 2 credit(s) to install ice.
[GameContext] Reality Plus installs Vasilisa in R&D.
[GameContext] [MCTS] slow search: 357 ms (100 iterations, depth 3)
[GameContext] Reality Plus installs Chekist Scion in Server 2.
[GameContext] === Street Artist Turn 16 begins. Credits: 0, Clicks: 4 ===
[GameContext] Street Artist draws Telework Contract.
[GameContext] Street Artist draws Creative Commission.
[GameContext] Street Artist draws Propeller.
[GameContext] Street Artist gains 1 credit. (1 total)
[GameContext] Street Artist discards Telework Contract to hand limit. (5 cards remaining)
[GameContext] Street Artist discards Creative Commission to hand limit. (5 cards remaining)
[GameContext] Street Artist discards Deep Dive to hand limit. (5 cards remaining)
[GameContext] Reality Plus draws Retribution.
[GameContext] === Reality Plus Turn 16 begins. Credits: 5, Clicks: 3 ===
[GameContext] Reality Plus rezzes Chekist Scion for 0 cr.
[GameContext] [MCTS] slow search: 508 ms (100 iterations, depth 3)
[GameContext] Reality Plus installs Artificial Cryptocrash in Server 3.
[GameContext] [MCTS] slow search: 1481 ms (100 iterations, depth 3)
[GameContext] Reality Plus installs Ivik in Server 3.
[GameContext] [MCTS] slow search: 357 ms (100 iterations, depth 3)
[GameContext] Reality Plus advances Artificial Cryptocrash (1 counters).
[heartbeat] game 15/20 — turn 16, time 648s
[GameContext] === Street Artist Turn 17 begins. Credits: 1, Clicks: 4 ===
[GameContext] Street Artist gains 1 credit. (2 total)
[GameContext] Street Artist draws Self-modifying Code.
[GameContext] --- Run on Server 3 begins ---
[GameContext] [Initiation] Run declared on Server 3.
[GameContext] [Approach] Runner approaches unrezzed ice (position 0).
[GameContext] [Approach] Corp declines to rez. Runner passes unrezzed ice.
[GameContext] [Movement] Runner approaches the server root.
[GameContext] [Success] Run successful on Server 3!
[GameContext] [Debug/gain_on_success] run_modifiers at success: {  }
[GameContext] [Breach] Runner breaches Server 3.
[GameContext] [Access] Runner accesses: Artificial Cryptocrash
[GameContext] [Access] Runner steals Artificial Cryptocrash! (2 agenda points)
[GameContext] [End] Run ended successfully.
[GameContext] Street Artist draws Daily Casts.
[GameContext] Street Artist discards Daily Casts to hand limit. (5 cards remaining)
[GameContext] Street Artist discards Simulchip to hand limit. (5 cards remaining)
[GameContext] Reality Plus draws Hedge Fund.
[GameContext] === Reality Plus Turn 17 begins. Credits: 4, Clicks: 3 ===
[GameContext] [MCTS] slow search: 1604 ms (100 iterations, depth 3)
[GameContext] Reality Plus action rejected: Card __sim_trap__ not found or not advanceable
[GameContext] === Street Artist Turn 18 begins. Credits: 2, Clicks: 4 ===
[GameContext] Street Artist draws Daily Casts.
[GameContext] Street Artist gains 1 credit. (3 total)
[GameContext] Street Artist draws DZMZ Optimizer.
[GameContext] Street Artist draws DZMZ Optimizer.
[GameContext] Street Artist discards Daily Casts to hand limit. (5 cards remaining)
[GameContext] Street Artist discards DZMZ Optimizer to hand limit. (5 cards remaining)
[GameContext] Street Artist discards DZMZ Optimizer to hand limit. (5 cards remaining)
[GameContext] Reality Plus draws Artificial Cryptocrash.
[GameContext] === Reality Plus Turn 18 begins. Credits: 4, Clicks: 3 ===
[GameContext] [MCTS] slow search: 248 ms (100 iterations, depth 3)
[GameContext] Reality Plus installs Artificial Cryptocrash in Server 3.
[GameContext] [MCTS] slow search: 219 ms (100 iterations, depth 3)
[GameContext] Reality Plus advances Artificial Cryptocrash (1 counters).
[GameContext] [MCTS] slow search: 207 ms (100 iterations, depth 3)
[GameContext] Reality Plus advances Artificial Cryptocrash (2 counters).
[GameContext] === Street Artist Turn 19 begins. Credits: 3, Clicks: 4 ===
[GameContext] --- Run on Server 3 begins ---
[GameContext] [Initiation] Run declared on Server 3.
[GameContext] [Approach] Runner approaches unrezzed ice (position 0).
[GameContext] [Approach] Corp declines to rez. Runner passes unrezzed ice.
[GameContext] [Movement] Runner approaches the server root.
[GameContext] [Success] Run successful on Server 3!
[GameContext] [Debug/gain_on_success] run_modifiers at success: {  }
[GameContext] [Breach] Runner breaches Server 3.
[GameContext] [Access] Runner accesses: Artificial Cryptocrash
[GameContext] [Access] Runner steals Artificial Cryptocrash! (2 agenda points)
[GameContext] [End] Run ended successfully.
[GameContext] Street Artist gains 1 credit. (4 total)
[GameContext] --- Run on HQ begins ---
[GameContext] [Initiation] Run declared on HQ.
[GameContext] [Approach] Runner approaches unrezzed ice (position 0).
[CorpRunAI] AI: rezzing Vasilisa would breach credit floor — holding.
[GameContext] [Approach] Corp declines to rez. Runner passes unrezzed ice.
[GameContext] [Approach] Runner approaches Funhouse (position 1).
[CorpRunAI] AI: rezzing Vasilisa would breach credit floor — holding.
[GameContext] [Encounter] Runner encounters Funhouse.
[GameContext] Street Artist takes 1 tag(s) to continue the run (Funhouse). (1 total)
[GameContext] NBN: Reality Plus — Reality Plus may gain 2 cr or draw 2 cards.
[GameContext] [Wildcat Strike] Corp denies draws — Runner gains credits instead.
[GameContext] Reality Plus: Reality Plus chooses 'Draw 2 cards'.
[GameContext] Reality Plus deck empty — cannot draw.
[GameContext] Reality Plus draws 0 card(s).
[GameContext] [Encounter] Unity boosted +3 str (3 icebreakers). Cost: 1 cr.
[GameContext] [Encounter] Unity breaks 'Give the Runner 1 tag unless they pay 4[credit].' for 1 cr.
[GameContext] [Encounter] Subroutine 0 broken.
[GameContext] [Movement] Runner approaches the server root.
[GameContext] [Success] Run successful on HQ!
[GameContext] [Debug/gain_on_success] run_modifiers at success: { "overclock_credits": 0, "concerto_credits": 0, "bad_pub_credits": 0 }
[GameContext] [Breach] Runner breaches HQ.
[GameContext] [Access] Runner accesses: Trust Operation
[GameContext] [End] Run ended successfully.
[GameContext] Street Artist removes 1 tag (0 remaining). [paid 2cr]
[GameContext] Reality Plus deck is empty — Reality Plus loses!
[GameContext] Game over — Street Artist wins. Corp could not draw (empty R&D)
[GameContext] === Reality Plus Turn 19 begins. Credits: 2, Clicks: 3 ===
  [ 15/ 20]  RUNNER    Corp could not draw (empty R&D)   19 turns
[GameContext] Reality Plus draws Doomscroll.
[GameContext] === Reality Plus Turn 1 begins. Credits: 5, Clicks: 3 ===
[GameContext] [MCTS] slow search: 505 ms (100 iterations, depth 3)
[GameContext] Reality Plus installs Doomscroll in R&D.
[heartbeat] game 16/20 — turn 1, time 653s
[GameContext] [MCTS] slow search: 326 ms (100 iterations, depth 3)
[GameContext] Reality Plus gains 1 credit. (6 total)
[GameContext] [MCTS] slow search: 330 ms (100 iterations, depth 3)
[GameContext] Reality Plus gains 1 credit. (7 total)
[GameContext] === Street Artist Turn 2 begins. Credits: 5, Clicks: 4 ===
[GameContext] Run modifier set: overclock_credits = 5
[GameContext] --- Run on HQ begins ---
[GameContext] [Initiation] Run declared on HQ.
[GameContext] [Initiation] No ice protecting server — proceeding to root.
[GameContext] [Movement] Runner approaches the server root.
[GameContext] [Success] Run successful on HQ!
[GameContext] [Debug/gain_on_success] run_modifiers at success: { "overclock_credits": 5, "run_event_active": 1 }
[GameContext] [Breach] Runner breaches HQ.
[GameContext] [Access] Runner accesses: Backroom Machinations
[GameContext] [End] Run ended successfully.
[GameContext] Overclock: 5 unspent credit(s) returned to the bank.
[GameContext] Street Artist plays Overclock.
[GameContext] --- Run on R&D begins ---
[GameContext] [Initiation] Run declared on R&D.
[GameContext] [Approach] Runner approaches unrezzed ice (position 0).
[CorpRunAI] AI: Doomscroll — rez_cost=3  tax/enc=11.0  enc=3.0  LTV=33.0
[GameContext] [Rez] Corp rezzes Doomscroll for 3 credits.
[GameContext] [Encounter] Runner encounters Doomscroll.
[GameContext] Street Artist takes 1 tag(s). (1 total)
[GameContext] NBN: Reality Plus — Reality Plus may gain 2 cr or draw 2 cards.
[GameContext] [Wildcat Strike] Corp denies draws — Runner gains credits instead.
[GameContext] Reality Plus: Reality Plus chooses 'Draw 2 cards'.
[GameContext] Reality Plus draws 2 card(s).
[GameContext] Runner takes 1 net damage.
[GameContext]   Trashed from grip: creative_commission
[GameContext] 1 card(s) trashed from Street Artist's grip.
[GameContext] Subroutine condition not met — no effect.
[GameContext] [Movement] Runner approaches the server root.
[GameContext] [Success] Run successful on R&D!
[GameContext] [Debug/gain_on_success] run_modifiers at success: {  }
[GameContext] [Breach] Runner breaches R&D.
[GameContext] [Access] Runner accesses: Vasilisa
[GameContext] [End] Run ended successfully.
[GameContext] Run modifier set: overclock_credits = 5
[GameContext] --- Run on HQ begins ---
[GameContext] [Initiation] Run declared on HQ.
[GameContext] [Initiation] No ice protecting server — proceeding to root.
[GameContext] [Movement] Runner approaches the server root.
[GameContext] [Success] Run successful on HQ!
[GameContext] [Debug/gain_on_success] run_modifiers at success: { "overclock_credits": 5, "run_event_active": 1 }
[GameContext] [Breach] Runner breaches HQ.
[GameContext] [Access] Runner accesses: Regolith Mining License
[GameContext] [Access] Runner may trash Regolith Mining License for 3 credits (Runner has 8 total).
[GameContext] [Access] Runner trashes Regolith Mining License.
[GameContext] [End] Run ended successfully.
[GameContext] Overclock: 2 unspent credit(s) returned to the bank.
[GameContext] Street Artist plays Overclock.
[GameContext] --- Run on HQ begins ---
[GameContext] [Initiation] Run declared on HQ.
[GameContext] [Initiation] No ice protecting server — proceeding to root.
[GameContext] [Movement] Runner approaches the server root.
[GameContext] [Success] Run successful on HQ!
[GameContext] [Debug/gain_on_success] run_modifiers at success: {  }
[GameContext] [Breach] Runner breaches HQ.
[GameContext] [Access] Runner accesses: Backroom Machinations
[GameContext] [End] Run ended successfully.
[GameContext] Reality Plus draws Vasilisa.
[GameContext] === Reality Plus Turn 2 begins. Credits: 4, Clicks: 3 ===
[GameContext] [MCTS] slow search: 1415 ms (100 iterations, depth 3)
[GameContext] Reality Plus installs Blood in the Water in Server 0.
[GameContext] [MCTS] Scoring line detected — executing: Advance blood_in_the_water
[GameContext] Reality Plus advances Blood in the Water (1 counters).
[GameContext] Reality Plus scores Blood in the Water! (2 agenda points)
[GameContext] [MCTS] slow search: 1156 ms (100 iterations, depth 3)
[GameContext] Reality Plus installs Vasilisa in HQ.
[heartbeat] game 16/20 — turn 2, time 658s
[GameContext] === Street Artist Turn 3 begins. Credits: 3, Clicks: 4 ===
[GameContext] Street Artist gains 1 credit. (4 total)
[GameContext] --- Run on HQ begins ---
[GameContext] [Initiation] Run declared on HQ.
[GameContext] [Approach] Runner approaches unrezzed ice (position 0).
[CorpRunAI] AI: rezzing Vasilisa would breach credit floor — holding.
[GameContext] [Approach] Corp declines to rez. Runner passes unrezzed ice.
[GameContext] [Movement] Runner approaches the server root.
[GameContext] [Success] Run successful on HQ!
[GameContext] [Debug/gain_on_success] run_modifiers at success: {  }
[GameContext] [Breach] Runner breaches HQ.
[GameContext] [Access] Runner accesses: Spin Doctor
[GameContext] [Access] Runner may trash Spin Doctor for 2 credits (Runner has 4 total).
[GameContext] [Access] Runner trashes Spin Doctor.
[GameContext] [End] Run ended successfully.
[GameContext] Street Artist gains 1 credit. (3 total)
Player install: card is: Echelon and charged cost is: 3
[GameContext] Street Artist installs Echelon. [MU: 1/4 used]
[GameContext] Reality Plus draws Artificial Cryptocrash.
[GameContext] === Reality Plus Turn 3 begins. Credits: 3, Clicks: 3 ===
[GameContext] [MCTS] slow search: 1091 ms (100 iterations, depth 3)
[GameContext] Reality Plus installs Artificial Cryptocrash in Server 0.
[GameContext] [MCTS] slow search: 1057 ms (100 iterations, depth 3)
[GameContext] Reality Plus advances Artificial Cryptocrash (1 counters).
[GameContext] [MCTS] slow search: 884 ms (100 iterations, depth 3)
[GameContext] Reality Plus installs Ivik in Server 0.
[GameContext] === Street Artist Turn 4 begins. Credits: 0, Clicks: 4 ===
[GameContext] Street Artist gains 1 credit. (1 total)
[GameContext] Street Artist gains 1 credit. (2 total)
[GameContext] --- Run on Server 0 begins ---
[GameContext] [Initiation] Run declared on Server 0.
[GameContext] [Approach] Runner approaches unrezzed ice (position 0).
[GameContext] [Approach] Corp declines to rez. Runner passes unrezzed ice.
[GameContext] [Movement] Runner approaches the server root.
[GameContext] [Success] Run successful on Server 0!
[GameContext] [Debug/gain_on_success] run_modifiers at success: {  }
[GameContext] [Breach] Runner breaches Server 0.
[GameContext] [Access] Runner accesses: Artificial Cryptocrash
[GameContext] [Access] Runner steals Artificial Cryptocrash! (2 agenda points)
[GameContext] [End] Run ended successfully.
[GameContext] --- Run on HQ begins ---
[GameContext] [Initiation] Run declared on HQ.
[GameContext] [Approach] Runner approaches unrezzed ice (position 0).
[CorpRunAI] AI: rezzing Vasilisa would breach credit floor — holding.
[GameContext] [Approach] Corp declines to rez. Runner passes unrezzed ice.
[GameContext] [Movement] Runner approaches the server root.
[GameContext] [Success] Run successful on HQ!
[GameContext] [Debug/gain_on_success] run_modifiers at success: {  }
[GameContext] [Breach] Runner breaches HQ.
[GameContext] [Access] Runner accesses: Backroom Machinations
[GameContext] [End] Run ended successfully.
[GameContext] Reality Plus draws Chekist Scion.
[GameContext] === Reality Plus Turn 4 begins. Credits: 2, Clicks: 3 ===
[GameContext] [MCTS] slow search: 716 ms (100 iterations, depth 3)
[heartbeat] game 16/20 — turn 4, time 664s
[GameContext] Reality Plus gains 1 credit. (3 total)
[GameContext] [MCTS] slow search: 689 ms (100 iterations, depth 3)
[GameContext] Reality Plus gains 1 credit. (4 total)
[GameContext] [MCTS] slow search: 714 ms (100 iterations, depth 3)
[GameContext] Reality Plus gains 1 credit. (5 total)
[GameContext] === Street Artist Turn 5 begins. Credits: 2, Clicks: 4 ===
[GameContext] --- Run on HQ begins ---
[GameContext] [Initiation] Run declared on HQ.
[GameContext] [Approach] Runner approaches unrezzed ice (position 0).
[CorpRunAI] AI: Vasilisa — rez_cost=2  tax/enc=2.0  enc=3.0  LTV=6.0
[GameContext] [Rez] Corp rezzes Vasilisa for 2 credits.
[GameContext] [Encounter] Runner encounters Vasilisa.
[GameContext] [Encounter] Echelon boosted  +2 str (now 3). Cost: 1 cr.
[GameContext] [Encounter] Echelon breaks 'Give the Runner 1 tag.' for 1 cr.
[GameContext] [Encounter] Subroutine 0 broken.
[GameContext] [Movement] Runner approaches the server root.
[GameContext] [Success] Run successful on HQ!
[GameContext] [Debug/gain_on_success] run_modifiers at success: { "overclock_credits": 0, "concerto_credits": 0, "bad_pub_credits": 0 }
[GameContext] [Breach] Runner breaches HQ.
[GameContext] [Access] Runner accesses: Backroom Machinations
[GameContext] [End] Run ended successfully.
[GameContext] Street Artist gains 1 credit. (1 total)
[GameContext] Street Artist gains 1 credit. (2 total)
[GameContext] Street Artist removes 1 tag (0 remaining). [paid 2cr]
[GameContext] Reality Plus draws Chekist Scion.
[GameContext] === Reality Plus Turn 5 begins. Credits: 3, Clicks: 3 ===
[GameContext] [MCTS] slow search: 424 ms (100 iterations, depth 3)
[GameContext] Reality Plus installs Chekist Scion in Server 1.
[GameContext] [MCTS] slow search: 458 ms (100 iterations, depth 3)
[GameContext] Reality Plus gains 1 credit. (4 total)
[GameContext] [MCTS] slow search: 466 ms (100 iterations, depth 3)
[GameContext] Reality Plus gains 1 credit. (5 total)
[heartbeat] game 16/20 — turn 5, time 669s
[GameContext] === Street Artist Turn 6 begins. Credits: 0, Clicks: 4 ===
[GameContext] Street Artist gains 1 credit. (1 total)
[GameContext] Street Artist gains 1 credit. (2 total)
[GameContext] --- Run on HQ begins ---
[GameContext] [Initiation] Run declared on HQ.
[GameContext] [Approach] Runner approaches Vasilisa (position 0).
[GameContext] [Encounter] Runner encounters Vasilisa.
[GameContext] [Encounter] Echelon boosted  +2 str (now 3). Cost: 1 cr.
[GameContext] [Encounter] Echelon breaks 'Give the Runner 1 tag.' for 1 cr.
[GameContext] [Encounter] Subroutine 0 broken.
[GameContext] [Movement] Runner approaches the server root.
[GameContext] [Success] Run successful on HQ!
[GameContext] [Debug/gain_on_success] run_modifiers at success: { "overclock_credits": 0, "concerto_credits": 0, "bad_pub_credits": 0 }
[GameContext] [Breach] Runner breaches HQ.
[GameContext] [Access] Runner accesses: Chekist Scion
[GameContext] [Access] Runner may trash Chekist Scion for 0 credits (Runner has 0 total).
[GameContext] [Access] Runner trashes Chekist Scion.
[GameContext] [End] Run ended successfully.
[GameContext] Street Artist draws Sure Gamble.
[GameContext] Reality Plus draws Vasilisa.
[GameContext] === Reality Plus Turn 6 begins. Credits: 5, Clicks: 3 ===
[GameContext] Reality Plus rezzes Chekist Scion for 0 cr.
[GameContext] [MCTS] slow search: 391 ms (100 iterations, depth 3)
[GameContext] Reality Plus pays 1 credit(s) to install ice.
[GameContext] Reality Plus installs Vasilisa in HQ.
[GameContext] [MCTS] slow search: 422 ms (100 iterations, depth 3)
[GameContext] Reality Plus draws Retribution.
[GameContext] [MCTS] slow search: 446 ms (100 iterations, depth 3)
[GameContext] Reality Plus gains 1 credit. (5 total)
[GameContext] === Street Artist Turn 7 begins. Credits: 0, Clicks: 4 ===
[GameContext] Street Artist draws Echelon.
[GameContext] Street Artist draws Deep Dive.
[GameContext] Street Artist draws Telework Contract.
[GameContext] Street Artist draws Conduit.
[GameContext] Street Artist discards Telework Contract to hand limit. (5 cards remaining)
[GameContext] Reality Plus draws Blood in the Water.
[GameContext] === Reality Plus Turn 7 begins. Credits: 5, Clicks: 3 ===
[GameContext] [MCTS] slow search: 889 ms (100 iterations, depth 3)
[GameContext] Reality Plus installs Blood in the Water in Server 0.
[GameContext] [MCTS] Scoring line detected — executing: Advance blood_in_the_water
[GameContext] Reality Plus advances Blood in the Water (1 counters).
[GameContext] Reality Plus scores Blood in the Water! (2 agenda points)
[GameContext] [MCTS] slow search: 468 ms (100 iterations, depth 3)
[GameContext] Reality Plus gains 1 credit. (5 total)
[heartbeat] game 16/20 — turn 7, time 674s
[GameContext] === Street Artist Turn 8 begins. Credits: 0, Clicks: 4 ===
[GameContext] Street Artist draws Daily Casts.
[GameContext] Street Artist draws Conduit.
[GameContext] Street Artist draws Self-modifying Code.
[GameContext] Street Artist gains 1 credit. (1 total)
[GameContext] Street Artist discards Daily Casts to hand limit. (5 cards remaining)
[GameContext] Street Artist discards Deep Dive to hand limit. (5 cards remaining)
[GameContext] Street Artist discards Sure Gamble to hand limit. (5 cards remaining)
[GameContext] Reality Plus draws IP Enforcement.
[GameContext] === Reality Plus Turn 8 begins. Credits: 5, Clicks: 3 ===
[GameContext] [MCTS] slow search: 480 ms (100 iterations, depth 3)
[GameContext] Condition not met — ability has no effect.
[GameContext] Reality Plus plays IP Enforcement.
[GameContext] [MCTS] slow search: 450 ms (100 iterations, depth 3)
[GameContext] Reality Plus gains 1 credit. (6 total)
[GameContext] [MCTS] slow search: 477 ms (100 iterations, depth 3)
[GameContext] Reality Plus gains 1 credit. (7 total)
[GameContext] === Street Artist Turn 9 begins. Credits: 1, Clicks: 4 ===
[GameContext] Street Artist draws Simulchip.
[GameContext] Street Artist draws Simulchip.
[GameContext] Street Artist draws DZMZ Optimizer.
[GameContext] Street Artist gains 1 credit. (2 total)
[GameContext] Street Artist discards Simulchip to hand limit. (5 cards remaining)
[GameContext] Street Artist discards Simulchip to hand limit. (5 cards remaining)
[GameContext] Street Artist discards DZMZ Optimizer to hand limit. (5 cards remaining)
[GameContext] Reality Plus draws Doomscroll.
[GameContext] === Reality Plus Turn 9 begins. Credits: 7, Clicks: 3 ===
[GameContext] [MCTS] slow search: 508 ms (100 iterations, depth 3)
[GameContext] Reality Plus pays 1 credit(s) to install ice.
[GameContext] Reality Plus installs Doomscroll in R&D.
[GameContext] [MCTS] slow search: 449 ms (100 iterations, depth 3)
[GameContext] Reality Plus gains 1 credit. (7 total)
[GameContext] [MCTS] slow search: 466 ms (100 iterations, depth 3)
[GameContext] Reality Plus gains 1 credit. (8 total)
[heartbeat] game 16/20 — turn 9, time 679s
[GameContext] === Street Artist Turn 10 begins. Credits: 2, Clicks: 4 ===
[GameContext] Street Artist draws Self-modifying Code.
[GameContext] Street Artist draws Propeller.
Player install: card is: Propeller and charged cost is: 1
[GameContext] Placed 4 power counter(s) on Propeller.
[GameContext] Street Artist installs Propeller. [MU: 2/4 used]
[GameContext] Street Artist draws Telework Contract.
[GameContext] Street Artist discards Telework Contract to hand limit. (5 cards remaining)
[GameContext] Street Artist discards Self-modifying Code to hand limit. (5 cards remaining)
[GameContext] Reality Plus draws IP Enforcement.
[GameContext] === Reality Plus Turn 10 begins. Credits: 8, Clicks: 3 ===
[GameContext] [MCTS] slow search: 484 ms (100 iterations, depth 3)
[GameContext] Condition not met — ability has no effect.
[GameContext] Reality Plus plays IP Enforcement.
[GameContext] [MCTS] slow search: 468 ms (100 iterations, depth 3)
[GameContext] Reality Plus gains 1 credit. (9 total)
[GameContext] [MCTS] slow search: 464 ms (100 iterations, depth 3)
[GameContext] Reality Plus gains 1 credit. (10 total)
[GameContext] === Street Artist Turn 11 begins. Credits: 1, Clicks: 4 ===
[GameContext] Street Artist draws DZMZ Optimizer.
[GameContext] Street Artist gains 1 credit. (2 total)
[GameContext] Street Artist draws Pinhole Threading.
[GameContext] Street Artist plays Pinhole Threading.
[GameContext] Street Artist discards DZMZ Optimizer to hand limit. (5 cards remaining)
[GameContext] Reality Plus draws Artificial Cryptocrash.
[GameContext] === Reality Plus Turn 11 begins. Credits: 10, Clicks: 3 ===
[GameContext] [MCTS] slow search: 965 ms (100 iterations, depth 3)
[GameContext] Reality Plus installs Artificial Cryptocrash in Server 0.
[GameContext] [MCTS] slow search: 956 ms (100 iterations, depth 3)
[GameContext] Reality Plus advances Artificial Cryptocrash (1 counters).
[heartbeat] game 16/20 — turn 11, time 685s
[GameContext] [MCTS] slow search: 920 ms (100 iterations, depth 3)
[GameContext] Reality Plus advances Artificial Cryptocrash (2 counters).
[GameContext] === Street Artist Turn 12 begins. Credits: 1, Clicks: 4 ===
[GameContext] Street Artist gains 1 credit. (2 total)
[GameContext] Street Artist gains 1 credit. (3 total)
[GameContext] --- Run on Server 0 begins ---
[GameContext] [Initiation] Run declared on Server 0.
[GameContext] [Approach] Runner approaches unrezzed ice (position 0).
[CorpRunAI] AI: Ivik — rez_cost=7  tax/enc=5.0  enc=2.5  LTV=12.5
[CorpRunAI] AI: deferring Ivik (pri=3.57) — saving for Vasilisa on hq (pri=6.00)
[GameContext] [Approach] Corp declines to rez. Runner passes unrezzed ice.
[GameContext] [Movement] Runner approaches the server root.
[GameContext] [Success] Run successful on Server 0!
[GameContext] [Debug/gain_on_success] run_modifiers at success: {  }
[GameContext] [Breach] Runner breaches Server 0.
[GameContext] [Access] Runner accesses: Artificial Cryptocrash
[GameContext] [Access] Runner steals Artificial Cryptocrash! (2 agenda points)
[GameContext] [End] Run ended successfully.
[GameContext] Street Artist draws LilyPAD.
[GameContext] Street Artist discards LilyPAD to hand limit. (5 cards remaining)
[GameContext] Reality Plus draws Drago Ivanov.
[GameContext] === Reality Plus Turn 12 begins. Credits: 8, Clicks: 3 ===
[GameContext] [MCTS] slow search: 485 ms (100 iterations, depth 3)
[GameContext] Reality Plus installs Chekist Scion in Server 0.
[GameContext] [MCTS] slow search: 1076 ms (100 iterations, depth 3)
[GameContext] Reality Plus action rejected: Card __sim_trap__ not found or not advanceable
[GameContext] === Street Artist Turn 13 begins. Credits: 3, Clicks: 4 ===
[GameContext] Street Artist gains 1 credit. (4 total)
[GameContext] Street Artist gains 1 credit. (5 total)
[GameContext] --- Run on HQ begins ---
[GameContext] [Initiation] Run declared on HQ.
[GameContext] [Approach] Runner approaches unrezzed ice (position 0).
[CorpRunAI] AI: Vasilisa — rez_cost=2  tax/enc=2.0  enc=3.0  LTV=6.0
[GameContext] [Rez] Corp rezzes Vasilisa for 2 credits.
[GameContext] [Encounter] Runner encounters Vasilisa.
[GameContext] [Encounter] Echelon breaks 'Give the Runner 1 tag.' for 1 cr.
[GameContext] [Encounter] Subroutine 0 broken.
[GameContext] [Approach] Runner approaches Vasilisa (position 1).
[GameContext] [Encounter] Runner encounters Vasilisa.
[GameContext] [Encounter] Echelon breaks 'Give the Runner 1 tag.' for 1 cr.
[GameContext] [Encounter] Subroutine 0 broken.
[GameContext] [Movement] Runner approaches the server root.
[GameContext] [Success] Run successful on HQ!
[GameContext] [Debug/gain_on_success] run_modifiers at success: { "overclock_credits": 0, "concerto_credits": 0, "bad_pub_credits": 0 }
[GameContext] [Breach] Runner breaches HQ.
[GameContext] [Access] Runner accesses: Backroom Machinations
[GameContext] [End] Run ended successfully.
[GameContext] Street Artist draws Environmental Testing.
[GameContext] Street Artist discards Environmental Testing to hand limit. (5 cards remaining)
[GameContext] Reality Plus draws Ivik.
[GameContext] === Reality Plus Turn 13 begins. Credits: 6, Clicks: 3 ===
[GameContext] Reality Plus rezzes Chekist Scion for 0 cr.
[GameContext] [MCTS] slow search: 1167 ms (100 iterations, depth 3)
[heartbeat] game 16/20 — turn 13, time 690s
[GameContext] Reality Plus installs Ivik in Server 2.
[GameContext] [MCTS] slow search: 961 ms (100 iterations, depth 3)
[GameContext] Reality Plus gains 1 credit. (7 total)
[GameContext] [MCTS] slow search: 1068 ms (100 iterations, depth 3)
[GameContext] Reality Plus gains 1 credit. (8 total)
[GameContext] === Street Artist Turn 14 begins. Credits: 3, Clicks: 4 ===
[GameContext] Street Artist gains 1 credit. (4 total)
[GameContext] --- Run on HQ begins ---
[GameContext] [Initiation] Run declared on HQ.
[GameContext] [Approach] Runner approaches Vasilisa (position 0).
[GameContext] [Encounter] Runner encounters Vasilisa.
[GameContext] [Encounter] Echelon breaks 'Give the Runner 1 tag.' for 1 cr.
[GameContext] [Encounter] Subroutine 0 broken.
[GameContext] [Approach] Runner approaches Vasilisa (position 1).
[GameContext] [Encounter] Runner encounters Vasilisa.
[GameContext] [Encounter] Echelon breaks 'Give the Runner 1 tag.' for 1 cr.
[GameContext] [Encounter] Subroutine 0 broken.
[GameContext] [Movement] Runner approaches the server root.
[GameContext] [Success] Run successful on HQ!
[GameContext] [Debug/gain_on_success] run_modifiers at success: { "overclock_credits": 0, "concerto_credits": 0, "bad_pub_credits": 0 }
[GameContext] [Breach] Runner breaches HQ.
[GameContext] [Access] Runner accesses: Drago Ivanov
[GameContext] [Access] Runner may trash Drago Ivanov for 1 credits (Runner has 2 total).
[GameContext] [Access] Runner trashes Drago Ivanov.
[GameContext] [End] Run ended successfully.
[GameContext] Street Artist draws Self-modifying Code.
[GameContext] Street Artist draws Creative Commission.
[GameContext] Street Artist discards Creative Commission to hand limit. (5 cards remaining)
[GameContext] Street Artist discards Self-modifying Code to hand limit. (5 cards remaining)
[GameContext] Reality Plus draws Funhouse.
[GameContext] === Reality Plus Turn 14 begins. Credits: 8, Clicks: 3 ===
[GameContext] [MCTS] slow search: 982 ms (100 iterations, depth 3)
[GameContext] Reality Plus installs Funhouse in Server 3.
[GameContext] [MCTS] slow search: 1017 ms (100 iterations, depth 3)
[GameContext] Reality Plus draws Backroom Machinations.
[heartbeat] game 16/20 — turn 14, time 696s
[GameContext] [MCTS] slow search: 989 ms (100 iterations, depth 3)
[GameContext] Reality Plus gains 1 credit. (9 total)
[GameContext] === Street Artist Turn 15 begins. Credits: 1, Clicks: 4 ===
[GameContext] Street Artist draws Daily Casts.
[GameContext] Street Artist gains 1 credit. (2 total)
[GameContext] Street Artist draws Sure Gamble.
[GameContext] Street Artist draws Unity.
[GameContext] Street Artist discards Daily Casts to hand limit. (5 cards remaining)
[GameContext] Street Artist discards Sure Gamble to hand limit. (5 cards remaining)
[GameContext] Street Artist discards Self-modifying Code to hand limit. (5 cards remaining)
[GameContext] Reality Plus draws Regolith Mining License.
[GameContext] === Reality Plus Turn 15 begins. Credits: 9, Clicks: 3 ===
[GameContext] [MCTS] slow search: 1074 ms (100 iterations, depth 3)
[GameContext] Reality Plus installs Regolith Mining License in Server 3.
[GameContext] [MCTS] slow search: 942 ms (100 iterations, depth 3)
[GameContext] Reality Plus action rejected: Card __sim_trap__ not found or not advanceable
[GameContext] === Street Artist Turn 16 begins. Credits: 2, Clicks: 4 ===
[GameContext] Street Artist gains 1 credit. (3 total)
[GameContext] Street Artist gains 1 credit. (4 total)
[GameContext] --- Run on HQ begins ---
[GameContext] [Initiation] Run declared on HQ.
[GameContext] [Approach] Runner approaches Vasilisa (position 0).
[GameContext] [Encounter] Runner encounters Vasilisa.
[GameContext] [Encounter] Echelon breaks 'Give the Runner 1 tag.' for 1 cr.
[GameContext] [Encounter] Subroutine 0 broken.
[GameContext] [Approach] Runner approaches Vasilisa (position 1).
[GameContext] [Encounter] Runner encounters Vasilisa.
[GameContext] [Encounter] Echelon breaks 'Give the Runner 1 tag.' for 1 cr.
[GameContext] [Encounter] Subroutine 0 broken.
[GameContext] [Movement] Runner approaches the server root.
[GameContext] [Success] Run successful on HQ!
[GameContext] [Debug/gain_on_success] run_modifiers at success: { "overclock_credits": 0, "concerto_credits": 0, "bad_pub_credits": 0 }
[GameContext] [Breach] Runner breaches HQ.
[GameContext] [Access] Runner accesses: Backroom Machinations
[GameContext] [End] Run ended successfully.
[GameContext] Street Artist draws Daily Casts.
[GameContext] Street Artist discards Daily Casts to hand limit. (5 cards remaining)
[GameContext] Reality Plus draws Drago Ivanov.
[GameContext] === Reality Plus Turn 16 begins. Credits: 9, Clicks: 3 ===
[GameContext] Placed 15 credits counter(s) on Regolith Mining License.
[GameContext] Reality Plus rezzes Regolith Mining License for 2 cr.
[GameContext] [MCTS] slow search: 1010 ms (100 iterations, depth 3)
[heartbeat] game 16/20 — turn 16, time 701s
[GameContext] Reality Plus action rejected: Card __sim_trap__ not found or not advanceable
[GameContext] === Street Artist Turn 17 begins. Credits: 2, Clicks: 4 ===
[GameContext] Street Artist gains 1 credit. (3 total)
[GameContext] Street Artist gains 1 credit. (4 total)
[GameContext] --- Run on HQ begins ---
[GameContext] [Initiation] Run declared on HQ.
[GameContext] [Approach] Runner approaches Vasilisa (position 0).
[GameContext] [Encounter] Runner encounters Vasilisa.
[GameContext] [Encounter] Echelon breaks 'Give the Runner 1 tag.' for 1 cr.
[GameContext] [Encounter] Subroutine 0 broken.
[GameContext] [Approach] Runner approaches Vasilisa (position 1).
[GameContext] [Encounter] Runner encounters Vasilisa.
[GameContext] [Encounter] Echelon breaks 'Give the Runner 1 tag.' for 1 cr.
[GameContext] [Encounter] Subroutine 0 broken.
[GameContext] [Movement] Runner approaches the server root.
[GameContext] [Success] Run successful on HQ!
[GameContext] [Debug/gain_on_success] run_modifiers at success: { "overclock_credits": 0, "concerto_credits": 0, "bad_pub_credits": 0 }
[GameContext] [Breach] Runner breaches HQ.
[GameContext] [Access] Runner accesses: Backroom Machinations
[GameContext] [End] Run ended successfully.
[GameContext] Street Artist draws Deep Dive.
[GameContext] Street Artist discards Deep Dive to hand limit. (5 cards remaining)
[GameContext] Reality Plus draws Funhouse.
[GameContext] === Reality Plus Turn 17 begins. Credits: 7, Clicks: 3 ===
[GameContext] [MCTS] slow search: 1055 ms (100 iterations, depth 3)
[GameContext] Reality Plus installs Funhouse in Server 4.
[GameContext] [MCTS] slow search: 1032 ms (100 iterations, depth 3)
[GameContext] Reality Plus installs Drago Ivanov in Server 5.
[GameContext] [MCTS] slow search: 1119 ms (100 iterations, depth 3)
[GameContext] Reality Plus takes 3 cr from Regolith Mining License (12 remaining).
[GameContext] === Street Artist Turn 18 begins. Credits: 2, Clicks: 4 ===
[GameContext] Street Artist gains 1 credit. (3 total)
[GameContext] Street Artist gains 1 credit. (4 total)
[GameContext] --- Run on HQ begins ---
[GameContext] [Initiation] Run declared on HQ.
[GameContext] [Approach] Runner approaches Vasilisa (position 0).
[GameContext] [Encounter] Runner encounters Vasilisa.
[GameContext] [Encounter] Echelon breaks 'Give the Runner 1 tag.' for 1 cr.
[GameContext] [Encounter] Subroutine 0 broken.
[GameContext] [Approach] Runner approaches Vasilisa (position 1).
[GameContext] [Encounter] Runner encounters Vasilisa.
[GameContext] [Encounter] Echelon breaks 'Give the Runner 1 tag.' for 1 cr.
[GameContext] [Encounter] Subroutine 0 broken.
[GameContext] [Movement] Runner approaches the server root.
[GameContext] [Success] Run successful on HQ!
[GameContext] [Debug/gain_on_success] run_modifiers at success: { "overclock_credits": 0, "concerto_credits": 0, "bad_pub_credits": 0 }
[GameContext] [Breach] Runner breaches HQ.
[GameContext] [Access] Runner accesses: Retribution
[GameContext] [End] Run ended successfully.
[GameContext] Street Artist draws Simulchip.
[GameContext] Street Artist discards Simulchip to hand limit. (5 cards remaining)
[GameContext] Reality Plus draws Spin Doctor.
[GameContext] === Reality Plus Turn 18 begins. Credits: 10, Clicks: 3 ===
[GameContext] Reality Plus rezzes Drago Ivanov for 0 cr.
[GameContext] [MCTS] slow search: 1182 ms (100 iterations, depth 3)
[heartbeat] game 16/20 — turn 18, time 707s
[GameContext] Reality Plus action rejected: Card __sim_trap__ not found or not advanceable
[GameContext] === Street Artist Turn 19 begins. Credits: 2, Clicks: 4 ===
[GameContext] Street Artist gains 1 credit. (3 total)
[GameContext] Street Artist gains 1 credit. (4 total)
[GameContext] --- Run on HQ begins ---
[GameContext] [Initiation] Run declared on HQ.
[GameContext] [Approach] Runner approaches Vasilisa (position 0).
[GameContext] [Encounter] Runner encounters Vasilisa.
[GameContext] [Encounter] Echelon breaks 'Give the Runner 1 tag.' for 1 cr.
[GameContext] [Encounter] Subroutine 0 broken.
[GameContext] [Approach] Runner approaches Vasilisa (position 1).
[GameContext] [Encounter] Runner encounters Vasilisa.
[GameContext] [Encounter] Echelon breaks 'Give the Runner 1 tag.' for 1 cr.
[GameContext] [Encounter] Subroutine 0 broken.
[GameContext] [Movement] Runner approaches the server root.
[GameContext] [Success] Run successful on HQ!
[GameContext] [Debug/gain_on_success] run_modifiers at success: { "overclock_credits": 0, "concerto_credits": 0, "bad_pub_credits": 0 }
[GameContext] [Breach] Runner breaches HQ.
[GameContext] [Access] Runner accesses: Retribution
[GameContext] [End] Run ended successfully.
[GameContext] Street Artist draws Unity.
[GameContext] Street Artist discards Fermenter to hand limit. (5 cards remaining)
[GameContext] Reality Plus draws Hedge Fund.
[GameContext] === Reality Plus Turn 19 begins. Credits: 10, Clicks: 3 ===
[GameContext] [MCTS] slow search: 1396 ms (100 iterations, depth 3)
[GameContext] Reality Plus installs Spin Doctor in Server 4.
[GameContext] [MCTS] slow search: 1257 ms (100 iterations, depth 3)
[GameContext] Reality Plus action rejected: Card __sim_trap__ not found or not advanceable
[GameContext] === Street Artist Turn 20 begins. Credits: 2, Clicks: 4 ===
[GameContext] Street Artist gains 1 credit. (3 total)
[GameContext] Street Artist gains 1 credit. (4 total)
[GameContext] --- Run on HQ begins ---
[GameContext] [Initiation] Run declared on HQ.
[GameContext] [Approach] Runner approaches Vasilisa (position 0).
[GameContext] [Encounter] Runner encounters Vasilisa.
[GameContext] [Encounter] Echelon breaks 'Give the Runner 1 tag.' for 1 cr.
[GameContext] [Encounter] Subroutine 0 broken.
[GameContext] [Approach] Runner approaches Vasilisa (position 1).
[GameContext] [Encounter] Runner encounters Vasilisa.
[GameContext] [Encounter] Echelon breaks 'Give the Runner 1 tag.' for 1 cr.
[GameContext] [Encounter] Subroutine 0 broken.
[GameContext] [Movement] Runner approaches the server root.
[GameContext] [Success] Run successful on HQ!
[GameContext] [Debug/gain_on_success] run_modifiers at success: { "overclock_credits": 0, "concerto_credits": 0, "bad_pub_credits": 0 }
[GameContext] [Breach] Runner breaches HQ.
[GameContext] [Access] Runner accesses: Retribution
[GameContext] [End] Run ended successfully.
[GameContext] Street Artist draws DZMZ Optimizer.
[GameContext] Street Artist discards DZMZ Optimizer to hand limit. (5 cards remaining)
[GameContext] Reality Plus draws Blood in the Water.
[GameContext] === Reality Plus Turn 20 begins. Credits: 10, Clicks: 3 ===
[GameContext] Reality Plus draws 2 card(s).
[GameContext] Reality Plus rezzes Spin Doctor for 0 cr.
[GameContext] [MCTS] slow search: 2282 ms (100 iterations, depth 3)
[heartbeat] game 16/20 — turn 20, time 712s
[GameContext] Reality Plus installs Blood in the Water in Server 2.
[GameContext] [MCTS] Scoring line detected — executing: Advance blood_in_the_water
[GameContext] Reality Plus advances Blood in the Water (1 counters).
[GameContext] Reality Plus scores Blood in the Water! (2 agenda points)
[GameContext] [MCTS] slow search: 844 ms (100 iterations, depth 3)
[GameContext] Reality Plus installs Artificial Cryptocrash in Server 2.
[GameContext] Reality Plus discards Trust Operation to hand limit.
[GameContext] === Street Artist Turn 21 begins. Credits: 2, Clicks: 4 ===
[GameContext] Street Artist gains 1 credit. (3 total)
[GameContext] --- Run on Server 2 begins ---
[GameContext] [Initiation] Run declared on Server 2.
[GameContext] [Approach] Runner approaches unrezzed ice (position 0).
[CorpRunAI] AI: Ivik — rez_cost=7  tax/enc=5.0  enc=2.5  LTV=12.5
[CorpRunAI] AI: deferring Ivik (pri=3.57) — saving for Doomscroll on rd (pri=12.50)
[GameContext] [Approach] Corp declines to rez. Runner passes unrezzed ice.
[GameContext] [Movement] Runner approaches the server root.
[GameContext] [Success] Run successful on Server 2!
[GameContext] [Debug/gain_on_success] run_modifiers at success: {  }
[GameContext] [Breach] Runner breaches Server 2.
[GameContext] [Access] Runner accesses: Artificial Cryptocrash
[GameContext] [Access] Runner steals Artificial Cryptocrash! (2 agenda points)
[GameContext] [End] Run ended successfully.
[GameContext] Street Artist gains 1 credit. (4 total)
[GameContext] --- Run on HQ begins ---
[GameContext] [Initiation] Run declared on HQ.
[GameContext] [Approach] Runner approaches Vasilisa (position 0).
[GameContext] [Encounter] Runner encounters Vasilisa.
[GameContext] [Encounter] Echelon breaks 'Give the Runner 1 tag.' for 1 cr.
[GameContext] [Encounter] Subroutine 0 broken.
[GameContext] [Approach] Runner approaches Vasilisa (position 1).
[GameContext] [Encounter] Runner encounters Vasilisa.
[GameContext] [Encounter] Echelon breaks 'Give the Runner 1 tag.' for 1 cr.
[GameContext] [Encounter] Subroutine 0 broken.
[GameContext] [Movement] Runner approaches the server root.
[GameContext] [Success] Run successful on HQ!
[GameContext] [Debug/gain_on_success] run_modifiers at success: { "overclock_credits": 0, "concerto_credits": 0, "bad_pub_credits": 0 }
[GameContext] [Breach] Runner breaches HQ.
[GameContext] [Access] Runner accesses: Backroom Machinations
[GameContext] [End] Run ended successfully.
[GameContext] Reality Plus draws Hedge Fund.
[GameContext] === Reality Plus Turn 21 begins. Credits: 9, Clicks: 3 ===
[GameContext] [MCTS] slow search: 1527 ms (100 iterations, depth 3)
[GameContext] Reality Plus action rejected: Card __sim_trap__ not found or not advanceable
[GameContext] Reality Plus discards Retribution to hand limit.
[GameContext] === Street Artist Turn 22 begins. Credits: 2, Clicks: 4 ===
[GameContext] Street Artist gains 1 credit. (3 total)
[GameContext] Street Artist gains 1 credit. (4 total)
[GameContext] --- Run on HQ begins ---
[GameContext] [Initiation] Run declared on HQ.
[GameContext] [Approach] Runner approaches Vasilisa (position 0).
[GameContext] [Encounter] Runner encounters Vasilisa.
[GameContext] [Encounter] Echelon breaks 'Give the Runner 1 tag.' for 1 cr.
[GameContext] [Encounter] Subroutine 0 broken.
[GameContext] [Approach] Runner approaches Vasilisa (position 1).
[GameContext] [Encounter] Runner encounters Vasilisa.
[GameContext] [Encounter] Echelon breaks 'Give the Runner 1 tag.' for 1 cr.
[GameContext] [Encounter] Subroutine 0 broken.
[GameContext] [Movement] Runner approaches the server root.
[GameContext] [Success] Run successful on HQ!
[GameContext] [Debug/gain_on_success] run_modifiers at success: { "overclock_credits": 0, "concerto_credits": 0, "bad_pub_credits": 0 }
[GameContext] [Breach] Runner breaches HQ.
[GameContext] [Access] Runner accesses: Hedge Fund
[GameContext] [End] Run ended successfully.
[GameContext] Street Artist draws Fermenter.
[GameContext] Street Artist discards Fermenter to hand limit. (5 cards remaining)
[GameContext] Reality Plus draws Hedge Fund.
[GameContext] === Reality Plus Turn 22 begins. Credits: 9, Clicks: 3 ===
[GameContext] [MCTS] slow search: 1462 ms (100 iterations, depth 3)
[heartbeat] game 16/20 — turn 22, time 718s
[GameContext] Reality Plus gains 9 credits.
[GameContext] Reality Plus plays Hedge Fund.
[GameContext] [MCTS] slow search: 1458 ms (100 iterations, depth 3)
[GameContext] Reality Plus gains 9 credits.
[GameContext] Reality Plus plays Hedge Fund.
[GameContext] [MCTS] slow search: 1317 ms (100 iterations, depth 3)
[GameContext] Reality Plus action rejected: Card __sim_trap__ not found or not advanceable
[GameContext] === Street Artist Turn 23 begins. Credits: 2, Clicks: 4 ===
[GameContext] Street Artist gains 1 credit. (3 total)
[GameContext] Street Artist gains 1 credit. (4 total)
[GameContext] --- Run on HQ begins ---
[GameContext] [Initiation] Run declared on HQ.
[GameContext] [Approach] Runner approaches Vasilisa (position 0).
[GameContext] [Encounter] Runner encounters Vasilisa.
[GameContext] [Encounter] Echelon breaks 'Give the Runner 1 tag.' for 1 cr.
[GameContext] [Encounter] Subroutine 0 broken.
[GameContext] [Approach] Runner approaches Vasilisa (position 1).
[GameContext] [Encounter] Runner encounters Vasilisa.
[GameContext] [Encounter] Echelon breaks 'Give the Runner 1 tag.' for 1 cr.
[GameContext] [Encounter] Subroutine 0 broken.
[GameContext] [Movement] Runner approaches the server root.
[GameContext] [Success] Run successful on HQ!
[GameContext] [Debug/gain_on_success] run_modifiers at success: { "overclock_credits": 0, "concerto_credits": 0, "bad_pub_credits": 0 }
[GameContext] [Breach] Runner breaches HQ.
[GameContext] [Access] Runner accesses: Backroom Machinations
[GameContext] [End] Run ended successfully.
[GameContext] Street Artist draws Environmental Testing.
[GameContext] Street Artist discards Environmental Testing to hand limit. (5 cards remaining)
[GameContext] Reality Plus draws Spin Doctor.
[GameContext] === Reality Plus Turn 23 begins. Credits: 17, Clicks: 3 ===
[GameContext] [MCTS] slow search: 1355 ms (100 iterations, depth 3)
[heartbeat] game 16/20 — turn 23, time 723s
[GameContext] Reality Plus installs Spin Doctor in Server 2.
[GameContext] [MCTS] slow search: 1502 ms (100 iterations, depth 3)
[GameContext] Reality Plus action rejected: Card __sim_trap__ not found or not advanceable
[GameContext] === Street Artist Turn 24 begins. Credits: 2, Clicks: 4 ===
[GameContext] Street Artist gains 1 credit. (3 total)
[GameContext] Street Artist gains 1 credit. (4 total)
[GameContext] --- Run on HQ begins ---
[GameContext] [Initiation] Run declared on HQ.
[GameContext] [Approach] Runner approaches Vasilisa (position 0).
[GameContext] [Encounter] Runner encounters Vasilisa.
[GameContext] [Encounter] Echelon breaks 'Give the Runner 1 tag.' for 1 cr.
[GameContext] [Encounter] Subroutine 0 broken.
[GameContext] [Approach] Runner approaches Vasilisa (position 1).
[GameContext] [Encounter] Runner encounters Vasilisa.
[GameContext] [Encounter] Echelon breaks 'Give the Runner 1 tag.' for 1 cr.
[GameContext] [Encounter] Subroutine 0 broken.
[GameContext] [Movement] Runner approaches the server root.
[GameContext] [Success] Run successful on HQ!
[GameContext] [Debug/gain_on_success] run_modifiers at success: { "overclock_credits": 0, "concerto_credits": 0, "bad_pub_credits": 0 }
[GameContext] [Breach] Runner breaches HQ.
[GameContext] [Access] Runner accesses: Backroom Machinations
[GameContext] [End] Run ended successfully.
[GameContext] Street Artist draws Sure Gamble.
[GameContext] Street Artist discards Sure Gamble to hand limit. (5 cards remaining)
[GameContext] Reality Plus draws Trust Operation.
[GameContext] === Reality Plus Turn 24 begins. Credits: 17, Clicks: 3 ===
[GameContext] Reality Plus deck empty — cannot draw.
[GameContext] Reality Plus draws 1 card(s).
[GameContext] Reality Plus rezzes Spin Doctor for 0 cr.
[GameContext] [◆ Unique] Duplicate Spin Doctor trashed (cannot be prevented).
[GameContext] [MCTS] slow search: 1455 ms (100 iterations, depth 3)
[GameContext] Reality Plus action rejected: Card __sim_trap__ not found or not advanceable
[GameContext] Reality Plus discards Trust Operation to hand limit.
[GameContext] === Street Artist Turn 25 begins. Credits: 2, Clicks: 4 ===
[GameContext] Street Artist gains 1 credit. (3 total)
[GameContext] Street Artist gains 1 credit. (4 total)
[GameContext] --- Run on HQ begins ---
[GameContext] [Initiation] Run declared on HQ.
[GameContext] [Approach] Runner approaches Vasilisa (position 0).
[GameContext] [Encounter] Runner encounters Vasilisa.
[GameContext] [Encounter] Echelon breaks 'Give the Runner 1 tag.' for 1 cr.
[GameContext] [Encounter] Subroutine 0 broken.
[GameContext] [Approach] Runner approaches Vasilisa (position 1).
[GameContext] [Encounter] Runner encounters Vasilisa.
[GameContext] [Encounter] Echelon breaks 'Give the Runner 1 tag.' for 1 cr.
[GameContext] [Encounter] Subroutine 0 broken.
[GameContext] [Movement] Runner approaches the server root.
[GameContext] [Success] Run successful on HQ!
[GameContext] [Debug/gain_on_success] run_modifiers at success: { "overclock_credits": 0, "concerto_credits": 0, "bad_pub_credits": 0 }
[GameContext] [Breach] Runner breaches HQ.
[GameContext] [Access] Runner accesses: Backroom Machinations
[GameContext] [End] Run ended successfully.
[GameContext] Street Artist draws Overclock.
[GameContext] Street Artist discards Overclock to hand limit. (5 cards remaining)
[GameContext] Reality Plus deck is empty — Reality Plus loses!
[GameContext] Game over — Street Artist wins. Corp could not draw (empty R&D)
[GameContext] === Reality Plus Turn 25 begins. Credits: 17, Clicks: 3 ===
  [ 16/ 20]  RUNNER    Corp could not draw (empty R&D)   25 turns
[GameContext] Reality Plus draws Trust Operation.
[GameContext] === Reality Plus Turn 1 begins. Credits: 5, Clicks: 3 ===
[GameContext] [MCTS] slow search: 686 ms (100 iterations, depth 3)
[GameContext] Reality Plus installs Ivik in HQ.
[GameContext] [MCTS] slow search: 617 ms (100 iterations, depth 3)
[GameContext] Reality Plus installs Ivik in R&D.
[heartbeat] game 17/20 — turn 1, time 728s
[GameContext] [MCTS] slow search: 578 ms (100 iterations, depth 3)
[GameContext] Reality Plus gains 1 credit. (6 total)
[GameContext] === Street Artist Turn 2 begins. Credits: 5, Clicks: 4 ===
[GameContext] Street Artist gains 9 credits.
[GameContext] Street Artist plays Sure Gamble.
[GameContext] --- Run on R&D begins ---
[GameContext] [Initiation] Run declared on R&D.
[GameContext] [Approach] Runner approaches unrezzed ice (position 0).
[GameContext] [Approach] Corp declines to rez. Runner passes unrezzed ice.
[GameContext] [Movement] Runner approaches the server root.
[GameContext] [Success] Run successful on R&D!
[GameContext] [Debug/gain_on_success] run_modifiers at success: {  }
[GameContext] [Breach] Runner breaches R&D.
[GameContext] [Access] Runner accesses: Funhouse
[GameContext] [End] Run ended successfully.
[GameContext] --- Run on HQ begins ---
[GameContext] [Initiation] Run declared on HQ.
[GameContext] [Approach] Runner approaches unrezzed ice (position 0).
[GameContext] [Approach] Corp declines to rez. Runner passes unrezzed ice.
[GameContext] [Movement] Runner approaches the server root.
[GameContext] [Success] Run successful on HQ!
[GameContext] [Debug/gain_on_success] run_modifiers at success: {  }
[GameContext] [Breach] Runner breaches HQ.
[GameContext] [Access] Runner accesses: Regolith Mining License
[GameContext] [Access] Runner may trash Regolith Mining License for 3 credits (Runner has 9 total).
[GameContext] [Access] Runner trashes Regolith Mining License.
[GameContext] [End] Run ended successfully.
[GameContext] Street Artist draws Telework Contract.
[GameContext] Reality Plus draws Funhouse.
[GameContext] === Reality Plus Turn 2 begins. Credits: 6, Clicks: 3 ===
[GameContext] [MCTS] slow search: 396 ms (100 iterations, depth 3)
[GameContext] Reality Plus gains 1 credit. (7 total)
[GameContext] [MCTS] slow search: 475 ms (100 iterations, depth 3)
[GameContext] Reality Plus installs Funhouse in Server 0.
[GameContext] [MCTS] slow search: 394 ms (100 iterations, depth 3)
[GameContext] Reality Plus draws Blood in the Water.
[GameContext] === Street Artist Turn 3 begins. Credits: 6, Clicks: 4 ===
[GameContext] --- Run on R&D begins ---
[GameContext] [Initiation] Run declared on R&D.
[GameContext] [Approach] Runner approaches unrezzed ice (position 0).
[CorpRunAI] AI: rezzing Ivik would breach credit floor — holding.
[GameContext] [Approach] Corp declines to rez. Runner passes unrezzed ice.
[GameContext] [Movement] Runner approaches the server root.
[GameContext] [Success] Run successful on R&D!
[GameContext] [Debug/gain_on_success] run_modifiers at success: {  }
[GameContext] [Breach] Runner breaches R&D.
[GameContext] [Access] Runner accesses: Funhouse
[GameContext] [End] Run ended successfully.
[GameContext] --- Run on HQ begins ---
[GameContext] [Initiation] Run declared on HQ.
[GameContext] [Approach] Runner approaches unrezzed ice (position 0).
[CorpRunAI] AI: rezzing Ivik would breach credit floor — holding.
[GameContext] [Approach] Corp declines to rez. Runner passes unrezzed ice.
[GameContext] [Movement] Runner approaches the server root.
[GameContext] [Success] Run successful on HQ!
[GameContext] [Debug/gain_on_success] run_modifiers at success: {  }
[GameContext] [Breach] Runner breaches HQ.
[GameContext] [Access] Runner accesses: Trust Operation
[GameContext] [End] Run ended successfully.
[GameContext] Street Artist draws Environmental Testing.
[GameContext] Street Artist draws Simulchip.
[GameContext] Street Artist discards Telework Contract to hand limit. (5 cards remaining)
[GameContext] Street Artist discards Telework Contract to hand limit. (5 cards remaining)
[GameContext] Reality Plus draws Funhouse.
[GameContext] === Reality Plus Turn 3 begins. Credits: 7, Clicks: 3 ===
[GameContext] [MCTS] slow search: 801 ms (100 iterations, depth 3)
[GameContext] Reality Plus installs Blood in the Water in Server 0.
[GameContext] [MCTS] Scoring line detected — executing: Advance blood_in_the_water
[GameContext] Reality Plus advances Blood in the Water (1 counters).
[GameContext] Reality Plus scores Blood in the Water! (2 agenda points)
[heartbeat] game 17/20 — turn 3, time 733s
[GameContext] [MCTS] slow search: 537 ms (100 iterations, depth 3)
[GameContext] Reality Plus gains 1 credit. (7 total)
[GameContext] === Street Artist Turn 4 begins. Credits: 6, Clicks: 4 ===
[GameContext] --- Run on R&D begins ---
[GameContext] [Initiation] Run declared on R&D.
[GameContext] [Approach] Runner approaches unrezzed ice (position 0).
[CorpRunAI] AI: rezzing Ivik would breach credit floor — holding.
[GameContext] [Approach] Corp declines to rez. Runner passes unrezzed ice.
[GameContext] [Movement] Runner approaches the server root.
[GameContext] [Success] Run successful on R&D!
[GameContext] [Debug/gain_on_success] run_modifiers at success: {  }
[GameContext] [Breach] Runner breaches R&D.
[GameContext] [Access] Runner accesses: Blood in the Water
[GameContext] [Access] Runner steals Blood in the Water! (2 agenda points)
[GameContext] [End] Run ended successfully.
[GameContext] --- Run on HQ begins ---
[GameContext] [Initiation] Run declared on HQ.
[GameContext] [Approach] Runner approaches unrezzed ice (position 0).
[CorpRunAI] AI: rezzing Ivik would breach credit floor — holding.
[GameContext] [Approach] Corp declines to rez. Runner passes unrezzed ice.
[GameContext] [Movement] Runner approaches the server root.
[GameContext] [Success] Run successful on HQ!
[GameContext] [Debug/gain_on_success] run_modifiers at success: {  }
[GameContext] [Breach] Runner breaches HQ.
[GameContext] [Access] Runner accesses: Trust Operation
[GameContext] [End] Run ended successfully.
[GameContext] Street Artist draws Unity.
Player install: card is: Unity and charged cost is: 3
[GameContext] Street Artist installs Unity. [MU: 1/4 used]
[GameContext] Reality Plus draws Hedge Fund.
[GameContext] === Reality Plus Turn 4 begins. Credits: 7, Clicks: 3 ===
[GameContext] [MCTS] slow search: 541 ms (100 iterations, depth 3)
[GameContext] Reality Plus pays 1 credit(s) to install ice.
[GameContext] Reality Plus installs Funhouse in R&D.
[GameContext] [MCTS] slow search: 459 ms (100 iterations, depth 3)
[GameContext] Reality Plus gains 9 credits.
[GameContext] Reality Plus plays Hedge Fund.
[GameContext] [MCTS] slow search: 420 ms (100 iterations, depth 3)
[GameContext] Reality Plus draws Backroom Machinations.
[GameContext] === Street Artist Turn 5 begins. Credits: 3, Clicks: 4 ===
[GameContext] Street Artist gains 5 credits.
[GameContext] Street Artist will lose 1 click(s) next turn.
[GameContext] Street Artist plays Creative Commission.
[GameContext] --- Run on R&D begins ---
[GameContext] [Initiation] Run declared on R&D.
[GameContext] [Approach] Runner approaches unrezzed ice (position 0).
[CorpRunAI] AI: Funhouse — rez_cost=5  tax/enc=4.0  enc=3.0  LTV=12.0
[CorpRunAI] AI: deferring Funhouse (pri=6.00) — saving for Ivik on hq (pri=9.43)
[GameContext] [Approach] Corp declines to rez. Runner passes unrezzed ice.
[GameContext] [Approach] Runner approaches unrezzed ice (position 1).
[CorpRunAI] AI: Funhouse — rez_cost=5  tax/enc=4.0  enc=3.0  LTV=12.0
[CorpRunAI] AI: deferring Funhouse (pri=6.00) — saving for Ivik on hq (pri=9.43)
[GameContext] [Approach] Corp declines to rez. Runner passes unrezzed ice.
[GameContext] [Movement] Runner approaches the server root.
[GameContext] [Success] Run successful on R&D!
[GameContext] [Debug/gain_on_success] run_modifiers at success: {  }
[GameContext] [Breach] Runner breaches R&D.
[GameContext] [Access] Runner accesses: Vasilisa
[GameContext] [End] Run ended successfully.
[GameContext] --- Run on HQ begins ---
[GameContext] [Initiation] Run declared on HQ.
[GameContext] [Approach] Runner approaches unrezzed ice (position 0).
[CorpRunAI] AI: Ivik — rez_cost=7  tax/enc=11.0  enc=3.0  LTV=33.0
[CorpRunAI] AI: deferring Ivik (pri=9.43) — saving for Ivik on rd (pri=14.14)
[GameContext] [Approach] Corp declines to rez. Runner passes unrezzed ice.
[GameContext] [Movement] Runner approaches the server root.
[GameContext] [Success] Run successful on HQ!
[GameContext] [Debug/gain_on_success] run_modifiers at success: {  }
[GameContext] [Breach] Runner breaches HQ.
[GameContext] [Access] Runner accesses: Trust Operation
[GameContext] [End] Run ended successfully.
[GameContext] Street Artist draws Overclock.
[GameContext] Reality Plus draws Vasilisa.
[GameContext] === Reality Plus Turn 5 begins. Credits: 10, Clicks: 3 ===
[GameContext] [MCTS] slow search: 485 ms (100 iterations, depth 3)
[GameContext] Reality Plus pays 1 credit(s) to install ice.
[GameContext] Reality Plus installs Vasilisa in HQ.
[GameContext] [MCTS] slow search: 378 ms (100 iterations, depth 3)
[GameContext] Reality Plus gains 1 credit. (10 total)
[heartbeat] game 17/20 — turn 5, time 738s
[GameContext] [MCTS] slow search: 387 ms (100 iterations, depth 3)
[GameContext] Reality Plus gains 1 credit. (11 total)
[GameContext] Street Artist loses 1 click(s) this turn (deferred penalty).
[GameContext] === Street Artist Turn 6 begins. Credits: 7, Clicks: 3 ===
[GameContext] --- Run on R&D begins ---
[GameContext] [Initiation] Run declared on R&D.
[GameContext] [Approach] Runner approaches unrezzed ice (position 0).
[CorpRunAI] AI: Funhouse — rez_cost=5  tax/enc=4.0  enc=3.0  LTV=12.0
[CorpRunAI] AI: deferring Funhouse (pri=6.00) — saving for Ivik on hq (pri=9.43)
[GameContext] [Approach] Corp declines to rez. Runner passes unrezzed ice.
[GameContext] [Approach] Runner approaches unrezzed ice (position 1).
[CorpRunAI] AI: Funhouse — rez_cost=5  tax/enc=4.0  enc=3.0  LTV=12.0
[CorpRunAI] AI: deferring Funhouse (pri=6.00) — saving for Ivik on hq (pri=9.43)
[GameContext] [Approach] Corp declines to rez. Runner passes unrezzed ice.
[GameContext] [Movement] Runner approaches the server root.
[GameContext] [Success] Run successful on R&D!
[GameContext] [Debug/gain_on_success] run_modifiers at success: {  }
[GameContext] [Breach] Runner breaches R&D.
[GameContext] [Access] Runner accesses: Hedge Fund
[GameContext] [End] Run ended successfully.
[GameContext] Run modifier set: overclock_credits = 5
[GameContext] --- Run on HQ begins ---
[GameContext] [Initiation] Run declared on HQ.
[GameContext] [Approach] Runner approaches unrezzed ice (position 0).
[CorpRunAI] AI: Vasilisa — rez_cost=2  tax/enc=6.0  enc=3.0  LTV=18.0
[GameContext] [Rez] Corp rezzes Vasilisa for 2 credits.
[GameContext] [Encounter] Runner encounters Vasilisa.
[GameContext] Street Artist takes 1 tag(s). (1 total)
[GameContext] NBN: Reality Plus — Reality Plus may gain 2 cr or draw 2 cards.
[GameContext] [Wildcat Strike] Corp denies draws — Runner gains credits instead.
[GameContext] Reality Plus: Reality Plus chooses 'Draw 2 cards'.
[GameContext] Reality Plus draws 2 card(s).
[GameContext] [Approach] Runner approaches unrezzed ice (position 1).
[GameContext] [Approach] Corp declines to rez. Runner passes unrezzed ice.
[GameContext] [Movement] Runner approaches the server root.
[GameContext] [Success] Run successful on HQ!
[GameContext] [Debug/gain_on_success] run_modifiers at success: { "overclock_credits": 5, "run_event_active": 1 }
[GameContext] [Breach] Runner breaches HQ.
[GameContext] [Access] Runner accesses: Vasilisa
[GameContext] [End] Run ended successfully.
[GameContext] Overclock: 5 unspent credit(s) returned to the bank.
[GameContext] Street Artist plays Overclock.
[GameContext] Street Artist removes 1 tag (0 remaining). [paid 2cr]
[GameContext] Reality Plus draws IP Enforcement.
[GameContext] === Reality Plus Turn 6 begins. Credits: 9, Clicks: 3 ===
[GameContext] [MCTS] slow search: 453 ms (100 iterations, depth 3)
[GameContext] Reality Plus gains 9 credits.
[GameContext] Reality Plus plays Hedge Fund.
[GameContext] [MCTS] slow search: 493 ms (100 iterations, depth 3)
[GameContext] Reality Plus installs Chekist Scion in Server 0.
[GameContext] [MCTS] slow search: 1037 ms (100 iterations, depth 3)
[GameContext] Reality Plus installs Vasilisa in Server 1.
[GameContext] === Street Artist Turn 7 begins. Credits: 4, Clicks: 4 ===
[GameContext] Street Artist draws DZMZ Optimizer.
[GameContext] Street Artist gains 1 credit. (5 total)
[GameContext] Street Artist gains 1 credit. (6 total)
[GameContext] Street Artist gains 1 credit. (7 total)
[GameContext] Reality Plus draws Hedge Fund.
[GameContext] === Reality Plus Turn 7 begins. Credits: 13, Clicks: 3 ===
[GameContext] Reality Plus rezzes Chekist Scion for 0 cr.
[GameContext] [MCTS] slow search: 892 ms (100 iterations, depth 3)
[heartbeat] game 17/20 — turn 7, time 743s
[GameContext] Reality Plus gains 9 credits.
[GameContext] Reality Plus plays Hedge Fund.
[GameContext] [MCTS] slow search: 799 ms (100 iterations, depth 3)
[GameContext] Reality Plus action rejected: Card __sim_trap__ not found or not advanceable
[GameContext] === Street Artist Turn 8 begins. Credits: 7, Clicks: 4 ===
[GameContext] Street Artist gains 1 credit. (8 total)
[GameContext] --- Run on R&D begins ---
[GameContext] [Initiation] Run declared on R&D.
[GameContext] [Approach] Runner approaches unrezzed ice (position 0).
[CorpRunAI] AI: Funhouse — rez_cost=5  tax/enc=4.0  enc=3.0  LTV=12.0
[GameContext] [Rez] Corp rezzes Funhouse for 5 credits.
[GameContext] [Encounter] Runner encounters Funhouse.
[GameContext] Street Artist takes 1 tag(s) to continue the run (Funhouse). (1 total)
[GameContext] NBN: Reality Plus — Reality Plus may gain 2 cr or draw 2 cards.
[GameContext] [Wildcat Strike] Corp denies draws — Runner gains credits instead.
[GameContext] Reality Plus: Reality Plus chooses 'Draw 2 cards'.
[GameContext] Reality Plus draws 2 card(s).
[GameContext] [Encounter] Unity boosted +3 str (1 icebreakers). Cost: 3 cr.
[GameContext] [Encounter] Unity breaks 'Give the Runner 1 tag unless they pay 4[credit].' for 1 cr.
[GameContext] [Encounter] Subroutine 0 broken.
[GameContext] [Approach] Runner approaches unrezzed ice (position 1).
[GameContext] [Approach] Corp declines to rez. Runner passes unrezzed ice.
[GameContext] [Movement] Runner approaches the server root.
[GameContext] [Success] Run successful on R&D!
[GameContext] [Debug/gain_on_success] run_modifiers at success: { "overclock_credits": 0, "concerto_credits": 0, "bad_pub_credits": 0 }
[GameContext] [Breach] Runner breaches R&D.
[GameContext] [Access] Runner accesses: Doomscroll
[GameContext] [End] Run ended successfully.
[GameContext] Street Artist removes 1 tag (0 remaining). [paid 2cr]
[GameContext] Street Artist gains 1 credit. (3 total)
[GameContext] Reality Plus draws Doomscroll.
[GameContext] === Reality Plus Turn 8 begins. Credits: 12, Clicks: 3 ===
[GameContext] [MCTS] slow search: 1223 ms (100 iterations, depth 3)
[GameContext] Reality Plus draws Trust Operation.
[GameContext] [MCTS] slow search: 1657 ms (100 iterations, depth 3)
[GameContext] Reality Plus draws IP Enforcement.
[GameContext] [MCTS] slow search: 2195 ms (100 iterations, depth 3)
[GameContext] Reality Plus pays 2 credit(s) to install ice.
[GameContext] Reality Plus installs Doomscroll in R&D.
[heartbeat] game 17/20 — turn 8, time 750s
[GameContext] Reality Plus discards Trust Operation to hand limit.
[GameContext] Reality Plus discards IP Enforcement to hand limit.
[GameContext] Reality Plus discards Trust Operation to hand limit.
[GameContext] === Street Artist Turn 9 begins. Credits: 3, Clicks: 4 ===
[GameContext] Street Artist gains 1 credit. (4 total)
[GameContext] Street Artist gains 1 credit. (5 total)
[GameContext] Street Artist gains 1 credit. (6 total)
[GameContext] Street Artist gains 1 credit. (7 total)
[GameContext] Reality Plus draws Retribution.
[GameContext] === Reality Plus Turn 9 begins. Credits: 10, Clicks: 3 ===
[GameContext] [MCTS] slow search: 1050 ms (100 iterations, depth 3)
[GameContext] Condition not met — ability has no effect.
[GameContext] Reality Plus plays IP Enforcement.
[GameContext] [MCTS] slow search: 1099 ms (100 iterations, depth 3)
[GameContext] Reality Plus installs Chekist Scion in Server 1.
[GameContext] [MCTS] slow search: 1589 ms (100 iterations, depth 3)
[GameContext] Reality Plus action rejected: Card __sim_trap__ not found or not advanceable
[GameContext] === Street Artist Turn 10 begins. Credits: 7, Clicks: 4 ===
[GameContext] Street Artist gains 1 credit. (8 total)
[GameContext] Street Artist gains 1 credit. (9 total)
[GameContext] Street Artist gains 1 credit. (10 total)
[GameContext] --- Run on R&D begins ---
[GameContext] [Initiation] Run declared on R&D.
[GameContext] [Approach] Runner approaches unrezzed ice (position 0).
[CorpRunAI] AI: Doomscroll — rez_cost=3  tax/enc=11.0  enc=3.0  LTV=33.0
[GameContext] [Rez] Corp rezzes Doomscroll for 3 credits.
[GameContext] [Encounter] Runner encounters Doomscroll.
[GameContext] Street Artist takes 1 tag(s) to continue the run (Funhouse). (1 total)
[GameContext] NBN: Reality Plus — Reality Plus may gain 2 cr or draw 2 cards.
[GameContext] [Wildcat Strike] Corp denies draws — Runner gains credits instead.
[GameContext] Reality Plus: Reality Plus chooses 'Draw 2 cards'.
[GameContext] Reality Plus draws 2 card(s).
[GameContext] Street Artist takes 1 tag(s). (2 total)
[GameContext] Runner takes 1 net damage.
[GameContext]   Trashed from grip: telework_contract
[GameContext] 1 card(s) trashed from Street Artist's grip.
[GameContext] Runner takes 2 net damage.
[GameContext]   Trashed from grip: environmental_testing
[GameContext]   Trashed from grip: dzmz_optimizer
[GameContext] 2 card(s) trashed from Street Artist's grip.
[GameContext] [Approach] Runner approaches Funhouse (position 1).
[GameContext] [Encounter] Runner encounters Funhouse.
[GameContext] Street Artist takes 1 tag(s) to continue the run (Funhouse). (3 total)
[GameContext] [Encounter] Unity boosted +3 str (1 icebreakers). Cost: 3 cr.
[GameContext] [Encounter] Unity breaks 'Give the Runner 1 tag unless they pay 4[credit].' for 1 cr.
[GameContext] [Encounter] Subroutine 0 broken.
[GameContext] [Approach] Runner approaches unrezzed ice (position 2).
[GameContext] [Approach] Corp declines to rez. Runner passes unrezzed ice.
[GameContext] [Movement] Runner approaches the server root.
[GameContext] [Success] Run successful on R&D!
[GameContext] [Debug/gain_on_success] run_modifiers at success: { "overclock_credits": 0, "concerto_credits": 0, "bad_pub_credits": 0 }
[GameContext] [Breach] Runner breaches R&D.
[GameContext] [Access] Runner accesses: Spin Doctor
[GameContext] [Access] Runner may trash Spin Doctor for 2 credits (Runner has 6 total).
[GameContext] [Access] Runner trashes Spin Doctor.
[GameContext] [End] Run ended successfully.
[heartbeat] game 17/20 — turn 10, time 756s
[GameContext] Reality Plus draws Chekist Scion.
[GameContext] === Reality Plus Turn 10 begins. Credits: 7, Clicks: 3 ===
[GameContext] Reality Plus rezzes Chekist Scion for 0 cr.
[GameContext] [MCTS] slow search: 2334 ms (100 iterations, depth 3)
[GameContext] [Backroom Machinations] Runner loses 1 tag as additional cost (2 remaining).
[GameContext] Reality Plus: Backroom Machinations scores as a 1-point agenda!
[GameContext] Reality Plus plays Backroom Machinations.
[GameContext] [MCTS] slow search: 2222 ms (100 iterations, depth 3)
[GameContext] Reality Plus action rejected: Card __sim_trap__ not found or not advanceable
[GameContext] Reality Plus discards Retribution to hand limit.
[GameContext] === Street Artist Turn 11 begins. Credits: 4, Clicks: 4 ===
[GameContext] Street Artist removes 1 tag (1 remaining). [paid 2cr]
[GameContext] Street Artist removes 1 tag (0 remaining). [paid 2cr]
[GameContext] Street Artist draws Self-modifying Code.
[GameContext] Street Artist draws Daily Casts.
[heartbeat] game 17/20 — turn 11, time 761s
[GameContext] Reality Plus draws Backroom Machinations.
[GameContext] === Reality Plus Turn 11 begins. Credits: 5, Clicks: 3 ===
[GameContext] [MCTS] slow search: 2031 ms (100 iterations, depth 3)
[GameContext] Reality Plus action rejected: Card __sim_trap__ not found or not advanceable
[GameContext] Reality Plus discards Retribution to hand limit.
[GameContext] === Street Artist Turn 12 begins. Credits: 0, Clicks: 4 ===
[GameContext] Street Artist draws Self-modifying Code.
[GameContext] Street Artist gains 1 credit. (1 total)
[GameContext] Street Artist gains 1 credit. (2 total)
[GameContext] Street Artist gains 1 credit. (3 total)
[GameContext] Reality Plus draws Spin Doctor.
[GameContext] === Reality Plus Turn 12 begins. Credits: 5, Clicks: 3 ===
[GameContext] [MCTS] slow search: 1941 ms (100 iterations, depth 3)
[GameContext] Reality Plus action rejected: Card __sim_trap__ not found or not advanceable
[GameContext] Reality Plus discards Backroom Machinations to hand limit.
[GameContext] === Street Artist Turn 13 begins. Credits: 3, Clicks: 4 ===
[GameContext] Street Artist gains 1 credit. (4 total)
[GameContext] Street Artist gains 1 credit. (5 total)
[GameContext] Street Artist gains 1 credit. (6 total)
[GameContext] Street Artist gains 1 credit. (7 total)
[GameContext] Reality Plus draws Artificial Cryptocrash.
[GameContext] === Reality Plus Turn 13 begins. Credits: 5, Clicks: 3 ===
[GameContext] [MCTS] slow search: 2110 ms (100 iterations, depth 3)
[heartbeat] game 17/20 — turn 13, time 767s
[GameContext] Reality Plus action rejected: Card __sim_trap__ not found or not advanceable
[GameContext] Reality Plus discards Drago Ivanov to hand limit.
[GameContext] === Street Artist Turn 14 begins. Credits: 7, Clicks: 4 ===
[GameContext] Street Artist gains 1 credit. (8 total)
[GameContext] Street Artist gains 1 credit. (9 total)
[GameContext] Street Artist gains 1 credit. (10 total)
[GameContext] Street Artist gains 1 credit. (11 total)
[GameContext] Reality Plus draws Doomscroll.
[GameContext] === Reality Plus Turn 14 begins. Credits: 5, Clicks: 3 ===
[GameContext] [MCTS] slow search: 2044 ms (100 iterations, depth 3)
[GameContext] Reality Plus installs Artificial Cryptocrash in Server 2.
[GameContext] [MCTS] slow search: 2170 ms (100 iterations, depth 3)
[GameContext] Reality Plus advances Artificial Cryptocrash (1 counters).
[heartbeat] game 17/20 — turn 14, time 772s
[GameContext] [MCTS] slow search: 2335 ms (100 iterations, depth 3)
[GameContext] Reality Plus installs Doomscroll in Server 2.
[GameContext] === Street Artist Turn 15 begins. Credits: 11, Clicks: 4 ===
[GameContext] --- Run on Server 2 begins ---
[GameContext] [Initiation] Run declared on Server 2.
[GameContext] [Approach] Runner approaches unrezzed ice (position 0).
[CorpRunAI] AI: Doomscroll — rez_cost=3  tax/enc=11.0  enc=2.5  LTV=27.5
[GameContext] [Rez] Corp rezzes Doomscroll for 3 credits.
[GameContext] [Encounter] Runner encounters Doomscroll.
[GameContext] Street Artist takes 1 tag(s) to continue the run (Funhouse). (1 total)
[GameContext] NBN: Reality Plus — Reality Plus may gain 2 cr or draw 2 cards.
[GameContext] [Wildcat Strike] Corp denies draws — Runner gains credits instead.
[GameContext] Reality Plus: Reality Plus chooses 'Draw 2 cards'.
[GameContext] Reality Plus draws 2 card(s).
[GameContext] Street Artist takes 1 tag(s). (2 total)
[GameContext] Runner takes 1 net damage.
[GameContext]   Trashed from grip: self_modifying_code
[GameContext] 1 card(s) trashed from Street Artist's grip.
[GameContext] Runner takes 2 net damage.
[GameContext]   Trashed from grip: self_modifying_code
[GameContext]   Trashed from grip: simulchip
[GameContext] 2 card(s) trashed from Street Artist's grip.
[GameContext] [Movement] Runner approaches the server root.
[GameContext] [Success] Run successful on Server 2!
[GameContext] [Debug/gain_on_success] run_modifiers at success: {  }
[GameContext] [Breach] Runner breaches Server 2.
[GameContext] [Access] Runner accesses: Artificial Cryptocrash
[GameContext] [Access] Runner steals Artificial Cryptocrash! (2 agenda points)
[GameContext] [End] Run ended successfully.
[GameContext] Street Artist removes 1 tag (1 remaining). [paid 2cr]
[GameContext] Street Artist removes 1 tag (0 remaining). [paid 2cr]
[GameContext] Street Artist draws Conduit.
[GameContext] Reality Plus draws Regolith Mining License.
[GameContext] === Reality Plus Turn 15 begins. Credits: 1, Clicks: 3 ===
[GameContext] [MCTS] slow search: 2444 ms (100 iterations, depth 3)
[heartbeat] game 17/20 — turn 15, time 777s
[GameContext] Reality Plus action rejected: Card __sim_trap__ not found or not advanceable
[GameContext] Reality Plus discards Drago Ivanov to hand limit.
[GameContext] Reality Plus discards Spin Doctor to hand limit.
[GameContext] === Street Artist Turn 16 begins. Credits: 7, Clicks: 4 ===
[GameContext] Street Artist draws Daily Casts.
[GameContext] Street Artist draws Echelon.
Player install: card is: Echelon and charged cost is: 3
[GameContext] Street Artist installs Echelon. [MU: 2/4 used]
[GameContext] --- Run on HQ begins ---
[GameContext] [Initiation] Run declared on HQ.
[GameContext] [Approach] Runner approaches Vasilisa (position 0).
[GameContext] [Encounter] Runner encounters Vasilisa.
[GameContext] Street Artist takes 1 tag(s) to continue the run (Funhouse). (1 total)
[GameContext] NBN: Reality Plus — Reality Plus may gain 2 cr or draw 2 cards.
[GameContext] [Wildcat Strike] Corp denies draws — Runner gains credits instead.
[GameContext] Reality Plus: Reality Plus chooses 'Draw 2 cards'.
[GameContext] Reality Plus draws 2 card(s).
[GameContext] [Encounter] Echelon breaks 'Give the Runner 1 tag.' for 1 cr.
[GameContext] [Encounter] Subroutine 0 broken.
[GameContext] [Approach] Runner approaches unrezzed ice (position 1).
[GameContext] [Approach] Corp declines to rez. Runner passes unrezzed ice.
[GameContext] [Movement] Runner approaches the server root.
[GameContext] [Success] Run successful on HQ!
[GameContext] [Debug/gain_on_success] run_modifiers at success: { "overclock_credits": 0, "concerto_credits": 0, "bad_pub_credits": 0 }
[GameContext] [Breach] Runner breaches HQ.
[GameContext] [Access] Runner accesses: Regolith Mining License
[GameContext] [Access] Runner may trash Regolith Mining License for 3 credits (Runner has 3 total).
[GameContext] [Access] Runner trashes Regolith Mining License.
[GameContext] [End] Run ended successfully.
[GameContext] Reality Plus deck is empty — Reality Plus loses!
[GameContext] Game over — Street Artist wins. Corp could not draw (empty R&D)
[GameContext] === Reality Plus Turn 16 begins. Credits: 1, Clicks: 3 ===
  [ 17/ 20]  RUNNER    Corp could not draw (empty R&D)   16 turns
[GameContext] Reality Plus draws Retribution.
[GameContext] === Reality Plus Turn 1 begins. Credits: 5, Clicks: 3 ===
[GameContext] [MCTS] slow search: 507 ms (100 iterations, depth 3)
[GameContext] Reality Plus installs Funhouse in Server 0.
[GameContext] [MCTS] slow search: 486 ms (100 iterations, depth 3)
[GameContext] Reality Plus installs Blood in the Water in Server 0.
[GameContext] [MCTS] Scoring line detected — executing: Advance blood_in_the_water
[GameContext] Reality Plus advances Blood in the Water (1 counters).
[GameContext] Reality Plus scores Blood in the Water! (2 agenda points)
[GameContext] === Street Artist Turn 2 begins. Credits: 5, Clicks: 4 ===
[GameContext] --- Run on R&D begins ---
[GameContext] [Initiation] Run declared on R&D.
[GameContext] [Initiation] No ice protecting server — proceeding to root.
[GameContext] [Movement] Runner approaches the server root.
[GameContext] [Success] Run successful on R&D!
[GameContext] [Debug/gain_on_success] run_modifiers at success: {  }
[GameContext] [Breach] Runner breaches R&D.
[GameContext] [Access] Runner accesses: IP Enforcement
[GameContext] [End] Run ended successfully.
[GameContext] --- Run on HQ begins ---
[GameContext] [Initiation] Run declared on HQ.
[GameContext] [Initiation] No ice protecting server — proceeding to root.
[GameContext] [Movement] Runner approaches the server root.
[GameContext] [Success] Run successful on HQ!
[GameContext] [Debug/gain_on_success] run_modifiers at success: {  }
[GameContext] [Breach] Runner breaches HQ.
[GameContext] [Access] Runner accesses: Retribution
[GameContext] [End] Run ended successfully.
[GameContext] Street Artist gains 9 credits.
[GameContext] Street Artist plays Sure Gamble.
Player install: card is: Propeller and charged cost is: 1
[GameContext] Placed 4 power counter(s) on Propeller.
[GameContext] Street Artist installs Propeller. [MU: 1/4 used]
[GameContext] Reality Plus draws IP Enforcement.
[GameContext] === Reality Plus Turn 2 begins. Credits: 4, Clicks: 3 ===
[GameContext] [MCTS] slow search: 567 ms (100 iterations, depth 3)
[GameContext] Reality Plus installs Artificial Cryptocrash in Server 0.
[GameContext] [MCTS] slow search: 576 ms (100 iterations, depth 3)
[GameContext] Reality Plus advances Artificial Cryptocrash (1 counters).
[GameContext] [MCTS] slow search: 546 ms (100 iterations, depth 3)
[GameContext] Reality Plus advances Artificial Cryptocrash (2 counters).
[GameContext] === Street Artist Turn 3 begins. Credits: 8, Clicks: 4 ===
[GameContext] --- Run on Server 0 begins ---
[GameContext] [Initiation] Run declared on Server 0.
[GameContext] [Approach] Runner approaches unrezzed ice (position 0).
[GameContext] [Approach] Corp declines to rez. Runner passes unrezzed ice.
[GameContext] [Movement] Runner approaches the server root.
[GameContext] [Success] Run successful on Server 0!
[GameContext] [Debug/gain_on_success] run_modifiers at success: {  }
[GameContext] [Breach] Runner breaches Server 0.
[GameContext] [Access] Runner accesses: Artificial Cryptocrash
[GameContext] [Access] Runner steals Artificial Cryptocrash! (2 agenda points)
[GameContext] [End] Run ended successfully.
[GameContext] --- Run on R&D begins ---
[GameContext] [Initiation] Run declared on R&D.
[GameContext] [Initiation] No ice protecting server — proceeding to root.
[GameContext] [Movement] Runner approaches the server root.
[GameContext] [Success] Run successful on R&D!
[GameContext] [Debug/gain_on_success] run_modifiers at success: {  }
[GameContext] [Breach] Runner breaches R&D.
[GameContext] [Access] Runner accesses: IP Enforcement
[GameContext] [End] Run ended successfully.
[GameContext] --- Run on HQ begins ---
[GameContext] [Initiation] Run declared on HQ.
[GameContext] [Initiation] No ice protecting server — proceeding to root.
[GameContext] [Movement] Runner approaches the server root.
[GameContext] [Success] Run successful on HQ!
[GameContext] [Debug/gain_on_success] run_modifiers at success: {  }
[GameContext] [Breach] Runner breaches HQ.
[GameContext] [Access] Runner accesses: Retribution
[GameContext] [End] Run ended successfully.
[GameContext] Street Artist draws Telework Contract.
[heartbeat] game 18/20 — turn 3, time 782s
[GameContext] Reality Plus draws IP Enforcement.
[GameContext] === Reality Plus Turn 3 begins. Credits: 2, Clicks: 3 ===
[GameContext] Condition not met — ability has no effect.
[GameContext] Reality Plus plays IP Enforcement.
[GameContext] Reality Plus gains 1 credit. (3 total)
[GameContext] Reality Plus gains 1 credit. (4 total)
[GameContext] === Street Artist Turn 4 begins. Credits: 8, Clicks: 4 ===
[GameContext] --- Run on R&D begins ---
[GameContext] [Initiation] Run declared on R&D.
[GameContext] [Initiation] No ice protecting server — proceeding to root.
[GameContext] [Movement] Runner approaches the server root.
[GameContext] [Success] Run successful on R&D!
[GameContext] [Debug/gain_on_success] run_modifiers at success: {  }
[GameContext] [Breach] Runner breaches R&D.
[GameContext] [Access] Runner accesses: Chekist Scion
[GameContext] [Access] Runner may trash Chekist Scion for 0 credits (Runner has 8 total).
[GameContext] [Access] Runner trashes Chekist Scion.
[GameContext] [End] Run ended successfully.
[GameContext] --- Run on HQ begins ---
[GameContext] [Initiation] Run declared on HQ.
[GameContext] [Initiation] No ice protecting server — proceeding to root.
[GameContext] [Movement] Runner approaches the server root.
[GameContext] [Success] Run successful on HQ!
[GameContext] [Debug/gain_on_success] run_modifiers at success: {  }
[GameContext] [Breach] Runner breaches HQ.
[GameContext] [Access] Runner accesses: Chekist Scion
[GameContext] [Access] Runner may trash Chekist Scion for 0 credits (Runner has 8 total).
[GameContext] [Access] Runner trashes Chekist Scion.
[GameContext] [End] Run ended successfully.
[GameContext] Street Artist draws Deep Dive.
[GameContext] Street Artist gains 1 credit. (9 total)
[GameContext] Reality Plus draws Drago Ivanov.
[GameContext] === Reality Plus Turn 4 begins. Credits: 4, Clicks: 3 ===
[GameContext] Reality Plus gains 1 credit. (5 total)
[GameContext] Reality Plus gains 1 credit. (6 total)
[GameContext] Reality Plus gains 1 credit. (7 total)
[GameContext] === Street Artist Turn 5 begins. Credits: 9, Clicks: 4 ===
[GameContext] --- Run on R&D begins ---
[GameContext] [Initiation] Run declared on R&D.
[GameContext] [Initiation] No ice protecting server — proceeding to root.
[GameContext] [Movement] Runner approaches the server root.
[GameContext] [Success] Run successful on R&D!
[GameContext] [Debug/gain_on_success] run_modifiers at success: {  }
[GameContext] [Breach] Runner breaches R&D.
[GameContext] [Access] Runner accesses: Spin Doctor
[GameContext] [Access] Runner may trash Spin Doctor for 2 credits (Runner has 9 total).
[GameContext] [Access] Runner trashes Spin Doctor.
[GameContext] [End] Run ended successfully.
[GameContext] --- Run on HQ begins ---
[GameContext] [Initiation] Run declared on HQ.
[GameContext] [Initiation] No ice protecting server — proceeding to root.
[GameContext] [Movement] Runner approaches the server root.
[GameContext] [Success] Run successful on HQ!
[GameContext] [Debug/gain_on_success] run_modifiers at success: {  }
[GameContext] [Breach] Runner breaches HQ.
[GameContext] [Access] Runner accesses: Trust Operation
[GameContext] [End] Run ended successfully.
[GameContext] Street Artist gains 1 credit. (8 total)
[GameContext] Street Artist gains 1 credit. (9 total)
[GameContext] Reality Plus draws Drago Ivanov.
[GameContext] === Reality Plus Turn 5 begins. Credits: 7, Clicks: 3 ===
[GameContext] Reality Plus gains 1 credit. (8 total)
[GameContext] Reality Plus installs Drago Ivanov in Server 0.
[GameContext] Reality Plus action rejected: Card __sim_trap__ not found or not advanceable
[GameContext] === Street Artist Turn 6 begins. Credits: 9, Clicks: 4 ===
[GameContext] --- Run on R&D begins ---
[GameContext] [Initiation] Run declared on R&D.
[GameContext] [Initiation] No ice protecting server — proceeding to root.
[GameContext] [Movement] Runner approaches the server root.
[GameContext] [Success] Run successful on R&D!
[GameContext] [Debug/gain_on_success] run_modifiers at success: {  }
[GameContext] [Breach] Runner breaches R&D.
[GameContext] [Access] Runner accesses: Spin Doctor
[GameContext] [Access] Runner may trash Spin Doctor for 2 credits (Runner has 9 total).
[GameContext] [Access] Runner trashes Spin Doctor.
[GameContext] [End] Run ended successfully.
[GameContext] --- Run on HQ begins ---
[GameContext] [Initiation] Run declared on HQ.
[GameContext] [Initiation] No ice protecting server — proceeding to root.
[GameContext] [Movement] Runner approaches the server root.
[GameContext] [Success] Run successful on HQ!
[GameContext] [Debug/gain_on_success] run_modifiers at success: {  }
[GameContext] [Breach] Runner breaches HQ.
[GameContext] [Access] Runner accesses: IP Enforcement
[GameContext] [End] Run ended successfully.
[GameContext] Street Artist gains 1 credit. (8 total)
[GameContext] Street Artist gains 1 credit. (9 total)
[GameContext] Reality Plus draws Regolith Mining License.
[GameContext] === Reality Plus Turn 6 begins. Credits: 8, Clicks: 3 ===
[GameContext] Reality Plus rezzes Drago Ivanov for 0 cr.
[GameContext] Reality Plus action rejected: Card __sim_trap__ not found or not advanceable
[GameContext] === Street Artist Turn 7 begins. Credits: 9, Clicks: 4 ===
[GameContext] --- Run on R&D begins ---
[GameContext] [Initiation] Run declared on R&D.
[GameContext] [Initiation] No ice protecting server — proceeding to root.
[GameContext] [Movement] Runner approaches the server root.
[GameContext] [Success] Run successful on R&D!
[GameContext] [Debug/gain_on_success] run_modifiers at success: {  }
[GameContext] [Breach] Runner breaches R&D.
[GameContext] [Access] Runner accesses: Funhouse
[GameContext] [End] Run ended successfully.
[GameContext] --- Run on HQ begins ---
[GameContext] [Initiation] Run declared on HQ.
[GameContext] [Initiation] No ice protecting server — proceeding to root.
[GameContext] [Movement] Runner approaches the server root.
[GameContext] [Success] Run successful on HQ!
[GameContext] [Debug/gain_on_success] run_modifiers at success: {  }
[GameContext] [Breach] Runner breaches HQ.
[GameContext] [Access] Runner accesses: Drago Ivanov
[GameContext] [Access] Runner may trash Drago Ivanov for 1 credits (Runner has 9 total).
[GameContext] [Access] Runner trashes Drago Ivanov.
[GameContext] [End] Run ended successfully.
[GameContext] Street Artist gains 1 credit. (9 total)
[GameContext] Street Artist gains 1 credit. (10 total)
[heartbeat] game 18/20 — turn 7, time 787s
[GameContext] Reality Plus draws Funhouse.
[GameContext] === Reality Plus Turn 7 begins. Credits: 8, Clicks: 3 ===
[GameContext] [MCTS] slow search: 702 ms (100 iterations, depth 3)
[GameContext] Reality Plus installs Funhouse in R&D.
[GameContext] [MCTS] slow search: 222 ms (100 iterations, depth 3)
[GameContext] Reality Plus action rejected: Card __sim_trap__ not found or not advanceable
[GameContext] === Street Artist Turn 8 begins. Credits: 10, Clicks: 4 ===
[GameContext] --- Run on R&D begins ---
[GameContext] [Initiation] Run declared on R&D.
[GameContext] [Approach] Runner approaches unrezzed ice (position 0).
[CorpRunAI] AI: Funhouse — rez_cost=5  tax/enc=8.0  enc=3.0  LTV=24.0
[GameContext] [Rez] Corp rezzes Funhouse for 5 credits.
[GameContext] [Encounter] Runner encounters Funhouse.
[GameContext] Street Artist takes 1 tag(s) to continue the run (Funhouse). (1 total)
[GameContext] NBN: Reality Plus — Reality Plus may gain 2 cr or draw 2 cards.
[GameContext] [Wildcat Strike] Corp denies draws — Runner gains credits instead.
[GameContext] Reality Plus: Reality Plus chooses 'Draw 2 cards'.
[GameContext] Reality Plus draws 2 card(s).
[GameContext] Street Artist pays 4 cr to avoid 1 tag.
[GameContext] [Movement] Runner approaches the server root.
[GameContext] [Success] Run successful on R&D!
[GameContext] [Debug/gain_on_success] run_modifiers at success: {  }
[GameContext] [Breach] Runner breaches R&D.
[GameContext] [Access] Runner accesses: Hedge Fund
[GameContext] [End] Run ended successfully.
[GameContext] --- Run on HQ begins ---
[GameContext] [Initiation] Run declared on HQ.
[GameContext] [Initiation] No ice protecting server — proceeding to root.
[GameContext] [Movement] Runner approaches the server root.
[GameContext] [Success] Run successful on HQ!
[GameContext] [Debug/gain_on_success] run_modifiers at success: {  }
[GameContext] [Breach] Runner breaches HQ.
[GameContext] [Access] Runner accesses: IP Enforcement
[GameContext] [End] Run ended successfully.
[GameContext] Street Artist removes 1 tag (0 remaining). [paid 2cr]
[GameContext] Street Artist gains 1 credit. (5 total)
[GameContext] Reality Plus draws Hedge Fund.
[GameContext] === Reality Plus Turn 8 begins. Credits: 3, Clicks: 3 ===
[GameContext] [MCTS] slow search: 234 ms (100 iterations, depth 3)
[GameContext] Reality Plus action rejected: Card __sim_trap__ not found or not advanceable
[GameContext] Reality Plus discards Trust Operation to hand limit.
[GameContext] Reality Plus discards IP Enforcement to hand limit.
[GameContext] === Street Artist Turn 9 begins. Credits: 5, Clicks: 4 ===
[GameContext] --- Run on HQ begins ---
[GameContext] [Initiation] Run declared on HQ.
[GameContext] [Initiation] No ice protecting server — proceeding to root.
[GameContext] [Movement] Runner approaches the server root.
[GameContext] [Success] Run successful on HQ!
[GameContext] [Debug/gain_on_success] run_modifiers at success: {  }
[GameContext] [Breach] Runner breaches HQ.
[GameContext] [Access] Runner accesses: Regolith Mining License
[GameContext] [Access] Runner may trash Regolith Mining License for 3 credits (Runner has 5 total).
[GameContext] [Access] Runner trashes Regolith Mining License.
[GameContext] [End] Run ended successfully.
[GameContext] Street Artist gains 1 credit. (3 total)
[GameContext] Street Artist gains 1 credit. (4 total)
[GameContext] Street Artist gains 1 credit. (5 total)
[GameContext] Reality Plus draws Backroom Machinations.
[GameContext] === Reality Plus Turn 9 begins. Credits: 3, Clicks: 3 ===
[GameContext] Reality Plus action rejected: Card __sim_trap__ not found or not advanceable
[GameContext] === Street Artist Turn 10 begins. Credits: 5, Clicks: 4 ===
[GameContext] --- Run on HQ begins ---
[GameContext] [Initiation] Run declared on HQ.
[GameContext] [Initiation] No ice protecting server — proceeding to root.
[GameContext] [Movement] Runner approaches the server root.
[GameContext] [Success] Run successful on HQ!
[GameContext] [Debug/gain_on_success] run_modifiers at success: {  }
[GameContext] [Breach] Runner breaches HQ.
[GameContext] [Access] Runner accesses: Hedge Fund
[GameContext] [End] Run ended successfully.
[GameContext] Street Artist gains 1 credit. (6 total)
[GameContext] Street Artist gains 1 credit. (7 total)
[GameContext] Street Artist gains 1 credit. (8 total)
[GameContext] Reality Plus draws Vasilisa.
[GameContext] === Reality Plus Turn 10 begins. Credits: 3, Clicks: 3 ===
[GameContext] [MCTS] slow search: 983 ms (100 iterations, depth 3)
[GameContext] Reality Plus action rejected: Card __sim_trap__ not found or not advanceable
[GameContext] Reality Plus discards Retribution to hand limit.
[GameContext] === Street Artist Turn 11 begins. Credits: 8, Clicks: 4 ===
[GameContext] --- Run on HQ begins ---
[GameContext] [Initiation] Run declared on HQ.
[GameContext] [Initiation] No ice protecting server — proceeding to root.
[GameContext] [Movement] Runner approaches the server root.
[GameContext] [Success] Run successful on HQ!
[GameContext] [Debug/gain_on_success] run_modifiers at success: {  }
[GameContext] [Breach] Runner breaches HQ.
[GameContext] [Access] Runner accesses: Artificial Cryptocrash
[GameContext] [Access] Runner steals Artificial Cryptocrash! (2 agenda points)
[GameContext] [End] Run ended successfully.
[GameContext] Street Artist gains 1 credit. (9 total)
[GameContext] Street Artist gains 1 credit. (10 total)
[GameContext] Street Artist gains 1 credit. (11 total)
[GameContext] Reality Plus draws Hedge Fund.
[GameContext] === Reality Plus Turn 11 begins. Credits: 3, Clicks: 3 ===
[GameContext] [MCTS] slow search: 783 ms (100 iterations, depth 3)
[GameContext] Reality Plus installs Vasilisa in HQ.
[GameContext] [MCTS] slow search: 699 ms (100 iterations, depth 3)
[GameContext] Reality Plus action rejected: Card __sim_trap__ not found or not advanceable
[GameContext] === Street Artist Turn 12 begins. Credits: 11, Clicks: 4 ===
[GameContext] --- Run on HQ begins ---
[GameContext] [Initiation] Run declared on HQ.
[GameContext] [Approach] Runner approaches unrezzed ice (position 0).
[CorpRunAI] AI: rezzing Vasilisa would breach credit floor — holding.
[GameContext] [Approach] Corp declines to rez. Runner passes unrezzed ice.
[GameContext] [Movement] Runner approaches the server root.
[GameContext] [Success] Run successful on HQ!
[GameContext] [Debug/gain_on_success] run_modifiers at success: {  }
[GameContext] [Breach] Runner breaches HQ.
[GameContext] [Access] Runner accesses: Backroom Machinations
[GameContext] [End] Run ended successfully.
[GameContext] Street Artist gains 1 credit. (12 total)
[GameContext] Street Artist gains 1 credit. (13 total)
[GameContext] Street Artist gains 1 credit. (14 total)
[GameContext] Reality Plus draws Blood in the Water.
[GameContext] === Reality Plus Turn 12 begins. Credits: 3, Clicks: 3 ===
[GameContext] [MCTS] slow search: 888 ms (100 iterations, depth 3)
[heartbeat] game 18/20 — turn 12, time 793s
[GameContext] Reality Plus installs Blood in the Water in Server 1.
[GameContext] [MCTS] Scoring line detected — executing: Advance blood_in_the_water
[GameContext] Reality Plus advances Blood in the Water (1 counters).
[GameContext] Reality Plus scores Blood in the Water! (2 agenda points)
[GameContext] [MCTS] slow search: 681 ms (100 iterations, depth 3)
[GameContext] Reality Plus action rejected: Card __sim_trap__ not found or not advanceable
[GameContext] === Street Artist Turn 13 begins. Credits: 14, Clicks: 4 ===
[GameContext] --- Run on HQ begins ---
[GameContext] [Initiation] Run declared on HQ.
[GameContext] [Approach] Runner approaches unrezzed ice (position 0).
[CorpRunAI] AI: rezzing Vasilisa would breach credit floor — holding.
[GameContext] [Approach] Corp declines to rez. Runner passes unrezzed ice.
[GameContext] [Movement] Runner approaches the server root.
[GameContext] [Success] Run successful on HQ!
[GameContext] [Debug/gain_on_success] run_modifiers at success: {  }
[GameContext] [Breach] Runner breaches HQ.
[GameContext] [Access] Runner accesses: Retribution
[GameContext] [End] Run ended successfully.
[GameContext] Street Artist gains 1 credit. (15 total)
[GameContext] Street Artist gains 1 credit. (16 total)
[GameContext] Street Artist gains 1 credit. (17 total)
[GameContext] Reality Plus draws Blood in the Water.
[GameContext] === Reality Plus Turn 13 begins. Credits: 2, Clicks: 3 ===
[GameContext] [MCTS] slow search: 910 ms (100 iterations, depth 3)
[GameContext] Reality Plus installs Blood in the Water in Server 1.
[GameContext] [MCTS] Scoring line detected — executing: Advance blood_in_the_water
[GameContext] Reality Plus advances Blood in the Water (1 counters).
[GameContext] Reality Plus scores Blood in the Water! (2 agenda points)
[GameContext] [MCTS] slow search: 686 ms (100 iterations, depth 3)
[GameContext] Reality Plus action rejected: Card __sim_trap__ not found or not advanceable
[GameContext] === Street Artist Turn 14 begins. Credits: 17, Clicks: 4 ===
[GameContext] --- Run on HQ begins ---
[GameContext] [Initiation] Run declared on HQ.
[GameContext] [Approach] Runner approaches unrezzed ice (position 0).
[GameContext] [Approach] Corp declines to rez. Runner passes unrezzed ice.
[GameContext] [Movement] Runner approaches the server root.
[GameContext] [Success] Run successful on HQ!
[GameContext] [Debug/gain_on_success] run_modifiers at success: {  }
[GameContext] [Breach] Runner breaches HQ.
[GameContext] [Access] Runner accesses: Retribution
[GameContext] [End] Run ended successfully.
[GameContext] Street Artist gains 1 credit. (18 total)
[GameContext] Street Artist gains 1 credit. (19 total)
[GameContext] Street Artist gains 1 credit. (20 total)
[GameContext] Reality Plus draws Vasilisa.
[GameContext] === Reality Plus Turn 14 begins. Credits: 1, Clicks: 3 ===
[GameContext] [MCTS] slow search: 756 ms (100 iterations, depth 3)
[heartbeat] game 18/20 — turn 14, time 798s
[GameContext] Reality Plus installs Vasilisa in Server 1.
[GameContext] [MCTS] slow search: 785 ms (100 iterations, depth 3)
[GameContext] Reality Plus gains 1 credit. (2 total)
[GameContext] [MCTS] slow search: 735 ms (100 iterations, depth 3)
[GameContext] Reality Plus gains 1 credit. (3 total)
[GameContext] === Street Artist Turn 15 begins. Credits: 20, Clicks: 4 ===
[GameContext] --- Run on HQ begins ---
[GameContext] [Initiation] Run declared on HQ.
[GameContext] [Approach] Runner approaches unrezzed ice (position 0).
[CorpRunAI] AI: rezzing Vasilisa would breach credit floor — holding.
[GameContext] [Approach] Corp declines to rez. Runner passes unrezzed ice.
[GameContext] [Movement] Runner approaches the server root.
[GameContext] [Success] Run successful on HQ!
[GameContext] [Debug/gain_on_success] run_modifiers at success: {  }
[GameContext] [Breach] Runner breaches HQ.
[GameContext] [Access] Runner accesses: Hedge Fund
[GameContext] [End] Run ended successfully.
[GameContext] Street Artist gains 1 credit. (21 total)
Player install: card is: Self-modifying Code and charged cost is: 0
[GameContext] Street Artist installs Self-modifying Code. [MU: 3/4 used]
[GameContext] Street Artist draws Environmental Testing.
[GameContext] Reality Plus draws Backroom Machinations.
[GameContext] === Reality Plus Turn 15 begins. Credits: 3, Clicks: 3 ===
[GameContext] [MCTS] slow search: 874 ms (100 iterations, depth 3)
[GameContext] Reality Plus gains 1 credit. (4 total)
[GameContext] [MCTS] slow search: 800 ms (100 iterations, depth 3)
[GameContext] Reality Plus gains 1 credit. (5 total)
[heartbeat] game 18/20 — turn 15, time 803s
[GameContext] [MCTS] slow search: 919 ms (100 iterations, depth 3)
[GameContext] Reality Plus gains 9 credits.
[GameContext] Reality Plus plays Hedge Fund.
[GameContext] === Street Artist Turn 16 begins. Credits: 21, Clicks: 4 ===
[GameContext] Street Artist gains 1 credit. (22 total)
[GameContext] Street Artist gains 1 credit. (23 total)
[GameContext] Street Artist gains 1 credit. (24 total)
[GameContext] --- Run on HQ begins ---
[GameContext] [Initiation] Run declared on HQ.
[GameContext] [Approach] Runner approaches unrezzed ice (position 0).
[CorpRunAI] AI: Vasilisa — rez_cost=2  tax/enc=6.0  enc=3.0  LTV=18.0
[GameContext] [Rez] Corp rezzes Vasilisa for 2 credits.
[GameContext] [Encounter] Runner encounters Vasilisa.
[GameContext] Street Artist takes 1 tag(s) to continue the run (Funhouse). (1 total)
[GameContext] NBN: Reality Plus — Reality Plus may gain 2 cr or draw 2 cards.
[GameContext] [Wildcat Strike] Corp denies draws — Runner gains credits instead.
[GameContext] Reality Plus: Reality Plus chooses 'Draw 2 cards'.
[GameContext] Reality Plus draws 2 card(s).
[GameContext] Street Artist takes 1 tag(s). (2 total)
[GameContext] [Movement] Runner approaches the server root.
[GameContext] [Success] Run successful on HQ!
[GameContext] [Debug/gain_on_success] run_modifiers at success: {  }
[GameContext] [Breach] Runner breaches HQ.
[GameContext] [Access] Runner accesses: Backroom Machinations
[GameContext] [End] Run ended successfully.
[GameContext] Reality Plus draws Hedge Fund.
[GameContext] === Reality Plus Turn 16 begins. Credits: 7, Clicks: 3 ===
[GameContext] Reality Plus action rejected: Card __sim_trap__ not found or not advanceable
[GameContext] Reality Plus discards Retribution to hand limit.
[GameContext] Reality Plus discards Backroom Machinations to hand limit.
[GameContext] === Street Artist Turn 17 begins. Credits: 24, Clicks: 4 ===
[GameContext] Street Artist gains 1 credit. (25 total)
[GameContext] Street Artist gains 1 credit. (26 total)
[GameContext] Street Artist removes 1 tag (1 remaining). [paid 2cr]
[GameContext] Street Artist removes 1 tag (0 remaining). [paid 2cr]
[GameContext] Reality Plus draws Regolith Mining License.
[GameContext] === Reality Plus Turn 17 begins. Credits: 7, Clicks: 3 ===
[GameContext] [MCTS] slow search: 1002 ms (100 iterations, depth 3)
[GameContext] Reality Plus pays 1 credit(s) to install ice.
[GameContext] Reality Plus installs Ivik in R&D.
[GameContext] [MCTS] slow search: 1075 ms (100 iterations, depth 3)
[GameContext] Reality Plus action rejected: Card __sim_trap__ not found or not advanceable
[GameContext] === Street Artist Turn 18 begins. Credits: 22, Clicks: 4 ===
[GameContext] Street Artist gains 1 credit. (23 total)
[GameContext] Street Artist gains 1 credit. (24 total)
[GameContext] Street Artist gains 1 credit. (25 total)
[GameContext] Street Artist gains 1 credit. (26 total)
[GameContext] Reality Plus draws Artificial Cryptocrash.
[GameContext] === Reality Plus Turn 18 begins. Credits: 6, Clicks: 3 ===
[GameContext] Reality Plus installs Artificial Cryptocrash in Server 1.
[GameContext] Reality Plus advances Artificial Cryptocrash (1 counters).
[heartbeat] game 18/20 — turn 18, time 808s
[GameContext] Reality Plus advances Artificial Cryptocrash (2 counters).
[GameContext] === Street Artist Turn 19 begins. Credits: 26, Clicks: 4 ===
[GameContext] Street Artist gains 1 credit. (27 total)
[GameContext] Street Artist gains 1 credit. (28 total)
[GameContext] Street Artist gains 1 credit. (29 total)
[GameContext] --- Run on Server 1 begins ---
[GameContext] [Initiation] Run declared on Server 1.
[GameContext] [Approach] Runner approaches unrezzed ice (position 0).
[CorpRunAI] AI: Vasilisa — rez_cost=2  tax/enc=6.0  enc=2.5  LTV=15.0
[GameContext] [Rez] Corp rezzes Vasilisa for 2 credits.
[GameContext] [Encounter] Runner encounters Vasilisa.
[GameContext] Street Artist takes 1 tag(s) to continue the run (Funhouse). (1 total)
[GameContext] NBN: Reality Plus — Reality Plus may gain 2 cr or draw 2 cards.
[GameContext] [Wildcat Strike] Corp denies draws — Runner gains credits instead.
[GameContext] Reality Plus: Reality Plus chooses 'Draw 2 cards'.
[GameContext] Reality Plus draws 2 card(s).
[GameContext] Street Artist takes 1 tag(s). (2 total)
[GameContext] [Movement] Runner approaches the server root.
[GameContext] [Success] Run successful on Server 1!
[GameContext] [Debug/gain_on_success] run_modifiers at success: {  }
[GameContext] [Breach] Runner breaches Server 1.
[GameContext] [Access] Runner accesses: Artificial Cryptocrash
[GameContext] [Access] Runner steals Artificial Cryptocrash! (2 agenda points)
[GameContext] [End] Run ended successfully.
[GameContext] Reality Plus draws Chekist Scion.
[GameContext] === Reality Plus Turn 19 begins. Credits: 2, Clicks: 3 ===
[GameContext] [Trust Operation] No Runner resources to trash — operation fizzles.
[GameContext] Reality Plus plays Trust Operation.
[GameContext] Reality Plus draws Backroom Machinations.
[GameContext] [MCTS] slow search: 264 ms (100 iterations, depth 3)
[GameContext] Reality Plus pays 1 credit(s) to install ice.
[GameContext] Reality Plus installs Ivik in HQ.
[GameContext] Reality Plus discards Backroom Machinations to hand limit.
[GameContext] Reality Plus discards Backroom Machinations to hand limit.
[GameContext] === Street Artist Turn 20 begins. Credits: 29, Clicks: 4 ===
[GameContext] Street Artist gains 1 credit. (30 total)
[GameContext] Street Artist gains 1 credit. (31 total)
[GameContext] Street Artist removes 1 tag (1 remaining). [paid 2cr]
[GameContext] Street Artist removes 1 tag (0 remaining). [paid 2cr]
[GameContext] Reality Plus draws Doomscroll.
[GameContext] === Reality Plus Turn 20 begins. Credits: 1, Clicks: 3 ===
[GameContext] [MCTS] slow search: 1589 ms (100 iterations, depth 3)
[GameContext] Reality Plus gains 1 credit. (2 total)
[GameContext] [MCTS] slow search: 1798 ms (100 iterations, depth 3)
[GameContext] Reality Plus action rejected: Card __sim_trap__ not found or not advanceable
[GameContext] Reality Plus discards Hedge Fund to hand limit.
[GameContext] === Street Artist Turn 21 begins. Credits: 27, Clicks: 4 ===
[GameContext] Street Artist gains 1 credit. (28 total)
[GameContext] Street Artist gains 1 credit. (29 total)
[GameContext] Street Artist gains 1 credit. (30 total)
[GameContext] Street Artist gains 1 credit. (31 total)
[heartbeat] game 18/20 — turn 21, time 815s
[GameContext] Reality Plus draws Doomscroll.
[GameContext] === Reality Plus Turn 21 begins. Credits: 2, Clicks: 3 ===
[GameContext] [MCTS] slow search: 1867 ms (100 iterations, depth 3)
[GameContext] Reality Plus action rejected: Card __sim_trap__ not found or not advanceable
[GameContext] Reality Plus discards Hedge Fund to hand limit.
[GameContext] === Street Artist Turn 22 begins. Credits: 31, Clicks: 4 ===
[GameContext] Street Artist gains 1 credit. (32 total)
[GameContext] Street Artist gains 1 credit. (33 total)
[GameContext] Street Artist gains 1 credit. (34 total)
[GameContext] Street Artist gains 1 credit. (35 total)
[GameContext] Reality Plus deck is empty — Reality Plus loses!
[GameContext] Game over — Street Artist wins. Corp could not draw (empty R&D)
[GameContext] === Reality Plus Turn 22 begins. Credits: 2, Clicks: 3 ===
  [ 18/ 20]  RUNNER    Corp could not draw (empty R&D)   22 turns
[GameContext] Reality Plus draws Trust Operation.
[GameContext] === Reality Plus Turn 1 begins. Credits: 5, Clicks: 3 ===
[GameContext] Reality Plus gains 9 credits.
[GameContext] Reality Plus plays Hedge Fund.
[GameContext] Reality Plus gains 1 credit. (10 total)
[GameContext] Reality Plus gains 1 credit. (11 total)
[GameContext] === Street Artist Turn 2 begins. Credits: 5, Clicks: 4 ===
[GameContext] --- Run on R&D begins ---
[GameContext] [Initiation] Run declared on R&D.
[GameContext] [Initiation] No ice protecting server — proceeding to root.
[GameContext] [Movement] Runner approaches the server root.
[GameContext] [Success] Run successful on R&D!
[GameContext] [Debug/gain_on_success] run_modifiers at success: {  }
[GameContext] [Breach] Runner breaches R&D.
[GameContext] [Access] Runner accesses: Blood in the Water
[GameContext] [Access] Runner steals Blood in the Water! (2 agenda points)
[GameContext] [End] Run ended successfully.
[GameContext] Street Artist gains 5 credits.
[GameContext] Street Artist will lose 1 click(s) next turn.
[GameContext] Street Artist plays Creative Commission.
[GameContext] --- Run on HQ begins ---
[GameContext] [Initiation] Run declared on HQ.
[GameContext] [Initiation] No ice protecting server — proceeding to root.
[GameContext] [Movement] Runner approaches the server root.
[GameContext] [Success] Run successful on HQ!
[GameContext] [Debug/gain_on_success] run_modifiers at success: {  }
[GameContext] [Breach] Runner breaches HQ.
[GameContext] [Access] Runner accesses: Chekist Scion
[GameContext] [Access] Runner may trash Chekist Scion for 0 credits (Runner has 9 total).
[GameContext] [Access] Runner trashes Chekist Scion.
[GameContext] [End] Run ended successfully.
Player install: card is: Echelon and charged cost is: 3
[GameContext] Street Artist installs Echelon. [MU: 1/4 used]
[GameContext] Reality Plus draws IP Enforcement.
[GameContext] === Reality Plus Turn 2 begins. Credits: 11, Clicks: 3 ===
[GameContext] Reality Plus gains 1 credit. (12 total)
[GameContext] Reality Plus gains 1 credit. (13 total)
[GameContext] Reality Plus gains 1 credit. (14 total)
[heartbeat] game 19/20 — turn 2, time 820s
[GameContext] Street Artist loses 1 click(s) this turn (deferred penalty).
[GameContext] === Street Artist Turn 3 begins. Credits: 6, Clicks: 3 ===
[GameContext] --- Run on R&D begins ---
[GameContext] [Initiation] Run declared on R&D.
[GameContext] [Initiation] No ice protecting server — proceeding to root.
[GameContext] [Movement] Runner approaches the server root.
[GameContext] [Success] Run successful on R&D!
[GameContext] [Debug/gain_on_success] run_modifiers at success: {  }
[GameContext] [Breach] Runner breaches R&D.
[GameContext] [Access] Runner accesses: Vasilisa
[GameContext] [End] Run ended successfully.
[GameContext] --- Run on HQ begins ---
[GameContext] [Initiation] Run declared on HQ.
[GameContext] [Initiation] No ice protecting server — proceeding to root.
[GameContext] [Movement] Runner approaches the server root.
[GameContext] [Success] Run successful on HQ!
[GameContext] [Debug/gain_on_success] run_modifiers at success: {  }
[GameContext] [Breach] Runner breaches HQ.
[GameContext] [Access] Runner accesses: Retribution
[GameContext] [End] Run ended successfully.
[GameContext] Street Artist draws Sure Gamble.
[GameContext] Reality Plus draws Vasilisa.
[GameContext] === Reality Plus Turn 3 begins. Credits: 14, Clicks: 3 ===
[GameContext] Reality Plus installs Vasilisa in R&D.
[GameContext] Reality Plus gains 1 credit. (15 total)
[GameContext] Reality Plus draws Spin Doctor.
[GameContext] Reality Plus discards Trust Operation to hand limit.
[GameContext] === Street Artist Turn 4 begins. Credits: 6, Clicks: 4 ===
[GameContext] Street Artist gains 9 credits.
[GameContext] Street Artist plays Sure Gamble.
[GameContext] --- Run on R&D begins ---
[GameContext] [Initiation] Run declared on R&D.
[GameContext] [Approach] Runner approaches unrezzed ice (position 0).
[CorpRunAI] AI: Vasilisa — rez_cost=2  tax/enc=2.0  enc=3.0  LTV=6.0
[GameContext] [Rez] Corp rezzes Vasilisa for 2 credits.
[GameContext] [Encounter] Runner encounters Vasilisa.
[GameContext] [Encounter] Echelon boosted  +2 str (now 3). Cost: 1 cr.
[GameContext] [Encounter] Echelon breaks 'Give the Runner 1 tag.' for 1 cr.
[GameContext] [Encounter] Subroutine 0 broken.
[GameContext] [Movement] Runner approaches the server root.
[GameContext] [Success] Run successful on R&D!
[GameContext] [Debug/gain_on_success] run_modifiers at success: { "overclock_credits": 0, "concerto_credits": 0, "bad_pub_credits": 0 }
[GameContext] [Breach] Runner breaches R&D.
[GameContext] [Access] Runner accesses: Trust Operation
[GameContext] [End] Run ended successfully.
[GameContext] --- Run on HQ begins ---
[GameContext] [Initiation] Run declared on HQ.
[GameContext] [Initiation] No ice protecting server — proceeding to root.
[GameContext] [Movement] Runner approaches the server root.
[GameContext] [Success] Run successful on HQ!
[GameContext] [Debug/gain_on_success] run_modifiers at success: {  }
[GameContext] [Breach] Runner breaches HQ.
[GameContext] [Access] Runner accesses: IP Enforcement
[GameContext] [End] Run ended successfully.
[GameContext] Street Artist draws Self-modifying Code.
[GameContext] Reality Plus draws Trust Operation.
[GameContext] === Reality Plus Turn 4 begins. Credits: 13, Clicks: 3 ===
[GameContext] Reality Plus draws Funhouse.
[GameContext] [MCTS] slow search: 321 ms (100 iterations, depth 3)
[GameContext] Reality Plus installs Funhouse in HQ.
[GameContext] Reality Plus gains 1 credit. (14 total)
[GameContext] Reality Plus discards IP Enforcement to hand limit.
[GameContext] === Street Artist Turn 5 begins. Credits: 8, Clicks: 4 ===
[GameContext] --- Run on HQ begins ---
[GameContext] [Initiation] Run declared on HQ.
[GameContext] [Approach] Runner approaches unrezzed ice (position 0).
[CorpRunAI] AI: Funhouse — rez_cost=5  tax/enc=8.0  enc=3.0  LTV=24.0
[GameContext] [Rez] Corp rezzes Funhouse for 5 credits.
[GameContext] [Encounter] Runner encounters Funhouse.
[GameContext] Street Artist takes 1 tag(s) to continue the run (Funhouse). (1 total)
[GameContext] NBN: Reality Plus — Reality Plus may gain 2 cr or draw 2 cards.
[GameContext] [Wildcat Strike] Corp denies draws — Runner gains credits instead.
[GameContext] Reality Plus: Reality Plus chooses 'Draw 2 cards'.
[GameContext] Reality Plus draws 2 card(s).
[GameContext] Street Artist pays 4 cr to avoid 1 tag.
[GameContext] [Movement] Runner approaches the server root.
[GameContext] [Success] Run successful on HQ!
[GameContext] [Debug/gain_on_success] run_modifiers at success: {  }
[GameContext] [Breach] Runner breaches HQ.
[GameContext] [Access] Runner accesses: Artificial Cryptocrash
[GameContext] [Access] Runner steals Artificial Cryptocrash! (2 agenda points)
[GameContext] [End] Run ended successfully.
[GameContext] --- Run on R&D begins ---
[GameContext] [Initiation] Run declared on R&D.
[GameContext] [Approach] Runner approaches Vasilisa (position 0).
[GameContext] [Encounter] Runner encounters Vasilisa.
[GameContext] Street Artist takes 1 tag(s) to continue the run (Funhouse). (2 total)
[GameContext] [Encounter] Echelon boosted  +2 str (now 3). Cost: 1 cr.
[GameContext] [Encounter] Echelon breaks 'Give the Runner 1 tag.' for 1 cr.
[GameContext] [Encounter] Subroutine 0 broken.
[GameContext] [Movement] Runner approaches the server root.
[GameContext] [Success] Run successful on R&D!
[GameContext] [Debug/gain_on_success] run_modifiers at success: { "overclock_credits": 0, "concerto_credits": 0, "bad_pub_credits": 0 }
[GameContext] [Breach] Runner breaches R&D.
[GameContext] [Access] Runner accesses: Artificial Cryptocrash
[GameContext] [Access] Runner steals Artificial Cryptocrash! (2 agenda points)
[GameContext] [End] Run ended successfully.
[GameContext] Street Artist removes 1 tag (1 remaining). [paid 2cr]
[GameContext] Street Artist draws Propeller.
[GameContext] Reality Plus draws Backroom Machinations.
[GameContext] === Reality Plus Turn 5 begins. Credits: 9, Clicks: 3 ===
[GameContext] [MCTS] slow search: 239 ms (100 iterations, depth 3)
[GameContext] Reality Plus pays 1 credit(s) to install ice.
[GameContext] Reality Plus installs Funhouse in R&D.
[GameContext] [MCTS] slow search: 820 ms (100 iterations, depth 3)
[GameContext] [Trust Operation] No Runner resources to trash — operation fizzles.
[GameContext] Reality Plus plays Trust Operation.
[heartbeat] game 19/20 — turn 5, time 826s
[GameContext] [MCTS] slow search: 703 ms (100 iterations, depth 3)
[GameContext] Reality Plus gains 1 credit. (9 total)
[GameContext] === Street Artist Turn 6 begins. Credits: 0, Clicks: 4 ===
[GameContext] Street Artist gains 1 credit. (1 total)
Player install: card is: Propeller and charged cost is: 1
[GameContext] Placed 4 power counter(s) on Propeller.
[GameContext] Street Artist installs Propeller. [MU: 2/4 used]
[GameContext] Street Artist draws Fermenter.
[GameContext] Street Artist gains 1 credit. (1 total)
[GameContext] Reality Plus draws Chekist Scion.
[GameContext] === Reality Plus Turn 6 begins. Credits: 9, Clicks: 3 ===
[GameContext] [MCTS] slow search: 1077 ms (100 iterations, depth 3)
[GameContext] Reality Plus gains 1 credit. (10 total)
[GameContext] [MCTS] slow search: 1081 ms (100 iterations, depth 3)
[GameContext] Reality Plus gains 1 credit. (11 total)
[GameContext] [MCTS] slow search: 1040 ms (100 iterations, depth 3)
[GameContext] Reality Plus gains 1 credit. (12 total)
[heartbeat] game 19/20 — turn 6, time 831s
[GameContext] Reality Plus discards Retribution to hand limit.
[GameContext] === Street Artist Turn 7 begins. Credits: 1, Clicks: 4 ===
[GameContext] Street Artist gains 1 credit. (2 total)
[GameContext] Street Artist removes 1 tag (0 remaining). [paid 2cr]
[GameContext] Street Artist gains 1 credit. (1 total)
[GameContext] Street Artist gains 1 credit. (2 total)
[GameContext] Reality Plus draws Ivik.
[GameContext] === Reality Plus Turn 7 begins. Credits: 12, Clicks: 3 ===
[GameContext] [MCTS] slow search: 402 ms (100 iterations, depth 3)
[GameContext] Reality Plus installs Ivik in Server 0.
[GameContext] [MCTS] slow search: 384 ms (100 iterations, depth 3)
[GameContext] Reality Plus installs Spin Doctor in Server 0.
[GameContext] [MCTS] slow search: 389 ms (100 iterations, depth 3)
[GameContext] Reality Plus draws Doomscroll.
[GameContext] === Street Artist Turn 8 begins. Credits: 2, Clicks: 4 ===
[GameContext] Street Artist gains 1 credit. (3 total)
[GameContext] Street Artist gains 1 credit. (4 total)
[GameContext] Street Artist gains 1 credit. (5 total)
[GameContext] Street Artist gains 1 credit. (6 total)
[GameContext] Reality Plus draws Retribution.
[GameContext] === Reality Plus Turn 8 begins. Credits: 12, Clicks: 3 ===
[GameContext] Reality Plus draws 2 card(s).
[GameContext] Reality Plus rezzes Spin Doctor for 0 cr.
[GameContext] [MCTS] slow search: 664 ms (100 iterations, depth 3)
[GameContext] Reality Plus draws Doomscroll.
[GameContext] [MCTS] slow search: 931 ms (100 iterations, depth 3)
[GameContext] Reality Plus draws Ivik.
[heartbeat] game 19/20 — turn 8, time 836s
[GameContext] [MCTS] slow search: 1601 ms (100 iterations, depth 3)
[GameContext] Reality Plus pays 2 credit(s) to install ice.
[GameContext] Reality Plus installs Vasilisa in R&D.
[GameContext] Reality Plus discards Retribution to hand limit.
[GameContext] Reality Plus discards Backroom Machinations to hand limit.
[GameContext] Reality Plus discards Backroom Machinations to hand limit.
[GameContext] Reality Plus discards Backroom Machinations to hand limit.
[GameContext] === Street Artist Turn 9 begins. Credits: 6, Clicks: 4 ===
[GameContext] Street Artist gains 1 credit. (7 total)
[GameContext] Street Artist gains 1 credit. (8 total)
[GameContext] --- Run on R&D begins ---
[GameContext] [Initiation] Run declared on R&D.
[GameContext] [Approach] Runner approaches unrezzed ice (position 0).
[CorpRunAI] AI: Vasilisa — rez_cost=2  tax/enc=2.0  enc=3.0  LTV=6.0
[GameContext] [Rez] Corp rezzes Vasilisa for 2 credits.
[GameContext] [Encounter] Runner encounters Vasilisa.
[GameContext] Street Artist takes 1 tag(s) to continue the run (Funhouse). (1 total)
[GameContext] NBN: Reality Plus — Reality Plus may gain 2 cr or draw 2 cards.
[GameContext] [Wildcat Strike] Corp denies draws — Runner gains credits instead.
[GameContext] Reality Plus: Reality Plus chooses 'Draw 2 cards'.
[GameContext] Reality Plus draws 2 card(s).
[GameContext] [Encounter] Echelon breaks 'Give the Runner 1 tag.' for 1 cr.
[GameContext] [Encounter] Subroutine 0 broken.
[GameContext] [Approach] Runner approaches unrezzed ice (position 1).
[GameContext] [Approach] Corp declines to rez. Runner passes unrezzed ice.
[GameContext] [Approach] Runner approaches Vasilisa (position 2).
[GameContext] [Encounter] Runner encounters Vasilisa.
[GameContext] Street Artist takes 1 tag(s) to continue the run (Funhouse). (2 total)
[GameContext] [Encounter] Echelon breaks 'Give the Runner 1 tag.' for 1 cr.
[GameContext] [Encounter] Subroutine 0 broken.
[GameContext] [Movement] Runner approaches the server root.
[GameContext] [Success] Run successful on R&D!
[GameContext] [Debug/gain_on_success] run_modifiers at success: { "overclock_credits": 0, "concerto_credits": 0, "bad_pub_credits": 0 }
[GameContext] [Breach] Runner breaches R&D.
[GameContext] [Access] Runner accesses: IP Enforcement
[GameContext] [End] Run ended successfully.
[GameContext] Street Artist removes 1 tag (1 remaining). [paid 2cr]
[GameContext] Reality Plus draws IP Enforcement.
[GameContext] === Reality Plus Turn 9 begins. Credits: 8, Clicks: 3 ===
[GameContext] [MCTS] slow search: 1546 ms (100 iterations, depth 3)
[GameContext] Reality Plus draws Blood in the Water.
[GameContext] [MCTS] slow search: 1709 ms (100 iterations, depth 3)
[GameContext] Reality Plus installs Ivik in Server 1.
[heartbeat] game 19/20 — turn 9, time 843s
[GameContext] [MCTS] slow search: 1891 ms (100 iterations, depth 3)
[GameContext] Reality Plus installs Blood in the Water in Server 1.
[GameContext] Reality Plus discards IP Enforcement to hand limit.
[GameContext] Reality Plus discards Hedge Fund to hand limit.
[GameContext] === Street Artist Turn 10 begins. Credits: 4, Clicks: 4 ===
Player install: card is: Fermenter and charged cost is: 1
[GameContext] Placed 1 virus counter(s) on Fermenter.
[GameContext] Street Artist installs Fermenter. [MU: 3/4 used]
[GameContext] --- Run on Server 1 begins ---
[GameContext] [Initiation] Run declared on Server 1.
[GameContext] [Approach] Runner approaches unrezzed ice (position 0).
[CorpRunAI] AI: Ivik — rez_cost=7  tax/enc=5.0  enc=2.5  LTV=12.5
[CorpRunAI] AI: deferring Ivik (pri=3.57) — saving for Funhouse on rd (pri=12.00)
[GameContext] [Approach] Corp declines to rez. Runner passes unrezzed ice.
[GameContext] [Movement] Runner approaches the server root.
[GameContext] [Success] Run successful on Server 1!
[GameContext] [Debug/gain_on_success] run_modifiers at success: {  }
[GameContext] [Breach] Runner breaches Server 1.
[GameContext] [Access] Runner accesses: Blood in the Water
[GameContext] [Access] Runner steals Blood in the Water! (2 agenda points)
[GameContext] Runner wins by stealing agendas!
[GameContext] [End] Run ended successfully.
[GameContext] Game over — Street Artist wins. Street Artist stole enough agendas to win
  [ 19/ 20]  RUNNER    Street Artist stole enough agendas to win  10 turns
[GameContext] Reality Plus draws Trust Operation.
[GameContext] === Reality Plus Turn 1 begins. Credits: 5, Clicks: 3 ===
[GameContext] [MCTS] slow search: 621 ms (100 iterations, depth 3)
[GameContext] Reality Plus installs Ivik in Server 0.
[GameContext] [MCTS] slow search: 538 ms (100 iterations, depth 3)
[GameContext] Reality Plus installs Blood in the Water in Server 0.
[GameContext] [MCTS] Scoring line detected — executing: Advance blood_in_the_water
[GameContext] Reality Plus advances Blood in the Water (1 counters).
[GameContext] Reality Plus scores Blood in the Water! (2 agenda points)
[heartbeat] game 20/20 — turn 1, time 848s
[GameContext] === Street Artist Turn 2 begins. Credits: 5, Clicks: 4 ===
[GameContext] Run modifier set: overclock_credits = 5
[GameContext] --- Run on HQ begins ---
[GameContext] [Initiation] Run declared on HQ.
[GameContext] [Initiation] No ice protecting server — proceeding to root.
[GameContext] [Movement] Runner approaches the server root.
[GameContext] [Success] Run successful on HQ!
[GameContext] [Debug/gain_on_success] run_modifiers at success: { "overclock_credits": 5, "run_event_active": 1 }
[GameContext] [Breach] Runner breaches HQ.
[GameContext] [Access] Runner accesses: Trust Operation
[GameContext] [End] Run ended successfully.
[GameContext] Overclock: 5 unspent credit(s) returned to the bank.
[GameContext] Street Artist plays Overclock.
[GameContext] --- Run on R&D begins ---
[GameContext] [Initiation] Run declared on R&D.
[GameContext] [Initiation] No ice protecting server — proceeding to root.
[GameContext] [Movement] Runner approaches the server root.
[GameContext] [Success] Run successful on R&D!
[GameContext] [Debug/gain_on_success] run_modifiers at success: {  }
[GameContext] [Breach] Runner breaches R&D.
[GameContext] [Access] Runner accesses: Artificial Cryptocrash
[GameContext] [Access] Runner steals Artificial Cryptocrash! (2 agenda points)
[GameContext] [End] Run ended successfully.
[GameContext] Run modifier set: overclock_credits = 5
[GameContext] --- Run on HQ begins ---
[GameContext] [Initiation] Run declared on HQ.
[GameContext] [Initiation] No ice protecting server — proceeding to root.
[GameContext] [Movement] Runner approaches the server root.
[GameContext] [Success] Run successful on HQ!
[GameContext] [Debug/gain_on_success] run_modifiers at success: { "overclock_credits": 5, "run_event_active": 1 }
[GameContext] [Breach] Runner breaches HQ.
[GameContext] [Access] Runner accesses: Doomscroll
[GameContext] [End] Run ended successfully.
[GameContext] Overclock: 5 unspent credit(s) returned to the bank.
[GameContext] Street Artist plays Overclock.
[GameContext] --- Run on HQ begins ---
[GameContext] [Initiation] Run declared on HQ.
[GameContext] [Initiation] No ice protecting server — proceeding to root.
[GameContext] [Movement] Runner approaches the server root.
[GameContext] [Success] Run successful on HQ!
[GameContext] [Debug/gain_on_success] run_modifiers at success: {  }
[GameContext] [Breach] Runner breaches HQ.
[GameContext] [Access] Runner accesses: Chekist Scion
[GameContext] [Access] Runner may trash Chekist Scion for 0 credits (Runner has 3 total).
[GameContext] [Access] Runner trashes Chekist Scion.
[GameContext] [End] Run ended successfully.
[GameContext] Reality Plus draws Hedge Fund.
[GameContext] === Reality Plus Turn 2 begins. Credits: 4, Clicks: 3 ===
[GameContext] Reality Plus gains 1 credit. (5 total)
[GameContext] Reality Plus draws Regolith Mining License.
[GameContext] [MCTS] slow search: 223 ms (100 iterations, depth 3)
[GameContext] Reality Plus installs Doomscroll in R&D.
[GameContext] === Street Artist Turn 3 begins. Credits: 3, Clicks: 4 ===
[GameContext] --- Run on R&D begins ---
[GameContext] [Initiation] Run declared on R&D.
[GameContext] [Approach] Runner approaches unrezzed ice (position 0).
[CorpRunAI] AI: Doomscroll — rez_cost=3  tax/enc=11.0  enc=3.0  LTV=33.0
[GameContext] [Rez] Corp rezzes Doomscroll for 3 credits.
[GameContext] [Encounter] Runner encounters Doomscroll.
[GameContext] Street Artist takes 1 tag(s). (1 total)
[GameContext] NBN: Reality Plus — Reality Plus may gain 2 cr or draw 2 cards.
[GameContext] [Wildcat Strike] Corp denies credits — Runner draws instead.
[GameContext] Reality Plus: Reality Plus chooses 'Gain 2 credits'.
[GameContext] Reality Plus gains 2 credits.
[GameContext] Runner takes 1 net damage.
[GameContext]   Trashed from grip: daily_casts
[GameContext] 1 card(s) trashed from Street Artist's grip.
[GameContext] Subroutine condition not met — no effect.
[GameContext] [Movement] Runner approaches the server root.
[GameContext] [Success] Run successful on R&D!
[GameContext] [Debug/gain_on_success] run_modifiers at success: {  }
[GameContext] [Breach] Runner breaches R&D.
[GameContext] [Access] Runner accesses: Spin Doctor
[GameContext] [Access] Runner may trash Spin Doctor for 2 credits (Runner has 3 total).
[GameContext] [Access] Runner trashes Spin Doctor.
[GameContext] [End] Run ended successfully.
[GameContext] --- Run on HQ begins ---
[GameContext] [Initiation] Run declared on HQ.
[GameContext] [Initiation] No ice protecting server — proceeding to root.
[GameContext] [Movement] Runner approaches the server root.
[GameContext] [Success] Run successful on HQ!
[GameContext] [Debug/gain_on_success] run_modifiers at success: {  }
[GameContext] [Breach] Runner breaches HQ.
[GameContext] [Access] Runner accesses: Trust Operation
[GameContext] [End] Run ended successfully.
[GameContext] Street Artist gains 1 credit. (2 total)
[GameContext] Street Artist removes 1 tag (0 remaining). [paid 2cr]
[GameContext] Reality Plus draws Chekist Scion.
[GameContext] === Reality Plus Turn 3 begins. Credits: 4, Clicks: 3 ===
[GameContext] Reality Plus gains 1 credit. (5 total)
[GameContext] Reality Plus gains 9 credits.
[GameContext] Reality Plus plays Hedge Fund.
[GameContext] Reality Plus gains 1 credit. (10 total)
[GameContext] === Street Artist Turn 4 begins. Credits: 0, Clicks: 4 ===
[GameContext] --- Run on HQ begins ---
[GameContext] [Initiation] Run declared on HQ.
[GameContext] [Initiation] No ice protecting server — proceeding to root.
[GameContext] [Movement] Runner approaches the server root.
[GameContext] [Success] Run successful on HQ!
[GameContext] [Debug/gain_on_success] run_modifiers at success: {  }
[GameContext] [Breach] Runner breaches HQ.
[GameContext] [Access] Runner accesses: Retribution
[GameContext] [End] Run ended successfully.
[GameContext] Street Artist draws Pinhole Threading.
[GameContext] Street Artist draws Propeller.
[GameContext] Street Artist draws Telework Contract.
[GameContext] Reality Plus draws Trust Operation.
[GameContext] === Reality Plus Turn 4 begins. Credits: 10, Clicks: 3 ===
[GameContext] Reality Plus installs Regolith Mining License in Server 0.
[GameContext] Reality Plus gains 1 credit. (11 total)
[GameContext] Reality Plus gains 1 credit. (12 total)
[heartbeat] game 20/20 — turn 4, time 853s
[GameContext] === Street Artist Turn 5 begins. Credits: 0, Clicks: 4 ===
[GameContext] --- Run on HQ begins ---
[GameContext] [Initiation] Run declared on HQ.
[GameContext] [Initiation] No ice protecting server — proceeding to root.
[GameContext] [Movement] Runner approaches the server root.
[GameContext] [Success] Run successful on HQ!
[GameContext] [Debug/gain_on_success] run_modifiers at success: {  }
[GameContext] [Breach] Runner breaches HQ.
[GameContext] [Access] Runner accesses: Chekist Scion
[GameContext] [Access] Runner may trash Chekist Scion for 0 credits (Runner has 0 total).
[GameContext] [Access] Runner trashes Chekist Scion.
[GameContext] [End] Run ended successfully.
[GameContext] Street Artist gains 1 credit. (1 total)
Player install: card is: Propeller and charged cost is: 1
[GameContext] Placed 4 power counter(s) on Propeller.
[GameContext] Street Artist installs Propeller. [MU: 1/4 used]
[GameContext] Street Artist draws Sure Gamble.
[GameContext] Reality Plus draws Funhouse.
[GameContext] === Reality Plus Turn 5 begins. Credits: 12, Clicks: 3 ===
[GameContext] Placed 15 credits counter(s) on Regolith Mining License.
[GameContext] Reality Plus rezzes Regolith Mining License for 2 cr.
[GameContext] [MCTS] slow search: 388 ms (100 iterations, depth 3)
[GameContext] Reality Plus takes 3 cr from Regolith Mining License (12 remaining).
[GameContext] [MCTS] slow search: 434 ms (100 iterations, depth 3)
[GameContext] Reality Plus installs Funhouse in HQ.
[GameContext] [MCTS] slow search: 421 ms (100 iterations, depth 3)
[GameContext] Reality Plus takes 3 cr from Regolith Mining License (9 remaining).
[GameContext] === Street Artist Turn 6 begins. Credits: 0, Clicks: 4 ===
[GameContext] Street Artist gains 1 credit. (1 total)
[GameContext] Street Artist plays Pinhole Threading.
[GameContext] Street Artist draws Self-modifying Code.
[GameContext] Street Artist gains 1 credit. (1 total)
[GameContext] Reality Plus draws Drago Ivanov.
[GameContext] === Reality Plus Turn 6 begins. Credits: 16, Clicks: 3 ===
[GameContext] [MCTS] slow search: 507 ms (100 iterations, depth 3)
[GameContext] Condition not met — ability has no effect.
[GameContext] Reality Plus plays Retribution.
[GameContext] [MCTS] slow search: 410 ms (100 iterations, depth 3)
[GameContext] Reality Plus draws Backroom Machinations.
[GameContext] [MCTS] slow search: 435 ms (100 iterations, depth 3)
[GameContext] Reality Plus draws Regolith Mining License.
[heartbeat] game 20/20 — turn 6, time 858s
[GameContext] === Street Artist Turn 7 begins. Credits: 1, Clicks: 4 ===
[GameContext] Street Artist gains 1 credit. (2 total)
[GameContext] Street Artist gains 1 credit. (3 total)
[GameContext] Street Artist gains 1 credit. (4 total)
[GameContext] --- Run on HQ begins ---
[GameContext] [Initiation] Run declared on HQ.
[GameContext] [Approach] Runner approaches unrezzed ice (position 0).
[CorpRunAI] AI: Funhouse — rez_cost=5  tax/enc=8.0  enc=3.0  LTV=24.0
[GameContext] [Rez] Corp rezzes Funhouse for 5 credits.
[GameContext] [Encounter] Runner encounters Funhouse.
[GameContext] Street Artist takes 1 tag(s) to continue the run (Funhouse). (1 total)
[GameContext] NBN: Reality Plus — Reality Plus may gain 2 cr or draw 2 cards.
[GameContext] [Wildcat Strike] Corp denies draws — Runner gains credits instead.
[GameContext] Reality Plus: Reality Plus chooses 'Draw 2 cards'.
[GameContext] Reality Plus draws 2 card(s).
[GameContext] Street Artist takes 1 tag (did not pay 4 cr). (2 total)
[GameContext] [Movement] Runner approaches the server root.
[GameContext] [Success] Run successful on HQ!
[GameContext] [Debug/gain_on_success] run_modifiers at success: {  }
[GameContext] [Breach] Runner breaches HQ.
[GameContext] [Access] Runner accesses: Trust Operation
[GameContext] [End] Run ended successfully.
[GameContext] Reality Plus draws IP Enforcement.
[GameContext] === Reality Plus Turn 7 begins. Credits: 10, Clicks: 3 ===
[GameContext] [MCTS] slow search: 1265 ms (100 iterations, depth 3)
[GameContext] IP Enforcement: Corp pays 2 cr and removes 2 tag(s) from Street Artist. (0 tags remaining)
[GameContext] IP Enforcement: Reality Plus installs Artificial Cryptocrash (AP 2) from Street Artist's score area.
[GameContext] Reality Plus plays IP Enforcement.
[GameContext] [MCTS] slow search: 1047 ms (100 iterations, depth 3)
[GameContext] Reality Plus draws Drago Ivanov.
[GameContext] [MCTS] slow search: 1267 ms (100 iterations, depth 3)
[GameContext] Reality Plus installs Ivik in Server 1.
[GameContext] Reality Plus discards Trust Operation to hand limit.
[GameContext] Reality Plus discards Trust Operation to hand limit.
[GameContext] === Street Artist Turn 8 begins. Credits: 4, Clicks: 4 ===
Player install: card is: Unity and charged cost is: 3
[GameContext] Street Artist installs Unity. [MU: 2/4 used]
[GameContext] Street Artist gains 1 credit. (2 total)
[GameContext] Street Artist gains 1 credit. (3 total)
[GameContext] --- Run on HQ begins ---
[GameContext] [Initiation] Run declared on HQ.
[GameContext] [Approach] Runner approaches Funhouse (position 0).
[GameContext] [Encounter] Runner encounters Funhouse.
[GameContext] Street Artist takes 1 tag(s) to continue the run (Funhouse). (1 total)
[GameContext] NBN: Reality Plus — Reality Plus may gain 2 cr or draw 2 cards.
[GameContext] [Wildcat Strike] Corp denies credits — Runner draws instead.
[GameContext] Reality Plus: Reality Plus chooses 'Gain 2 credits'.
[GameContext] Reality Plus gains 2 credits.
[GameContext] [Encounter] Unity boosted +4 str (2 icebreakers). Cost: 2 cr.
[GameContext] [Encounter] Unity breaks 'Give the Runner 1 tag unless they pay 4[credit].' for 1 cr.
[GameContext] [Encounter] Subroutine 0 broken.
[GameContext] [Movement] Runner approaches the server root.
[GameContext] [Success] Run successful on HQ!
[GameContext] [Debug/gain_on_success] run_modifiers at success: { "overclock_credits": 0, "concerto_credits": 0, "bad_pub_credits": 0 }
[GameContext] [Breach] Runner breaches HQ.
[GameContext] [Access] Runner accesses: Regolith Mining License
[GameContext] [Access] Runner may trash Regolith Mining License for 3 credits (Runner has 0 total).
[GameContext] [Access] Runner cannot afford to trash.
[GameContext] [End] Run ended successfully.
[GameContext] Reality Plus draws Artificial Cryptocrash.
[GameContext] === Reality Plus Turn 8 begins. Credits: 10, Clicks: 3 ===
[GameContext] [MCTS] slow search: 730 ms (100 iterations, depth 3)
[heartbeat] game 20/20 — turn 8, time 863s
[GameContext] Reality Plus installs Artificial Cryptocrash in Server 1.
[GameContext] [MCTS] slow search: 809 ms (100 iterations, depth 3)
[GameContext] Reality Plus advances Artificial Cryptocrash (1 counters).
[GameContext] [MCTS] slow search: 804 ms (100 iterations, depth 3)
[GameContext] Reality Plus advances Artificial Cryptocrash (2 counters).
[GameContext] === Street Artist Turn 9 begins. Credits: 0, Clicks: 4 ===
[GameContext] Street Artist gains 1 credit. (1 total)
[GameContext] Street Artist gains 1 credit. (2 total)
[GameContext] Street Artist gains 1 credit. (3 total)
[GameContext] --- Run on Server 1 begins ---
[GameContext] [Initiation] Run declared on Server 1.
[GameContext] [Approach] Runner approaches unrezzed ice (position 0).
[CorpRunAI] AI: Ivik — rez_cost=7  tax/enc=5.0  enc=2.5  LTV=12.5
[GameContext] [Rez] Corp rezzes Ivik for 7 credits.
[GameContext] [Encounter] Runner encounters Ivik.
[GameContext] Street Artist takes 1 tag(s) to continue the run (Funhouse). (2 total)
[GameContext] NBN: Reality Plus — Reality Plus may gain 2 cr or draw 2 cards.
[GameContext] [Wildcat Strike] Corp denies credits — Runner draws instead.
[GameContext] Reality Plus: Reality Plus chooses 'Gain 2 credits'.
[GameContext] Reality Plus gains 2 credits.
[GameContext] [Encounter] Propeller spends 1 power counter(s): +2 str (now 5, 3 counters left).
[GameContext] [Encounter] Propeller breaks 'Do 2 net damage.' for 1 cr.
[GameContext] [Encounter] Propeller breaks 'End the run.' for 1 cr.
[GameContext] [Encounter] Subroutine 0 broken.
[GameContext] [Encounter] Subroutine 1 broken.
[GameContext] [Movement] Runner approaches the server root.
[GameContext] [Success] Run successful on Server 1!
[GameContext] [Debug/gain_on_success] run_modifiers at success: { "overclock_credits": 0, "concerto_credits": 0, "bad_pub_credits": 0 }
[GameContext] [Breach] Runner breaches Server 1.
[GameContext] [Access] Runner accesses: Artificial Cryptocrash
[GameContext] [Access] Runner steals Artificial Cryptocrash! (2 agenda points)
[GameContext] [End] Run ended successfully.
[GameContext] Reality Plus draws Retribution.
[GameContext] === Reality Plus Turn 9 begins. Credits: 3, Clicks: 3 ===
[GameContext] [MCTS] slow search: 1027 ms (100 iterations, depth 3)
[GameContext] Reality Plus installs Drago Ivanov in Server 2.
[GameContext] [MCTS] slow search: 1179 ms (100 iterations, depth 3)
[GameContext] Reality Plus installs Drago Ivanov in Server 1.
[heartbeat] game 20/20 — turn 9, time 869s
[GameContext] [MCTS] slow search: 1611 ms (100 iterations, depth 3)
[GameContext] Reality Plus action rejected: Card __sim_trap__ not found or not advanceable
[GameContext] === Street Artist Turn 10 begins. Credits: 1, Clicks: 4 ===
[GameContext] Street Artist gains 1 credit. (2 total)
[GameContext] Street Artist gains 1 credit. (3 total)
[GameContext] --- Run on HQ begins ---
[GameContext] [Initiation] Run declared on HQ.
[GameContext] [Approach] Runner approaches Funhouse (position 0).
[GameContext] [Encounter] Runner encounters Funhouse.
[GameContext] Street Artist takes 1 tag(s) to continue the run (Funhouse). (3 total)
[GameContext] NBN: Reality Plus — Reality Plus may gain 2 cr or draw 2 cards.
[GameContext] [Wildcat Strike] Corp denies credits — Runner draws instead.
[GameContext] Reality Plus: Reality Plus chooses 'Gain 2 credits'.
[GameContext] Reality Plus gains 2 credits.
[GameContext] [Encounter] Unity boosted +4 str (2 icebreakers). Cost: 2 cr.
[GameContext] [Encounter] Unity breaks 'Give the Runner 1 tag unless they pay 4[credit].' for 1 cr.
[GameContext] [Encounter] Subroutine 0 broken.
[GameContext] [Movement] Runner approaches the server root.
[GameContext] [Success] Run successful on HQ!
[GameContext] [Debug/gain_on_success] run_modifiers at success: { "overclock_credits": 0, "concerto_credits": 0, "bad_pub_credits": 0 }
[GameContext] [Breach] Runner breaches HQ.
[GameContext] [Access] Runner accesses: Regolith Mining License
[GameContext] [Access] Runner may trash Regolith Mining License for 3 credits (Runner has 0 total).
[GameContext] [Access] Runner cannot afford to trash.
[GameContext] [End] Run ended successfully.
[GameContext] Street Artist draws Deep Dive.
[GameContext] Reality Plus draws Backroom Machinations.
[GameContext] === Reality Plus Turn 10 begins. Credits: 5, Clicks: 3 ===
[GameContext] Reality Plus rezzes Drago Ivanov for 0 cr.
[GameContext] Reality Plus rezzes Drago Ivanov for 0 cr.
[GameContext] [◆ Unique] Duplicate Drago Ivanov trashed (cannot be prevented).
[GameContext] [MCTS] slow search: 442 ms (100 iterations, depth 3)
[GameContext] [Backroom Machinations] Runner loses 1 tag as additional cost (2 remaining).
[GameContext] Reality Plus: Backroom Machinations scores as a 1-point agenda!
[GameContext] Reality Plus plays Backroom Machinations.
[GameContext] [MCTS] slow search: 276 ms (100 iterations, depth 3)
[GameContext] Reality Plus installs Artificial Cryptocrash in Server 1.
[GameContext] [MCTS] slow search: 259 ms (100 iterations, depth 3)
[GameContext] Reality Plus advances Artificial Cryptocrash (1 counters).
[GameContext] === Street Artist Turn 11 begins. Credits: 0, Clicks: 4 ===
[GameContext] Street Artist gains 1 credit. (1 total)
[GameContext] Street Artist gains 1 credit. (2 total)
[GameContext] Street Artist gains 1 credit. (3 total)
[GameContext] --- Run on HQ begins ---
[GameContext] [Initiation] Run declared on HQ.
[GameContext] [Approach] Runner approaches Funhouse (position 0).
[GameContext] [Encounter] Runner encounters Funhouse.
[GameContext] Street Artist takes 1 tag(s) to continue the run (Funhouse). (3 total)
[GameContext] NBN: Reality Plus — Reality Plus may gain 2 cr or draw 2 cards.
[GameContext] [Wildcat Strike] Corp denies credits — Runner draws instead.
[GameContext] Reality Plus: Reality Plus chooses 'Gain 2 credits'.
[GameContext] Reality Plus gains 2 credits.
[GameContext] [Encounter] Unity boosted +4 str (2 icebreakers). Cost: 2 cr.
[GameContext] [Encounter] Unity breaks 'Give the Runner 1 tag unless they pay 4[credit].' for 1 cr.
[GameContext] [Encounter] Subroutine 0 broken.
[GameContext] [Movement] Runner approaches the server root.
[GameContext] [Success] Run successful on HQ!
[GameContext] [Debug/gain_on_success] run_modifiers at success: { "overclock_credits": 0, "concerto_credits": 0, "bad_pub_credits": 0 }
[GameContext] [Breach] Runner breaches HQ.
[GameContext] [Access] Runner accesses: Retribution
[GameContext] [End] Run ended successfully.
[GameContext] Reality Plus draws Vasilisa.
[GameContext] === Reality Plus Turn 11 begins. Credits: 4, Clicks: 3 ===
[GameContext] [MCTS] Scoring line detected — executing: Advance artificial_cryptocrash
[GameContext] Reality Plus advances Artificial Cryptocrash (2 counters).
[GameContext] [MCTS] Scoring line detected — executing: Advance artificial_cryptocrash
[GameContext] Reality Plus advances Artificial Cryptocrash (3 counters).
[heartbeat] game 20/20 — turn 11, time 874s
[GameContext] [MCTS] Scoring line detected — executing: Advance artificial_cryptocrash
[GameContext] Reality Plus advances Artificial Cryptocrash (4 counters).
[GameContext] Reality Plus scores Artificial Cryptocrash! (2 agenda points)
[GameContext] Street Artist loses 0 credits.
[GameContext] Game over — Reality Plus wins. Reality Plus scored 7 agenda points
  [ 20/ 20]  CORP      Reality Plus scored 7 agenda points  11 turns

╔══════════════════════════════════════════════════════╗
║  BATCH SUMMARY  (20 games)                           
╠══════════════════════════════════════════════════════╣
║  Corp   wins :   9  ( 45.0%)                        
║  Runner wins :  11  ( 55.0%)                        
║  Draws       :   0  (  0.0%)                        
║  Avg turns   : 14.9                                  
╠══════════════════════════════════════════════════════╣
║  Win reasons:
║    "Street Artist" flatlined (empty grip)    2
║    Corp could not draw (empty R&D)     6
║    Reality Plus scored 7 agenda points    2
║    Reality Plus scored 8 agenda points    3
║    Reality Plus wins                   2
║    Street Artist stole enough agendas to win    5
╚══════════════════════════════════════════════════════╝
