Godot Engine v4.6.2.stable.mono.official.71f334935 - https://godotengine.org

CardRegistry: loaded 2054 cards
SelfPlayRunner: loaded runner opponent 'runner_arissana_lilypad_gamble' — arissana_rocha_nahu_street_artist (46 cards)
SelfPlayRunner: loaded corp opponent 'nbn_reality_plus_tags' — nbn_reality_plus (36 cards)
╔══════════════════════════════════════════════════════╗
║     NETRUNNER SELF-PLAY — BATCH MODE ( 10 games)     ║
╚══════════════════════════════════════════════════════╝
AbilityRegistry: loaded definitions for 630 cards
[GameContext] Reality Plus draws Funhouse.
[GameContext] === Reality Plus Turn 1 begins. Credits: 5, Clicks: 3 ===
[GameContext] [MCTS] slow search: 742 ms (100 iterations, depth 3)
[DecisionLogger] user data dir : C:/Users/jnsno/AppData/Roaming/Godot/app_userdata/Netrunner Solo
[DecisionLogger] logs dir      : C:/Users/jnsno/AppData/Roaming/Godot/app_userdata/Netrunner Solo/logs
[DecisionLogger] opening       : C:/Users/jnsno/AppData/Roaming/Godot/app_userdata/Netrunner Solo/logs/corp_ai_20260620_203646.log
[DecisionLogger] log file ready.
[GameContext] Reality Plus installs Funhouse in Server 0.
[GameContext] [MCTS] slow search: 715 ms (100 iterations, depth 3)
[GameContext] Reality Plus installs Ivik in R&D.
[GameContext] [MCTS] slow search: 494 ms (100 iterations, depth 3)
[GameContext] Reality Plus installs Blood in the Water in Server 0.
[heartbeat] game 1/10 — turn 1, time 5s
[GameContext] === Street Artist Turn 2 begins. Credits: 5, Clicks: 4 ===
[GameContext] --- Run on HQ begins ---
[GameContext] [Initiation] Run declared on HQ.
[GameContext] [Initiation] No ice protecting server — proceeding to root.
[GameContext] [Movement] Runner approaches the server root.
[GameContext] [Success] Run successful on HQ!
[GameContext] [Debug/gain_on_success] run_modifiers at success: {  }
[GameContext] [Breach] Runner breaches HQ.
[GameContext] [Access] Runner accesses: Chekist Scion
[GameContext] [Access] Runner may trash Chekist Scion for 0 credits (Runner has 5 total).
[GameContext] [Access] Runner trashes Chekist Scion.
[GameContext] [End] Run ended successfully.
[GameContext] --- Run on Server 0 begins ---
[GameContext] [Initiation] Run declared on Server 0.
[GameContext] [Approach] Runner approaches unrezzed ice (position 0).
[CorpRunAI] AI: Funhouse — rez_cost=5  tax/enc=8.0  enc=2.5  LTV=20.0
[CorpRunAI] AI: deferring Funhouse (pri=8.00) — saving for Ivik on rd (pri=11.79)
[GameContext] [Approach] Corp declines to rez. Runner passes unrezzed ice.
[GameContext] [Movement] Runner approaches the server root.
[GameContext] [Success] Run successful on Server 0!
[GameContext] [Debug/gain_on_success] run_modifiers at success: {  }
[GameContext] [Breach] Runner breaches Server 0.
[GameContext] [Access] Runner accesses: Blood in the Water
[GameContext] [Access] Runner steals Blood in the Water! (2 agenda points)
[GameContext] [End] Run ended successfully.
Player install: card is: Echelon and charged cost is: 3
[GameContext] Street Artist installs Echelon. [MU: 1/4 used]
[GameContext] Street Artist plays Pinhole Threading.
[GameContext] Reality Plus draws Retribution.
[GameContext] === Reality Plus Turn 2 begins. Credits: 5, Clicks: 3 ===
[GameContext] Reality Plus draws Doomscroll.
[GameContext] [MCTS] slow search: 502 ms (100 iterations, depth 3)
[GameContext] Reality Plus installs Doomscroll in HQ.
[GameContext] [MCTS] slow search: 465 ms (100 iterations, depth 3)
[GameContext] Reality Plus draws Vasilisa.
[GameContext] === Street Artist Turn 3 begins. Credits: 1, Clicks: 4 ===
[GameContext] Street Artist gains 1 credit. (2 total)
[GameContext] --- Run on R&D begins ---
[GameContext] [Initiation] Run declared on R&D.
[GameContext] [Approach] Runner approaches unrezzed ice (position 0).
[GameContext] [Approach] Corp declines to rez. Runner passes unrezzed ice.
[GameContext] [Movement] Runner approaches the server root.
[GameContext] [Success] Run successful on R&D!
[GameContext] [Debug/gain_on_success] run_modifiers at success: {  }
[GameContext] [Breach] Runner breaches R&D.
[GameContext] [Access] Runner accesses: Regolith Mining License
[GameContext] [Access] Runner may trash Regolith Mining License for 3 credits (Runner has 2 total).
[GameContext] [Access] Runner cannot afford to trash.
[GameContext] [End] Run ended successfully.
[GameContext] --- Run on HQ begins ---
[GameContext] [Initiation] Run declared on HQ.
[GameContext] [Approach] Runner approaches unrezzed ice (position 0).
[CorpRunAI] AI: rezzing Doomscroll would breach credit floor — holding.
[GameContext] [Approach] Corp declines to rez. Runner passes unrezzed ice.
[GameContext] [Movement] Runner approaches the server root.
[GameContext] [Success] Run successful on HQ!
[GameContext] [Debug/gain_on_success] run_modifiers at success: {  }
[GameContext] [Breach] Runner breaches HQ.
[GameContext] [Access] Runner accesses: Retribution
[GameContext] [End] Run ended successfully.
[GameContext] Street Artist draws Dr. Nuka Vrolyck.
[GameContext] Reality Plus draws Regolith Mining License.
[GameContext] === Reality Plus Turn 3 begins. Credits: 5, Clicks: 3 ===
[GameContext] [MCTS] slow search: 722 ms (100 iterations, depth 3)
[GameContext] Reality Plus pays 1 credit(s) to install ice.
[GameContext] Reality Plus installs Vasilisa in HQ.
[GameContext] [MCTS] slow search: 527 ms (100 iterations, depth 3)
[GameContext] Reality Plus gains 1 credit. (5 total)
[heartbeat] game 1/10 — turn 3, time 10s
[GameContext] [MCTS] slow search: 578 ms (100 iterations, depth 3)
[GameContext] Reality Plus gains 1 credit. (6 total)
[GameContext] === Street Artist Turn 4 begins. Credits: 2, Clicks: 4 ===
[GameContext] --- Run on R&D begins ---
[GameContext] [Initiation] Run declared on R&D.
[GameContext] [Approach] Runner approaches unrezzed ice (position 0).
[GameContext] [Approach] Corp declines to rez. Runner passes unrezzed ice.
[GameContext] [Movement] Runner approaches the server root.
[GameContext] [Success] Run successful on R&D!
[GameContext] [Debug/gain_on_success] run_modifiers at success: {  }
[GameContext] [Breach] Runner breaches R&D.
[GameContext] [Access] Runner accesses: Vasilisa
[GameContext] [End] Run ended successfully.
[GameContext] Street Artist gains 1 credit. (3 total)
[GameContext] Street Artist gains 1 credit. (4 total)
[GameContext] --- Run on HQ begins ---
[GameContext] [Initiation] Run declared on HQ.
[GameContext] [Approach] Runner approaches unrezzed ice (position 0).
[CorpRunAI] AI: Vasilisa — rez_cost=2  tax/enc=2.0  enc=3.0  LTV=6.0
[CorpRunAI] AI: deferring Vasilisa (pri=6.00) — saving for Doomscroll on hq (pri=10.00)
[GameContext] [Approach] Corp declines to rez. Runner passes unrezzed ice.
[GameContext] [Approach] Runner approaches unrezzed ice (position 1).
[CorpRunAI] AI: Vasilisa — rez_cost=2  tax/enc=2.0  enc=3.0  LTV=6.0
[CorpRunAI] AI: deferring Vasilisa (pri=6.00) — saving for Doomscroll on hq (pri=10.00)
[GameContext] [Approach] Corp declines to rez. Runner passes unrezzed ice.
[GameContext] [Movement] Runner approaches the server root.
[GameContext] [Success] Run successful on HQ!
[GameContext] [Debug/gain_on_success] run_modifiers at success: {  }
[GameContext] [Breach] Runner breaches HQ.
[GameContext] [Access] Runner accesses: Regolith Mining License
[GameContext] [Access] Runner may trash Regolith Mining License for 3 credits (Runner has 4 total).
[GameContext] [Access] Runner trashes Regolith Mining License.
[GameContext] [End] Run ended successfully.
[GameContext] Reality Plus draws Vasilisa.
[GameContext] === Reality Plus Turn 4 begins. Credits: 6, Clicks: 3 ===
[GameContext] [MCTS] slow search: 475 ms (100 iterations, depth 3)
[GameContext] Reality Plus pays 1 credit(s) to install ice.
[GameContext] Reality Plus installs Vasilisa in R&D.
[GameContext] [MCTS] slow search: 426 ms (100 iterations, depth 3)
[GameContext] Reality Plus draws Chekist Scion.
[GameContext] [MCTS] slow search: 542 ms (100 iterations, depth 3)
[GameContext] Reality Plus gains 1 credit. (6 total)
[GameContext] === Street Artist Turn 5 begins. Credits: 1, Clicks: 4 ===
[GameContext] Street Artist gains 1 credit. (2 total)
[GameContext] Street Artist gains 1 credit. (3 total)
[GameContext] Street Artist gains 1 credit. (4 total)
[GameContext] --- Run on R&D begins ---
[GameContext] [Initiation] Run declared on R&D.
[GameContext] [Approach] Runner approaches unrezzed ice (position 0).
[CorpRunAI] AI: Vasilisa — rez_cost=2  tax/enc=2.0  enc=3.0  LTV=6.0
[CorpRunAI] AI: deferring Vasilisa (pri=7.50) — saving for Doomscroll on hq (pri=10.00)
[GameContext] [Approach] Corp declines to rez. Runner passes unrezzed ice.
[GameContext] [Approach] Runner approaches unrezzed ice (position 1).
[CorpRunAI] AI: Vasilisa — rez_cost=2  tax/enc=2.0  enc=3.0  LTV=6.0
[CorpRunAI] AI: deferring Vasilisa (pri=7.50) — saving for Doomscroll on hq (pri=10.00)
[GameContext] [Approach] Corp declines to rez. Runner passes unrezzed ice.
[GameContext] [Movement] Runner approaches the server root.
[GameContext] [Success] Run successful on R&D!
[GameContext] [Debug/gain_on_success] run_modifiers at success: {  }
[GameContext] [Breach] Runner breaches R&D.
[GameContext] [Access] Runner accesses: Blood in the Water
[GameContext] [Access] Runner steals Blood in the Water! (2 agenda points)
[GameContext] [End] Run ended successfully.
[GameContext] Reality Plus draws Artificial Cryptocrash.
[GameContext] === Reality Plus Turn 5 begins. Credits: 6, Clicks: 3 ===
[GameContext] [MCTS] slow search: 1139 ms (100 iterations, depth 3)
[heartbeat] game 1/10 — turn 5, time 15s
[GameContext] Reality Plus installs Artificial Cryptocrash in Server 0.
[GameContext] [MCTS] slow search: 1155 ms (100 iterations, depth 3)
[GameContext] Reality Plus advances Artificial Cryptocrash (1 counters).
[GameContext] [MCTS] slow search: 1131 ms (100 iterations, depth 3)
[GameContext] Reality Plus advances Artificial Cryptocrash (2 counters).
[GameContext] === Street Artist Turn 6 begins. Credits: 4, Clicks: 4 ===
[GameContext] Street Artist gains 1 credit. (5 total)
[GameContext] --- Run on Server 0 begins ---
[GameContext] [Initiation] Run declared on Server 0.
[GameContext] [Approach] Runner approaches unrezzed ice (position 0).
[GameContext] [Approach] Corp declines to rez. Runner passes unrezzed ice.
[GameContext] [Movement] Runner approaches the server root.
[GameContext] [Success] Run successful on Server 0!
[GameContext] [Debug/gain_on_success] run_modifiers at success: {  }
[GameContext] [Breach] Runner breaches Server 0.
[GameContext] [Access] Runner accesses: Artificial Cryptocrash
[GameContext] [Access] Runner steals Artificial Cryptocrash! (2 agenda points)
[GameContext] [End] Run ended successfully.
[GameContext] --- Run on R&D begins ---
[GameContext] [Initiation] Run declared on R&D.
[GameContext] [Approach] Runner approaches unrezzed ice (position 0).
[CorpRunAI] AI: rezzing Vasilisa would breach credit floor — holding.
[GameContext] [Approach] Corp declines to rez. Runner passes unrezzed ice.
[GameContext] [Approach] Runner approaches unrezzed ice (position 1).
[CorpRunAI] AI: rezzing Vasilisa would breach credit floor — holding.
[GameContext] [Approach] Corp declines to rez. Runner passes unrezzed ice.
[GameContext] [Movement] Runner approaches the server root.
[GameContext] [Success] Run successful on R&D!
[GameContext] [Debug/gain_on_success] run_modifiers at success: {  }
[GameContext] [Breach] Runner breaches R&D.
[GameContext] [Access] Runner accesses: Backroom Machinations
[GameContext] [End] Run ended successfully.
[GameContext] --- Run on HQ begins ---
[GameContext] [Initiation] Run declared on HQ.
[GameContext] [Approach] Runner approaches unrezzed ice (position 0).
[CorpRunAI] AI: rezzing Vasilisa would breach credit floor — holding.
[GameContext] [Approach] Corp declines to rez. Runner passes unrezzed ice.
[GameContext] [Approach] Runner approaches unrezzed ice (position 1).
[CorpRunAI] AI: rezzing Vasilisa would breach credit floor — holding.
[GameContext] [Approach] Corp declines to rez. Runner passes unrezzed ice.
[GameContext] [Movement] Runner approaches the server root.
[GameContext] [Success] Run successful on HQ!
[GameContext] [Debug/gain_on_success] run_modifiers at success: {  }
[GameContext] [Breach] Runner breaches HQ.
[GameContext] [Access] Runner accesses: Chekist Scion
[GameContext] [Access] Runner may trash Chekist Scion for 0 credits (Runner has 5 total).
[GameContext] [Access] Runner trashes Chekist Scion.
[GameContext] [End] Run ended successfully.
[GameContext] Reality Plus draws Backroom Machinations.
[GameContext] === Reality Plus Turn 6 begins. Credits: 4, Clicks: 3 ===
[GameContext] [MCTS] slow search: 398 ms (100 iterations, depth 3)
[GameContext] Reality Plus gains 1 credit. (5 total)
[GameContext] [MCTS] slow search: 432 ms (100 iterations, depth 3)
[GameContext] Reality Plus gains 1 credit. (6 total)
[heartbeat] game 1/10 — turn 6, time 20s
[GameContext] [MCTS] slow search: 469 ms (100 iterations, depth 3)
[GameContext] Reality Plus gains 1 credit. (7 total)
[GameContext] === Street Artist Turn 7 begins. Credits: 5, Clicks: 4 ===
[GameContext] --- Run on R&D begins ---
[GameContext] [Initiation] Run declared on R&D.
[GameContext] [Approach] Runner approaches unrezzed ice (position 0).
[CorpRunAI] AI: Vasilisa — rez_cost=2  tax/enc=2.0  enc=3.0  LTV=6.0
[CorpRunAI] AI: deferring Vasilisa (pri=7.50) — saving for Doomscroll on hq (pri=10.00)
[GameContext] [Approach] Corp declines to rez. Runner passes unrezzed ice.
[GameContext] [Approach] Runner approaches unrezzed ice (position 1).
[CorpRunAI] AI: Vasilisa — rez_cost=2  tax/enc=2.0  enc=3.0  LTV=6.0
[CorpRunAI] AI: deferring Vasilisa (pri=7.50) — saving for Doomscroll on hq (pri=10.00)
[GameContext] [Approach] Corp declines to rez. Runner passes unrezzed ice.
[GameContext] [Movement] Runner approaches the server root.
[GameContext] [Success] Run successful on R&D!
[GameContext] [Debug/gain_on_success] run_modifiers at success: {  }
[GameContext] [Breach] Runner breaches R&D.
[GameContext] [Access] Runner accesses: Hedge Fund
[GameContext] [End] Run ended successfully.
[GameContext] --- Run on HQ begins ---
[GameContext] [Initiation] Run declared on HQ.
[GameContext] [Approach] Runner approaches unrezzed ice (position 0).
[CorpRunAI] AI: Vasilisa — rez_cost=2  tax/enc=2.0  enc=3.0  LTV=6.0
[CorpRunAI] AI: deferring Vasilisa (pri=6.00) — saving for Doomscroll on hq (pri=10.00)
[GameContext] [Approach] Corp declines to rez. Runner passes unrezzed ice.
[GameContext] [Approach] Runner approaches unrezzed ice (position 1).
[CorpRunAI] AI: Vasilisa — rez_cost=2  tax/enc=2.0  enc=3.0  LTV=6.0
[CorpRunAI] AI: deferring Vasilisa (pri=6.00) — saving for Doomscroll on hq (pri=10.00)
[GameContext] [Approach] Corp declines to rez. Runner passes unrezzed ice.
[GameContext] [Movement] Runner approaches the server root.
[GameContext] [Success] Run successful on HQ!
[GameContext] [Debug/gain_on_success] run_modifiers at success: {  }
[GameContext] [Breach] Runner breaches HQ.
[GameContext] [Access] Runner accesses: Drago Ivanov
[GameContext] [Access] Runner may trash Drago Ivanov for 1 credits (Runner has 5 total).
[GameContext] [Access] Runner trashes Drago Ivanov.
[GameContext] [End] Run ended successfully.
[GameContext] Street Artist draws Environmental Testing.
[GameContext] Street Artist gains 1 credit. (5 total)
[GameContext] Reality Plus draws Hedge Fund.
[GameContext] === Reality Plus Turn 7 begins. Credits: 7, Clicks: 3 ===
[GameContext] [MCTS] slow search: 376 ms (100 iterations, depth 3)
[GameContext] Reality Plus draws Hedge Fund.
[GameContext] [MCTS] slow search: 397 ms (100 iterations, depth 3)
[GameContext] Reality Plus gains 9 credits.
[GameContext] Reality Plus plays Hedge Fund.
[GameContext] [MCTS] slow search: 391 ms (100 iterations, depth 3)
[GameContext] Reality Plus gains 1 credit. (12 total)
[GameContext] === Street Artist Turn 8 begins. Credits: 5, Clicks: 4 ===
[GameContext] Street Artist gains 1 credit. (6 total)
[GameContext] Street Artist gains 1 credit. (7 total)
[GameContext] Street Artist gains 1 credit. (8 total)
[GameContext] --- Run on R&D begins ---
[GameContext] [Initiation] Run declared on R&D.
[GameContext] [Approach] Runner approaches unrezzed ice (position 0).
[CorpRunAI] AI: Vasilisa — rez_cost=2  tax/enc=2.0  enc=3.0  LTV=6.0
[GameContext] [Rez] Corp rezzes Vasilisa for 2 credits.
[GameContext] [Encounter] Runner encounters Vasilisa.
[GameContext] [Encounter] Echelon boosted  +2 str (now 3). Cost: 1 cr.
[GameContext] [Encounter] Echelon breaks 'Give the Runner 1 tag.' for 1 cr.
[GameContext] [Encounter] Subroutine 0 broken.
[GameContext] [Approach] Runner approaches unrezzed ice (position 1).
[GameContext] [Approach] Corp declines to rez. Runner passes unrezzed ice.
[GameContext] [Movement] Runner approaches the server root.
[GameContext] [Success] Run successful on R&D!
[GameContext] [Debug/gain_on_success] run_modifiers at success: { "overclock_credits": 0, "concerto_credits": 0, "bad_pub_credits": 0 }
[GameContext] [Breach] Runner breaches R&D.
[GameContext] [Access] Runner accesses: Ivik
[GameContext] [End] Run ended successfully.
[GameContext] Reality Plus draws Ivik.
[GameContext] === Reality Plus Turn 8 begins. Credits: 10, Clicks: 3 ===
[GameContext] [MCTS] slow search: 422 ms (100 iterations, depth 3)
[GameContext] Reality Plus pays 2 credit(s) to install ice.
[GameContext] Reality Plus installs Ivik in HQ.
[GameContext] [MCTS] slow search: 398 ms (100 iterations, depth 3)
[GameContext] Reality Plus draws Chekist Scion.
[heartbeat] game 1/10 — turn 8, time 25s
[GameContext] [MCTS] slow search: 528 ms (100 iterations, depth 3)
[GameContext] Reality Plus gains 9 credits.
[GameContext] Reality Plus plays Hedge Fund.
[GameContext] === Street Artist Turn 9 begins. Credits: 6, Clicks: 4 ===
[GameContext] --- Run on R&D begins ---
[GameContext] [Initiation] Run declared on R&D.
[GameContext] [Approach] Runner approaches Vasilisa (position 0).
[GameContext] [Encounter] Runner encounters Vasilisa.
[GameContext] [Encounter] Echelon boosted  +2 str (now 3). Cost: 1 cr.
[GameContext] [Encounter] Echelon breaks 'Give the Runner 1 tag.' for 1 cr.
[GameContext] [Encounter] Subroutine 0 broken.
[GameContext] [Approach] Runner approaches unrezzed ice (position 1).
[GameContext] [Approach] Corp declines to rez. Runner passes unrezzed ice.
[GameContext] [Movement] Runner approaches the server root.
[GameContext] [Success] Run successful on R&D!
[GameContext] [Debug/gain_on_success] run_modifiers at success: { "overclock_credits": 0, "concerto_credits": 0, "bad_pub_credits": 0 }
[GameContext] [Breach] Runner breaches R&D.
[GameContext] [Access] Runner accesses: Backroom Machinations
[GameContext] [End] Run ended successfully.
[GameContext] Street Artist gains 1 credit. (5 total)
[GameContext] Street Artist gains 1 credit. (6 total)
[GameContext] Street Artist gains 1 credit. (7 total)
[GameContext] Reality Plus draws Backroom Machinations.
[GameContext] === Reality Plus Turn 9 begins. Credits: 12, Clicks: 3 ===
[GameContext] [MCTS] slow search: 386 ms (100 iterations, depth 3)
[GameContext] Reality Plus installs Chekist Scion in Server 0.
[GameContext] [MCTS] slow search: 926 ms (100 iterations, depth 3)
[GameContext] Reality Plus advances Chekist Scion (1 counters).
[GameContext] [MCTS] slow search: 921 ms (100 iterations, depth 3)
[GameContext] Reality Plus advances Chekist Scion (2 counters).
[GameContext] === Street Artist Turn 10 begins. Credits: 7, Clicks: 4 ===
[GameContext] --- Run on R&D begins ---
[GameContext] [Initiation] Run declared on R&D.
[GameContext] [Approach] Runner approaches Vasilisa (position 0).
[GameContext] [Encounter] Runner encounters Vasilisa.
[GameContext] [Encounter] Echelon boosted  +2 str (now 3). Cost: 1 cr.
[GameContext] [Encounter] Echelon breaks 'Give the Runner 1 tag.' for 1 cr.
[GameContext] [Encounter] Subroutine 0 broken.
[GameContext] [Approach] Runner approaches unrezzed ice (position 1).
[GameContext] [Approach] Corp declines to rez. Runner passes unrezzed ice.
[GameContext] [Movement] Runner approaches the server root.
[GameContext] [Success] Run successful on R&D!
[GameContext] [Debug/gain_on_success] run_modifiers at success: { "overclock_credits": 0, "concerto_credits": 0, "bad_pub_credits": 0 }
[GameContext] [Breach] Runner breaches R&D.
[GameContext] [Access] Runner accesses: Trust Operation
[GameContext] [End] Run ended successfully.
[GameContext] Street Artist gains 1 credit. (6 total)
[GameContext] Street Artist gains 1 credit. (7 total)
[GameContext] Street Artist gains 1 credit. (8 total)
[heartbeat] game 1/10 — turn 10, time 30s
[GameContext] Reality Plus draws Trust Operation.
[GameContext] === Reality Plus Turn 10 begins. Credits: 10, Clicks: 3 ===
[GameContext] Reality Plus rezzes Chekist Scion for 0 cr.
[GameContext] [MCTS] slow search: 963 ms (100 iterations, depth 3)
[GameContext] Reality Plus advances Chekist Scion (3 counters).
[GameContext] [MCTS] slow search: 1002 ms (100 iterations, depth 3)
[GameContext] Reality Plus advances Chekist Scion (4 counters).
[GameContext] [MCTS] slow search: 989 ms (100 iterations, depth 3)
[GameContext] Reality Plus advances Chekist Scion (5 counters).
[GameContext] === Street Artist Turn 11 begins. Credits: 8, Clicks: 4 ===
[GameContext] --- Run on R&D begins ---
[GameContext] [Initiation] Run declared on R&D.
[GameContext] [Approach] Runner approaches Vasilisa (position 0).
[GameContext] [Encounter] Runner encounters Vasilisa.
[GameContext] [Encounter] Echelon boosted  +2 str (now 3). Cost: 1 cr.
[GameContext] [Encounter] Echelon breaks 'Give the Runner 1 tag.' for 1 cr.
[GameContext] [Encounter] Subroutine 0 broken.
[GameContext] [Approach] Runner approaches unrezzed ice (position 1).
[GameContext] [Approach] Corp declines to rez. Runner passes unrezzed ice.
[GameContext] [Movement] Runner approaches the server root.
[GameContext] [Success] Run successful on R&D!
[GameContext] [Debug/gain_on_success] run_modifiers at success: { "overclock_credits": 0, "concerto_credits": 0, "bad_pub_credits": 0 }
[GameContext] [Breach] Runner breaches R&D.
[GameContext] [Access] Runner accesses: Backroom Machinations
[GameContext] [End] Run ended successfully.
[GameContext] --- Run on HQ begins ---
[GameContext] [Initiation] Run declared on HQ.
[GameContext] [Approach] Runner approaches unrezzed ice (position 0).
[CorpRunAI] AI: rezzing Ivik would breach credit floor — holding.
[GameContext] [Approach] Corp declines to rez. Runner passes unrezzed ice.
[GameContext] [Approach] Runner approaches unrezzed ice (position 1).
[CorpRunAI] AI: rezzing Ivik would breach credit floor — holding.
[GameContext] [Approach] Corp declines to rez. Runner passes unrezzed ice.
[GameContext] [Approach] Runner approaches unrezzed ice (position 2).
[CorpRunAI] AI: rezzing Ivik would breach credit floor — holding.
[GameContext] [Approach] Corp declines to rez. Runner passes unrezzed ice.
[GameContext] [Movement] Runner approaches the server root.
[GameContext] [Success] Run successful on HQ!
[GameContext] [Debug/gain_on_success] run_modifiers at success: {  }
[GameContext] [Breach] Runner breaches HQ.
[GameContext] [Access] Runner accesses: Trust Operation
[GameContext] [End] Run ended successfully.
[GameContext] Street Artist gains 1 credit. (7 total)
[GameContext] Street Artist gains 1 credit. (8 total)
[GameContext] Reality Plus draws Backroom Machinations.
[GameContext] === Reality Plus Turn 11 begins. Credits: 7, Clicks: 3 ===
[GameContext] [MCTS] slow search: 955 ms (100 iterations, depth 3)
[heartbeat] game 1/10 — turn 11, time 36s
[GameContext] Reality Plus gains 1 credit. (8 total)
[GameContext] [MCTS] slow search: 968 ms (100 iterations, depth 3)
[GameContext] Reality Plus gains 1 credit. (9 total)
[GameContext] [MCTS] slow search: 947 ms (100 iterations, depth 3)
[GameContext] Reality Plus gains 1 credit. (10 total)
[GameContext] Reality Plus discards Trust Operation to hand limit.
[GameContext] === Street Artist Turn 12 begins. Credits: 8, Clicks: 4 ===
[GameContext] --- Run on R&D begins ---
[GameContext] [Initiation] Run declared on R&D.
[GameContext] [Approach] Runner approaches Vasilisa (position 0).
[GameContext] [Encounter] Runner encounters Vasilisa.
[GameContext] [Encounter] Echelon boosted  +2 str (now 3). Cost: 1 cr.
[GameContext] [Encounter] Echelon breaks 'Give the Runner 1 tag.' for 1 cr.
[GameContext] [Encounter] Subroutine 0 broken.
[GameContext] [Approach] Runner approaches unrezzed ice (position 1).
[GameContext] [Approach] Corp declines to rez. Runner passes unrezzed ice.
[GameContext] [Movement] Runner approaches the server root.
[GameContext] [Success] Run successful on R&D!
[GameContext] [Debug/gain_on_success] run_modifiers at success: { "overclock_credits": 0, "concerto_credits": 0, "bad_pub_credits": 0 }
[GameContext] [Breach] Runner breaches R&D.
[GameContext] [Access] Runner accesses: Doomscroll
[GameContext] [End] Run ended successfully.
[GameContext] Street Artist gains 1 credit. (7 total)
[GameContext] Street Artist gains 1 credit. (8 total)
[GameContext] Street Artist gains 1 credit. (9 total)
[GameContext] Reality Plus draws Doomscroll.
[GameContext] === Reality Plus Turn 12 begins. Credits: 10, Clicks: 3 ===
[GameContext] [MCTS] slow search: 750 ms (100 iterations, depth 3)
[GameContext] Reality Plus draws Funhouse.
[GameContext] [MCTS] slow search: 877 ms (100 iterations, depth 3)
[GameContext] Reality Plus draws Spin Doctor.
[heartbeat] game 1/10 — turn 12, time 41s
[GameContext] [MCTS] slow search: 1042 ms (100 iterations, depth 3)
[GameContext] Reality Plus installs Doomscroll in Server 1.
[GameContext] Reality Plus discards Retribution to hand limit.
[GameContext] Reality Plus discards Retribution to hand limit.
[GameContext] === Street Artist Turn 13 begins. Credits: 9, Clicks: 4 ===
[GameContext] --- Run on R&D begins ---
[GameContext] [Initiation] Run declared on R&D.
[GameContext] [Approach] Runner approaches Vasilisa (position 0).
[GameContext] [Encounter] Runner encounters Vasilisa.
[GameContext] [Encounter] Echelon boosted  +2 str (now 3). Cost: 1 cr.
[GameContext] [Encounter] Echelon breaks 'Give the Runner 1 tag.' for 1 cr.
[GameContext] [Encounter] Subroutine 0 broken.
[GameContext] [Approach] Runner approaches unrezzed ice (position 1).
[GameContext] [Approach] Corp declines to rez. Runner passes unrezzed ice.
[GameContext] [Movement] Runner approaches the server root.
[GameContext] [Success] Run successful on R&D!
[GameContext] [Debug/gain_on_success] run_modifiers at success: { "overclock_credits": 0, "concerto_credits": 0, "bad_pub_credits": 0 }
[GameContext] [Breach] Runner breaches R&D.
[GameContext] [Access] Runner accesses: Regolith Mining License
[GameContext] [Access] Runner may trash Regolith Mining License for 3 credits (Runner has 7 total).
[GameContext] [Access] Runner trashes Regolith Mining License.
[GameContext] [End] Run ended successfully.
[GameContext] Street Artist gains 1 credit. (5 total)
[GameContext] Street Artist gains 1 credit. (6 total)
[GameContext] Street Artist gains 1 credit. (7 total)
[GameContext] Reality Plus draws Blood in the Water.
[GameContext] === Reality Plus Turn 13 begins. Credits: 10, Clicks: 3 ===
[GameContext] [MCTS] slow search: 1121 ms (100 iterations, depth 3)
[GameContext] Reality Plus installs Blood in the Water in Server 1.
[GameContext] [MCTS] Scoring line detected — executing: Advance blood_in_the_water
[GameContext] Reality Plus advances Blood in the Water (1 counters).
[GameContext] Reality Plus scores Blood in the Water! (2 agenda points)
[GameContext] [MCTS] slow search: 741 ms (100 iterations, depth 3)
[GameContext] Reality Plus installs Funhouse in Server 2.
[heartbeat] game 1/10 — turn 13, time 46s
[GameContext] === Street Artist Turn 14 begins. Credits: 7, Clicks: 4 ===
[GameContext] --- Run on R&D begins ---
[GameContext] [Initiation] Run declared on R&D.
[GameContext] [Approach] Runner approaches Vasilisa (position 0).
[GameContext] [Encounter] Runner encounters Vasilisa.
[GameContext] [Encounter] Echelon boosted  +2 str (now 3). Cost: 1 cr.
[GameContext] [Encounter] Echelon breaks 'Give the Runner 1 tag.' for 1 cr.
[GameContext] [Encounter] Subroutine 0 broken.
[GameContext] [Approach] Runner approaches unrezzed ice (position 1).
[GameContext] [Approach] Corp declines to rez. Runner passes unrezzed ice.
[GameContext] [Movement] Runner approaches the server root.
[GameContext] [Success] Run successful on R&D!
[GameContext] [Debug/gain_on_success] run_modifiers at success: { "overclock_credits": 0, "concerto_credits": 0, "bad_pub_credits": 0 }
[GameContext] [Breach] Runner breaches R&D.
[GameContext] [Access] Runner accesses: Spin Doctor
[GameContext] [Access] Runner may trash Spin Doctor for 2 credits (Runner has 5 total).
[GameContext] [Access] Runner trashes Spin Doctor.
[GameContext] [End] Run ended successfully.
[GameContext] Street Artist gains 1 credit. (4 total)
[GameContext] Street Artist gains 1 credit. (5 total)
[GameContext] Street Artist gains 1 credit. (6 total)
[GameContext] Reality Plus draws IP Enforcement.
[GameContext] === Reality Plus Turn 14 begins. Credits: 9, Clicks: 3 ===
[GameContext] [MCTS] slow search: 738 ms (100 iterations, depth 3)
[GameContext] Reality Plus installs Spin Doctor in Server 2.
[GameContext] [MCTS] slow search: 751 ms (100 iterations, depth 3)
[GameContext] Reality Plus gains 1 credit. (10 total)
[GameContext] [MCTS] slow search: 748 ms (100 iterations, depth 3)
[GameContext] Reality Plus gains 1 credit. (11 total)
[GameContext] === Street Artist Turn 15 begins. Credits: 6, Clicks: 4 ===
[GameContext] --- Run on R&D begins ---
[GameContext] [Initiation] Run declared on R&D.
[GameContext] [Approach] Runner approaches Vasilisa (position 0).
[GameContext] [Encounter] Runner encounters Vasilisa.
[GameContext] [Encounter] Echelon boosted  +2 str (now 3). Cost: 1 cr.
[GameContext] [Encounter] Echelon breaks 'Give the Runner 1 tag.' for 1 cr.
[GameContext] [Encounter] Subroutine 0 broken.
[GameContext] [Approach] Runner approaches unrezzed ice (position 1).
[GameContext] [Approach] Corp declines to rez. Runner passes unrezzed ice.
[GameContext] [Movement] Runner approaches the server root.
[GameContext] [Success] Run successful on R&D!
[GameContext] [Debug/gain_on_success] run_modifiers at success: { "overclock_credits": 0, "concerto_credits": 0, "bad_pub_credits": 0 }
[GameContext] [Breach] Runner breaches R&D.
[GameContext] [Access] Runner accesses: Spin Doctor
[GameContext] [Access] Runner may trash Spin Doctor for 2 credits (Runner has 4 total).
[GameContext] [Access] Runner trashes Spin Doctor.
[GameContext] [End] Run ended successfully.
[GameContext] Street Artist gains 1 credit. (3 total)
[GameContext] Street Artist gains 1 credit. (4 total)
[GameContext] Street Artist gains 1 credit. (5 total)
[GameContext] Reality Plus draws Drago Ivanov.
[GameContext] === Reality Plus Turn 15 begins. Credits: 11, Clicks: 3 ===
[GameContext] Reality Plus draws 2 card(s).
[GameContext] Reality Plus rezzes Spin Doctor for 0 cr.
[GameContext] [MCTS] slow search: 1424 ms (100 iterations, depth 3)
[heartbeat] game 1/10 — turn 15, time 51s
[GameContext] Reality Plus installs Artificial Cryptocrash in Server 1.
[GameContext] [MCTS] slow search: 1476 ms (100 iterations, depth 3)
[GameContext] Reality Plus advances Artificial Cryptocrash (1 counters).
[GameContext] [MCTS] slow search: 1479 ms (100 iterations, depth 3)
[GameContext] Reality Plus advances Artificial Cryptocrash (2 counters).
[GameContext] Reality Plus discards IP Enforcement to hand limit.
[GameContext] === Street Artist Turn 16 begins. Credits: 5, Clicks: 4 ===
[GameContext] --- Run on Server 1 begins ---
[GameContext] [Initiation] Run declared on Server 1.
[GameContext] [Approach] Runner approaches unrezzed ice (position 0).
[CorpRunAI] AI: Doomscroll — rez_cost=3  tax/enc=5.0  enc=2.5  LTV=12.5
[CorpRunAI] AI: deferring Doomscroll (pri=8.33) — saving for Ivik on rd (pri=11.79)
[GameContext] [Approach] Corp declines to rez. Runner passes unrezzed ice.
[GameContext] [Movement] Runner approaches the server root.
[GameContext] [Success] Run successful on Server 1!
[GameContext] [Debug/gain_on_success] run_modifiers at success: {  }
[GameContext] [Breach] Runner breaches Server 1.
[GameContext] [Access] Runner accesses: Artificial Cryptocrash
[GameContext] [Access] Runner steals Artificial Cryptocrash! (2 agenda points)
[GameContext] Runner wins by stealing agendas!
[GameContext] [End] Run ended successfully.
[GameContext] Game over — Street Artist wins. Street Artist stole enough agendas to win
  [  1/ 10]  RUNNER    Street Artist stole enough agendas to win  16 turns
[GameContext] Reality Plus draws Spin Doctor.
[GameContext] === Reality Plus Turn 1 begins. Credits: 5, Clicks: 3 ===
[GameContext] [MCTS] slow search: 682 ms (100 iterations, depth 3)
[GameContext] Reality Plus installs Ivik in R&D.
[heartbeat] game 2/10 — turn 1, time 56s
[GameContext] [MCTS] slow search: 506 ms (100 iterations, depth 3)
[GameContext] Reality Plus gains 1 credit. (6 total)
[GameContext] [MCTS] slow search: 515 ms (100 iterations, depth 3)
[GameContext] Reality Plus gains 1 credit. (7 total)
[GameContext] === Street Artist Turn 2 begins. Credits: 5, Clicks: 4 ===
[GameContext] Run modifier set: overclock_credits = 5
[GameContext] --- Run on HQ begins ---
[GameContext] [Initiation] Run declared on HQ.
[GameContext] [Initiation] No ice protecting server — proceeding to root.
[GameContext] [Movement] Runner approaches the server root.
[GameContext] [Success] Run successful on HQ!
[GameContext] [Debug/gain_on_success] run_modifiers at success: { "overclock_credits": 5, "run_event_active": 1 }
[GameContext] [Breach] Runner breaches HQ.
[GameContext] [Access] Runner accesses: Chekist Scion
[GameContext] [Access] Runner may trash Chekist Scion for 0 credits (Runner has 9 total).
[GameContext] [Access] Runner trashes Chekist Scion.
[GameContext] [End] Run ended successfully.
[GameContext] Overclock: 5 unspent credit(s) returned to the bank.
[GameContext] Street Artist plays Overclock.
[GameContext] --- Run on R&D begins ---
[GameContext] [Initiation] Run declared on R&D.
[GameContext] [Approach] Runner approaches unrezzed ice (position 0).
[CorpRunAI] AI: rezzing Ivik would breach credit floor — holding.
[GameContext] [Approach] Corp declines to rez. Runner passes unrezzed ice.
[GameContext] [Movement] Runner approaches the server root.
[GameContext] [Success] Run successful on R&D!
[GameContext] [Debug/gain_on_success] run_modifiers at success: {  }
[GameContext] [Breach] Runner breaches R&D.
[GameContext] [Access] Runner accesses: Blood in the Water
[GameContext] [Access] Runner steals Blood in the Water! (2 agenda points)
[GameContext] [End] Run ended successfully.
[GameContext] --- Run on HQ begins ---
[GameContext] [Initiation] Run declared on HQ.
[GameContext] [Initiation] No ice protecting server — proceeding to root.
[GameContext] [Movement] Runner approaches the server root.
[GameContext] [Success] Run successful on HQ!
[GameContext] [Debug/gain_on_success] run_modifiers at success: {  }
[GameContext] [Breach] Runner breaches HQ.
[GameContext] [Access] Runner accesses: Spin Doctor
[GameContext] [Access] Runner may trash Spin Doctor for 2 credits (Runner has 4 total).
[GameContext] [Access] Runner trashes Spin Doctor.
[GameContext] [End] Run ended successfully.
[GameContext] Street Artist draws Simulchip.
[GameContext] Reality Plus draws Vasilisa.
[GameContext] === Reality Plus Turn 2 begins. Credits: 7, Clicks: 3 ===
[GameContext] [MCTS] slow search: 617 ms (100 iterations, depth 3)
[GameContext] Reality Plus installs Vasilisa in HQ.
[GameContext] [MCTS] slow search: 597 ms (100 iterations, depth 3)
[GameContext] Reality Plus gains 1 credit. (8 total)
[GameContext] [MCTS] slow search: 620 ms (100 iterations, depth 3)
[GameContext] Reality Plus gains 1 credit. (9 total)
[heartbeat] game 2/10 — turn 2, time 61s
[GameContext] === Street Artist Turn 3 begins. Credits: 2, Clicks: 4 ===
[GameContext] Street Artist gains 1 credit. (3 total)
[GameContext] --- Run on R&D begins ---
[GameContext] [Initiation] Run declared on R&D.
[GameContext] [Approach] Runner approaches unrezzed ice (position 0).
[CorpRunAI] AI: Ivik — rez_cost=7  tax/enc=11.0  enc=3.0  LTV=33.0
[CorpRunAI] AI: deferring Ivik (pri=11.79) — saving for Vasilisa on hq (pri=18.00)
[GameContext] [Approach] Corp declines to rez. Runner passes unrezzed ice.
[GameContext] [Movement] Runner approaches the server root.
[GameContext] [Success] Run successful on R&D!
[GameContext] [Debug/gain_on_success] run_modifiers at success: {  }
[GameContext] [Breach] Runner breaches R&D.
[GameContext] [Access] Runner accesses: Drago Ivanov
[GameContext] [Access] Runner may trash Drago Ivanov for 1 credits (Runner has 3 total).
[GameContext] [Access] Runner trashes Drago Ivanov.
[GameContext] [End] Run ended successfully.
[GameContext] Street Artist gains 1 credit. (3 total)
[GameContext] --- Run on HQ begins ---
[GameContext] [Initiation] Run declared on HQ.
[GameContext] [Approach] Runner approaches unrezzed ice (position 0).
[CorpRunAI] AI: Vasilisa — rez_cost=2  tax/enc=6.0  enc=3.0  LTV=18.0
[GameContext] [Rez] Corp rezzes Vasilisa for 2 credits.
[GameContext] [Encounter] Runner encounters Vasilisa.
[GameContext] Street Artist takes 1 tag(s). (1 total)
[GameContext] NBN: Reality Plus — Reality Plus may gain 2 cr or draw 2 cards.
[GameContext] [Wildcat Strike] Corp denies credits — Runner draws instead.
[GameContext] Reality Plus: Reality Plus chooses 'Gain 2 credits'.
[GameContext] Reality Plus gains 2 credits.
[GameContext] [Movement] Runner approaches the server root.
[GameContext] [Success] Run successful on HQ!
[GameContext] [Debug/gain_on_success] run_modifiers at success: {  }
[GameContext] [Breach] Runner breaches HQ.
[GameContext] [Access] Runner accesses: Artificial Cryptocrash
[GameContext] [Access] Runner steals Artificial Cryptocrash! (2 agenda points)
[GameContext] [End] Run ended successfully.
[GameContext] Reality Plus draws Backroom Machinations.
[GameContext] === Reality Plus Turn 3 begins. Credits: 9, Clicks: 3 ===
[GameContext] [MCTS] slow search: 549 ms (100 iterations, depth 3)
[GameContext] Reality Plus gains 1 credit. (10 total)
[GameContext] [MCTS] slow search: 536 ms (100 iterations, depth 3)
[GameContext] Reality Plus draws Ivik.
[GameContext] [MCTS] slow search: 717 ms (100 iterations, depth 3)
[GameContext] Reality Plus installs Ivik in Server 0.
[GameContext] === Street Artist Turn 4 begins. Credits: 3, Clicks: 4 ===
[GameContext] --- Run on R&D begins ---
[GameContext] [Initiation] Run declared on R&D.
[GameContext] [Approach] Runner approaches unrezzed ice (position 0).
[CorpRunAI] AI: Ivik — rez_cost=7  tax/enc=11.0  enc=3.0  LTV=33.0
[GameContext] [Rez] Corp rezzes Ivik for 7 credits.
[GameContext] [Encounter] Runner encounters Ivik.
[GameContext] Runner takes 2 net damage.
[GameContext]   Trashed from grip: simulchip
[GameContext]   Trashed from grip: echelon
[GameContext] 2 card(s) trashed from Street Artist's grip.
[GameContext] Run ended.
[GameContext] [Encounter] Run ended by subroutine.
[GameContext] [End] Run ended unsuccessfully.
Player install: card is: Echelon and charged cost is: 3
[GameContext] Street Artist installs Echelon. [MU: 1/4 used]
[GameContext] Street Artist draws Unity.
[GameContext] Street Artist draws LilyPAD.
[GameContext] Reality Plus draws Hedge Fund.
[GameContext] === Reality Plus Turn 4 begins. Credits: 3, Clicks: 3 ===
[GameContext] [MCTS] slow search: 579 ms (100 iterations, depth 3)
[GameContext] Reality Plus gains 1 credit. (4 total)
[GameContext] [MCTS] slow search: 588 ms (100 iterations, depth 3)
[GameContext] Reality Plus gains 1 credit. (5 total)
[heartbeat] game 2/10 — turn 4, time 66s
[GameContext] [MCTS] slow search: 633 ms (100 iterations, depth 3)
[GameContext] Reality Plus gains 9 credits.
[GameContext] Reality Plus plays Hedge Fund.
[GameContext] === Street Artist Turn 5 begins. Credits: 0, Clicks: 4 ===
[GameContext] Street Artist gains 1 credit. (1 total)
[GameContext] Street Artist gains 1 credit. (2 total)
[GameContext] --- Run on HQ begins ---
[GameContext] [Initiation] Run declared on HQ.
[GameContext] [Approach] Runner approaches Vasilisa (position 0).
[GameContext] [Encounter] Runner encounters Vasilisa.
[GameContext] [Encounter] Echelon boosted  +2 str (now 3). Cost: 1 cr.
[GameContext] [Encounter] Echelon breaks 'Give the Runner 1 tag.' for 1 cr.
[GameContext] [Encounter] Subroutine 0 broken.
[GameContext] [Movement] Runner approaches the server root.
[GameContext] [Success] Run successful on HQ!
[GameContext] [Debug/gain_on_success] run_modifiers at success: { "overclock_credits": 0, "concerto_credits": 0, "bad_pub_credits": 0 }
[GameContext] [Breach] Runner breaches HQ.
[GameContext] [Access] Runner accesses: Backroom Machinations
[GameContext] [End] Run ended successfully.
[GameContext] Street Artist draws Propeller.
[GameContext] Reality Plus draws Backroom Machinations.
[GameContext] === Reality Plus Turn 5 begins. Credits: 9, Clicks: 3 ===
[GameContext] [MCTS] slow search: 667 ms (100 iterations, depth 3)
[GameContext] Reality Plus gains 1 credit. (10 total)
[GameContext] [MCTS] slow search: 675 ms (100 iterations, depth 3)
[GameContext] Reality Plus gains 1 credit. (11 total)
[GameContext] [MCTS] slow search: 692 ms (100 iterations, depth 3)
[GameContext] Reality Plus gains 1 credit. (12 total)
[GameContext] === Street Artist Turn 6 begins. Credits: 0, Clicks: 4 ===
[GameContext] Street Artist gains 1 credit. (1 total)
[GameContext] Street Artist gains 1 credit. (2 total)
[GameContext] --- Run on HQ begins ---
[GameContext] [Initiation] Run declared on HQ.
[GameContext] [Approach] Runner approaches Vasilisa (position 0).
[GameContext] [Encounter] Runner encounters Vasilisa.
[GameContext] [Encounter] Echelon boosted  +2 str (now 3). Cost: 1 cr.
[GameContext] [Encounter] Echelon breaks 'Give the Runner 1 tag.' for 1 cr.
[GameContext] [Encounter] Subroutine 0 broken.
[GameContext] [Movement] Runner approaches the server root.
[GameContext] [Success] Run successful on HQ!
[GameContext] [Debug/gain_on_success] run_modifiers at success: { "overclock_credits": 0, "concerto_credits": 0, "bad_pub_credits": 0 }
[GameContext] [Breach] Runner breaches HQ.
[GameContext] [Access] Runner accesses: Spin Doctor
[GameContext] [Access] Runner may trash Spin Doctor for 2 credits (Runner has 0 total).
[GameContext] [Access] Runner cannot afford to trash.
[GameContext] [End] Run ended successfully.
[GameContext] Street Artist gains 1 credit. (1 total)
[GameContext] Reality Plus draws Funhouse.
[GameContext] === Reality Plus Turn 6 begins. Credits: 12, Clicks: 3 ===
[GameContext] [MCTS] slow search: 624 ms (100 iterations, depth 3)
[heartbeat] game 2/10 — turn 6, time 72s
[GameContext] Reality Plus pays 1 credit(s) to install ice.
[GameContext] Reality Plus installs Funhouse in HQ.
[GameContext] [MCTS] slow search: 694 ms (100 iterations, depth 3)
[GameContext] Reality Plus gains 1 credit. (12 total)
[GameContext] [MCTS] slow search: 689 ms (100 iterations, depth 3)
[GameContext] Reality Plus gains 1 credit. (13 total)
[GameContext] === Street Artist Turn 7 begins. Credits: 1, Clicks: 4 ===
Player install: card is: Propeller and charged cost is: 1
[GameContext] Placed 4 power counter(s) on Propeller.
[GameContext] Street Artist installs Propeller. [MU: 2/4 used]
[GameContext] Street Artist gains 1 credit. (1 total)
[GameContext] Street Artist gains 1 credit. (2 total)
[GameContext] Street Artist removes 1 tag (0 remaining). [paid 2cr]
[GameContext] Reality Plus draws Regolith Mining License.
[GameContext] === Reality Plus Turn 7 begins. Credits: 13, Clicks: 3 ===
[GameContext] Reality Plus gains 1 credit. (14 total)
[GameContext] Reality Plus installs Spin Doctor in Server 1.
[GameContext] Reality Plus gains 1 credit. (15 total)
[GameContext] === Street Artist Turn 8 begins. Credits: 0, Clicks: 4 ===
[GameContext] Street Artist gains 1 credit. (1 total)
[GameContext] Street Artist gains 1 credit. (2 total)
[GameContext] Street Artist gains 1 credit. (3 total)
Player install: card is: Unity and charged cost is: 3
[GameContext] Street Artist installs Unity. [MU: 3/4 used]
[GameContext] Reality Plus draws Artificial Cryptocrash.
[GameContext] === Reality Plus Turn 8 begins. Credits: 15, Clicks: 3 ===
[GameContext] Reality Plus draws 2 card(s).
[GameContext] Reality Plus rezzes Spin Doctor for 0 cr.
[GameContext] Reality Plus installs Artificial Cryptocrash in Server 0.
[GameContext] Reality Plus advances Artificial Cryptocrash (1 counters).
[heartbeat] game 2/10 — turn 8, time 77s
[GameContext] Reality Plus advances Artificial Cryptocrash (2 counters).
[GameContext] Reality Plus discards Retribution to hand limit.
[GameContext] === Street Artist Turn 9 begins. Credits: 0, Clicks: 4 ===
[GameContext] Street Artist draws Simulchip.
[GameContext] Street Artist draws Daily Casts.
[GameContext] Street Artist gains 1 credit. (1 total)
[GameContext] Street Artist gains 1 credit. (2 total)
[GameContext] Reality Plus draws Doomscroll.
[GameContext] === Reality Plus Turn 9 begins. Credits: 13, Clicks: 3 ===
[GameContext] [MCTS] Scoring line detected — executing: Advance artificial_cryptocrash
[GameContext] Reality Plus advances Artificial Cryptocrash (3 counters).
[GameContext] [MCTS] Scoring line detected — executing: Advance artificial_cryptocrash
[GameContext] Reality Plus advances Artificial Cryptocrash (4 counters).
[GameContext] Reality Plus scores Artificial Cryptocrash! (2 agenda points)
[GameContext] Street Artist loses 2 credits.
[GameContext] Reality Plus pays 1 credit(s) to install ice.
[GameContext] Reality Plus installs Doomscroll in R&D.
[GameContext] === Street Artist Turn 10 begins. Credits: 0, Clicks: 4 ===
[GameContext] Street Artist gains 1 credit. (1 total)
[GameContext] Street Artist gains 1 credit. (2 total)
[GameContext] Street Artist gains 1 credit. (3 total)
[GameContext] Street Artist gains 1 credit. (4 total)
[GameContext] Reality Plus draws IP Enforcement.
[GameContext] === Reality Plus Turn 10 begins. Credits: 10, Clicks: 3 ===
[GameContext] Reality Plus draws Trust Operation.
[GameContext] Reality Plus draws Funhouse.
[GameContext] Reality Plus pays 2 credit(s) to install ice.
[GameContext] Reality Plus installs Funhouse in R&D.
[GameContext] Reality Plus discards IP Enforcement to hand limit.
[GameContext] Reality Plus discards Trust Operation to hand limit.
[GameContext] === Street Artist Turn 11 begins. Credits: 4, Clicks: 4 ===
[GameContext] Street Artist gains 1 credit. (5 total)
[GameContext] --- Run on HQ begins ---
[GameContext] [Initiation] Run declared on HQ.
[GameContext] [Approach] Runner approaches unrezzed ice (position 0).
[CorpRunAI] AI: Funhouse — rez_cost=5  tax/enc=4.0  enc=3.0  LTV=12.0
[CorpRunAI] AI: deferring Funhouse (pri=4.80) — saving for Doomscroll on rd (pri=12.50)
[GameContext] [Approach] Corp declines to rez. Runner passes unrezzed ice.
[GameContext] [Approach] Runner approaches Vasilisa (position 1).
[CorpRunAI] AI: Funhouse — rez_cost=5  tax/enc=4.0  enc=3.0  LTV=12.0
[CorpRunAI] AI: deferring Funhouse (pri=4.80) — saving for Doomscroll on rd (pri=12.50)
[GameContext] [Encounter] Runner encounters Vasilisa.
[GameContext] [Encounter] Echelon breaks 'Give the Runner 1 tag.' for 1 cr.
[GameContext] [Encounter] Subroutine 0 broken.
[GameContext] [Movement] Runner approaches the server root.
[GameContext] [Success] Run successful on HQ!
[GameContext] [Debug/gain_on_success] run_modifiers at success: { "overclock_credits": 0, "concerto_credits": 0, "bad_pub_credits": 0 }
[GameContext] [Breach] Runner breaches HQ.
[GameContext] [Access] Runner accesses: Backroom Machinations
[GameContext] [End] Run ended successfully.
[GameContext] Street Artist gains 1 credit. (5 total)
[GameContext] Street Artist gains 1 credit. (6 total)
[GameContext] Reality Plus draws Hedge Fund.
[GameContext] === Reality Plus Turn 11 begins. Credits: 8, Clicks: 3 ===
[GameContext] Reality Plus installs Regolith Mining License in Server 2.
[heartbeat] game 2/10 — turn 11, time 82s
[GameContext] Spin Doctor: shuffled 2 card(s) from Archives into R&D.
[GameContext] Spin Doctor is trashed.
[GameContext] Reality Plus gains 9 credits.
[GameContext] Reality Plus plays Hedge Fund.
[GameContext] === Street Artist Turn 12 begins. Credits: 6, Clicks: 4 ===
[GameContext] --- Run on HQ begins ---
[GameContext] [Initiation] Run declared on HQ.
[GameContext] [Approach] Runner approaches unrezzed ice (position 0).
[CorpRunAI] AI: Funhouse — rez_cost=5  tax/enc=4.0  enc=3.0  LTV=12.0
[GameContext] [Rez] Corp rezzes Funhouse for 5 credits.
[GameContext] [Encounter] Runner encounters Funhouse.
[GameContext] Street Artist takes 1 tag(s) to continue the run (Funhouse). (1 total)
[GameContext] NBN: Reality Plus — Reality Plus may gain 2 cr or draw 2 cards.
[GameContext] [Wildcat Strike] Corp denies draws — Runner gains credits instead.
[GameContext] Reality Plus: Reality Plus chooses 'Draw 2 cards'.
[GameContext] Reality Plus draws 2 card(s).
[GameContext] [Encounter] Unity boosted +3 str (3 icebreakers). Cost: 1 cr.
[GameContext] [Encounter] Unity breaks 'Give the Runner 1 tag unless they pay 4[credit].' for 1 cr.
[GameContext] [Encounter] Subroutine 0 broken.
[GameContext] [Approach] Runner approaches Vasilisa (position 1).
[GameContext] [Encounter] Runner encounters Vasilisa.
[GameContext] Street Artist takes 1 tag(s) to continue the run (Funhouse). (2 total)
[GameContext] [Encounter] Echelon breaks 'Give the Runner 1 tag.' for 1 cr.
[GameContext] [Encounter] Subroutine 0 broken.
[GameContext] [Movement] Runner approaches the server root.
[GameContext] [Success] Run successful on HQ!
[GameContext] [Debug/gain_on_success] run_modifiers at success: { "overclock_credits": 0, "concerto_credits": 0, "bad_pub_credits": 0 }
[GameContext] [Breach] Runner breaches HQ.
[GameContext] [Access] Runner accesses: Backroom Machinations
[GameContext] [End] Run ended successfully.
[GameContext] Street Artist removes 1 tag (1 remaining). [paid 2cr]
[GameContext] Street Artist gains 1 credit. (2 total)
[GameContext] Street Artist removes 1 tag (0 remaining). [paid 2cr]
[GameContext] Reality Plus draws Spin Doctor.
[GameContext] === Reality Plus Turn 12 begins. Credits: 7, Clicks: 3 ===
[GameContext] Placed 15 credits counter(s) on Regolith Mining License.
[GameContext] Reality Plus rezzes Regolith Mining License for 2 cr.
[GameContext] Reality Plus gains 1 credit. (6 total)
[GameContext] Reality Plus installs Blood in the Water in Server 0.
[GameContext] [MCTS] Scoring line detected — executing: Advance blood_in_the_water
[GameContext] Reality Plus advances Blood in the Water (1 counters).
[GameContext] Reality Plus scores Blood in the Water! (2 agenda points)
[GameContext] Reality Plus discards Backroom Machinations to hand limit.
[GameContext] === Street Artist Turn 13 begins. Credits: 0, Clicks: 4 ===
[GameContext] Street Artist gains 1 credit. (1 total)
[GameContext] Street Artist gains 1 credit. (2 total)
[GameContext] Street Artist gains 1 credit. (3 total)
[GameContext] Street Artist gains 1 credit. (4 total)
[GameContext] Reality Plus draws Spin Doctor.
[GameContext] === Reality Plus Turn 13 begins. Credits: 5, Clicks: 3 ===
[GameContext] Reality Plus draws Chekist Scion.
[GameContext] Reality Plus draws Drago Ivanov.
[GameContext] Reality Plus takes 3 cr from Regolith Mining License (12 remaining).
[GameContext] Reality Plus discards Backroom Machinations to hand limit.
[GameContext] Reality Plus discards Backroom Machinations to hand limit.
[GameContext] Reality Plus discards Chekist Scion to hand limit.
[GameContext] === Street Artist Turn 14 begins. Credits: 4, Clicks: 4 ===
[GameContext] Street Artist gains 1 credit. (5 total)
[GameContext] --- Run on HQ begins ---
[GameContext] [Initiation] Run declared on HQ.
[GameContext] [Approach] Runner approaches Funhouse (position 0).
[GameContext] [Encounter] Runner encounters Funhouse.
[GameContext] Street Artist takes 1 tag(s) to continue the run (Funhouse). (1 total)
[GameContext] NBN: Reality Plus — Reality Plus may gain 2 cr or draw 2 cards.
[GameContext] [Wildcat Strike] Corp denies draws — Runner gains credits instead.
[GameContext] Reality Plus: Reality Plus chooses 'Draw 2 cards'.
[GameContext] Reality Plus draws 2 card(s).
[GameContext] [Encounter] Unity boosted +3 str (3 icebreakers). Cost: 1 cr.
[GameContext] [Encounter] Unity breaks 'Give the Runner 1 tag unless they pay 4[credit].' for 1 cr.
[GameContext] [Encounter] Subroutine 0 broken.
[GameContext] [Approach] Runner approaches Vasilisa (position 1).
[GameContext] [Encounter] Runner encounters Vasilisa.
[GameContext] Street Artist takes 1 tag(s) to continue the run (Funhouse). (2 total)
[GameContext] [Encounter] Echelon breaks 'Give the Runner 1 tag.' for 1 cr.
[GameContext] [Encounter] Subroutine 0 broken.
[GameContext] [Movement] Runner approaches the server root.
[GameContext] [Success] Run successful on HQ!
[GameContext] [Debug/gain_on_success] run_modifiers at success: { "overclock_credits": 0, "concerto_credits": 0, "bad_pub_credits": 0 }
[GameContext] [Breach] Runner breaches HQ.
[GameContext] [Access] Runner accesses: Spin Doctor
[GameContext] [Access] Runner may trash Spin Doctor for 2 credits (Runner has 2 total).
[GameContext] [Access] Runner trashes Spin Doctor.
[GameContext] [End] Run ended successfully.
[GameContext] Street Artist gains 1 credit. (1 total)
[GameContext] Street Artist gains 1 credit. (2 total)
[GameContext] Reality Plus draws Doomscroll.
[GameContext] === Reality Plus Turn 14 begins. Credits: 8, Clicks: 3 ===
[GameContext] [MCTS] slow search: 481 ms (100 iterations, depth 3)
[heartbeat] game 2/10 — turn 14, time 87s
[GameContext] Reality Plus draws Hedge Fund.
[GameContext] [MCTS] slow search: 628 ms (100 iterations, depth 3)
[GameContext] Reality Plus draws Blood in the Water.
[GameContext] Reality Plus installs Blood in the Water in Server 0.
[GameContext] Reality Plus discards IP Enforcement to hand limit.
[GameContext] Reality Plus discards Hedge Fund to hand limit.
[GameContext] Reality Plus discards Spin Doctor to hand limit.
[GameContext] === Street Artist Turn 15 begins. Credits: 2, Clicks: 4 ===
[GameContext] Street Artist gains 1 credit. (3 total)
[GameContext] --- Run on Server 0 begins ---
[GameContext] [Initiation] Run declared on Server 0.
[GameContext] [Approach] Runner approaches unrezzed ice (position 0).
[CorpRunAI] AI: Ivik — rez_cost=7  tax/enc=5.0  enc=2.5  LTV=12.5
[CorpRunAI] AI: deferring Ivik (pri=3.57) — saving for Funhouse on rd (pri=6.00)
[GameContext] [Approach] Corp declines to rez. Runner passes unrezzed ice.
[GameContext] [Movement] Runner approaches the server root.
[GameContext] [Success] Run successful on Server 0!
[GameContext] [Debug/gain_on_success] run_modifiers at success: {  }
[GameContext] [Breach] Runner breaches Server 0.
[GameContext] [Access] Runner accesses: Blood in the Water
[GameContext] [Access] Runner steals Blood in the Water! (2 agenda points)
[GameContext] [End] Run ended successfully.
[GameContext] Street Artist removes 1 tag (1 remaining). [paid 2cr]
[GameContext] Street Artist gains 1 credit. (2 total)
[GameContext] Reality Plus draws Chekist Scion.
[GameContext] === Reality Plus Turn 15 begins. Credits: 8, Clicks: 3 ===
[GameContext] Reality Plus installs Doomscroll in Server 1.
[GameContext] Reality Plus takes 3 cr from Regolith Mining License (9 remaining).
[GameContext] Reality Plus pays 2 credit(s) to install ice.
[GameContext] Reality Plus installs Vasilisa in HQ.
[GameContext] === Street Artist Turn 16 begins. Credits: 2, Clicks: 4 ===
[GameContext] Street Artist removes 1 tag (0 remaining). [paid 2cr]
[GameContext] Street Artist gains 1 credit. (1 total)
[GameContext] Street Artist gains 1 credit. (2 total)
[GameContext] Street Artist gains 1 credit. (3 total)
[GameContext] Reality Plus draws Retribution.
[GameContext] === Reality Plus Turn 16 begins. Credits: 9, Clicks: 3 ===
[GameContext] Reality Plus takes 3 cr from Regolith Mining License (6 remaining).
[GameContext] Reality Plus installs Chekist Scion in Server 3.
[GameContext] Reality Plus takes 3 cr from Regolith Mining License (3 remaining).
[heartbeat] game 2/10 — turn 16, time 92s
[GameContext] === Street Artist Turn 17 begins. Credits: 3, Clicks: 4 ===
[GameContext] Street Artist gains 1 credit. (4 total)
[GameContext] Street Artist gains 1 credit. (5 total)
[GameContext] Street Artist gains 1 credit. (6 total)
[GameContext] Street Artist gains 1 credit. (7 total)
[GameContext] Reality Plus draws Artificial Cryptocrash.
[GameContext] === Reality Plus Turn 17 begins. Credits: 15, Clicks: 3 ===
[GameContext] Reality Plus rezzes Chekist Scion for 0 cr.
[GameContext] Reality Plus installs Artificial Cryptocrash in Server 0.
[GameContext] [MCTS] slow search: 968 ms (100 iterations, depth 3)
[GameContext] Reality Plus draws Trust Operation.
[GameContext] [MCTS] slow search: 1605 ms (100 iterations, depth 3)
[GameContext] Reality Plus advances Artificial Cryptocrash (1 counters).
[GameContext] === Street Artist Turn 18 begins. Credits: 7, Clicks: 4 ===
[GameContext] --- Run on Server 0 begins ---
[GameContext] [Initiation] Run declared on Server 0.
[GameContext] [Approach] Runner approaches unrezzed ice (position 0).
[CorpRunAI] AI: Ivik — rez_cost=7  tax/enc=5.0  enc=2.5  LTV=12.5
[CorpRunAI] AI: deferring Ivik (pri=3.57) — saving for Funhouse on rd (pri=6.00)
[GameContext] [Approach] Corp declines to rez. Runner passes unrezzed ice.
[GameContext] [Movement] Runner approaches the server root.
[GameContext] [Success] Run successful on Server 0!
[GameContext] [Debug/gain_on_success] run_modifiers at success: {  }
[GameContext] [Breach] Runner breaches Server 0.
[GameContext] [Access] Runner accesses: Artificial Cryptocrash
[GameContext] [Access] Runner steals Artificial Cryptocrash! (2 agenda points)
[GameContext] Runner wins by stealing agendas!
[GameContext] [End] Run ended successfully.
[GameContext] Game over — Street Artist wins. Street Artist stole enough agendas to win
  [  2/ 10]  RUNNER    Street Artist stole enough agendas to win  18 turns
[GameContext] Reality Plus draws Hedge Fund.
[GameContext] === Reality Plus Turn 1 begins. Credits: 5, Clicks: 3 ===
[GameContext] [MCTS] slow search: 383 ms (100 iterations, depth 3)
[GameContext] Reality Plus gains 1 credit. (6 total)
[heartbeat] game 3/10 — turn 1, time 97s
[GameContext] [MCTS] slow search: 437 ms (100 iterations, depth 3)
[GameContext] Reality Plus installs Blood in the Water in Server 0.
[GameContext] [MCTS] Scoring line detected — executing: Advance blood_in_the_water
[GameContext] Reality Plus advances Blood in the Water (1 counters).
[GameContext] Reality Plus scores Blood in the Water! (2 agenda points)
[GameContext] === Street Artist Turn 2 begins. Credits: 5, Clicks: 4 ===
[GameContext] --- Run on HQ begins ---
[GameContext] [Initiation] Run declared on HQ.
[GameContext] [Initiation] No ice protecting server — proceeding to root.
[GameContext] [Movement] Runner approaches the server root.
[GameContext] [Success] Run successful on HQ!
[GameContext] [Debug/gain_on_success] run_modifiers at success: {  }
[GameContext] [Breach] Runner breaches HQ.
[GameContext] [Access] Runner accesses: IP Enforcement
[GameContext] [End] Run ended successfully.
[GameContext] --- Run on R&D begins ---
[GameContext] [Initiation] Run declared on R&D.
[GameContext] [Initiation] No ice protecting server — proceeding to root.
[GameContext] [Movement] Runner approaches the server root.
[GameContext] [Success] Run successful on R&D!
[GameContext] [Debug/gain_on_success] run_modifiers at success: {  }
[GameContext] [Breach] Runner breaches R&D.
[GameContext] [Access] Runner accesses: Hedge Fund
[GameContext] [End] Run ended successfully.
Player install: card is: Propeller and charged cost is: 1
[GameContext] Placed 4 power counter(s) on Propeller.
[GameContext] Street Artist installs Propeller. [MU: 1/4 used]
[GameContext] Street Artist draws Deep Dive.
[GameContext] Reality Plus draws Hedge Fund.
[GameContext] === Reality Plus Turn 2 begins. Credits: 5, Clicks: 3 ===
[GameContext] [MCTS] slow search: 286 ms (100 iterations, depth 3)
[GameContext] Reality Plus gains 9 credits.
[GameContext] Reality Plus plays Hedge Fund.
[GameContext] [MCTS] slow search: 287 ms (100 iterations, depth 3)
[GameContext] Reality Plus gains 9 credits.
[GameContext] Reality Plus plays Hedge Fund.
[GameContext] [MCTS] slow search: 239 ms (100 iterations, depth 3)
[GameContext] Reality Plus draws Chekist Scion.
[GameContext] === Street Artist Turn 3 begins. Credits: 4, Clicks: 4 ===
[GameContext] --- Run on HQ begins ---
[GameContext] [Initiation] Run declared on HQ.
[GameContext] [Initiation] No ice protecting server — proceeding to root.
[GameContext] [Movement] Runner approaches the server root.
[GameContext] [Success] Run successful on HQ!
[GameContext] [Debug/gain_on_success] run_modifiers at success: {  }
[GameContext] [Breach] Runner breaches HQ.
[GameContext] [Access] Runner accesses: Chekist Scion
[GameContext] [Access] Runner may trash Chekist Scion for 0 credits (Runner has 4 total).
[GameContext] [Access] Runner trashes Chekist Scion.
[GameContext] [End] Run ended successfully.
[GameContext] --- Run on R&D begins ---
[GameContext] [Initiation] Run declared on R&D.
[GameContext] [Initiation] No ice protecting server — proceeding to root.
[GameContext] [Movement] Runner approaches the server root.
[GameContext] [Success] Run successful on R&D!
[GameContext] [Debug/gain_on_success] run_modifiers at success: {  }
[GameContext] [Breach] Runner breaches R&D.
[GameContext] [Access] Runner accesses: Artificial Cryptocrash
[GameContext] [Access] Runner steals Artificial Cryptocrash! (2 agenda points)
[GameContext] [End] Run ended successfully.
[GameContext] Street Artist gains 1 credit. (5 total)
[GameContext] Street Artist gains 1 credit. (6 total)
[GameContext] Reality Plus draws Vasilisa.
[GameContext] === Reality Plus Turn 3 begins. Credits: 13, Clicks: 3 ===
[GameContext] [MCTS] slow search: 277 ms (100 iterations, depth 3)
[GameContext] Reality Plus installs Vasilisa in R&D.
[GameContext] Reality Plus gains 1 credit. (14 total)
[heartbeat] game 3/10 — turn 3, time 102s
[GameContext] Reality Plus gains 1 credit. (15 total)
[GameContext] === Street Artist Turn 4 begins. Credits: 6, Clicks: 4 ===
[GameContext] --- Run on R&D begins ---
[GameContext] [Initiation] Run declared on R&D.
[GameContext] [Approach] Runner approaches unrezzed ice (position 0).
[CorpRunAI] AI: Vasilisa — rez_cost=2  tax/enc=6.0  enc=3.0  LTV=18.0
[GameContext] [Rez] Corp rezzes Vasilisa for 2 credits.
[GameContext] [Encounter] Runner encounters Vasilisa.
[GameContext] Street Artist takes 1 tag(s). (1 total)
[GameContext] NBN: Reality Plus — Reality Plus may gain 2 cr or draw 2 cards.
[GameContext] [Wildcat Strike] Corp denies draws — Runner gains credits instead.
[GameContext] Reality Plus: Reality Plus chooses 'Draw 2 cards'.
[GameContext] Reality Plus draws 2 card(s).
[GameContext] [Movement] Runner approaches the server root.
[GameContext] [Success] Run successful on R&D!
[GameContext] [Debug/gain_on_success] run_modifiers at success: {  }
[GameContext] [Breach] Runner breaches R&D.
[GameContext] [Access] Runner accesses: Blood in the Water
[GameContext] [Access] Runner steals Blood in the Water! (2 agenda points)
[GameContext] [End] Run ended successfully.
[GameContext] --- Run on HQ begins ---
[GameContext] [Initiation] Run declared on HQ.
[GameContext] [Initiation] No ice protecting server — proceeding to root.
[GameContext] [Movement] Runner approaches the server root.
[GameContext] [Success] Run successful on HQ!
[GameContext] [Debug/gain_on_success] run_modifiers at success: {  }
[GameContext] [Breach] Runner breaches HQ.
[GameContext] [Access] Runner accesses: Chekist Scion
[GameContext] [Access] Runner may trash Chekist Scion for 0 credits (Runner has 6 total).
[GameContext] [Access] Runner trashes Chekist Scion.
[GameContext] [End] Run ended successfully.
[GameContext] Street Artist removes 1 tag (0 remaining). [paid 2cr]
[GameContext] Street Artist gains 1 credit. (5 total)
[GameContext] Reality Plus draws Spin Doctor.
[GameContext] === Reality Plus Turn 4 begins. Credits: 13, Clicks: 3 ===
[GameContext] Reality Plus installs Blood in the Water in Server 0.
[GameContext] [MCTS] Scoring line detected — executing: Advance blood_in_the_water
[GameContext] Reality Plus advances Blood in the Water (1 counters).
[GameContext] Reality Plus scores Blood in the Water! (2 agenda points)
[GameContext] Reality Plus gains 1 credit. (13 total)
[GameContext] === Street Artist Turn 5 begins. Credits: 5, Clicks: 4 ===
[GameContext] --- Run on HQ begins ---
[GameContext] [Initiation] Run declared on HQ.
[GameContext] [Initiation] No ice protecting server — proceeding to root.
[GameContext] [Movement] Runner approaches the server root.
[GameContext] [Success] Run successful on HQ!
[GameContext] [Debug/gain_on_success] run_modifiers at success: {  }
[GameContext] [Breach] Runner breaches HQ.
[GameContext] [Access] Runner accesses: IP Enforcement
[GameContext] [End] Run ended successfully.
[GameContext] Street Artist gains 1 credit. (6 total)
[GameContext] Street Artist gains 1 credit. (7 total)
[GameContext] Street Artist gains 1 credit. (8 total)
[GameContext] Reality Plus draws Ivik.
[GameContext] === Reality Plus Turn 5 begins. Credits: 13, Clicks: 3 ===
[GameContext] [MCTS] slow search: 544 ms (100 iterations, depth 3)
[GameContext] Reality Plus installs Ivik in HQ.
[GameContext] [MCTS] slow search: 512 ms (100 iterations, depth 3)
[GameContext] Reality Plus gains 1 credit. (14 total)
[GameContext] [MCTS] slow search: 518 ms (100 iterations, depth 3)
[GameContext] Reality Plus gains 1 credit. (15 total)
[heartbeat] game 3/10 — turn 5, time 107s
[GameContext] === Street Artist Turn 6 begins. Credits: 8, Clicks: 4 ===
[GameContext] --- Run on HQ begins ---
[GameContext] [Initiation] Run declared on HQ.
[GameContext] [Approach] Runner approaches unrezzed ice (position 0).
[CorpRunAI] AI: Ivik — rez_cost=7  tax/enc=5.0  enc=3.0  LTV=15.0
[GameContext] [Rez] Corp rezzes Ivik for 7 credits.
[GameContext] [Encounter] Runner encounters Ivik.
[GameContext] [Encounter] Propeller spends 1 power counter(s): +2 str (now 5, 3 counters left).
[GameContext] [Encounter] Propeller breaks 'Do 2 net damage.' for 1 cr.
[GameContext] [Encounter] Propeller breaks 'End the run.' for 1 cr.
[GameContext] [Encounter] Subroutine 0 broken.
[GameContext] [Encounter] Subroutine 1 broken.
[GameContext] [Movement] Runner approaches the server root.
[GameContext] [Success] Run successful on HQ!
[GameContext] [Debug/gain_on_success] run_modifiers at success: { "overclock_credits": 0, "concerto_credits": 0, "bad_pub_credits": 0 }
[GameContext] [Breach] Runner breaches HQ.
[GameContext] [Access] Runner accesses: Backroom Machinations
[GameContext] [End] Run ended successfully.
[GameContext] Street Artist gains 1 credit. (7 total)
[GameContext] Street Artist gains 1 credit. (8 total)
[GameContext] Street Artist gains 1 credit. (9 total)
[GameContext] Reality Plus draws Retribution.
[GameContext] === Reality Plus Turn 6 begins. Credits: 8, Clicks: 3 ===
[GameContext] [MCTS] slow search: 793 ms (100 iterations, depth 3)
[GameContext] Reality Plus gains 1 credit. (9 total)
[GameContext] [MCTS] slow search: 767 ms (100 iterations, depth 3)
[GameContext] Reality Plus gains 1 credit. (10 total)
[GameContext] [MCTS] slow search: 755 ms (100 iterations, depth 3)
[GameContext] Reality Plus gains 1 credit. (11 total)
[GameContext] Reality Plus discards IP Enforcement to hand limit.
[GameContext] === Street Artist Turn 7 begins. Credits: 9, Clicks: 4 ===
[GameContext] --- Run on HQ begins ---
[GameContext] [Initiation] Run declared on HQ.
[GameContext] [Approach] Runner approaches Ivik (position 0).
[GameContext] [Encounter] Runner encounters Ivik.
[GameContext] [Encounter] Propeller spends 1 power counter(s): +2 str (now 4, 2 counters left).
[GameContext] [Encounter] Propeller spends 1 power counter(s): +2 str (now 5, 1 counters left).
[GameContext] [Encounter] Propeller breaks 'Do 2 net damage.' for 1 cr.
[GameContext] [Encounter] Propeller breaks 'End the run.' for 1 cr.
[GameContext] [Encounter] Subroutine 0 broken.
[GameContext] [Encounter] Subroutine 1 broken.
[GameContext] [Movement] Runner approaches the server root.
[GameContext] [Success] Run successful on HQ!
[GameContext] [Debug/gain_on_success] run_modifiers at success: { "overclock_credits": 0, "concerto_credits": 0, "bad_pub_credits": 0 }
[GameContext] [Breach] Runner breaches HQ.
[GameContext] [Access] Runner accesses: Spin Doctor
[GameContext] [Access] Runner may trash Spin Doctor for 2 credits (Runner has 7 total).
[GameContext] [Access] Runner trashes Spin Doctor.
[GameContext] [End] Run ended successfully.
[GameContext] Street Artist gains 1 credit. (6 total)
[GameContext] Street Artist gains 1 credit. (7 total)
[GameContext] Street Artist gains 1 credit. (8 total)
[GameContext] Reality Plus draws Backroom Machinations.
[GameContext] === Reality Plus Turn 7 begins. Credits: 11, Clicks: 3 ===
[GameContext] [MCTS] slow search: 401 ms (100 iterations, depth 3)
[GameContext] Reality Plus gains 1 credit. (12 total)
[GameContext] [MCTS] slow search: 379 ms (100 iterations, depth 3)
[GameContext] Reality Plus gains 1 credit. (13 total)
[heartbeat] game 3/10 — turn 7, time 113s
[GameContext] [MCTS] slow search: 382 ms (100 iterations, depth 3)
[GameContext] Reality Plus gains 1 credit. (14 total)
[GameContext] === Street Artist Turn 8 begins. Credits: 8, Clicks: 4 ===
[GameContext] --- Run on HQ begins ---
[GameContext] [Initiation] Run declared on HQ.
[GameContext] [Approach] Runner approaches Ivik (position 0).
[GameContext] [Encounter] Runner encounters Ivik.
[GameContext] Runner takes 2 net damage.
[GameContext]   Trashed from grip: dzmz_optimizer
[GameContext]   Trashed from grip: pinhole_threading
[GameContext] 2 card(s) trashed from Street Artist's grip.
[GameContext] Run ended.
[GameContext] [Encounter] Run ended by subroutine.
[GameContext] [End] Run ended unsuccessfully.
[GameContext] Street Artist draws Creative Commission.
[GameContext] Street Artist draws Deep Dive.
[GameContext] Street Artist gains 1 credit. (9 total)
[GameContext] Reality Plus draws Trust Operation.
[GameContext] === Reality Plus Turn 8 begins. Credits: 14, Clicks: 3 ===
[GameContext] [MCTS] slow search: 370 ms (100 iterations, depth 3)
[GameContext] Reality Plus draws Funhouse.
[GameContext] [MCTS] slow search: 402 ms (100 iterations, depth 3)
[GameContext] Reality Plus draws Funhouse.
[GameContext] [MCTS] slow search: 552 ms (100 iterations, depth 3)
[GameContext] Reality Plus installs Funhouse in Server 0.
[GameContext] Reality Plus discards Trust Operation to hand limit.
[GameContext] Reality Plus discards Retribution to hand limit.
[GameContext] === Street Artist Turn 9 begins. Credits: 9, Clicks: 4 ===
[GameContext] --- Run on HQ begins ---
[GameContext] [Initiation] Run declared on HQ.
[GameContext] [Approach] Runner approaches Ivik (position 0).
[GameContext] [Encounter] Runner encounters Ivik.
[GameContext] Runner takes 2 net damage.
[GameContext]   Trashed from grip: conduit
[GameContext]   Trashed from grip: deep_dive
[GameContext] 2 card(s) trashed from Street Artist's grip.
[GameContext] Run ended.
[GameContext] [Encounter] Run ended by subroutine.
[GameContext] [End] Run ended unsuccessfully.
[GameContext] Street Artist draws Simulchip.
[GameContext] Street Artist draws Overclock.
[GameContext] Run modifier set: overclock_credits = 5
[GameContext] --- Run on HQ begins ---
[GameContext] [Initiation] Run declared on HQ.
[GameContext] [Approach] Runner approaches Ivik (position 0).
[GameContext] [Encounter] Runner encounters Ivik.
[GameContext] Runner takes 2 net damage.
[GameContext]   Trashed from grip: creative_commission
[GameContext]   Trashed from grip: lilypad
[GameContext] 2 card(s) trashed from Street Artist's grip.
[GameContext] Run ended.
[GameContext] [Encounter] Run ended by subroutine.
[GameContext] [End] Run ended unsuccessfully.
[GameContext] Overclock: 5 unspent credit(s) returned to the bank.
[GameContext] Street Artist plays Overclock.
[GameContext] Reality Plus draws Drago Ivanov.
[GameContext] === Reality Plus Turn 9 begins. Credits: 14, Clicks: 3 ===
[GameContext] [MCTS] slow search: 355 ms (100 iterations, depth 3)
[GameContext] Reality Plus pays 1 credit(s) to install ice.
[GameContext] Reality Plus installs Funhouse in R&D.
[GameContext] [MCTS] slow search: 366 ms (100 iterations, depth 3)
[GameContext] Reality Plus installs Chekist Scion in Server 0.
[heartbeat] game 3/10 — turn 9, time 118s
[GameContext] [MCTS] slow search: 702 ms (100 iterations, depth 3)
[GameContext] Reality Plus advances Chekist Scion (1 counters).
[GameContext] === Street Artist Turn 10 begins. Credits: 8, Clicks: 4 ===
[GameContext] --- Run on HQ begins ---
[GameContext] [Initiation] Run declared on HQ.
[GameContext] [Approach] Runner approaches Ivik (position 0).
[GameContext] [Encounter] Runner encounters Ivik.
[GameContext] Runner takes 2 net damage.
[GameContext]   Trashed from grip: simulchip
[GameContext]   Trashed from grip: deep_dive
[GameContext] 2 card(s) trashed from Street Artist's grip.
[GameContext] Run ended.
[GameContext] [Encounter] Run ended by subroutine.
[GameContext] [End] Run ended unsuccessfully.
[GameContext] Game over — Reality Plus wins. "Street Artist" flatlined (empty grip)
  [  3/ 10]  CORP      "Street Artist" flatlined (empty grip)  10 turns
[GameContext] Reality Plus draws Spin Doctor.
[GameContext] === Reality Plus Turn 1 begins. Credits: 5, Clicks: 3 ===
[GameContext] [MCTS] slow search: 649 ms (100 iterations, depth 3)
[GameContext] Reality Plus installs Doomscroll in R&D.
[GameContext] [MCTS] slow search: 633 ms (100 iterations, depth 3)
[GameContext] Reality Plus installs Ivik in Server 0.
[GameContext] [MCTS] slow search: 620 ms (100 iterations, depth 3)
[GameContext] Reality Plus installs Blood in the Water in Server 0.
[GameContext] === Street Artist Turn 2 begins. Credits: 5, Clicks: 4 ===
Player install: card is: Propeller and charged cost is: 1
[GameContext] Placed 4 power counter(s) on Propeller.
[GameContext] Street Artist installs Propeller. [MU: 1/4 used]
[GameContext] --- Run on Server 0 begins ---
[GameContext] [Initiation] Run declared on Server 0.
[GameContext] [Approach] Runner approaches unrezzed ice (position 0).
[GameContext] [Approach] Corp declines to rez. Runner passes unrezzed ice.
[GameContext] [Movement] Runner approaches the server root.
[GameContext] [Success] Run successful on Server 0!
[GameContext] [Debug/gain_on_success] run_modifiers at success: {  }
[GameContext] [Breach] Runner breaches Server 0.
[GameContext] [Access] Runner accesses: Blood in the Water
[GameContext] [Access] Runner steals Blood in the Water! (2 agenda points)
[GameContext] [End] Run ended successfully.
[GameContext] --- Run on HQ begins ---
[GameContext] [Initiation] Run declared on HQ.
[GameContext] [Initiation] No ice protecting server — proceeding to root.
[GameContext] [Movement] Runner approaches the server root.
[GameContext] [Success] Run successful on HQ!
[GameContext] [Debug/gain_on_success] run_modifiers at success: {  }
[GameContext] [Breach] Runner breaches HQ.
[GameContext] [Access] Runner accesses: Doomscroll
[GameContext] [End] Run ended successfully.
[GameContext] --- Run on R&D begins ---
[GameContext] [Initiation] Run declared on R&D.
[GameContext] [Approach] Runner approaches unrezzed ice (position 0).
[CorpRunAI] AI: Doomscroll — rez_cost=3  tax/enc=11.0  enc=3.0  LTV=33.0
[GameContext] [Rez] Corp rezzes Doomscroll for 3 credits.
[GameContext] [Encounter] Runner encounters Doomscroll.
[GameContext] Street Artist takes 1 tag(s). (1 total)
[GameContext] NBN: Reality Plus — Reality Plus may gain 2 cr or draw 2 cards.
[GameContext] [Wildcat Strike] Corp denies draws — Runner gains credits instead.
[GameContext] Reality Plus: Reality Plus chooses 'Draw 2 cards'.
[GameContext] Reality Plus draws 2 card(s).
[GameContext] Runner takes 1 net damage.
[GameContext]   Trashed from grip: telework_contract
[GameContext] 1 card(s) trashed from Street Artist's grip.
[GameContext] Subroutine condition not met — no effect.
[GameContext] [Movement] Runner approaches the server root.
[GameContext] [Success] Run successful on R&D!
[GameContext] [Debug/gain_on_success] run_modifiers at success: {  }
[GameContext] [Breach] Runner breaches R&D.
[GameContext] [Access] Runner accesses: Chekist Scion
[GameContext] [Access] Runner may trash Chekist Scion for 0 credits (Runner has 4 total).
[GameContext] [Access] Runner trashes Chekist Scion.
[GameContext] [End] Run ended successfully.
[GameContext] Reality Plus draws Artificial Cryptocrash.
[GameContext] === Reality Plus Turn 2 begins. Credits: 2, Clicks: 3 ===
[GameContext] [MCTS] slow search: 1106 ms (100 iterations, depth 3)
[heartbeat] game 4/10 — turn 2, time 124s
[GameContext] Reality Plus draws Backroom Machinations.
[GameContext] [MCTS] slow search: 1347 ms (100 iterations, depth 3)
[GameContext] Reality Plus draws Hedge Fund.
[GameContext] [MCTS] slow search: 1266 ms (100 iterations, depth 3)
[GameContext] Reality Plus installs Doomscroll in HQ.
[GameContext] Reality Plus discards Backroom Machinations to hand limit.
[GameContext] Reality Plus discards Backroom Machinations to hand limit.
[GameContext] === Street Artist Turn 3 begins. Credits: 4, Clicks: 4 ===
[GameContext] --- Run on HQ begins ---
[GameContext] [Initiation] Run declared on HQ.
[GameContext] [Approach] Runner approaches unrezzed ice (position 0).
[GameContext] [Approach] Corp declines to rez. Runner passes unrezzed ice.
[GameContext] [Movement] Runner approaches the server root.
[GameContext] [Success] Run successful on HQ!
[GameContext] [Debug/gain_on_success] run_modifiers at success: {  }
[GameContext] [Breach] Runner breaches HQ.
[GameContext] [Access] Runner accesses: Hedge Fund
[GameContext] [End] Run ended successfully.
[GameContext] Street Artist removes 1 tag (0 remaining). [paid 2cr]
[GameContext] Street Artist draws Pinhole Threading.
[GameContext] Street Artist draws Self-modifying Code.
[GameContext] Reality Plus draws Vasilisa.
[GameContext] === Reality Plus Turn 3 begins. Credits: 2, Clicks: 3 ===
[GameContext] [MCTS] slow search: 732 ms (100 iterations, depth 3)
[GameContext] Reality Plus installs Artificial Cryptocrash in Server 0.
[heartbeat] game 4/10 — turn 3, time 129s
[GameContext] [MCTS] slow search: 759 ms (100 iterations, depth 3)
[GameContext] Reality Plus advances Artificial Cryptocrash (1 counters).
[GameContext] [MCTS] slow search: 705 ms (100 iterations, depth 3)
[GameContext] Reality Plus pays 1 credit(s) to install ice.
[GameContext] Reality Plus installs Vasilisa in HQ.
[GameContext] === Street Artist Turn 4 begins. Credits: 2, Clicks: 4 ===
[GameContext] --- Run on Server 0 begins ---
[GameContext] [Initiation] Run declared on Server 0.
[GameContext] [Approach] Runner approaches unrezzed ice (position 0).
[GameContext] [Approach] Corp declines to rez. Runner passes unrezzed ice.
[GameContext] [Movement] Runner approaches the server root.
[GameContext] [Success] Run successful on Server 0!
[GameContext] [Debug/gain_on_success] run_modifiers at success: {  }
[GameContext] [Breach] Runner breaches Server 0.
[GameContext] [Access] Runner accesses: Artificial Cryptocrash
[GameContext] [Access] Runner steals Artificial Cryptocrash! (2 agenda points)
[GameContext] [End] Run ended successfully.
[GameContext] Street Artist plays Pinhole Threading.
[GameContext] Street Artist gains 1 credit. (2 total)
[GameContext] --- Run on HQ begins ---
[GameContext] [Initiation] Run declared on HQ.
[GameContext] [Approach] Runner approaches unrezzed ice (position 0).
[GameContext] [Approach] Corp declines to rez. Runner passes unrezzed ice.
[GameContext] [Approach] Runner approaches unrezzed ice (position 1).
[GameContext] [Approach] Corp declines to rez. Runner passes unrezzed ice.
[GameContext] [Movement] Runner approaches the server root.
[GameContext] [Success] Run successful on HQ!
[GameContext] [Debug/gain_on_success] run_modifiers at success: {  }
[GameContext] [Breach] Runner breaches HQ.
[GameContext] [Access] Runner accesses: Spin Doctor
[GameContext] [Access] Runner may trash Spin Doctor for 2 credits (Runner has 2 total).
[GameContext] [Access] Runner trashes Spin Doctor.
[GameContext] [End] Run ended successfully.
[GameContext] Reality Plus draws Drago Ivanov.
[GameContext] === Reality Plus Turn 4 begins. Credits: 0, Clicks: 3 ===
[GameContext] [MCTS] slow search: 442 ms (100 iterations, depth 3)
[GameContext] Reality Plus gains 1 credit. (1 total)
[GameContext] [MCTS] slow search: 397 ms (100 iterations, depth 3)
[GameContext] Reality Plus gains 1 credit. (2 total)
[GameContext] [MCTS] slow search: 393 ms (100 iterations, depth 3)
[GameContext] Reality Plus gains 1 credit. (3 total)
[heartbeat] game 4/10 — turn 4, time 134s
[GameContext] === Street Artist Turn 5 begins. Credits: 0, Clicks: 4 ===
[GameContext] Street Artist gains 1 credit. (1 total)
[GameContext] Street Artist gains 1 credit. (2 total)
[GameContext] --- Run on HQ begins ---
[GameContext] [Initiation] Run declared on HQ.
[GameContext] [Approach] Runner approaches unrezzed ice (position 0).
[CorpRunAI] AI: rezzing Vasilisa would breach credit floor — holding.
[GameContext] [Approach] Corp declines to rez. Runner passes unrezzed ice.
[GameContext] [Approach] Runner approaches unrezzed ice (position 1).
[CorpRunAI] AI: rezzing Vasilisa would breach credit floor — holding.
[GameContext] [Approach] Corp declines to rez. Runner passes unrezzed ice.
[GameContext] [Movement] Runner approaches the server root.
[GameContext] [Success] Run successful on HQ!
[GameContext] [Debug/gain_on_success] run_modifiers at success: {  }
[GameContext] [Breach] Runner breaches HQ.
[GameContext] [Access] Runner accesses: Hedge Fund
[GameContext] [End] Run ended successfully.
[GameContext] Street Artist draws Overclock.
[GameContext] Reality Plus draws Spin Doctor.
[GameContext] === Reality Plus Turn 5 begins. Credits: 3, Clicks: 3 ===
[GameContext] [MCTS] slow search: 476 ms (100 iterations, depth 3)
[GameContext] Reality Plus gains 1 credit. (4 total)
[GameContext] [MCTS] slow search: 465 ms (100 iterations, depth 3)
[GameContext] Reality Plus gains 1 credit. (5 total)
[GameContext] [MCTS] slow search: 481 ms (100 iterations, depth 3)
[GameContext] Reality Plus gains 9 credits.
[GameContext] Reality Plus plays Hedge Fund.
[GameContext] === Street Artist Turn 6 begins. Credits: 2, Clicks: 4 ===
[GameContext] Street Artist gains 1 credit. (3 total)
[GameContext] Run modifier set: overclock_credits = 5
[GameContext] --- Run on HQ begins ---
[GameContext] [Initiation] Run declared on HQ.
[GameContext] [Approach] Runner approaches unrezzed ice (position 0).
[CorpRunAI] AI: Vasilisa — rez_cost=2  tax/enc=6.0  enc=3.0  LTV=18.0
[GameContext] [Rez] Corp rezzes Vasilisa for 2 credits.
[GameContext] [Encounter] Runner encounters Vasilisa.
[GameContext] Street Artist takes 1 tag(s). (1 total)
[GameContext] NBN: Reality Plus — Reality Plus may gain 2 cr or draw 2 cards.
[GameContext] [Wildcat Strike] Corp denies credits — Runner draws instead.
[GameContext] Reality Plus: Reality Plus chooses 'Gain 2 credits'.
[GameContext] Reality Plus gains 2 credits.
[GameContext] [Approach] Runner approaches unrezzed ice (position 1).
[GameContext] [Approach] Corp declines to rez. Runner passes unrezzed ice.
[GameContext] [Movement] Runner approaches the server root.
[GameContext] [Success] Run successful on HQ!
[GameContext] [Debug/gain_on_success] run_modifiers at success: { "overclock_credits": 5, "run_event_active": 1 }
[GameContext] [Breach] Runner breaches HQ.
[GameContext] [Access] Runner accesses: Backroom Machinations
[GameContext] [End] Run ended successfully.
[GameContext] Overclock: 5 unspent credit(s) returned to the bank.
[GameContext] Street Artist plays Overclock.
[GameContext] Street Artist removes 1 tag (0 remaining). [paid 2cr]
[GameContext] Street Artist draws Sure Gamble.
[GameContext] Reality Plus draws Regolith Mining License.
[GameContext] === Reality Plus Turn 6 begins. Credits: 9, Clicks: 3 ===
[GameContext] [MCTS] slow search: 566 ms (100 iterations, depth 3)
[GameContext] Reality Plus gains 9 credits.
[GameContext] Reality Plus plays Hedge Fund.
[GameContext] [MCTS] slow search: 431 ms (100 iterations, depth 3)
[GameContext] Reality Plus gains 1 credit. (14 total)
[GameContext] [MCTS] slow search: 523 ms (100 iterations, depth 3)
[GameContext] Reality Plus gains 1 credit. (15 total)
[heartbeat] game 4/10 — turn 6, time 139s
[GameContext] === Street Artist Turn 7 begins. Credits: 0, Clicks: 4 ===
[GameContext] Street Artist gains 1 credit. (1 total)
[GameContext] Street Artist gains 1 credit. (2 total)
[GameContext] Street Artist gains 1 credit. (3 total)
[GameContext] Street Artist gains 1 credit. (4 total)
[GameContext] Reality Plus draws Funhouse.
[GameContext] === Reality Plus Turn 7 begins. Credits: 15, Clicks: 3 ===
[GameContext] [MCTS] slow search: 593 ms (100 iterations, depth 3)
[GameContext] Reality Plus gains 1 credit. (16 total)
[GameContext] [MCTS] slow search: 551 ms (100 iterations, depth 3)
[GameContext] Reality Plus draws Trust Operation.
[GameContext] [MCTS] slow search: 694 ms (100 iterations, depth 3)
[GameContext] Reality Plus pays 1 credit(s) to install ice.
[GameContext] Reality Plus installs Funhouse in R&D.
[GameContext] === Street Artist Turn 8 begins. Credits: 4, Clicks: 4 ===
[GameContext] Street Artist gains 1 credit. (5 total)
[GameContext] Street Artist gains 9 credits.
[GameContext] Street Artist plays Sure Gamble.
[GameContext] Street Artist draws Environmental Testing.
[GameContext] Street Artist gains 1 credit. (10 total)
[GameContext] Reality Plus draws Chekist Scion.
[GameContext] === Reality Plus Turn 8 begins. Credits: 15, Clicks: 3 ===
[GameContext] [MCTS] slow search: 391 ms (100 iterations, depth 3)
[GameContext] Reality Plus installs Spin Doctor in Server 1.
[GameContext] [MCTS] slow search: 456 ms (100 iterations, depth 3)
[GameContext] Reality Plus draws Retribution.
[heartbeat] game 4/10 — turn 8, time 144s
[GameContext] [MCTS] slow search: 692 ms (100 iterations, depth 3)
[GameContext] Reality Plus draws Funhouse.
[GameContext] Reality Plus discards Trust Operation to hand limit.
[GameContext] Reality Plus discards Retribution to hand limit.
[GameContext] === Street Artist Turn 9 begins. Credits: 10, Clicks: 4 ===
[GameContext] Street Artist gains 1 credit. (11 total)
[GameContext] Street Artist gains 1 credit. (12 total)
[GameContext] Street Artist gains 1 credit. (13 total)
[GameContext] Street Artist gains 1 credit. (14 total)
[GameContext] Reality Plus draws Hedge Fund.
[GameContext] === Reality Plus Turn 9 begins. Credits: 15, Clicks: 3 ===
[GameContext] Reality Plus draws 2 card(s).
[GameContext] Reality Plus rezzes Spin Doctor for 0 cr.
[GameContext] [MCTS] slow search: 1239 ms (100 iterations, depth 3)
[GameContext] Reality Plus draws Artificial Cryptocrash.
[GameContext] [MCTS] slow search: 1842 ms (100 iterations, depth 3)
[GameContext] Reality Plus installs Artificial Cryptocrash in Server 0.
[heartbeat] game 4/10 — turn 9, time 149s
[GameContext] [MCTS] slow search: 1885 ms (100 iterations, depth 3)
[GameContext] Reality Plus advances Artificial Cryptocrash (1 counters).
[GameContext] Reality Plus discards Backroom Machinations to hand limit.
[GameContext] Reality Plus discards Hedge Fund to hand limit.
[GameContext] Reality Plus discards Drago Ivanov to hand limit.
[GameContext] === Street Artist Turn 10 begins. Credits: 14, Clicks: 4 ===
[GameContext] --- Run on Server 0 begins ---
[GameContext] [Initiation] Run declared on Server 0.
[GameContext] [Approach] Runner approaches unrezzed ice (position 0).
[CorpRunAI] AI: Ivik — rez_cost=7  tax/enc=5.0  enc=2.5  LTV=12.5
[CorpRunAI] AI: deferring Ivik (pri=3.57) — saving for Funhouse on rd (pri=12.00)
[GameContext] [Approach] Corp declines to rez. Runner passes unrezzed ice.
[GameContext] [Movement] Runner approaches the server root.
[GameContext] [Success] Run successful on Server 0!
[GameContext] [Debug/gain_on_success] run_modifiers at success: {  }
[GameContext] [Breach] Runner breaches Server 0.
[GameContext] [Access] Runner accesses: Artificial Cryptocrash
[GameContext] [Access] Runner steals Artificial Cryptocrash! (2 agenda points)
[GameContext] [End] Run ended successfully.
[GameContext] Street Artist gains 1 credit. (15 total)
[GameContext] Street Artist gains 1 credit. (16 total)
[GameContext] Street Artist gains 1 credit. (17 total)
[GameContext] Reality Plus draws Drago Ivanov.
[GameContext] === Reality Plus Turn 10 begins. Credits: 14, Clicks: 3 ===
[GameContext] [MCTS] slow search: 998 ms (100 iterations, depth 3)
[GameContext] Reality Plus pays 2 credit(s) to install ice.
[GameContext] Reality Plus installs Funhouse in R&D.
[GameContext] [MCTS] slow search: 1093 ms (100 iterations, depth 3)
[GameContext] Spin Doctor: shuffled 2 card(s) from Archives into R&D.
[GameContext] Spin Doctor is trashed.
[heartbeat] game 4/10 — turn 10, time 154s
[GameContext] [MCTS] slow search: 1002 ms (100 iterations, depth 3)
[GameContext] Reality Plus pays 2 credit(s) to install ice.
[GameContext] Reality Plus installs Ivik in HQ.
[GameContext] === Street Artist Turn 11 begins. Credits: 17, Clicks: 4 ===
Player install: card is: Self-modifying Code and charged cost is: 0
[GameContext] Street Artist installs Self-modifying Code. [MU: 3/4 used]
[GameContext] Street Artist draws Deep Dive.
[GameContext] Street Artist gains 1 credit. (18 total)
[GameContext] Street Artist gains 1 credit. (19 total)
[GameContext] Reality Plus draws Blood in the Water.
[GameContext] === Reality Plus Turn 11 begins. Credits: 10, Clicks: 3 ===
[GameContext] [MCTS] slow search: 1097 ms (100 iterations, depth 3)
[GameContext] Reality Plus installs Blood in the Water in Server 0.
[GameContext] [MCTS] Scoring line detected — executing: Advance blood_in_the_water
[GameContext] Reality Plus advances Blood in the Water (1 counters).
[GameContext] Reality Plus scores Blood in the Water! (2 agenda points)
[GameContext] [MCTS] slow search: 711 ms (100 iterations, depth 3)
[GameContext] Reality Plus gains 1 credit. (10 total)
[heartbeat] game 4/10 — turn 11, time 159s
[GameContext] === Street Artist Turn 12 begins. Credits: 19, Clicks: 4 ===
Player install: card is: Fermenter and charged cost is: 1
[GameContext] Placed 1 virus counter(s) on Fermenter.
[GameContext] Street Artist installs Fermenter. [MU: 4/4 used]
[GameContext] Street Artist draws DZMZ Optimizer.
[GameContext] Street Artist draws Pinhole Threading.
[GameContext] Street Artist draws Simulchip.
[GameContext] Street Artist discards Daily Casts to hand limit. (5 cards remaining)
[GameContext] Street Artist discards Environmental Testing to hand limit. (5 cards remaining)
[GameContext] Reality Plus draws Vasilisa.
[GameContext] === Reality Plus Turn 12 begins. Credits: 10, Clicks: 3 ===
[GameContext] [MCTS] slow search: 1443 ms (100 iterations, depth 3)
[GameContext] Reality Plus installs Vasilisa in Server 1.
[GameContext] [MCTS] slow search: 902 ms (100 iterations, depth 3)
[GameContext] Reality Plus gains 1 credit. (11 total)
[GameContext] [MCTS] slow search: 948 ms (100 iterations, depth 3)
[GameContext] Reality Plus gains 1 credit. (12 total)
[GameContext] === Street Artist Turn 13 begins. Credits: 18, Clicks: 4 ===
[GameContext] Placed 1 virus counter(s) on Fermenter.
[GameContext] Street Artist draws Simulchip.
[GameContext] Street Artist draws DZMZ Optimizer.
[GameContext] Street Artist draws Echelon.
[GameContext] Street Artist plays Pinhole Threading.
[GameContext] Street Artist discards Deep Dive to hand limit. (5 cards remaining)
[GameContext] Street Artist discards Simulchip to hand limit. (5 cards remaining)
[GameContext] Reality Plus draws Artificial Cryptocrash.
[GameContext] === Reality Plus Turn 13 begins. Credits: 12, Clicks: 3 ===
[GameContext] [MCTS] slow search: 1955 ms (100 iterations, depth 3)
[heartbeat] game 4/10 — turn 13, time 166s
[GameContext] Reality Plus installs Artificial Cryptocrash in Server 0.
[GameContext] [MCTS] slow search: 1905 ms (100 iterations, depth 3)
[GameContext] Reality Plus advances Artificial Cryptocrash (1 counters).
[GameContext] [MCTS] slow search: 1877 ms (100 iterations, depth 3)
[GameContext] Reality Plus advances Artificial Cryptocrash (2 counters).
[heartbeat] game 4/10 — turn 13, time 171s
[GameContext] === Street Artist Turn 14 begins. Credits: 17, Clicks: 4 ===
[GameContext] Placed 1 virus counter(s) on Fermenter.
[GameContext] --- Run on Server 0 begins ---
[GameContext] [Initiation] Run declared on Server 0.
[GameContext] [Approach] Runner approaches unrezzed ice (position 0).
[CorpRunAI] AI: Ivik — rez_cost=7  tax/enc=5.0  enc=2.5  LTV=12.5
[CorpRunAI] AI: deferring Ivik (pri=3.57) — saving for Doomscroll on hq (pri=22.00)
[GameContext] [Approach] Corp declines to rez. Runner passes unrezzed ice.
[GameContext] [Movement] Runner approaches the server root.
[GameContext] [Success] Run successful on Server 0!
[GameContext] [Debug/gain_on_success] run_modifiers at success: {  }
[GameContext] [Breach] Runner breaches Server 0.
[GameContext] [Access] Runner accesses: Artificial Cryptocrash
[GameContext] [Access] Runner steals Artificial Cryptocrash! (2 agenda points)
[GameContext] Runner wins by stealing agendas!
[GameContext] [End] Run ended successfully.
[GameContext] Game over — Street Artist wins. Street Artist stole enough agendas to win
  [  4/ 10]  RUNNER    Street Artist stole enough agendas to win  14 turns
[GameContext] Reality Plus draws Ivik.
[GameContext] === Reality Plus Turn 1 begins. Credits: 5, Clicks: 3 ===
[GameContext] [MCTS] slow search: 764 ms (100 iterations, depth 3)
[GameContext] Reality Plus installs Doomscroll in R&D.
[GameContext] [MCTS] slow search: 754 ms (100 iterations, depth 3)
[GameContext] Reality Plus gains 1 credit. (6 total)
[GameContext] [MCTS] slow search: 705 ms (100 iterations, depth 3)
[GameContext] Reality Plus installs Ivik in HQ.
[GameContext] === Street Artist Turn 2 begins. Credits: 5, Clicks: 4 ===
[GameContext] --- Run on R&D begins ---
[GameContext] [Initiation] Run declared on R&D.
[GameContext] [Approach] Runner approaches unrezzed ice (position 0).
[CorpRunAI] AI: Doomscroll — rez_cost=3  tax/enc=11.0  enc=3.0  LTV=33.0
[GameContext] [Rez] Corp rezzes Doomscroll for 3 credits.
[GameContext] [Encounter] Runner encounters Doomscroll.
[GameContext] Street Artist takes 1 tag(s). (1 total)
[GameContext] NBN: Reality Plus — Reality Plus may gain 2 cr or draw 2 cards.
[GameContext] [Wildcat Strike] Corp denies draws — Runner gains credits instead.
[GameContext] Reality Plus: Reality Plus chooses 'Draw 2 cards'.
[GameContext] Reality Plus draws 2 card(s).
[GameContext] Runner takes 1 net damage.
[GameContext]   Trashed from grip: unity
[GameContext] 1 card(s) trashed from Street Artist's grip.
[GameContext] Subroutine condition not met — no effect.
[GameContext] [Movement] Runner approaches the server root.
[GameContext] [Success] Run successful on R&D!
[GameContext] [Debug/gain_on_success] run_modifiers at success: {  }
[GameContext] [Breach] Runner breaches R&D.
[GameContext] [Access] Runner accesses: Artificial Cryptocrash
[GameContext] [Access] Runner steals Artificial Cryptocrash! (2 agenda points)
[GameContext] [End] Run ended successfully.
[GameContext] --- Run on HQ begins ---
[GameContext] [Initiation] Run declared on HQ.
[GameContext] [Approach] Runner approaches unrezzed ice (position 0).
[GameContext] [Approach] Corp declines to rez. Runner passes unrezzed ice.
[GameContext] [Movement] Runner approaches the server root.
[GameContext] [Success] Run successful on HQ!
[GameContext] [Debug/gain_on_success] run_modifiers at success: {  }
[GameContext] [Breach] Runner breaches HQ.
[GameContext] [Access] Runner accesses: Drago Ivanov
[GameContext] [Access] Runner may trash Drago Ivanov for 1 credits (Runner has 5 total).
[GameContext] [Access] Runner trashes Drago Ivanov.
[GameContext] [End] Run ended successfully.
Player install: card is: Echelon and charged cost is: 3
[GameContext] Street Artist installs Echelon. [MU: 1/4 used]
[GameContext] Street Artist draws Self-modifying Code.
[GameContext] Reality Plus draws IP Enforcement.
[GameContext] === Reality Plus Turn 2 begins. Credits: 3, Clicks: 3 ===
[GameContext] [MCTS] slow search: 248 ms (100 iterations, depth 3)
[GameContext] Reality Plus installs Blood in the Water in Server 0.
[GameContext] [MCTS] Scoring line detected — executing: Advance blood_in_the_water
[GameContext] Reality Plus advances Blood in the Water (1 counters).
[GameContext] Reality Plus scores Blood in the Water! (2 agenda points)
[GameContext] Reality Plus gains 1 credit. (3 total)
[heartbeat] game 5/10 — turn 2, time 176s
[GameContext] === Street Artist Turn 3 begins. Credits: 1, Clicks: 4 ===
[GameContext] --- Run on HQ begins ---
[GameContext] [Initiation] Run declared on HQ.
[GameContext] [Approach] Runner approaches unrezzed ice (position 0).
[GameContext] [Approach] Corp declines to rez. Runner passes unrezzed ice.
[GameContext] [Movement] Runner approaches the server root.
[GameContext] [Success] Run successful on HQ!
[GameContext] [Debug/gain_on_success] run_modifiers at success: {  }
[GameContext] [Breach] Runner breaches HQ.
[GameContext] [Access] Runner accesses: IP Enforcement
[GameContext] [End] Run ended successfully.
[GameContext] Street Artist gains 1 credit. (2 total)
[GameContext] Street Artist removes 1 tag (0 remaining). [paid 2cr]
[GameContext] Street Artist draws Simulchip.
[GameContext] Reality Plus draws Hedge Fund.
[GameContext] === Reality Plus Turn 3 begins. Credits: 3, Clicks: 3 ===
[GameContext] [MCTS] slow search: 953 ms (100 iterations, depth 3)
[GameContext] Reality Plus gains 1 credit. (4 total)
[GameContext] [MCTS] slow search: 911 ms (100 iterations, depth 3)
[GameContext] Reality Plus gains 1 credit. (5 total)
[GameContext] [MCTS] slow search: 1012 ms (100 iterations, depth 3)
[GameContext] Reality Plus gains 9 credits.
[GameContext] Reality Plus plays Hedge Fund.
[GameContext] === Street Artist Turn 4 begins. Credits: 0, Clicks: 4 ===
[GameContext] Street Artist gains 1 credit. (1 total)
[GameContext] Street Artist gains 1 credit. (2 total)
[GameContext] Street Artist gains 1 credit. (3 total)
[GameContext] --- Run on HQ begins ---
[GameContext] [Initiation] Run declared on HQ.
[GameContext] [Approach] Runner approaches unrezzed ice (position 0).
[CorpRunAI] AI: Ivik — rez_cost=7  tax/enc=11.0  enc=3.0  LTV=33.0
[GameContext] [Rez] Corp rezzes Ivik for 7 credits.
[GameContext] [Encounter] Runner encounters Ivik.
[GameContext] Runner takes 2 net damage.
[GameContext]   Trashed from grip: fermenter
[GameContext]   Trashed from grip: telework_contract
[GameContext] 2 card(s) trashed from Street Artist's grip.
[GameContext] Run ended.
[GameContext] [Encounter] Run ended by subroutine.
[GameContext] [End] Run ended unsuccessfully.
[GameContext] Reality Plus draws Ivik.
[GameContext] === Reality Plus Turn 4 begins. Credits: 2, Clicks: 3 ===
[GameContext] [MCTS] slow search: 773 ms (100 iterations, depth 3)
[heartbeat] game 5/10 — turn 4, time 181s
[GameContext] Reality Plus installs Drago Ivanov in Server 0.
[GameContext] [MCTS] slow search: 887 ms (100 iterations, depth 3)
[GameContext] Reality Plus installs Ivik in Server 1.
[GameContext] [MCTS] slow search: 748 ms (100 iterations, depth 3)
[GameContext] Reality Plus gains 1 credit. (3 total)
[GameContext] === Street Artist Turn 5 begins. Credits: 3, Clicks: 4 ===
[GameContext] Street Artist gains 1 credit. (4 total)
[GameContext] Street Artist gains 1 credit. (5 total)
[GameContext] --- Run on R&D begins ---
[GameContext] [Initiation] Run declared on R&D.
[GameContext] [Approach] Runner approaches Doomscroll (position 0).
[GameContext] [Encounter] Runner encounters Doomscroll.
[GameContext] [Encounter] Echelon boosted  +2 str (now 3). Cost: 1 cr.
[GameContext] [Encounter] Echelon breaks 'Give the Runner 1 tag.' for 1 cr.
[GameContext] [Encounter] Echelon breaks 'Do 1 net damage.' for 1 cr.
[GameContext] [Encounter] Echelon breaks 'Do 2 net damage if the Runner has at least 2 tags.' for 1 cr.
[GameContext] [Encounter] Subroutine 0 broken.
[GameContext] [Encounter] Subroutine 1 broken.
[GameContext] [Encounter] Subroutine 2 broken.
[GameContext] [Movement] Runner approaches the server root.
[GameContext] [Success] Run successful on R&D!
[GameContext] [Debug/gain_on_success] run_modifiers at success: { "overclock_credits": 0, "concerto_credits": 0, "bad_pub_credits": 0 }
[GameContext] [Breach] Runner breaches R&D.
[GameContext] [Access] Runner accesses: Blood in the Water
[GameContext] [Access] Runner steals Blood in the Water! (2 agenda points)
[GameContext] [End] Run ended successfully.
[GameContext] Street Artist draws LilyPAD.
[GameContext] Reality Plus draws Chekist Scion.
[GameContext] === Reality Plus Turn 5 begins. Credits: 3, Clicks: 3 ===
[GameContext] Reality Plus rezzes Drago Ivanov for 0 cr.
[GameContext] Reality Plus gains 1 credit. (4 total)
[GameContext] Reality Plus installs Spin Doctor in Server 2.
[GameContext] Reality Plus gains 1 credit. (5 total)
[GameContext] === Street Artist Turn 6 begins. Credits: 1, Clicks: 4 ===
[GameContext] Street Artist draws Propeller.
Player install: card is: Propeller and charged cost is: 1
[GameContext] Placed 4 power counter(s) on Propeller.
[GameContext] Street Artist installs Propeller. [MU: 2/4 used]
[GameContext] Street Artist draws Simulchip.
[GameContext] Street Artist gains 1 credit. (1 total)
[GameContext] Reality Plus draws Artificial Cryptocrash.
[GameContext] === Reality Plus Turn 6 begins. Credits: 5, Clicks: 3 ===
[GameContext] Reality Plus draws 2 card(s).
[GameContext] Reality Plus rezzes Spin Doctor for 0 cr.
[GameContext] [MCTS] slow search: 226 ms (100 iterations, depth 3)
[GameContext] Reality Plus installs Artificial Cryptocrash in Server 1.
[heartbeat] game 5/10 — turn 6, time 186s
[GameContext] Reality Plus advances Artificial Cryptocrash (1 counters).
[GameContext] Reality Plus advances Artificial Cryptocrash (2 counters).
[GameContext] Reality Plus discards IP Enforcement to hand limit.
[GameContext] === Street Artist Turn 7 begins. Credits: 1, Clicks: 4 ===
[GameContext] --- Run on Server 1 begins ---
[GameContext] [Initiation] Run declared on Server 1.
[GameContext] [Approach] Runner approaches unrezzed ice (position 0).
[GameContext] [Approach] Corp declines to rez. Runner passes unrezzed ice.
[GameContext] [Movement] Runner approaches the server root.
[GameContext] [Success] Run successful on Server 1!
[GameContext] [Debug/gain_on_success] run_modifiers at success: {  }
[GameContext] [Breach] Runner breaches Server 1.
[GameContext] [Access] Runner accesses: Artificial Cryptocrash
[GameContext] [Access] Runner steals Artificial Cryptocrash! (2 agenda points)
[GameContext] [End] Run ended successfully.
[GameContext] Street Artist gains 1 credit. (2 total)
[GameContext] Street Artist gains 1 credit. (3 total)
[GameContext] Street Artist gains 1 credit. (4 total)
[GameContext] Reality Plus draws Backroom Machinations.
[GameContext] === Reality Plus Turn 7 begins. Credits: 3, Clicks: 3 ===
[GameContext] Spin Doctor: shuffled 2 card(s) from Archives into R&D.
[GameContext] Spin Doctor is trashed.
[GameContext] Reality Plus pays 1 credit(s) to install ice.
[GameContext] Reality Plus installs Funhouse in HQ.
[GameContext] Condition not met — ability has no effect.
[GameContext] Reality Plus plays IP Enforcement.
[GameContext] === Street Artist Turn 8 begins. Credits: 4, Clicks: 4 ===
[GameContext] Street Artist gains 1 credit. (5 total)
[GameContext] --- Run on R&D begins ---
[GameContext] [Initiation] Run declared on R&D.
[GameContext] [Approach] Runner approaches Doomscroll (position 0).
[GameContext] [Encounter] Runner encounters Doomscroll.
[GameContext] [Encounter] Echelon boosted  +2 str (now 4). Cost: 1 cr.
[GameContext] [Encounter] Echelon breaks 'Give the Runner 1 tag.' for 1 cr.
[GameContext] [Encounter] Echelon breaks 'Do 1 net damage.' for 1 cr.
[GameContext] [Encounter] Echelon breaks 'Do 2 net damage if the Runner has at least 2 tags.' for 1 cr.
[GameContext] [Encounter] Subroutine 0 broken.
[GameContext] [Encounter] Subroutine 1 broken.
[GameContext] [Encounter] Subroutine 2 broken.
[GameContext] [Movement] Runner approaches the server root.
[GameContext] [Success] Run successful on R&D!
[GameContext] [Debug/gain_on_success] run_modifiers at success: { "overclock_credits": 0, "concerto_credits": 0, "bad_pub_credits": 0 }
[GameContext] [Breach] Runner breaches R&D.
[GameContext] [Access] Runner accesses: Vasilisa
[GameContext] [End] Run ended successfully.
[GameContext] Street Artist gains 1 credit. (2 total)
[GameContext] Street Artist gains 1 credit. (3 total)
[GameContext] Reality Plus draws Vasilisa.
[GameContext] === Reality Plus Turn 8 begins. Credits: 2, Clicks: 3 ===
[GameContext] Reality Plus pays 1 credit(s) to install ice.
[GameContext] Reality Plus installs Vasilisa in R&D.
[GameContext] Reality Plus gains 1 credit. (2 total)
[GameContext] Reality Plus gains 1 credit. (3 total)
[GameContext] === Street Artist Turn 9 begins. Credits: 3, Clicks: 4 ===
[GameContext] Street Artist gains 1 credit. (4 total)
[GameContext] Street Artist gains 1 credit. (5 total)
[GameContext] Street Artist gains 1 credit. (6 total)
[GameContext] --- Run on R&D begins ---
[GameContext] [Initiation] Run declared on R&D.
[GameContext] [Approach] Runner approaches unrezzed ice (position 0).
[CorpRunAI] AI: rezzing Vasilisa would breach credit floor — holding.
[GameContext] [Approach] Corp declines to rez. Runner passes unrezzed ice.
[GameContext] [Approach] Runner approaches Doomscroll (position 1).
[CorpRunAI] AI: rezzing Vasilisa would breach credit floor — holding.
[GameContext] [Encounter] Runner encounters Doomscroll.
[GameContext] [Encounter] Echelon boosted  +2 str (now 4). Cost: 1 cr.
[GameContext] [Encounter] Echelon breaks 'Give the Runner 1 tag.' for 1 cr.
[GameContext] [Encounter] Echelon breaks 'Do 1 net damage.' for 1 cr.
[GameContext] [Encounter] Echelon breaks 'Do 2 net damage if the Runner has at least 2 tags.' for 1 cr.
[GameContext] [Encounter] Subroutine 0 broken.
[GameContext] [Encounter] Subroutine 1 broken.
[GameContext] [Encounter] Subroutine 2 broken.
[GameContext] [Movement] Runner approaches the server root.
[GameContext] [Success] Run successful on R&D!
[GameContext] [Debug/gain_on_success] run_modifiers at success: { "overclock_credits": 0, "concerto_credits": 0, "bad_pub_credits": 0 }
[GameContext] [Breach] Runner breaches R&D.
[GameContext] [Access] Runner accesses: Artificial Cryptocrash
[GameContext] [Access] Runner steals Artificial Cryptocrash! (2 agenda points)
[GameContext] Runner wins by stealing agendas!
[GameContext] [End] Run ended successfully.
[GameContext] Game over — Street Artist wins. Street Artist stole enough agendas to win
  [  5/ 10]  RUNNER    Street Artist stole enough agendas to win   9 turns
[heartbeat] game 6/10 — turn 0, time 191s
[GameContext] Reality Plus draws Spin Doctor.
[GameContext] === Reality Plus Turn 1 begins. Credits: 5, Clicks: 3 ===
[GameContext] [MCTS] slow search: 350 ms (100 iterations, depth 3)
[GameContext] Reality Plus gains 1 credit. (6 total)
[GameContext] [MCTS] slow search: 378 ms (100 iterations, depth 3)
[GameContext] Reality Plus gains 1 credit. (7 total)
[GameContext] [MCTS] slow search: 323 ms (100 iterations, depth 3)
[GameContext] Reality Plus gains 1 credit. (8 total)
[GameContext] Reality Plus discards Trust Operation to hand limit.
[GameContext] === Street Artist Turn 2 begins. Credits: 5, Clicks: 4 ===
[GameContext] --- Run on R&D begins ---
[GameContext] [Initiation] Run declared on R&D.
[GameContext] [Initiation] No ice protecting server — proceeding to root.
[GameContext] [Movement] Runner approaches the server root.
[GameContext] [Success] Run successful on R&D!
[GameContext] [Debug/gain_on_success] run_modifiers at success: {  }
[GameContext] [Breach] Runner breaches R&D.
[GameContext] [Access] Runner accesses: Chekist Scion
[GameContext] [Access] Runner may trash Chekist Scion for 0 credits (Runner has 5 total).
[GameContext] [Access] Runner trashes Chekist Scion.
[GameContext] [End] Run ended successfully.
[GameContext] Run modifier set: overclock_credits = 5
[GameContext] --- Run on HQ begins ---
[GameContext] [Initiation] Run declared on HQ.
[GameContext] [Initiation] No ice protecting server — proceeding to root.
[GameContext] [Movement] Runner approaches the server root.
[GameContext] [Success] Run successful on HQ!
[GameContext] [Debug/gain_on_success] run_modifiers at success: { "overclock_credits": 5, "run_event_active": 1 }
[GameContext] [Breach] Runner breaches HQ.
[GameContext] [Access] Runner accesses: Artificial Cryptocrash
[GameContext] [Access] Runner steals Artificial Cryptocrash! (2 agenda points)
[GameContext] [End] Run ended successfully.
[GameContext] Overclock: 5 unspent credit(s) returned to the bank.
[GameContext] Street Artist plays Overclock.
[GameContext] --- Run on HQ begins ---
[GameContext] [Initiation] Run declared on HQ.
[GameContext] [Initiation] No ice protecting server — proceeding to root.
[GameContext] [Movement] Runner approaches the server root.
[GameContext] [Success] Run successful on HQ!
[GameContext] [Debug/gain_on_success] run_modifiers at success: {  }
[GameContext] [Breach] Runner breaches HQ.
[GameContext] [Access] Runner accesses: Artificial Cryptocrash
[GameContext] [Access] Runner steals Artificial Cryptocrash! (2 agenda points)
[GameContext] [End] Run ended successfully.
Player install: card is: Propeller and charged cost is: 1
[GameContext] Placed 4 power counter(s) on Propeller.
[GameContext] Street Artist installs Propeller. [MU: 1/4 used]
[GameContext] Reality Plus draws Doomscroll.
[GameContext] === Reality Plus Turn 2 begins. Credits: 8, Clicks: 3 ===
[GameContext] Reality Plus installs Doomscroll in R&D.
[GameContext] Reality Plus gains 1 credit. (9 total)
[GameContext] Reality Plus gains 1 credit. (10 total)
[GameContext] === Street Artist Turn 3 begins. Credits: 3, Clicks: 4 ===
[GameContext] Street Artist plays Pinhole Threading.
[GameContext] Street Artist gains 1 credit. (3 total)
[GameContext] --- Run on R&D begins ---
[GameContext] [Initiation] Run declared on R&D.
[GameContext] [Approach] Runner approaches unrezzed ice (position 0).
[CorpRunAI] AI: Doomscroll — rez_cost=3  tax/enc=11.0  enc=3.0  LTV=33.0
[GameContext] [Rez] Corp rezzes Doomscroll for 3 credits.
[GameContext] [Encounter] Runner encounters Doomscroll.
[GameContext] Street Artist takes 1 tag(s). (1 total)
[GameContext] NBN: Reality Plus — Reality Plus may gain 2 cr or draw 2 cards.
[GameContext] [Wildcat Strike] Corp denies credits — Runner draws instead.
[GameContext] Reality Plus: Reality Plus chooses 'Gain 2 credits'.
[GameContext] Reality Plus gains 2 credits.
[GameContext] Runner takes 1 net damage.
[GameContext]   Trashed from grip: echelon
[GameContext] 1 card(s) trashed from Street Artist's grip.
[GameContext] Subroutine condition not met — no effect.
[GameContext] [Movement] Runner approaches the server root.
[GameContext] [Success] Run successful on R&D!
[GameContext] [Debug/gain_on_success] run_modifiers at success: {  }
[GameContext] [Breach] Runner breaches R&D.
[GameContext] [Access] Runner accesses: Funhouse
[GameContext] [End] Run ended successfully.
[GameContext] --- Run on HQ begins ---
[GameContext] [Initiation] Run declared on HQ.
[GameContext] [Initiation] No ice protecting server — proceeding to root.
[GameContext] [Movement] Runner approaches the server root.
[GameContext] [Success] Run successful on HQ!
[GameContext] [Debug/gain_on_success] run_modifiers at success: {  }
[GameContext] [Breach] Runner breaches HQ.
[GameContext] [Access] Runner accesses: Backroom Machinations
[GameContext] [End] Run ended successfully.
[GameContext] Reality Plus draws Funhouse.
[GameContext] === Reality Plus Turn 3 begins. Credits: 9, Clicks: 3 ===
[GameContext] [MCTS] slow search: 602 ms (100 iterations, depth 3)
[GameContext] Reality Plus installs Funhouse in HQ.
[heartbeat] game 6/10 — turn 3, time 196s
[GameContext] [MCTS] slow search: 549 ms (100 iterations, depth 3)
[GameContext] Reality Plus gains 1 credit. (10 total)
[GameContext] [MCTS] slow search: 549 ms (100 iterations, depth 3)
[GameContext] Reality Plus gains 1 credit. (11 total)
[GameContext] === Street Artist Turn 4 begins. Credits: 3, Clicks: 4 ===
[GameContext] --- Run on HQ begins ---
[GameContext] [Initiation] Run declared on HQ.
[GameContext] [Approach] Runner approaches unrezzed ice (position 0).
[CorpRunAI] AI: Funhouse — rez_cost=5  tax/enc=8.0  enc=3.0  LTV=24.0
[GameContext] [Rez] Corp rezzes Funhouse for 5 credits.
[GameContext] [Encounter] Runner encounters Funhouse.
[GameContext] Street Artist takes 1 tag(s) to continue the run (Funhouse). (2 total)
[GameContext] NBN: Reality Plus — Reality Plus may gain 2 cr or draw 2 cards.
[GameContext] [Wildcat Strike] Corp denies credits — Runner draws instead.
[GameContext] Reality Plus: Reality Plus chooses 'Gain 2 credits'.
[GameContext] Reality Plus gains 2 credits.
[GameContext] Street Artist takes 1 tag (did not pay 4 cr). (3 total)
[GameContext] [Movement] Runner approaches the server root.
[GameContext] [Success] Run successful on HQ!
[GameContext] [Debug/gain_on_success] run_modifiers at success: {  }
[GameContext] [Breach] Runner breaches HQ.
[GameContext] [Access] Runner accesses: Backroom Machinations
[GameContext] [End] Run ended successfully.
[GameContext] Street Artist removes 1 tag (2 remaining). [paid 2cr]
[GameContext] Street Artist gains 1 credit. (2 total)
[GameContext] Street Artist removes 1 tag (1 remaining). [paid 2cr]
[GameContext] Reality Plus draws Ivik.
[GameContext] === Reality Plus Turn 4 begins. Credits: 8, Clicks: 3 ===
[GameContext] [MCTS] slow search: 571 ms (100 iterations, depth 3)
[GameContext] Reality Plus installs Ivik in Server 0.
[GameContext] [MCTS] slow search: 546 ms (100 iterations, depth 3)
[GameContext] Reality Plus draws Drago Ivanov.
[GameContext] [MCTS] slow search: 713 ms (100 iterations, depth 3)
[GameContext] Reality Plus gains 1 credit. (9 total)
[heartbeat] game 6/10 — turn 4, time 201s
[GameContext] === Street Artist Turn 5 begins. Credits: 0, Clicks: 4 ===
[GameContext] Street Artist gains 1 credit. (1 total)
[GameContext] Street Artist gains 1 credit. (2 total)
[GameContext] Street Artist removes 1 tag (0 remaining). [paid 2cr]
[GameContext] Street Artist draws Sure Gamble.
[GameContext] Reality Plus draws Hedge Fund.
[GameContext] === Reality Plus Turn 5 begins. Credits: 9, Clicks: 3 ===
[GameContext] [MCTS] slow search: 575 ms (100 iterations, depth 3)
[GameContext] Reality Plus gains 9 credits.
[GameContext] Reality Plus plays Hedge Fund.
[GameContext] [MCTS] slow search: 451 ms (100 iterations, depth 3)
[GameContext] Reality Plus gains 1 credit. (14 total)
[GameContext] [MCTS] slow search: 431 ms (100 iterations, depth 3)
[GameContext] Reality Plus gains 1 credit. (15 total)
[GameContext] === Street Artist Turn 6 begins. Credits: 0, Clicks: 4 ===
[GameContext] Street Artist draws Unity.
[GameContext] Street Artist draws Overclock.
[GameContext] Street Artist gains 1 credit. (1 total)
[GameContext] Run modifier set: overclock_credits = 5
[GameContext] --- Run on HQ begins ---
[GameContext] [Initiation] Run declared on HQ.
[GameContext] [Approach] Runner approaches Funhouse (position 0).
[GameContext] [Encounter] Runner encounters Funhouse.
[GameContext] Street Artist takes 1 tag(s) to continue the run (Funhouse). (1 total)
[GameContext] NBN: Reality Plus — Reality Plus may gain 2 cr or draw 2 cards.
[GameContext] [Wildcat Strike] Corp denies credits — Runner draws instead.
[GameContext] Reality Plus: Reality Plus chooses 'Gain 2 credits'.
[GameContext] Reality Plus gains 2 credits.
[GameContext] Street Artist takes 1 tag (did not pay 4 cr). (2 total)
[GameContext] [Movement] Runner approaches the server root.
[GameContext] [Success] Run successful on HQ!
[GameContext] [Debug/gain_on_success] run_modifiers at success: { "overclock_credits": 5, "run_event_active": 1 }
[GameContext] [Breach] Runner breaches HQ.
[GameContext] [Access] Runner accesses: Chekist Scion
[GameContext] [Access] Runner may trash Chekist Scion for 0 credits (Runner has 5 total).
[GameContext] [Access] Runner trashes Chekist Scion.
[GameContext] [End] Run ended successfully.
[GameContext] Overclock: 5 unspent credit(s) returned to the bank.
[GameContext] Street Artist plays Overclock.
[GameContext] Reality Plus draws IP Enforcement.
[GameContext] === Reality Plus Turn 6 begins. Credits: 17, Clicks: 3 ===
[GameContext] [MCTS] slow search: 476 ms (100 iterations, depth 3)
[GameContext] Reality Plus installs Drago Ivanov in Server 1.
[GameContext] [MCTS] slow search: 470 ms (100 iterations, depth 3)
[GameContext] Reality Plus draws IP Enforcement.
[GameContext] [MCTS] slow search: 583 ms (100 iterations, depth 3)
[GameContext] Reality Plus gains 1 credit. (18 total)
[heartbeat] game 6/10 — turn 6, time 207s
[GameContext] === Street Artist Turn 7 begins. Credits: 0, Clicks: 4 ===
[GameContext] Street Artist gains 1 credit. (1 total)
[GameContext] Street Artist gains 1 credit. (2 total)
[GameContext] Street Artist gains 1 credit. (3 total)
Player install: card is: Unity and charged cost is: 3
[GameContext] Street Artist installs Unity. [MU: 2/4 used]
[GameContext] Reality Plus draws Vasilisa.
[GameContext] === Reality Plus Turn 7 begins. Credits: 18, Clicks: 3 ===
[GameContext] Reality Plus rezzes Drago Ivanov for 0 cr.
[GameContext] [MCTS] slow search: 387 ms (100 iterations, depth 3)
[GameContext] Reality Plus pays 1 credit(s) to install ice.
[GameContext] Reality Plus installs Vasilisa in HQ.
[GameContext] [MCTS] slow search: 528 ms (100 iterations, depth 3)
[GameContext] Reality Plus draws Doomscroll.
[GameContext] [MCTS] slow search: 777 ms (100 iterations, depth 3)
[GameContext] Reality Plus pays 2 credit(s) to install ice.
[GameContext] Reality Plus installs Doomscroll in HQ.
[GameContext] === Street Artist Turn 8 begins. Credits: 0, Clicks: 4 ===
[GameContext] Street Artist gains 1 credit. (1 total)
[GameContext] Street Artist gains 1 credit. (2 total)
[GameContext] Street Artist removes 1 tag (1 remaining). [paid 2cr]
[GameContext] Street Artist draws Telework Contract.
[GameContext] Reality Plus draws Hedge Fund.
[GameContext] === Reality Plus Turn 8 begins. Credits: 15, Clicks: 3 ===
[GameContext] [MCTS] slow search: 505 ms (100 iterations, depth 3)
[GameContext] Reality Plus draws Retribution.
[GameContext] [MCTS] slow search: 527 ms (100 iterations, depth 3)
[GameContext] IP Enforcement: Corp cannot afford any valid X (tags: 1, credits: 15).
[GameContext] Reality Plus plays IP Enforcement.
[heartbeat] game 6/10 — turn 8, time 212s
[GameContext] [MCTS] slow search: 558 ms (100 iterations, depth 3)
[GameContext] IP Enforcement: Corp cannot afford any valid X (tags: 1, credits: 15).
[GameContext] Reality Plus plays IP Enforcement.
[GameContext] === Street Artist Turn 9 begins. Credits: 0, Clicks: 4 ===
[GameContext] Street Artist gains 1 credit. (1 total)
[GameContext] Street Artist gains 1 credit. (2 total)
[GameContext] Street Artist removes 1 tag (0 remaining). [paid 2cr]
[GameContext] Street Artist draws Conduit.
[GameContext] Reality Plus draws Blood in the Water.
[GameContext] === Reality Plus Turn 9 begins. Credits: 15, Clicks: 3 ===
[GameContext] [MCTS] slow search: 946 ms (100 iterations, depth 3)
[GameContext] Reality Plus installs Blood in the Water in Server 0.
[GameContext] [MCTS] Scoring line detected — executing: Advance blood_in_the_water
[GameContext] Reality Plus advances Blood in the Water (1 counters).
[GameContext] Reality Plus scores Blood in the Water! (2 agenda points)
[GameContext] [MCTS] slow search: 499 ms (100 iterations, depth 3)
[GameContext] Reality Plus gains 1 credit. (15 total)
[GameContext] === Street Artist Turn 10 begins. Credits: 0, Clicks: 4 ===
[GameContext] Street Artist draws DZMZ Optimizer.
[GameContext] Street Artist gains 1 credit. (1 total)
[GameContext] Street Artist gains 1 credit. (2 total)
[GameContext] Street Artist gains 1 credit. (3 total)
[GameContext] Reality Plus draws Spin Doctor.
[GameContext] === Reality Plus Turn 10 begins. Credits: 15, Clicks: 3 ===
[GameContext] [MCTS] slow search: 585 ms (100 iterations, depth 3)
[GameContext] Reality Plus draws Blood in the Water.
[heartbeat] game 6/10 — turn 10, time 217s
[GameContext] [MCTS] slow search: 1173 ms (100 iterations, depth 3)
[GameContext] Reality Plus installs Blood in the Water in Server 0.
[GameContext] [MCTS] Scoring line detected — executing: Advance blood_in_the_water
[GameContext] Reality Plus advances Blood in the Water (1 counters).
[GameContext] Reality Plus scores Blood in the Water! (2 agenda points)
[GameContext] === Street Artist Turn 11 begins. Credits: 3, Clicks: 4 ===
[GameContext] Street Artist gains 1 credit. (4 total)
[GameContext] Street Artist gains 1 credit. (5 total)
[GameContext] Street Artist gains 9 credits.
[GameContext] Street Artist plays Sure Gamble.
[GameContext] Street Artist draws Sure Gamble.
[GameContext] Reality Plus draws Backroom Machinations.
[GameContext] === Reality Plus Turn 11 begins. Credits: 14, Clicks: 3 ===
[GameContext] [MCTS] slow search: 475 ms (100 iterations, depth 3)
[GameContext] Reality Plus draws Funhouse.
[GameContext] [MCTS] slow search: 719 ms (100 iterations, depth 3)
[GameContext] Reality Plus draws Retribution.
[GameContext] [MCTS] slow search: 993 ms (100 iterations, depth 3)
[GameContext] Reality Plus pays 1 credit(s) to install ice.
[GameContext] Reality Plus installs Funhouse in R&D.
[heartbeat] game 6/10 — turn 11, time 222s
[GameContext] Reality Plus discards Retribution to hand limit.
[GameContext] Reality Plus discards Retribution to hand limit.
[GameContext] === Street Artist Turn 12 begins. Credits: 9, Clicks: 4 ===
[GameContext] Street Artist gains 9 credits.
[GameContext] Street Artist plays Sure Gamble.
[GameContext] --- Run on HQ begins ---
[GameContext] [Initiation] Run declared on HQ.
[GameContext] [Approach] Runner approaches unrezzed ice (position 0).
[CorpRunAI] AI: Doomscroll — rez_cost=3  tax/enc=11.0  enc=3.0  LTV=33.0
[GameContext] [Rez] Corp rezzes Doomscroll for 3 credits.
[GameContext] [Encounter] Runner encounters Doomscroll.
[GameContext] Street Artist takes 1 tag(s) to continue the run (Funhouse). (1 total)
[GameContext] NBN: Reality Plus — Reality Plus may gain 2 cr or draw 2 cards.
[GameContext] [Wildcat Strike] Corp denies draws — Runner gains credits instead.
[GameContext] Reality Plus: Reality Plus chooses 'Draw 2 cards'.
[GameContext] Reality Plus draws 2 card(s).
[GameContext] Street Artist takes 1 tag(s). (2 total)
[GameContext] Runner takes 1 net damage.
[GameContext]   Trashed from grip: telework_contract
[GameContext] 1 card(s) trashed from Street Artist's grip.
[GameContext] Runner takes 2 net damage.
[GameContext]   Trashed from grip: conduit
[GameContext]   Trashed from grip: dzmz_optimizer
[GameContext] 2 card(s) trashed from Street Artist's grip.
[GameContext] [Approach] Runner approaches unrezzed ice (position 1).
[GameContext] [Approach] Corp declines to rez. Runner passes unrezzed ice.
[GameContext] [Approach] Runner approaches Funhouse (position 2).
[GameContext] [Encounter] Runner encounters Funhouse.
[GameContext] Street Artist takes 1 tag(s) to continue the run (Funhouse). (3 total)
[GameContext] [Encounter] Unity boosted +4 str (2 icebreakers). Cost: 2 cr.
[GameContext] [Encounter] Unity breaks 'Give the Runner 1 tag unless they pay 4[credit].' for 1 cr.
[GameContext] [Encounter] Subroutine 0 broken.
[GameContext] [Movement] Runner approaches the server root.
[GameContext] [Success] Run successful on HQ!
[GameContext] [Debug/gain_on_success] run_modifiers at success: { "overclock_credits": 0, "concerto_credits": 0, "bad_pub_credits": 0 }
[GameContext] [Breach] Runner breaches HQ.
[GameContext] [Access] Runner accesses: Chekist Scion
[GameContext] [Access] Runner may trash Chekist Scion for 0 credits (Runner has 10 total).
[GameContext] [Access] Runner trashes Chekist Scion.
[GameContext] [End] Run ended successfully.
[GameContext] Street Artist removes 1 tag (2 remaining). [paid 2cr]
[GameContext] Street Artist removes 1 tag (1 remaining). [paid 2cr]
[GameContext] Reality Plus draws Blood in the Water.
[GameContext] === Reality Plus Turn 12 begins. Credits: 10, Clicks: 3 ===
[GameContext] [MCTS] slow search: 510 ms (100 iterations, depth 3)
[GameContext] Reality Plus gains 9 credits.
[GameContext] Reality Plus plays Hedge Fund.
[GameContext] [MCTS] slow search: 485 ms (100 iterations, depth 3)
[GameContext] Reality Plus installs Blood in the Water in Server 0.
[GameContext] [MCTS] Scoring line detected — executing: Advance blood_in_the_water
[GameContext] Reality Plus advances Blood in the Water (1 counters).
[GameContext] Reality Plus scores Blood in the Water! (2 agenda points)
[GameContext] === Street Artist Turn 13 begins. Credits: 6, Clicks: 4 ===
[GameContext] Street Artist removes 1 tag (0 remaining). [paid 2cr]
[GameContext] Street Artist draws Fermenter.
[GameContext] Street Artist draws Dr. Nuka Vrolyck.
[GameContext] Street Artist draws LilyPAD.
[GameContext] Reality Plus draws Ivik.
[GameContext] === Reality Plus Turn 13 begins. Credits: 13, Clicks: 3 ===
[GameContext] [MCTS] slow search: 465 ms (100 iterations, depth 3)
[GameContext] Reality Plus installs Regolith Mining License in Server 2.
[GameContext] [MCTS] slow search: 427 ms (100 iterations, depth 3)
[GameContext] Reality Plus pays 2 credit(s) to install ice.
[GameContext] Reality Plus installs Ivik in R&D.
[GameContext] [MCTS] slow search: 372 ms (100 iterations, depth 3)
[GameContext] Reality Plus gains 1 credit. (12 total)
[heartbeat] game 6/10 — turn 13, time 227s
[GameContext] === Street Artist Turn 14 begins. Credits: 4, Clicks: 4 ===
[GameContext] Street Artist draws Deep Dive.
[GameContext] Street Artist gains 1 credit. (5 total)
[GameContext] Street Artist gains 1 credit. (6 total)
[GameContext] Street Artist gains 1 credit. (7 total)
[GameContext] Reality Plus draws Trust Operation.
[GameContext] === Reality Plus Turn 14 begins. Credits: 12, Clicks: 3 ===
[GameContext] Placed 15 credits counter(s) on Regolith Mining License.
[GameContext] Reality Plus rezzes Regolith Mining License for 2 cr.
[GameContext] [MCTS] slow search: 284 ms (100 iterations, depth 3)
[GameContext] Reality Plus installs Spin Doctor in Server 3.
[GameContext] [MCTS] slow search: 336 ms (100 iterations, depth 3)
[GameContext] Reality Plus takes 3 cr from Regolith Mining License (12 remaining).
[GameContext] [MCTS] slow search: 406 ms (100 iterations, depth 3)
[GameContext] Reality Plus takes 3 cr from Regolith Mining License (9 remaining).
[GameContext] === Street Artist Turn 15 begins. Credits: 7, Clicks: 4 ===
[GameContext] Street Artist gains 1 credit. (8 total)
[GameContext] Street Artist gains 1 credit. (9 total)
[GameContext] Street Artist gains 1 credit. (10 total)
[GameContext] Street Artist gains 1 credit. (11 total)
[GameContext] Reality Plus draws Hedge Fund.
[GameContext] === Reality Plus Turn 15 begins. Credits: 16, Clicks: 3 ===
[GameContext] Reality Plus draws 2 card(s).
[GameContext] Reality Plus rezzes Spin Doctor for 0 cr.
[GameContext] [MCTS] slow search: 600 ms (100 iterations, depth 3)
[GameContext] Reality Plus installs Spin Doctor in Server 0.
[GameContext] [MCTS] slow search: 534 ms (100 iterations, depth 3)
[GameContext] Reality Plus draws Artificial Cryptocrash.
[GameContext] [MCTS] slow search: 669 ms (100 iterations, depth 3)
[GameContext] Reality Plus installs Vasilisa in Server 4.
[heartbeat] game 6/10 — turn 15, time 233s
[GameContext] Reality Plus discards Trust Operation to hand limit.
[GameContext] === Street Artist Turn 16 begins. Credits: 11, Clicks: 4 ===
[GameContext] Street Artist gains 1 credit. (12 total)
[GameContext] Street Artist gains 1 credit. (13 total)
[GameContext] Street Artist gains 1 credit. (14 total)
[GameContext] Street Artist gains 1 credit. (15 total)
[GameContext] Reality Plus draws Drago Ivanov.
[GameContext] === Reality Plus Turn 16 begins. Credits: 16, Clicks: 3 ===
[GameContext] Reality Plus draws 2 card(s).
[GameContext] Reality Plus rezzes Spin Doctor for 0 cr.
[GameContext] [◆ Unique] Duplicate Spin Doctor trashed (cannot be prevented).
[GameContext] [MCTS] slow search: 210 ms (100 iterations, depth 3)
[GameContext] Reality Plus installs Artificial Cryptocrash in Server 4.
[GameContext] Reality Plus advances Artificial Cryptocrash (1 counters).
[GameContext] Reality Plus advances Artificial Cryptocrash (2 counters).
[GameContext] Reality Plus discards Backroom Machinations to hand limit.
[GameContext] Reality Plus discards Backroom Machinations to hand limit.
[GameContext] === Street Artist Turn 17 begins. Credits: 15, Clicks: 4 ===
[GameContext] --- Run on Server 4 begins ---
[GameContext] [Initiation] Run declared on Server 4.
[GameContext] [Approach] Runner approaches unrezzed ice (position 0).
[CorpRunAI] AI: Vasilisa — rez_cost=2  tax/enc=6.0  enc=2.5  LTV=15.0
[GameContext] [Rez] Corp rezzes Vasilisa for 2 credits.
[GameContext] [Encounter] Runner encounters Vasilisa.
[GameContext] Street Artist takes 1 tag(s) to continue the run (Funhouse). (1 total)
[GameContext] NBN: Reality Plus — Reality Plus may gain 2 cr or draw 2 cards.
[GameContext] [Wildcat Strike] Corp denies draws — Runner gains credits instead.
[GameContext] Reality Plus: Reality Plus chooses 'Draw 2 cards'.
[GameContext] Reality Plus deck empty — cannot draw.
[GameContext] Reality Plus draws 0 card(s).
[GameContext] Street Artist takes 1 tag(s). (2 total)
[GameContext] [Movement] Runner approaches the server root.
[GameContext] [Success] Run successful on Server 4!
[GameContext] [Debug/gain_on_success] run_modifiers at success: {  }
[GameContext] [Breach] Runner breaches Server 4.
[GameContext] [Access] Runner accesses: Artificial Cryptocrash
[GameContext] [Access] Runner steals Artificial Cryptocrash! (2 agenda points)
[GameContext] [End] Run ended successfully.
[GameContext] Street Artist removes 1 tag (1 remaining). [paid 2cr]
[GameContext] Street Artist removes 1 tag (0 remaining). [paid 2cr]
[GameContext] Street Artist gains 1 credit. (12 total)
[GameContext] Reality Plus deck is empty — Reality Plus loses!
[GameContext] Game over — Street Artist wins. Corp could not draw (empty R&D)
[GameContext] === Reality Plus Turn 17 begins. Credits: 12, Clicks: 3 ===
  [  6/ 10]  RUNNER    Corp could not draw (empty R&D)   17 turns
[GameContext] Reality Plus draws Hedge Fund.
[GameContext] === Reality Plus Turn 1 begins. Credits: 5, Clicks: 3 ===
[GameContext] [MCTS] slow search: 475 ms (100 iterations, depth 3)
[GameContext] Reality Plus gains 9 credits.
[GameContext] Reality Plus plays Hedge Fund.
[GameContext] [MCTS] slow search: 436 ms (100 iterations, depth 3)
[GameContext] Reality Plus gains 1 credit. (10 total)
[GameContext] [MCTS] slow search: 453 ms (100 iterations, depth 3)
[GameContext] Reality Plus gains 1 credit. (11 total)
[heartbeat] game 7/10 — turn 1, time 238s
[GameContext] === Street Artist Turn 2 begins. Credits: 5, Clicks: 4 ===
[GameContext] --- Run on HQ begins ---
[GameContext] [Initiation] Run declared on HQ.
[GameContext] [Initiation] No ice protecting server — proceeding to root.
[GameContext] [Movement] Runner approaches the server root.
[GameContext] [Success] Run successful on HQ!
[GameContext] [Debug/gain_on_success] run_modifiers at success: {  }
[GameContext] [Breach] Runner breaches HQ.
[GameContext] [Access] Runner accesses: Chekist Scion
[GameContext] [Access] Runner may trash Chekist Scion for 0 credits (Runner has 5 total).
[GameContext] [Access] Runner trashes Chekist Scion.
[GameContext] [End] Run ended successfully.
[GameContext] --- Run on R&D begins ---
[GameContext] [Initiation] Run declared on R&D.
[GameContext] [Initiation] No ice protecting server — proceeding to root.
[GameContext] [Movement] Runner approaches the server root.
[GameContext] [Success] Run successful on R&D!
[GameContext] [Debug/gain_on_success] run_modifiers at success: {  }
[GameContext] [Breach] Runner breaches R&D.
[GameContext] [Access] Runner accesses: Blood in the Water
[GameContext] [Access] Runner steals Blood in the Water! (2 agenda points)
[GameContext] [End] Run ended successfully.
[GameContext] Street Artist draws Environmental Testing.
[GameContext] Street Artist draws Overclock.
[GameContext] Street Artist discards Environmental Testing to hand limit. (5 cards remaining)
[GameContext] Street Artist discards Overclock to hand limit. (5 cards remaining)
[GameContext] Reality Plus draws Trust Operation.
[GameContext] === Reality Plus Turn 2 begins. Credits: 11, Clicks: 3 ===
[GameContext] Reality Plus gains 1 credit. (12 total)
[GameContext] Reality Plus gains 1 credit. (13 total)
[GameContext] Reality Plus gains 1 credit. (14 total)
[GameContext] === Street Artist Turn 3 begins. Credits: 5, Clicks: 4 ===
[GameContext] --- Run on HQ begins ---
[GameContext] [Initiation] Run declared on HQ.
[GameContext] [Initiation] No ice protecting server — proceeding to root.
[GameContext] [Movement] Runner approaches the server root.
[GameContext] [Success] Run successful on HQ!
[GameContext] [Debug/gain_on_success] run_modifiers at success: {  }
[GameContext] [Breach] Runner breaches HQ.
[GameContext] [Access] Runner accesses: Trust Operation
[GameContext] [End] Run ended successfully.
[GameContext] --- Run on R&D begins ---
[GameContext] [Initiation] Run declared on R&D.
[GameContext] [Initiation] No ice protecting server — proceeding to root.
[GameContext] [Movement] Runner approaches the server root.
[GameContext] [Success] Run successful on R&D!
[GameContext] [Debug/gain_on_success] run_modifiers at success: {  }
[GameContext] [Breach] Runner breaches R&D.
[GameContext] [Access] Runner accesses: Chekist Scion
[GameContext] [Access] Runner may trash Chekist Scion for 0 credits (Runner has 5 total).
[GameContext] [Access] Runner trashes Chekist Scion.
[GameContext] [End] Run ended successfully.
[GameContext] Street Artist draws Telework Contract.
[GameContext] Street Artist draws Pinhole Threading.
[GameContext] Street Artist discards Telework Contract to hand limit. (5 cards remaining)
[GameContext] Street Artist discards Pinhole Threading to hand limit. (5 cards remaining)
[GameContext] Reality Plus draws Retribution.
[GameContext] === Reality Plus Turn 3 begins. Credits: 14, Clicks: 3 ===
[GameContext] Reality Plus installs Spin Doctor in Server 0.
[GameContext] Reality Plus gains 1 credit. (15 total)
[GameContext] Reality Plus draws Vasilisa.
[GameContext] Reality Plus discards Trust Operation to hand limit.
[GameContext] === Street Artist Turn 4 begins. Credits: 5, Clicks: 4 ===
[GameContext] --- Run on HQ begins ---
[GameContext] [Initiation] Run declared on HQ.
[GameContext] [Initiation] No ice protecting server — proceeding to root.
[GameContext] [Movement] Runner approaches the server root.
[GameContext] [Success] Run successful on HQ!
[GameContext] [Debug/gain_on_success] run_modifiers at success: {  }
[GameContext] [Breach] Runner breaches HQ.
[GameContext] [Access] Runner accesses: IP Enforcement
[GameContext] [End] Run ended successfully.
[GameContext] --- Run on R&D begins ---
[GameContext] [Initiation] Run declared on R&D.
[GameContext] [Initiation] No ice protecting server — proceeding to root.
[GameContext] [Movement] Runner approaches the server root.
[GameContext] [Success] Run successful on R&D!
[GameContext] [Debug/gain_on_success] run_modifiers at success: {  }
[GameContext] [Breach] Runner breaches R&D.
[GameContext] [Access] Runner accesses: Doomscroll
[GameContext] [End] Run ended successfully.
[GameContext] Street Artist draws Simulchip.
[GameContext] Street Artist draws Sure Gamble.
[GameContext] Street Artist discards Deep Dive to hand limit. (5 cards remaining)
[GameContext] Street Artist discards Sure Gamble to hand limit. (5 cards remaining)
[GameContext] Reality Plus draws Doomscroll.
[GameContext] === Reality Plus Turn 4 begins. Credits: 15, Clicks: 3 ===
[GameContext] Reality Plus draws 2 card(s).
[GameContext] Reality Plus rezzes Spin Doctor for 0 cr.
[GameContext] [MCTS] slow search: 844 ms (100 iterations, depth 3)
[GameContext] Reality Plus installs Doomscroll in R&D.
[GameContext] [MCTS] slow search: 982 ms (100 iterations, depth 3)
[GameContext] Reality Plus installs Ivik in Server 1.
[heartbeat] game 7/10 — turn 4, time 244s
[GameContext] [MCTS] slow search: 1103 ms (100 iterations, depth 3)
[GameContext] Reality Plus draws Hedge Fund.
[GameContext] Reality Plus discards IP Enforcement to hand limit.
[GameContext] Reality Plus discards Trust Operation to hand limit.
[GameContext] === Street Artist Turn 5 begins. Credits: 5, Clicks: 4 ===
[GameContext] --- Run on R&D begins ---
[GameContext] [Initiation] Run declared on R&D.
[GameContext] [Approach] Runner approaches unrezzed ice (position 0).
[CorpRunAI] AI: Doomscroll — rez_cost=3  tax/enc=11.0  enc=3.0  LTV=33.0
[GameContext] [Rez] Corp rezzes Doomscroll for 3 credits.
[GameContext] [Encounter] Runner encounters Doomscroll.
[GameContext] Street Artist takes 1 tag(s). (1 total)
[GameContext] NBN: Reality Plus — Reality Plus may gain 2 cr or draw 2 cards.
[GameContext] [Wildcat Strike] Corp denies draws — Runner gains credits instead.
[GameContext] Reality Plus: Reality Plus chooses 'Draw 2 cards'.
[GameContext] Reality Plus draws 2 card(s).
[GameContext] Runner takes 1 net damage.
[GameContext]   Trashed from grip: simulchip
[GameContext] 1 card(s) trashed from Street Artist's grip.
[GameContext] Subroutine condition not met — no effect.
[GameContext] [Movement] Runner approaches the server root.
[GameContext] [Success] Run successful on R&D!
[GameContext] [Debug/gain_on_success] run_modifiers at success: {  }
[GameContext] [Breach] Runner breaches R&D.
[GameContext] [Access] Runner accesses: Ivik
[GameContext] [End] Run ended successfully.
[GameContext] Street Artist draws Sure Gamble.
[GameContext] --- Run on HQ begins ---
[GameContext] [Initiation] Run declared on HQ.
[GameContext] [Initiation] No ice protecting server — proceeding to root.
[GameContext] [Movement] Runner approaches the server root.
[GameContext] [Success] Run successful on HQ!
[GameContext] [Debug/gain_on_success] run_modifiers at success: {  }
[GameContext] [Breach] Runner breaches HQ.
[GameContext] [Access] Runner accesses: Regolith Mining License
[GameContext] [Access] Runner may trash Regolith Mining License for 3 credits (Runner has 5 total).
[GameContext] [Access] Runner trashes Regolith Mining License.
[GameContext] [End] Run ended successfully.
[GameContext] Street Artist removes 1 tag (0 remaining). [paid 2cr]
[GameContext] Reality Plus draws Ivik.
[GameContext] === Reality Plus Turn 5 begins. Credits: 12, Clicks: 3 ===
[GameContext] [MCTS] slow search: 1196 ms (100 iterations, depth 3)
[GameContext] Reality Plus installs Vasilisa in HQ.
[GameContext] [MCTS] slow search: 1114 ms (100 iterations, depth 3)
[GameContext] Reality Plus installs Artificial Cryptocrash in Server 1.
[heartbeat] game 7/10 — turn 5, time 249s
[GameContext] [MCTS] slow search: 1150 ms (100 iterations, depth 3)
[GameContext] Reality Plus advances Artificial Cryptocrash (1 counters).
[GameContext] === Street Artist Turn 6 begins. Credits: 0, Clicks: 4 ===
[GameContext] Street Artist draws Simulchip.
[GameContext] Street Artist draws Telework Contract.
[GameContext] Street Artist draws Propeller.
[GameContext] Street Artist gains 1 credit. (1 total)
[GameContext] Street Artist discards Telework Contract to hand limit. (5 cards remaining)
[GameContext] Street Artist discards Sure Gamble to hand limit. (5 cards remaining)
[GameContext] Street Artist discards Simulchip to hand limit. (5 cards remaining)
[GameContext] Reality Plus draws Spin Doctor.
[GameContext] === Reality Plus Turn 6 begins. Credits: 11, Clicks: 3 ===
[GameContext] [MCTS] Scoring line detected — executing: Advance artificial_cryptocrash
[GameContext] Reality Plus advances Artificial Cryptocrash (2 counters).
[GameContext] [MCTS] Scoring line detected — executing: Advance artificial_cryptocrash
[GameContext] Reality Plus advances Artificial Cryptocrash (3 counters).
[GameContext] [MCTS] Scoring line detected — executing: Advance artificial_cryptocrash
[GameContext] Reality Plus advances Artificial Cryptocrash (4 counters).
[GameContext] Reality Plus scores Artificial Cryptocrash! (2 agenda points)
[GameContext] Street Artist loses 1 credits.
[GameContext] Reality Plus discards Retribution to hand limit.
[GameContext] === Street Artist Turn 7 begins. Credits: 0, Clicks: 4 ===
[GameContext] Street Artist gains 1 credit. (1 total)
Player install: card is: Propeller and charged cost is: 1
[GameContext] Placed 4 power counter(s) on Propeller.
[GameContext] Street Artist installs Propeller. [MU: 1/4 used]
[GameContext] Street Artist draws Propeller.
[GameContext] Street Artist draws Deep Dive.
[GameContext] Street Artist discards Deep Dive to hand limit. (5 cards remaining)
[GameContext] Reality Plus draws Blood in the Water.
[GameContext] === Reality Plus Turn 7 begins. Credits: 8, Clicks: 3 ===
[GameContext] [MCTS] slow search: 752 ms (100 iterations, depth 3)
[GameContext] Reality Plus gains 9 credits.
[GameContext] Reality Plus plays Hedge Fund.
[GameContext] [MCTS] slow search: 820 ms (100 iterations, depth 3)
[GameContext] Reality Plus pays 1 credit(s) to install ice.
[GameContext] Reality Plus installs Ivik in HQ.
[heartbeat] game 7/10 — turn 7, time 254s
[GameContext] [MCTS] slow search: 791 ms (100 iterations, depth 3)
[GameContext] Reality Plus installs Blood in the Water in Server 1.
[GameContext] === Street Artist Turn 8 begins. Credits: 0, Clicks: 4 ===
[GameContext] Street Artist draws Environmental Testing.
[GameContext] Street Artist draws Sure Gamble.
[GameContext] Street Artist draws Pinhole Threading.
[GameContext] Street Artist gains 1 credit. (1 total)
[GameContext] Street Artist discards Environmental Testing to hand limit. (5 cards remaining)
[GameContext] Street Artist discards Pinhole Threading to hand limit. (5 cards remaining)
[GameContext] Street Artist discards Sure Gamble to hand limit. (5 cards remaining)
[GameContext] Reality Plus draws Spin Doctor.
[GameContext] === Reality Plus Turn 8 begins. Credits: 11, Clicks: 3 ===
[GameContext] [MCTS] Scoring line detected — executing: Advance blood_in_the_water
[GameContext] Reality Plus advances Blood in the Water (1 counters).
[GameContext] Reality Plus scores Blood in the Water! (2 agenda points)
[GameContext] [MCTS] slow search: 581 ms (100 iterations, depth 3)
[GameContext] Reality Plus pays 1 credit(s) to install ice.
[GameContext] Reality Plus installs Funhouse in R&D.
[GameContext] [MCTS] slow search: 501 ms (100 iterations, depth 3)
[GameContext] Reality Plus draws Blood in the Water.
[GameContext] === Street Artist Turn 9 begins. Credits: 1, Clicks: 4 ===
[GameContext] Street Artist draws Fermenter.
[GameContext] Street Artist draws Conduit.
[GameContext] Street Artist draws DZMZ Optimizer.
[GameContext] Street Artist gains 1 credit. (2 total)
[GameContext] Street Artist discards DZMZ Optimizer to hand limit. (5 cards remaining)
[GameContext] Street Artist discards LilyPAD to hand limit. (5 cards remaining)
[GameContext] Street Artist discards Self-modifying Code to hand limit. (5 cards remaining)
[GameContext] Reality Plus draws Chekist Scion.
[GameContext] === Reality Plus Turn 9 begins. Credits: 9, Clicks: 3 ===
[GameContext] [MCTS] slow search: 1070 ms (100 iterations, depth 3)
[heartbeat] game 7/10 — turn 9, time 259s
[GameContext] Reality Plus installs Blood in the Water in Server 1.
[GameContext] [MCTS] Scoring line detected — executing: Advance blood_in_the_water
[GameContext] Reality Plus advances Blood in the Water (1 counters).
[GameContext] Reality Plus scores Blood in the Water! (2 agenda points)
[GameContext] [MCTS] slow search: 648 ms (100 iterations, depth 3)
[GameContext] Spin Doctor: shuffled 2 card(s) from Archives into R&D.
[GameContext] Spin Doctor is trashed.
[GameContext] === Street Artist Turn 10 begins. Credits: 2, Clicks: 4 ===
[GameContext] Street Artist draws Simulchip.
[GameContext] Street Artist draws Environmental Testing.
[GameContext] Street Artist draws Daily Casts.
[GameContext] Street Artist gains 1 credit. (3 total)
[GameContext] Street Artist discards Environmental Testing to hand limit. (5 cards remaining)
[GameContext] Street Artist discards Daily Casts to hand limit. (5 cards remaining)
[GameContext] Street Artist discards Simulchip to hand limit. (5 cards remaining)
[GameContext] Reality Plus draws Funhouse.
[GameContext] === Reality Plus Turn 10 begins. Credits: 8, Clicks: 3 ===
[GameContext] [MCTS] slow search: 695 ms (100 iterations, depth 3)
[GameContext] Reality Plus gains 1 credit. (9 total)
[GameContext] [MCTS] slow search: 677 ms (100 iterations, depth 3)
[GameContext] Reality Plus pays 2 credit(s) to install ice.
[GameContext] Reality Plus installs Funhouse in R&D.
[GameContext] [MCTS] slow search: 488 ms (100 iterations, depth 3)
[GameContext] Reality Plus gains 1 credit. (8 total)
[heartbeat] game 7/10 — turn 10, time 264s
[GameContext] === Street Artist Turn 11 begins. Credits: 3, Clicks: 4 ===
[GameContext] Street Artist draws Overclock.
[GameContext] Run modifier set: overclock_credits = 5
[GameContext] --- Run on HQ begins ---
[GameContext] [Initiation] Run declared on HQ.
[GameContext] [Approach] Runner approaches unrezzed ice (position 0).
[CorpRunAI] AI: rezzing Ivik would breach credit floor — holding.
[GameContext] [Approach] Corp declines to rez. Runner passes unrezzed ice.
[GameContext] [Approach] Runner approaches unrezzed ice (position 1).
[CorpRunAI] AI: rezzing Ivik would breach credit floor — holding.
[GameContext] [Approach] Corp declines to rez. Runner passes unrezzed ice.
[GameContext] [Movement] Runner approaches the server root.
[GameContext] [Success] Run successful on HQ!
[GameContext] [Debug/gain_on_success] run_modifiers at success: { "overclock_credits": 5, "run_event_active": 1 }
[GameContext] [Breach] Runner breaches HQ.
[GameContext] [Access] Runner accesses: Spin Doctor
[GameContext] [Access] Runner may trash Spin Doctor for 2 credits (Runner has 7 total).
[GameContext] [Access] Runner trashes Spin Doctor.
[GameContext] [End] Run ended successfully.
[GameContext] Overclock: 3 unspent credit(s) returned to the bank.
[GameContext] Street Artist plays Overclock.
[GameContext] Street Artist draws Unity.
[GameContext] Street Artist draws Creative Commission.
[GameContext] Street Artist discards Creative Commission to hand limit. (5 cards remaining)
[GameContext] Street Artist discards Fermenter to hand limit. (5 cards remaining)
[GameContext] Reality Plus draws Chekist Scion.
[GameContext] === Reality Plus Turn 11 begins. Credits: 8, Clicks: 3 ===
[GameContext] [MCTS] slow search: 481 ms (100 iterations, depth 3)
[GameContext] Reality Plus gains 1 credit. (9 total)
[GameContext] [MCTS] slow search: 465 ms (100 iterations, depth 3)
[GameContext] Reality Plus gains 1 credit. (10 total)
[GameContext] [MCTS] slow search: 492 ms (100 iterations, depth 3)
[GameContext] Reality Plus gains 1 credit. (11 total)
[GameContext] === Street Artist Turn 12 begins. Credits: 2, Clicks: 4 ===
[GameContext] Street Artist gains 1 credit. (3 total)
[GameContext] Street Artist draws DZMZ Optimizer.
Player install: card is: Unity and charged cost is: 3
[GameContext] Street Artist installs Unity. [MU: 2/4 used]
[GameContext] Street Artist draws Daily Casts.
[GameContext] Street Artist discards Daily Casts to hand limit. (5 cards remaining)
[GameContext] Reality Plus draws Retribution.
[GameContext] === Reality Plus Turn 12 begins. Credits: 11, Clicks: 3 ===
[GameContext] [MCTS] slow search: 578 ms (100 iterations, depth 3)
[GameContext] Reality Plus gains 1 credit. (12 total)
[GameContext] [MCTS] slow search: 561 ms (100 iterations, depth 3)
[GameContext] Reality Plus installs Chekist Scion in Server 0.
[heartbeat] game 7/10 — turn 12, time 269s
[GameContext] [MCTS] slow search: 482 ms (100 iterations, depth 3)
[GameContext] Reality Plus gains 1 credit. (13 total)
[GameContext] === Street Artist Turn 13 begins. Credits: 0, Clicks: 4 ===
[GameContext] Street Artist draws Echelon.
[GameContext] Street Artist draws Overclock.
[GameContext] Street Artist gains 1 credit. (1 total)
[GameContext] Run modifier set: overclock_credits = 5
[GameContext] --- Run on HQ begins ---
[GameContext] [Initiation] Run declared on HQ.
[GameContext] [Approach] Runner approaches unrezzed ice (position 0).
[CorpRunAI] AI: Ivik — rez_cost=7  tax/enc=5.0  enc=3.0  LTV=15.0
[CorpRunAI] AI: deferring Ivik (pri=4.29) — saving for Funhouse on rd (pri=6.00)
[GameContext] [Approach] Corp declines to rez. Runner passes unrezzed ice.
[GameContext] [Approach] Runner approaches unrezzed ice (position 1).
[CorpRunAI] AI: Ivik — rez_cost=7  tax/enc=5.0  enc=3.0  LTV=15.0
[CorpRunAI] AI: deferring Ivik (pri=4.29) — saving for Funhouse on rd (pri=6.00)
[GameContext] [Approach] Corp declines to rez. Runner passes unrezzed ice.
[GameContext] [Movement] Runner approaches the server root.
[GameContext] [Success] Run successful on HQ!
[GameContext] [Debug/gain_on_success] run_modifiers at success: { "overclock_credits": 5, "run_event_active": 1 }
[GameContext] [Breach] Runner breaches HQ.
[GameContext] [Access] Runner accesses: Retribution
[GameContext] [End] Run ended successfully.
[GameContext] Overclock: 5 unspent credit(s) returned to the bank.
[GameContext] Street Artist plays Overclock.
[GameContext] Street Artist discards DZMZ Optimizer to hand limit. (5 cards remaining)
[GameContext] Reality Plus draws Backroom Machinations.
[GameContext] === Reality Plus Turn 13 begins. Credits: 13, Clicks: 3 ===
[GameContext] Reality Plus rezzes Chekist Scion for 0 cr.
[GameContext] [MCTS] slow search: 684 ms (100 iterations, depth 3)
[GameContext] Reality Plus installs Spin Doctor in Server 1.
[GameContext] [MCTS] slow search: 425 ms (100 iterations, depth 3)
[GameContext] Reality Plus draws Artificial Cryptocrash.
[GameContext] [MCTS] slow search: 729 ms (100 iterations, depth 3)
[GameContext] Reality Plus draws IP Enforcement.
[GameContext] Reality Plus discards IP Enforcement to hand limit.
[GameContext] === Street Artist Turn 14 begins. Credits: 0, Clicks: 4 ===
[GameContext] Street Artist draws DZMZ Optimizer.
[GameContext] Street Artist draws Creative Commission.
[GameContext] Street Artist draws Self-modifying Code.
[GameContext] Street Artist gains 1 credit. (1 total)
[GameContext] Street Artist discards Creative Commission to hand limit. (5 cards remaining)
[GameContext] Street Artist discards DZMZ Optimizer to hand limit. (5 cards remaining)
[GameContext] Street Artist discards Self-modifying Code to hand limit. (5 cards remaining)
[GameContext] Reality Plus draws Hedge Fund.
[GameContext] === Reality Plus Turn 14 begins. Credits: 13, Clicks: 3 ===
[GameContext] Reality Plus draws 2 card(s).
[GameContext] Reality Plus rezzes Spin Doctor for 0 cr.
[GameContext] [MCTS] slow search: 1040 ms (100 iterations, depth 3)
[heartbeat] game 7/10 — turn 14, time 275s
[GameContext] Reality Plus gains 1 credit. (14 total)
[GameContext] [MCTS] slow search: 1279 ms (100 iterations, depth 3)
[GameContext] Reality Plus gains 1 credit. (15 total)
[GameContext] [MCTS] slow search: 1288 ms (100 iterations, depth 3)
[GameContext] Reality Plus draws Doomscroll.
[GameContext] Reality Plus discards Retribution to hand limit.
[GameContext] Reality Plus discards Backroom Machinations to hand limit.
[GameContext] Reality Plus discards Backroom Machinations to hand limit.
[GameContext] Reality Plus discards Hedge Fund to hand limit.
[GameContext] === Street Artist Turn 15 begins. Credits: 1, Clicks: 4 ===
[GameContext] Street Artist gains 1 credit. (2 total)
[GameContext] Street Artist gains 1 credit. (3 total)
Player install: card is: Echelon and charged cost is: 3
[GameContext] Street Artist installs Echelon. [MU: 3/4 used]
[GameContext] Street Artist draws Unity.
[GameContext] Reality Plus draws Hedge Fund.
[GameContext] === Reality Plus Turn 15 begins. Credits: 15, Clicks: 3 ===
[GameContext] Reality Plus installs Doomscroll in Server 2.
[GameContext] [MCTS] slow search: 326 ms (100 iterations, depth 3)
[GameContext] Reality Plus gains 9 credits.
[GameContext] Reality Plus plays Hedge Fund.
[heartbeat] game 7/10 — turn 15, time 280s
[GameContext] [MCTS] slow search: 333 ms (100 iterations, depth 3)
[GameContext] Reality Plus gains 1 credit. (20 total)
[GameContext] === Street Artist Turn 16 begins. Credits: 0, Clicks: 4 ===
[GameContext] Street Artist draws Telework Contract.
[GameContext] Street Artist draws Dr. Nuka Vrolyck.
[GameContext] Street Artist draws Creative Commission.
[GameContext] Street Artist gains 1 credit. (1 total)
[GameContext] Street Artist discards Telework Contract to hand limit. (5 cards remaining)
[GameContext] Street Artist discards Dr. Nuka Vrolyck to hand limit. (5 cards remaining)
[GameContext] Street Artist discards Creative Commission to hand limit. (5 cards remaining)
[GameContext] Reality Plus draws Regolith Mining License.
[GameContext] === Reality Plus Turn 16 begins. Credits: 20, Clicks: 3 ===
[GameContext] [MCTS] slow search: 212 ms (100 iterations, depth 3)
[GameContext] Reality Plus draws Artificial Cryptocrash.
[GameContext] [MCTS] slow search: 347 ms (100 iterations, depth 3)
[GameContext] Reality Plus installs Chekist Scion in Server 3.
[GameContext] [MCTS] slow search: 382 ms (100 iterations, depth 3)
[GameContext] Reality Plus installs Drago Ivanov in Server 2.
[GameContext] === Street Artist Turn 17 begins. Credits: 1, Clicks: 4 ===
[GameContext] Street Artist draws LilyPAD.
[GameContext] Street Artist gains 1 credit. (2 total)
[GameContext] Street Artist draws Daily Casts.
[GameContext] Street Artist draws Echelon.
[GameContext] Street Artist discards Daily Casts to hand limit. (5 cards remaining)
[GameContext] Street Artist discards LilyPAD to hand limit. (5 cards remaining)
[GameContext] Street Artist discards Propeller to hand limit. (5 cards remaining)
[GameContext] Reality Plus draws Vasilisa.
[GameContext] === Reality Plus Turn 17 begins. Credits: 20, Clicks: 3 ===
[GameContext] Reality Plus rezzes Drago Ivanov for 0 cr.
[GameContext] Reality Plus rezzes Chekist Scion for 0 cr.
[GameContext] Reality Plus installs Artificial Cryptocrash in Server 4.
[GameContext] [MCTS] slow search: 1494 ms (100 iterations, depth 3)
[GameContext] Reality Plus advances Artificial Cryptocrash (1 counters).
[heartbeat] game 7/10 — turn 17, time 285s
[GameContext] [MCTS] slow search: 1712 ms (100 iterations, depth 3)
[GameContext] Reality Plus draws Backroom Machinations.
[GameContext] === Street Artist Turn 18 begins. Credits: 2, Clicks: 4 ===
[GameContext] --- Run on Server 4 begins ---
[GameContext] [Initiation] Run declared on Server 4.
[GameContext] [Initiation] No ice protecting server — proceeding to root.
[GameContext] [Movement] Runner approaches the server root.
[GameContext] [Success] Run successful on Server 4!
[GameContext] [Debug/gain_on_success] run_modifiers at success: {  }
[GameContext] [Breach] Runner breaches Server 4.
[GameContext] [Access] Runner accesses: Artificial Cryptocrash
[GameContext] [Access] Runner steals Artificial Cryptocrash! (2 agenda points)
[GameContext] [End] Run ended successfully.
[GameContext] Street Artist draws Deep Dive.
[GameContext] Street Artist draws Self-modifying Code.
[GameContext] Street Artist draws Propeller.
[GameContext] Street Artist discards Deep Dive to hand limit. (5 cards remaining)
[GameContext] Street Artist discards Self-modifying Code to hand limit. (5 cards remaining)
[GameContext] Street Artist discards Fermenter to hand limit. (5 cards remaining)
[GameContext] Reality Plus deck is empty — Reality Plus loses!
[GameContext] Game over — Street Artist wins. Corp could not draw (empty R&D)
[GameContext] === Reality Plus Turn 18 begins. Credits: 19, Clicks: 3 ===
  [  7/ 10]  RUNNER    Corp could not draw (empty R&D)   18 turns
[GameContext] Reality Plus draws Backroom Machinations.
[GameContext] === Reality Plus Turn 1 begins. Credits: 5, Clicks: 3 ===
[GameContext] [MCTS] slow search: 558 ms (100 iterations, depth 3)
[GameContext] Reality Plus installs Blood in the Water in Server 0.
[GameContext] [MCTS] Scoring line detected — executing: Advance blood_in_the_water
[GameContext] Reality Plus advances Blood in the Water (1 counters).
[GameContext] Reality Plus scores Blood in the Water! (2 agenda points)
[GameContext] [MCTS] slow search: 451 ms (100 iterations, depth 3)
[GameContext] Reality Plus gains 1 credit. (5 total)
[heartbeat] game 8/10 — turn 1, time 290s
[GameContext] === Street Artist Turn 2 begins. Credits: 5, Clicks: 4 ===
[GameContext] --- Run on R&D begins ---
[GameContext] [Initiation] Run declared on R&D.
[GameContext] [Initiation] No ice protecting server — proceeding to root.
[GameContext] [Movement] Runner approaches the server root.
[GameContext] [Success] Run successful on R&D!
[GameContext] [Debug/gain_on_success] run_modifiers at success: {  }
[GameContext] [Breach] Runner breaches R&D.
[GameContext] [Access] Runner accesses: Vasilisa
[GameContext] [End] Run ended successfully.
[GameContext] --- Run on HQ begins ---
[GameContext] [Initiation] Run declared on HQ.
[GameContext] [Initiation] No ice protecting server — proceeding to root.
[GameContext] [Movement] Runner approaches the server root.
[GameContext] [Success] Run successful on HQ!
[GameContext] [Debug/gain_on_success] run_modifiers at success: {  }
[GameContext] [Breach] Runner breaches HQ.
[GameContext] [Access] Runner accesses: Chekist Scion
[GameContext] [Access] Runner may trash Chekist Scion for 0 credits (Runner has 5 total).
[GameContext] [Access] Runner trashes Chekist Scion.
[GameContext] [End] Run ended successfully.
[GameContext] Street Artist draws Propeller.
Player install: card is: Propeller and charged cost is: 1
[GameContext] Placed 4 power counter(s) on Propeller.
[GameContext] Street Artist installs Propeller. [MU: 1/4 used]
[GameContext] Reality Plus draws Vasilisa.
[GameContext] === Reality Plus Turn 2 begins. Credits: 5, Clicks: 3 ===
[GameContext] [MCTS] slow search: 463 ms (100 iterations, depth 3)
[GameContext] Reality Plus gains 1 credit. (6 total)
[GameContext] [MCTS] slow search: 478 ms (100 iterations, depth 3)
[GameContext] Reality Plus gains 1 credit. (7 total)
[GameContext] [MCTS] slow search: 505 ms (100 iterations, depth 3)
[GameContext] Reality Plus installs Vasilisa in R&D.
[GameContext] === Street Artist Turn 3 begins. Credits: 4, Clicks: 4 ===
[GameContext] --- Run on R&D begins ---
[GameContext] [Initiation] Run declared on R&D.
[GameContext] [Approach] Runner approaches unrezzed ice (position 0).
[CorpRunAI] AI: Vasilisa — rez_cost=2  tax/enc=6.0  enc=3.0  LTV=18.0
[GameContext] [Rez] Corp rezzes Vasilisa for 2 credits.
[GameContext] [Encounter] Runner encounters Vasilisa.
[GameContext] Street Artist takes 1 tag(s). (1 total)
[GameContext] NBN: Reality Plus — Reality Plus may gain 2 cr or draw 2 cards.
[GameContext] [Wildcat Strike] Corp denies draws — Runner gains credits instead.
[GameContext] Reality Plus: Reality Plus chooses 'Draw 2 cards'.
[GameContext] Reality Plus draws 2 card(s).
[GameContext] [Movement] Runner approaches the server root.
[GameContext] [Success] Run successful on R&D!
[GameContext] [Debug/gain_on_success] run_modifiers at success: {  }
[GameContext] [Breach] Runner breaches R&D.
[GameContext] [Access] Runner accesses: Artificial Cryptocrash
[GameContext] [Access] Runner steals Artificial Cryptocrash! (2 agenda points)
[GameContext] [End] Run ended successfully.
[GameContext] --- Run on HQ begins ---
[GameContext] [Initiation] Run declared on HQ.
[GameContext] [Initiation] No ice protecting server — proceeding to root.
[GameContext] [Movement] Runner approaches the server root.
[GameContext] [Success] Run successful on HQ!
[GameContext] [Debug/gain_on_success] run_modifiers at success: {  }
[GameContext] [Breach] Runner breaches HQ.
[GameContext] [Access] Runner accesses: Spin Doctor
[GameContext] [Access] Runner may trash Spin Doctor for 2 credits (Runner has 4 total).
[GameContext] [Access] Runner trashes Spin Doctor.
[GameContext] [End] Run ended successfully.
[GameContext] Street Artist removes 1 tag (0 remaining). [paid 2cr]
[GameContext] Street Artist gains 1 credit. (1 total)
[GameContext] Reality Plus draws Doomscroll.
[GameContext] === Reality Plus Turn 3 begins. Credits: 5, Clicks: 3 ===
[GameContext] [MCTS] slow search: 718 ms (100 iterations, depth 3)
[GameContext] Reality Plus installs Doomscroll in HQ.
[GameContext] [MCTS] slow search: 610 ms (100 iterations, depth 3)
[GameContext] Reality Plus gains 9 credits.
[GameContext] Reality Plus plays Hedge Fund.
[heartbeat] game 8/10 — turn 3, time 295s
[GameContext] [MCTS] slow search: 587 ms (100 iterations, depth 3)
[GameContext] Reality Plus gains 1 credit. (10 total)
[GameContext] === Street Artist Turn 4 begins. Credits: 1, Clicks: 4 ===
[GameContext] Street Artist gains 1 credit. (2 total)
[GameContext] Street Artist gains 1 credit. (3 total)
[GameContext] --- Run on HQ begins ---
[GameContext] [Initiation] Run declared on HQ.
[GameContext] [Approach] Runner approaches unrezzed ice (position 0).
[CorpRunAI] AI: Doomscroll — rez_cost=3  tax/enc=11.0  enc=3.0  LTV=33.0
[GameContext] [Rez] Corp rezzes Doomscroll for 3 credits.
[GameContext] [Encounter] Runner encounters Doomscroll.
[GameContext] Street Artist takes 1 tag(s). (1 total)
[GameContext] NBN: Reality Plus — Reality Plus may gain 2 cr or draw 2 cards.
[GameContext] [Wildcat Strike] Corp denies credits — Runner draws instead.
[GameContext] Reality Plus: Reality Plus chooses 'Gain 2 credits'.
[GameContext] Reality Plus gains 2 credits.
[GameContext] Runner takes 1 net damage.
[GameContext]   Trashed from grip: conduit
[GameContext] 1 card(s) trashed from Street Artist's grip.
[GameContext] Subroutine condition not met — no effect.
[GameContext] [Movement] Runner approaches the server root.
[GameContext] [Success] Run successful on HQ!
[GameContext] [Debug/gain_on_success] run_modifiers at success: {  }
[GameContext] [Breach] Runner breaches HQ.
[GameContext] [Access] Runner accesses: Retribution
[GameContext] [End] Run ended successfully.
[GameContext] Street Artist removes 1 tag (0 remaining). [paid 2cr]
[GameContext] Reality Plus draws Backroom Machinations.
[GameContext] === Reality Plus Turn 4 begins. Credits: 9, Clicks: 3 ===
[GameContext] [MCTS] slow search: 588 ms (100 iterations, depth 3)
[GameContext] Reality Plus gains 1 credit. (10 total)
[GameContext] [MCTS] slow search: 600 ms (100 iterations, depth 3)
[GameContext] Reality Plus gains 1 credit. (11 total)
[GameContext] [MCTS] slow search: 566 ms (100 iterations, depth 3)
[GameContext] Reality Plus gains 1 credit. (12 total)
[GameContext] === Street Artist Turn 5 begins. Credits: 1, Clicks: 4 ===
[GameContext] Street Artist draws Sure Gamble.
[GameContext] Street Artist gains 1 credit. (2 total)
[GameContext] Street Artist gains 1 credit. (3 total)
[GameContext] Street Artist gains 1 credit. (4 total)
[GameContext] Reality Plus draws Doomscroll.
[GameContext] === Reality Plus Turn 5 begins. Credits: 12, Clicks: 3 ===
[GameContext] [MCTS] slow search: 471 ms (100 iterations, depth 3)
[GameContext] Reality Plus installs Regolith Mining License in Server 0.
[heartbeat] game 8/10 — turn 5, time 300s
[GameContext] [MCTS] slow search: 483 ms (100 iterations, depth 3)
[GameContext] Reality Plus installs Doomscroll in Server 1.
[GameContext] [MCTS] slow search: 441 ms (100 iterations, depth 3)
[GameContext] Reality Plus gains 1 credit. (13 total)
[GameContext] === Street Artist Turn 6 begins. Credits: 4, Clicks: 4 ===
[GameContext] Street Artist gains 1 credit. (5 total)
[GameContext] Street Artist gains 9 credits.
[GameContext] Street Artist plays Sure Gamble.
[GameContext] Street Artist draws Echelon.
Player install: card is: Echelon and charged cost is: 3
[GameContext] Street Artist installs Echelon. [MU: 2/4 used]
[GameContext] Reality Plus draws Funhouse.
[GameContext] === Reality Plus Turn 6 begins. Credits: 13, Clicks: 3 ===
[GameContext] Placed 15 credits counter(s) on Regolith Mining License.
[GameContext] Reality Plus rezzes Regolith Mining License for 2 cr.
[GameContext] Reality Plus pays 1 credit(s) to install ice.
[GameContext] Reality Plus installs Funhouse in R&D.
[GameContext] Reality Plus takes 3 cr from Regolith Mining License (12 remaining).
[GameContext] Reality Plus takes 3 cr from Regolith Mining License (9 remaining).
[GameContext] === Street Artist Turn 7 begins. Credits: 6, Clicks: 4 ===
[GameContext] --- Run on R&D begins ---
[GameContext] [Initiation] Run declared on R&D.
[GameContext] [Approach] Runner approaches unrezzed ice (position 0).
[CorpRunAI] AI: Funhouse — rez_cost=5  tax/enc=8.0  enc=3.0  LTV=24.0
[GameContext] [Rez] Corp rezzes Funhouse for 5 credits.
[GameContext] [Encounter] Runner encounters Funhouse.
[GameContext] Street Artist takes 1 tag(s) to continue the run (Funhouse). (1 total)
[GameContext] NBN: Reality Plus — Reality Plus may gain 2 cr or draw 2 cards.
[GameContext] [Wildcat Strike] Corp denies draws — Runner gains credits instead.
[GameContext] Reality Plus: Reality Plus chooses 'Draw 2 cards'.
[GameContext] Reality Plus draws 2 card(s).
[GameContext] Street Artist pays 4 cr to avoid 1 tag.
[GameContext] [Approach] Runner approaches Vasilisa (position 1).
[GameContext] [Encounter] Runner encounters Vasilisa.
[GameContext] Street Artist takes 1 tag(s) to continue the run (Funhouse). (2 total)
[GameContext] [Encounter] Echelon breaks 'Give the Runner 1 tag.' for 1 cr.
[GameContext] [Encounter] Subroutine 0 broken.
[GameContext] [Movement] Runner approaches the server root.
[GameContext] [Success] Run successful on R&D!
[GameContext] [Debug/gain_on_success] run_modifiers at success: { "overclock_credits": 0, "concerto_credits": 0, "bad_pub_credits": 0 }
[GameContext] [Breach] Runner breaches R&D.
[GameContext] [Access] Runner accesses: Regolith Mining License
[GameContext] [Access] Runner may trash Regolith Mining License for 3 credits (Runner has 1 total).
[GameContext] [Access] Runner cannot afford to trash.
[GameContext] [End] Run ended successfully.
[GameContext] Street Artist gains 1 credit. (2 total)
[GameContext] Street Artist removes 1 tag (1 remaining). [paid 2cr]
[GameContext] Street Artist draws Daily Casts.
[GameContext] Reality Plus draws Regolith Mining License.
[GameContext] === Reality Plus Turn 7 begins. Credits: 11, Clicks: 3 ===
[GameContext] Reality Plus draws IP Enforcement.
[GameContext] [MCTS] slow search: 241 ms (100 iterations, depth 3)
[GameContext] Reality Plus draws Artificial Cryptocrash.
[heartbeat] game 8/10 — turn 7, time 305s
[GameContext] [MCTS] slow search: 653 ms (100 iterations, depth 3)
[GameContext] Reality Plus installs Artificial Cryptocrash in Server 1.
[GameContext] Reality Plus discards Trust Operation to hand limit.
[GameContext] Reality Plus discards IP Enforcement to hand limit.
[GameContext] Reality Plus discards Retribution to hand limit.
[GameContext] === Street Artist Turn 8 begins. Credits: 0, Clicks: 4 ===
[GameContext] Street Artist gains 1 credit. (1 total)
[GameContext] Street Artist gains 1 credit. (2 total)
[GameContext] Street Artist gains 1 credit. (3 total)
[GameContext] --- Run on Server 1 begins ---
[GameContext] [Initiation] Run declared on Server 1.
[GameContext] [Approach] Runner approaches unrezzed ice (position 0).
[CorpRunAI] AI: Doomscroll — rez_cost=3  tax/enc=5.0  enc=2.5  LTV=12.5
[GameContext] [Rez] Corp rezzes Doomscroll for 3 credits.
[GameContext] [Encounter] Runner encounters Doomscroll.
[GameContext] Street Artist takes 1 tag(s) to continue the run (Funhouse). (2 total)
[GameContext] NBN: Reality Plus — Reality Plus may gain 2 cr or draw 2 cards.
[GameContext] [Wildcat Strike] Corp denies credits — Runner draws instead.
[GameContext] Reality Plus: Reality Plus chooses 'Gain 2 credits'.
[GameContext] Reality Plus gains 2 credits.
[GameContext] [Encounter] Echelon boosted  +2 str (now 4). Cost: 1 cr.
[GameContext] [Encounter] Echelon breaks 'Give the Runner 1 tag.' for 1 cr.
[GameContext] [Encounter] Echelon breaks 'Do 1 net damage.' for 1 cr.
[GameContext] [Encounter] Subroutine 0 broken.
[GameContext] [Encounter] Subroutine 1 broken.
[GameContext] Runner takes 2 net damage.
[GameContext]   Trashed from grip: environmental_testing
[GameContext]   Trashed from grip: telework_contract
[GameContext] 2 card(s) trashed from Street Artist's grip.
[GameContext] [Movement] Runner approaches the server root.
[GameContext] [Success] Run successful on Server 1!
[GameContext] [Debug/gain_on_success] run_modifiers at success: { "overclock_credits": 0, "concerto_credits": 0, "bad_pub_credits": 0 }
[GameContext] [Breach] Runner breaches Server 1.
[GameContext] [Access] Runner accesses: Artificial Cryptocrash
[GameContext] [Access] Runner steals Artificial Cryptocrash! (2 agenda points)
[GameContext] [End] Run ended successfully.
[GameContext] Reality Plus draws Chekist Scion.
[GameContext] === Reality Plus Turn 8 begins. Credits: 10, Clicks: 3 ===
[GameContext] Reality Plus installs Regolith Mining License in Server 2.
[GameContext] Reality Plus installs Spin Doctor in Server 1.
[GameContext] Reality Plus takes 3 cr from Regolith Mining License (6 remaining).
[GameContext] === Street Artist Turn 9 begins. Credits: 0, Clicks: 4 ===
[GameContext] Street Artist gains 1 credit. (1 total)
[GameContext] Street Artist gains 1 credit. (2 total)
[GameContext] Street Artist removes 1 tag (1 remaining). [paid 2cr]
[GameContext] Street Artist draws Conduit.
[GameContext] Reality Plus draws Retribution.
[GameContext] === Reality Plus Turn 9 begins. Credits: 13, Clicks: 3 ===
[GameContext] Reality Plus draws 2 card(s).
[GameContext] Reality Plus rezzes Spin Doctor for 0 cr.
[GameContext] Placed 15 credits counter(s) on Regolith Mining License.
[GameContext] Reality Plus rezzes Regolith Mining License for 2 cr.
[GameContext] [Trust Operation] No Runner resources to trash — operation fizzles.
[GameContext] Reality Plus plays Trust Operation.
[GameContext] Reality Plus takes 3 cr from Regolith Mining License (12 remaining).
[GameContext] Reality Plus gains 1 credit. (15 total)
[GameContext] Reality Plus discards Retribution to hand limit.
[GameContext] === Street Artist Turn 10 begins. Credits: 0, Clicks: 4 ===
[GameContext] Street Artist gains 1 credit. (1 total)
[GameContext] Street Artist gains 1 credit. (2 total)
[GameContext] Street Artist removes 1 tag (0 remaining). [paid 2cr]
[GameContext] Street Artist draws Self-modifying Code.
[GameContext] Reality Plus draws Funhouse.
[GameContext] === Reality Plus Turn 10 begins. Credits: 15, Clicks: 3 ===
[GameContext] Reality Plus installs Funhouse in Server 3.
[heartbeat] game 8/10 — turn 10, time 310s
[GameContext] Reality Plus draws Artificial Cryptocrash.
[GameContext] Reality Plus installs Artificial Cryptocrash in Server 3.
[GameContext] === Street Artist Turn 11 begins. Credits: 0, Clicks: 4 ===
[GameContext] Street Artist gains 1 credit. (1 total)
[GameContext] Street Artist gains 1 credit. (2 total)
[GameContext] Street Artist gains 1 credit. (3 total)
[GameContext] Street Artist gains 1 credit. (4 total)
[GameContext] Reality Plus draws IP Enforcement.
[GameContext] === Reality Plus Turn 11 begins. Credits: 15, Clicks: 3 ===
[GameContext] Reality Plus advances Artificial Cryptocrash (1 counters).
[GameContext] Reality Plus advances Artificial Cryptocrash (2 counters).
[GameContext] Reality Plus advances Artificial Cryptocrash (3 counters).
[GameContext] Reality Plus discards IP Enforcement to hand limit.
[GameContext] === Street Artist Turn 12 begins. Credits: 4, Clicks: 4 ===
[GameContext] --- Run on Server 3 begins ---
[GameContext] [Initiation] Run declared on Server 3.
[GameContext] [Approach] Runner approaches unrezzed ice (position 0).
[CorpRunAI] AI: Funhouse — rez_cost=5  tax/enc=8.0  enc=2.5  LTV=20.0
[GameContext] [Rez] Corp rezzes Funhouse for 5 credits.
[GameContext] [Encounter] Runner encounters Funhouse.
[GameContext] Street Artist takes 1 tag(s) to continue the run (Funhouse). (1 total)
[GameContext] NBN: Reality Plus — Reality Plus may gain 2 cr or draw 2 cards.
[GameContext] [Wildcat Strike] Corp denies draws — Runner gains credits instead.
[GameContext] Reality Plus: Reality Plus chooses 'Draw 2 cards'.
[GameContext] Reality Plus draws 2 card(s).
[GameContext] Street Artist takes 1 tag(s) to continue the run (Funhouse). (2 total)
[GameContext] Street Artist takes 1 tag (did not pay 4 cr). (3 total)
[GameContext] [Movement] Runner approaches the server root.
[GameContext] [Success] Run successful on Server 3!
[GameContext] [Debug/gain_on_success] run_modifiers at success: {  }
[GameContext] [Breach] Runner breaches Server 3.
[GameContext] [Access] Runner accesses: Artificial Cryptocrash
[GameContext] [Access] Runner steals Artificial Cryptocrash! (2 agenda points)
[GameContext] [End] Run ended successfully.
[GameContext] Street Artist gains 1 credit. (5 total)
[GameContext] --- Run on HQ begins ---
[GameContext] [Initiation] Run declared on HQ.
[GameContext] [Approach] Runner approaches Doomscroll (position 0).
[GameContext] [Encounter] Runner encounters Doomscroll.
[GameContext] Street Artist takes 1 tag(s) to continue the run (Funhouse). (4 total)
[GameContext] Street Artist takes 1 tag(s) to continue the run (Funhouse). (5 total)
[GameContext] [Encounter] Echelon boosted  +2 str (now 4). Cost: 1 cr.
[GameContext] [Encounter] Echelon breaks 'Give the Runner 1 tag.' for 1 cr.
[GameContext] [Encounter] Echelon breaks 'Do 1 net damage.' for 1 cr.
[GameContext] [Encounter] Echelon breaks 'Do 2 net damage if the Runner has at least 2 tags.' for 1 cr.
[GameContext] [Encounter] Subroutine 0 broken.
[GameContext] [Encounter] Subroutine 1 broken.
[GameContext] [Encounter] Subroutine 2 broken.
[GameContext] [Movement] Runner approaches the server root.
[GameContext] [Success] Run successful on HQ!
[GameContext] [Debug/gain_on_success] run_modifiers at success: { "overclock_credits": 0, "concerto_credits": 0, "bad_pub_credits": 0 }
[GameContext] [Breach] Runner breaches HQ.
[GameContext] [Access] Runner accesses: Spin Doctor
[GameContext] [Access] Runner may trash Spin Doctor for 2 credits (Runner has 1 total).
[GameContext] [Access] Runner cannot afford to trash.
[GameContext] [End] Run ended successfully.
[GameContext] Street Artist gains 1 credit. (2 total)
[GameContext] Reality Plus draws Hedge Fund.
[GameContext] === Reality Plus Turn 12 begins. Credits: 7, Clicks: 3 ===
[GameContext] Reality Plus gains 9 credits.
[GameContext] Reality Plus plays Hedge Fund.
[GameContext] [Backroom Machinations] Runner loses 1 tag as additional cost (4 remaining).
[GameContext] Reality Plus: Backroom Machinations scores as a 1-point agenda!
[GameContext] Reality Plus plays Backroom Machinations.
[GameContext] [Backroom Machinations] Runner loses 1 tag as additional cost (3 remaining).
[GameContext] Reality Plus: Backroom Machinations scores as a 1-point agenda!
[GameContext] Reality Plus plays Backroom Machinations.
[GameContext] === Street Artist Turn 13 begins. Credits: 2, Clicks: 4 ===
[GameContext] Street Artist removes 1 tag (2 remaining). [paid 2cr]
[GameContext] Street Artist gains 1 credit. (1 total)
[GameContext] Street Artist gains 1 credit. (2 total)
[GameContext] Street Artist removes 1 tag (1 remaining). [paid 2cr]
[GameContext] Reality Plus draws Vasilisa.
[GameContext] === Reality Plus Turn 13 begins. Credits: 7, Clicks: 3 ===
[GameContext] [MCTS] slow search: 760 ms (100 iterations, depth 3)
[heartbeat] game 8/10 — turn 13, time 316s
[GameContext] Reality Plus pays 1 credit(s) to install ice.
[GameContext] Reality Plus installs Vasilisa in HQ.
[GameContext] [MCTS] slow search: 1284 ms (100 iterations, depth 3)
[GameContext] Reality Plus takes 3 cr from Regolith Mining License (3 remaining).
[GameContext] [MCTS] slow search: 1472 ms (100 iterations, depth 3)
[GameContext] Reality Plus gains 9 credits.
[GameContext] Reality Plus plays Hedge Fund.
[GameContext] === Street Artist Turn 14 begins. Credits: 0, Clicks: 4 ===
[GameContext] Street Artist gains 1 credit. (1 total)
[GameContext] Street Artist gains 1 credit. (2 total)
[GameContext] Street Artist removes 1 tag (0 remaining). [paid 2cr]
[GameContext] Street Artist gains 1 credit. (1 total)
[GameContext] Reality Plus draws Backroom Machinations.
[GameContext] === Reality Plus Turn 14 begins. Credits: 13, Clicks: 3 ===
[GameContext] [MCTS] slow search: 1059 ms (100 iterations, depth 3)
[heartbeat] game 8/10 — turn 14, time 321s
[GameContext] Reality Plus takes 3 cr from Regolith Mining License (9 remaining).
[GameContext] [MCTS] slow search: 1356 ms (100 iterations, depth 3)
[GameContext] Reality Plus pays 2 credit(s) to install ice.
[GameContext] Reality Plus installs Ivik in R&D.
[GameContext] [MCTS] slow search: 1252 ms (100 iterations, depth 3)
[GameContext] Reality Plus gains 1 credit. (15 total)
[GameContext] === Street Artist Turn 15 begins. Credits: 1, Clicks: 4 ===
[GameContext] Street Artist gains 1 credit. (2 total)
[GameContext] Street Artist gains 1 credit. (3 total)
[GameContext] Street Artist gains 1 credit. (4 total)
[GameContext] Street Artist gains 1 credit. (5 total)
[GameContext] Reality Plus draws Ivik.
[GameContext] === Reality Plus Turn 15 begins. Credits: 15, Clicks: 3 ===
[GameContext] [MCTS] slow search: 1391 ms (100 iterations, depth 3)
[heartbeat] game 8/10 — turn 15, time 326s
[GameContext] Reality Plus draws Blood in the Water.
[GameContext] [MCTS] slow search: 1917 ms (100 iterations, depth 3)
[GameContext] Reality Plus installs Blood in the Water in Server 3.
[GameContext] [MCTS] Scoring line detected — executing: Advance blood_in_the_water
[GameContext] Reality Plus advances Blood in the Water (1 counters).
[GameContext] Reality Plus scores Blood in the Water! (2 agenda points)
[GameContext] === Street Artist Turn 16 begins. Credits: 5, Clicks: 4 ===
[GameContext] Street Artist gains 1 credit. (6 total)
[GameContext] Street Artist gains 1 credit. (7 total)
[GameContext] Street Artist gains 1 credit. (8 total)
[GameContext] Street Artist gains 1 credit. (9 total)
[GameContext] Reality Plus draws Blood in the Water.
[GameContext] === Reality Plus Turn 16 begins. Credits: 14, Clicks: 3 ===
[GameContext] Reality Plus installs Blood in the Water in Server 3.
[GameContext] [MCTS] Scoring line detected — executing: Advance blood_in_the_water
[GameContext] Reality Plus advances Blood in the Water (1 counters).
[GameContext] Reality Plus scores Blood in the Water! (2 agenda points)
[GameContext] Game over — Reality Plus wins. Reality Plus scored 8 agenda points
  [  8/ 10]  CORP      Reality Plus scored 8 agenda points  16 turns
[GameContext] Reality Plus draws Hedge Fund.
[GameContext] === Reality Plus Turn 1 begins. Credits: 5, Clicks: 3 ===
[GameContext] [MCTS] slow search: 545 ms (100 iterations, depth 3)
[GameContext] Reality Plus installs Funhouse in R&D.
[heartbeat] game 9/10 — turn 1, time 331s
[GameContext] [MCTS] slow search: 489 ms (100 iterations, depth 3)
[GameContext] Reality Plus gains 9 credits.
[GameContext] Reality Plus plays Hedge Fund.
[GameContext] [MCTS] slow search: 487 ms (100 iterations, depth 3)
[GameContext] Reality Plus installs Ivik in HQ.
[GameContext] === Street Artist Turn 2 begins. Credits: 5, Clicks: 4 ===
[GameContext] Street Artist draws Simulchip.
[GameContext] Street Artist draws Overclock.
[GameContext] --- Run on HQ begins ---
[GameContext] [Initiation] Run declared on HQ.
[GameContext] [Approach] Runner approaches unrezzed ice (position 0).
[CorpRunAI] AI: Ivik — rez_cost=7  tax/enc=11.0  enc=3.0  LTV=33.0
[GameContext] [Rez] Corp rezzes Ivik for 7 credits.
[GameContext] [Encounter] Runner encounters Ivik.
[GameContext] Runner takes 2 net damage.
[GameContext]   Trashed from grip: simulchip
[GameContext]   Trashed from grip: self_modifying_code
[GameContext] 2 card(s) trashed from Street Artist's grip.
[GameContext] Run ended.
[GameContext] [Encounter] Run ended by subroutine.
[GameContext] [End] Run ended unsuccessfully.
[GameContext] Run modifier set: overclock_credits = 5
[GameContext] --- Run on HQ begins ---
[GameContext] [Initiation] Run declared on HQ.
[GameContext] [Approach] Runner approaches Ivik (position 0).
[GameContext] [Encounter] Runner encounters Ivik.
[GameContext] Runner takes 2 net damage.
[GameContext]   Trashed from grip: simulchip
[GameContext]   Trashed from grip: lilypad
[GameContext] 2 card(s) trashed from Street Artist's grip.
[GameContext] Run ended.
[GameContext] [Encounter] Run ended by subroutine.
[GameContext] [End] Run ended unsuccessfully.
[GameContext] Overclock: 5 unspent credit(s) returned to the bank.
[GameContext] Street Artist plays Overclock.
[GameContext] Reality Plus draws Vasilisa.
[GameContext] === Reality Plus Turn 2 begins. Credits: 2, Clicks: 3 ===
[GameContext] [MCTS] slow search: 525 ms (100 iterations, depth 3)
[GameContext] Reality Plus gains 1 credit. (3 total)
[GameContext] [MCTS] slow search: 509 ms (100 iterations, depth 3)
[GameContext] Reality Plus installs Vasilisa in Server 0.
[GameContext] [MCTS] slow search: 404 ms (100 iterations, depth 3)
[GameContext] Reality Plus gains 1 credit. (4 total)
[heartbeat] game 9/10 — turn 2, time 336s
[GameContext] === Street Artist Turn 3 begins. Credits: 4, Clicks: 4 ===
[GameContext] --- Run on R&D begins ---
[GameContext] [Initiation] Run declared on R&D.
[GameContext] [Approach] Runner approaches unrezzed ice (position 0).
[GameContext] [Approach] Corp declines to rez. Runner passes unrezzed ice.
[GameContext] [Movement] Runner approaches the server root.
[GameContext] [Success] Run successful on R&D!
[GameContext] [Debug/gain_on_success] run_modifiers at success: {  }
[GameContext] [Breach] Runner breaches R&D.
[GameContext] [Access] Runner accesses: Regolith Mining License
[GameContext] [Access] Runner may trash Regolith Mining License for 3 credits (Runner has 4 total).
[GameContext] [Access] Runner trashes Regolith Mining License.
[GameContext] [End] Run ended successfully.
[GameContext] Street Artist draws Dr. Nuka Vrolyck.
[GameContext] Street Artist draws Creative Commission.
[GameContext] Street Artist draws Simulchip.
[GameContext] Reality Plus draws Spin Doctor.
[GameContext] === Reality Plus Turn 3 begins. Credits: 4, Clicks: 3 ===
[GameContext] [MCTS] slow search: 465 ms (100 iterations, depth 3)
[GameContext] Reality Plus gains 1 credit. (5 total)
[GameContext] [MCTS] slow search: 481 ms (100 iterations, depth 3)
[GameContext] Reality Plus gains 1 credit. (6 total)
[GameContext] [MCTS] slow search: 515 ms (100 iterations, depth 3)
[GameContext] Reality Plus gains 1 credit. (7 total)
[GameContext] === Street Artist Turn 4 begins. Credits: 1, Clicks: 4 ===
[GameContext] Street Artist plays Pinhole Threading.
[GameContext] Street Artist gains 1 credit. (1 total)
[GameContext] Street Artist gains 1 credit. (2 total)
[GameContext] --- Run on R&D begins ---
[GameContext] [Initiation] Run declared on R&D.
[GameContext] [Approach] Runner approaches unrezzed ice (position 0).
[CorpRunAI] AI: Funhouse — rez_cost=5  tax/enc=8.0  enc=3.0  LTV=24.0
[GameContext] [Rez] Corp rezzes Funhouse for 5 credits.
[GameContext] [Encounter] Runner encounters Funhouse.
[GameContext] Street Artist takes 1 tag(s) to continue the run (Funhouse). (1 total)
[GameContext] NBN: Reality Plus — Reality Plus may gain 2 cr or draw 2 cards.
[GameContext] [Wildcat Strike] Corp denies credits — Runner draws instead.
[GameContext] Reality Plus: Reality Plus chooses 'Gain 2 credits'.
[GameContext] Reality Plus gains 2 credits.
[GameContext] Street Artist takes 1 tag (did not pay 4 cr). (2 total)
[GameContext] [Movement] Runner approaches the server root.
[GameContext] [Success] Run successful on R&D!
[GameContext] [Debug/gain_on_success] run_modifiers at success: {  }
[GameContext] [Breach] Runner breaches R&D.
[GameContext] [Access] Runner accesses: Chekist Scion
[GameContext] [Access] Runner may trash Chekist Scion for 0 credits (Runner has 2 total).
[GameContext] [Access] Runner trashes Chekist Scion.
[GameContext] [End] Run ended successfully.
[GameContext] Reality Plus draws Blood in the Water.
[GameContext] === Reality Plus Turn 4 begins. Credits: 4, Clicks: 3 ===
[GameContext] [MCTS] slow search: 1146 ms (100 iterations, depth 3)
[GameContext] Reality Plus installs Blood in the Water in Server 0.
[GameContext] [MCTS] Scoring line detected — executing: Advance blood_in_the_water
[GameContext] Reality Plus advances Blood in the Water (1 counters).
[GameContext] Reality Plus scores Blood in the Water! (2 agenda points)
[heartbeat] game 9/10 — turn 4, time 341s
[GameContext] [MCTS] slow search: 651 ms (100 iterations, depth 3)
[GameContext] Reality Plus gains 1 credit. (4 total)
[GameContext] === Street Artist Turn 5 begins. Credits: 2, Clicks: 4 ===
[GameContext] Street Artist gains 5 credits.
[GameContext] Street Artist will lose 1 click(s) next turn.
[GameContext] Street Artist plays Creative Commission.
[GameContext] Street Artist removes 1 tag (1 remaining). [paid 2cr]
[GameContext] Street Artist removes 1 tag (0 remaining). [paid 2cr]
[GameContext] Street Artist draws Sure Gamble.
[GameContext] Reality Plus draws Spin Doctor.
[GameContext] === Reality Plus Turn 5 begins. Credits: 4, Clicks: 3 ===
[GameContext] [MCTS] slow search: 636 ms (100 iterations, depth 3)
[GameContext] Reality Plus installs Spin Doctor in Server 1.
[GameContext] [MCTS] slow search: 513 ms (100 iterations, depth 3)
[GameContext] Reality Plus gains 1 credit. (5 total)
[GameContext] [MCTS] slow search: 547 ms (100 iterations, depth 3)
[GameContext] Reality Plus gains 1 credit. (6 total)
[GameContext] Street Artist loses 1 click(s) this turn (deferred penalty).
[GameContext] === Street Artist Turn 6 begins. Credits: 2, Clicks: 3 ===
[GameContext] Street Artist draws Telework Contract.
[GameContext] Street Artist draws Propeller.
Player install: card is: Propeller and charged cost is: 1
[GameContext] Placed 4 power counter(s) on Propeller.
[GameContext] Street Artist installs Propeller. [MU: 1/4 used]
[GameContext] Reality Plus draws Spin Doctor.
[GameContext] === Reality Plus Turn 6 begins. Credits: 6, Clicks: 3 ===
[GameContext] Reality Plus draws 2 card(s).
[GameContext] Reality Plus rezzes Spin Doctor for 0 cr.
[GameContext] [MCTS] slow search: 1026 ms (100 iterations, depth 3)
[heartbeat] game 9/10 — turn 6, time 346s
[GameContext] Reality Plus installs Drago Ivanov in Server 0.
[GameContext] [MCTS] slow search: 1290 ms (100 iterations, depth 3)
[GameContext] Reality Plus installs Vasilisa in Server 2.
[GameContext] [MCTS] slow search: 1164 ms (100 iterations, depth 3)
[GameContext] Reality Plus installs Drago Ivanov in Server 2.
[GameContext] === Street Artist Turn 7 begins. Credits: 1, Clicks: 4 ===
[GameContext] Street Artist gains 5 credits.
[GameContext] Street Artist will lose 1 click(s) next turn.
[GameContext] Street Artist plays Creative Commission.
[GameContext] Street Artist gains 9 credits.
[GameContext] Street Artist plays Sure Gamble.
[GameContext] --- Run on HQ begins ---
[GameContext] [Initiation] Run declared on HQ.
[GameContext] [Approach] Runner approaches Ivik (position 0).
[GameContext] [Encounter] Runner encounters Ivik.
[GameContext] Street Artist takes 1 tag(s) to continue the run (Funhouse). (1 total)
[GameContext] NBN: Reality Plus — Reality Plus may gain 2 cr or draw 2 cards.
[GameContext] [Wildcat Strike] Corp denies credits by default.
[GameContext] Reality Plus: Reality Plus chooses 'Gain 2 credits'.
[GameContext] Reality Plus gains 2 credits.
[GameContext] [Encounter] Propeller spends 1 power counter(s): +2 str (now 5, 3 counters left).
[GameContext] [Encounter] Propeller breaks 'Do 2 net damage.' for 1 cr.
[GameContext] [Encounter] Propeller breaks 'End the run.' for 1 cr.
[GameContext] [Encounter] Subroutine 0 broken.
[GameContext] [Encounter] Subroutine 1 broken.
[GameContext] [Movement] Runner approaches the server root.
[GameContext] [Success] Run successful on HQ!
[GameContext] [Debug/gain_on_success] run_modifiers at success: { "overclock_credits": 0, "concerto_credits": 0, "bad_pub_credits": 0 }
[GameContext] [Breach] Runner breaches HQ.
[GameContext] [Access] Runner accesses: Spin Doctor
[GameContext] [Access] Runner may trash Spin Doctor for 2 credits (Runner has 7 total).
[GameContext] [Access] Runner trashes Spin Doctor.
[GameContext] [End] Run ended successfully.
[GameContext] Street Artist removes 1 tag (0 remaining). [paid 2cr]
[GameContext] Reality Plus draws Artificial Cryptocrash.
[GameContext] === Reality Plus Turn 7 begins. Credits: 8, Clicks: 3 ===
[GameContext] Reality Plus rezzes Drago Ivanov for 0 cr.
[GameContext] Reality Plus rezzes Drago Ivanov for 0 cr.
[GameContext] [◆ Unique] Duplicate Drago Ivanov trashed (cannot be prevented).
[GameContext] [MCTS] slow search: 1428 ms (100 iterations, depth 3)
[heartbeat] game 9/10 — turn 7, time 351s
[GameContext] Reality Plus advances Drago Ivanov (1 counters).
[GameContext] [MCTS] slow search: 1473 ms (100 iterations, depth 3)
[GameContext] Reality Plus advances Drago Ivanov (2 counters).
[GameContext] [MCTS] slow search: 1523 ms (100 iterations, depth 3)
[GameContext] Reality Plus advances Drago Ivanov (3 counters).
[GameContext] Street Artist loses 1 click(s) this turn (deferred penalty).
[GameContext] === Street Artist Turn 8 begins. Credits: 3, Clicks: 3 ===
[GameContext] Street Artist gains 1 credit. (4 total)
[GameContext] Street Artist gains 1 credit. (5 total)
[GameContext] --- Run on HQ begins ---
[GameContext] [Initiation] Run declared on HQ.
[GameContext] [Approach] Runner approaches Ivik (position 0).
[GameContext] [Encounter] Runner encounters Ivik.
[GameContext] Street Artist takes 1 tag(s) to continue the run (Funhouse). (1 total)
[GameContext] NBN: Reality Plus — Reality Plus may gain 2 cr or draw 2 cards.
[GameContext] [Wildcat Strike] Corp denies credits by default.
[GameContext] Reality Plus: Reality Plus chooses 'Gain 2 credits'.
[GameContext] Reality Plus gains 2 credits.
[GameContext] [Encounter] Propeller spends 1 power counter(s): +2 str (now 4, 2 counters left).
[GameContext] [Encounter] Propeller spends 1 power counter(s): +2 str (now 5, 1 counters left).
[GameContext] [Encounter] Propeller breaks 'Do 2 net damage.' for 1 cr.
[GameContext] [Encounter] Propeller breaks 'End the run.' for 1 cr.
[GameContext] [Encounter] Subroutine 0 broken.
[GameContext] [Encounter] Subroutine 1 broken.
[GameContext] [Movement] Runner approaches the server root.
[GameContext] [Success] Run successful on HQ!
[GameContext] [Debug/gain_on_success] run_modifiers at success: { "overclock_credits": 0, "concerto_credits": 0, "bad_pub_credits": 0 }
[GameContext] [Breach] Runner breaches HQ.
[GameContext] [Access] Runner accesses: Backroom Machinations
[GameContext] [End] Run ended successfully.
[GameContext] Reality Plus draws Chekist Scion.
[GameContext] === Reality Plus Turn 8 begins. Credits: 7, Clicks: 3 ===
[GameContext] [MCTS] slow search: 1843 ms (100 iterations, depth 3)
[heartbeat] game 9/10 — turn 8, time 358s
[GameContext] Reality Plus installs Artificial Cryptocrash in Server 0.
[GameContext] [MCTS] slow search: 2078 ms (100 iterations, depth 3)
[GameContext] Reality Plus advances Artificial Cryptocrash (1 counters).
[GameContext] [MCTS] slow search: 2114 ms (100 iterations, depth 3)
[GameContext] Reality Plus advances Artificial Cryptocrash (2 counters).
[heartbeat] game 9/10 — turn 8, time 363s
[GameContext] === Street Artist Turn 9 begins. Credits: 3, Clicks: 4 ===
[GameContext] --- Run on Server 0 begins ---
[GameContext] [Initiation] Run declared on Server 0.
[GameContext] [Approach] Runner approaches unrezzed ice (position 0).
[CorpRunAI] AI: Vasilisa — rez_cost=2  tax/enc=6.0  enc=2.5  LTV=15.0
[GameContext] [Rez] Corp rezzes Vasilisa for 2 credits.
[GameContext] [Encounter] Runner encounters Vasilisa.
[GameContext] Street Artist takes 1 tag(s) to continue the run (Funhouse). (2 total)
[GameContext] NBN: Reality Plus — Reality Plus may gain 2 cr or draw 2 cards.
[GameContext] [Wildcat Strike] Corp denies credits — Runner draws instead.
[GameContext] Reality Plus: Reality Plus chooses 'Gain 2 credits'.
[GameContext] Reality Plus gains 2 credits.
[GameContext] Street Artist takes 1 tag(s). (3 total)
[GameContext] [Movement] Runner approaches the server root.
[GameContext] [Success] Run successful on Server 0!
[GameContext] [Debug/gain_on_success] run_modifiers at success: {  }
[GameContext] [Breach] Runner breaches Server 0.
[GameContext] [Access] Runner accesses: Artificial Cryptocrash
[GameContext] [Access] Runner steals Artificial Cryptocrash! (2 agenda points)
[GameContext] [End] Run ended successfully.
[GameContext] Street Artist removes 1 tag (2 remaining). [paid 2cr]
[GameContext] Street Artist gains 1 credit. (2 total)
[GameContext] Street Artist removes 1 tag (1 remaining). [paid 2cr]
[GameContext] Reality Plus draws Blood in the Water.
[GameContext] === Reality Plus Turn 9 begins. Credits: 5, Clicks: 3 ===
[GameContext] [MCTS] slow search: 1957 ms (100 iterations, depth 3)
[GameContext] Reality Plus installs Blood in the Water in Server 0.
[GameContext] [MCTS] Scoring line detected — executing: Advance blood_in_the_water
[GameContext] Reality Plus advances Blood in the Water (1 counters).
[GameContext] Reality Plus scores Blood in the Water! (2 agenda points)
[GameContext] [MCTS] slow search: 1472 ms (100 iterations, depth 3)
[GameContext] Spin Doctor: shuffled 2 card(s) from Archives into R&D.
[GameContext] Spin Doctor is trashed.
[heartbeat] game 9/10 — turn 9, time 368s
[GameContext] === Street Artist Turn 10 begins. Credits: 0, Clicks: 4 ===
[GameContext] Street Artist gains 1 credit. (1 total)
[GameContext] Street Artist gains 1 credit. (2 total)
[GameContext] Street Artist removes 1 tag (0 remaining). [paid 2cr]
[GameContext] Street Artist draws Unity.
[GameContext] Reality Plus draws Doomscroll.
[GameContext] === Reality Plus Turn 10 begins. Credits: 4, Clicks: 3 ===
[GameContext] [MCTS] slow search: 1231 ms (100 iterations, depth 3)
[GameContext] Reality Plus pays 1 credit(s) to install ice.
[GameContext] Reality Plus installs Doomscroll in R&D.
[GameContext] [MCTS] slow search: 1037 ms (100 iterations, depth 3)
[GameContext] Reality Plus advances Drago Ivanov (4 counters).
[GameContext] [MCTS] slow search: 974 ms (100 iterations, depth 3)
[GameContext] Reality Plus spends 2 advancement counter(s) for Drago Ivanov.
[GameContext] Street Artist takes 1 tag(s). (1 total)
[GameContext] NBN: Reality Plus — Reality Plus may gain 2 cr or draw 2 cards.
[GameContext] Reality Plus: Reality Plus chooses 'Gain 2 credits'.
[GameContext] Reality Plus gains 2 credits.
[GameContext] === Street Artist Turn 11 begins. Credits: 0, Clicks: 4 ===
[GameContext] Street Artist gains 1 credit. (1 total)
[GameContext] Street Artist gains 1 credit. (2 total)
[GameContext] Street Artist gains 1 credit. (3 total)
Player install: card is: Unity and charged cost is: 3
[GameContext] Street Artist installs Unity. [MU: 2/4 used]
[GameContext] Reality Plus draws Ivik.
[GameContext] === Reality Plus Turn 11 begins. Credits: 4, Clicks: 3 ===
[GameContext] [MCTS] slow search: 1259 ms (100 iterations, depth 3)
[heartbeat] game 9/10 — turn 11, time 374s
[GameContext] Reality Plus pays 1 credit(s) to install ice.
[GameContext] Reality Plus installs Ivik in HQ.
[GameContext] [MCTS] slow search: 1316 ms (100 iterations, depth 3)
[GameContext] Reality Plus spends 2 advancement counter(s) for Drago Ivanov.
[GameContext] Street Artist takes 1 tag(s). (2 total)
[GameContext] NBN: Reality Plus — Reality Plus may gain 2 cr or draw 2 cards.
[GameContext] Reality Plus: Reality Plus chooses 'Gain 2 credits'.
[GameContext] Reality Plus gains 2 credits.
[GameContext] [MCTS] slow search: 1174 ms (100 iterations, depth 3)
[GameContext] Reality Plus advances Drago Ivanov (1 counters).
[GameContext] === Street Artist Turn 12 begins. Credits: 0, Clicks: 4 ===
[GameContext] Street Artist gains 1 credit. (1 total)
[GameContext] Street Artist gains 1 credit. (2 total)
[GameContext] Street Artist removes 1 tag (1 remaining). [paid 2cr]
[GameContext] Street Artist draws Self-modifying Code.
[GameContext] Reality Plus draws Blood in the Water.
[GameContext] === Reality Plus Turn 12 begins. Credits: 4, Clicks: 3 ===
[GameContext] [MCTS] slow search: 918 ms (100 iterations, depth 3)
[GameContext] Reality Plus gains 1 credit. (5 total)
[heartbeat] game 9/10 — turn 12, time 379s
[GameContext] [MCTS] slow search: 557 ms (100 iterations, depth 3)
[GameContext] Reality Plus advances Drago Ivanov (2 counters).
[GameContext] [MCTS] slow search: 789 ms (100 iterations, depth 3)
[GameContext] Reality Plus installs Spin Doctor in Server 1.
[GameContext] === Street Artist Turn 13 begins. Credits: 0, Clicks: 4 ===
[GameContext] Street Artist gains 1 credit. (1 total)
[GameContext] Street Artist gains 1 credit. (2 total)
[GameContext] Street Artist removes 1 tag (0 remaining). [paid 2cr]
[GameContext] Street Artist draws DZMZ Optimizer.
[GameContext] Reality Plus draws Doomscroll.
[GameContext] === Reality Plus Turn 13 begins. Credits: 4, Clicks: 3 ===
[GameContext] Reality Plus draws 2 card(s).
[GameContext] Reality Plus rezzes Spin Doctor for 0 cr.
[GameContext] [MCTS] slow search: 2029 ms (100 iterations, depth 3)
[GameContext] Reality Plus installs Blood in the Water in Server 3.
[GameContext] [MCTS] Scoring line detected — executing: Advance blood_in_the_water
[GameContext] Reality Plus advances Blood in the Water (1 counters).
[GameContext] Reality Plus scores Blood in the Water! (2 agenda points)
[heartbeat] game 9/10 — turn 13, time 384s
[GameContext] [MCTS] slow search: 1313 ms (100 iterations, depth 3)
[GameContext] Reality Plus installs Artificial Cryptocrash in Server 0.
[GameContext] === Street Artist Turn 14 begins. Credits: 0, Clicks: 4 ===
[GameContext] Street Artist gains 1 credit. (1 total)
[GameContext] Street Artist gains 1 credit. (2 total)
[GameContext] Street Artist gains 1 credit. (3 total)
[GameContext] Street Artist gains 1 credit. (4 total)
[GameContext] Reality Plus draws Trust Operation.
[GameContext] === Reality Plus Turn 14 begins. Credits: 3, Clicks: 3 ===
[GameContext] [MCTS] slow search: 363 ms (100 iterations, depth 3)
[GameContext] Reality Plus advances Drago Ivanov (3 counters).
[GameContext] [MCTS] slow search: 819 ms (100 iterations, depth 3)
[GameContext] Reality Plus advances Drago Ivanov (4 counters).
[GameContext] [MCTS] slow search: 808 ms (100 iterations, depth 3)
[GameContext] Reality Plus advances Drago Ivanov (5 counters).
[heartbeat] game 9/10 — turn 14, time 389s
[GameContext] Reality Plus discards Trust Operation to hand limit.
[GameContext] === Street Artist Turn 15 begins. Credits: 4, Clicks: 4 ===
[GameContext] --- Run on R&D begins ---
[GameContext] [Initiation] Run declared on R&D.
[GameContext] [Approach] Runner approaches unrezzed ice (position 0).
[GameContext] [Approach] Corp declines to rez. Runner passes unrezzed ice.
[GameContext] [Approach] Runner approaches Funhouse (position 1).
[GameContext] [Encounter] Runner encounters Funhouse.
[GameContext] Street Artist takes 1 tag(s) to continue the run (Funhouse). (1 total)
[GameContext] NBN: Reality Plus — Reality Plus may gain 2 cr or draw 2 cards.
[GameContext] [Wildcat Strike] Corp denies draws — Runner gains credits instead.
[GameContext] Reality Plus: Reality Plus chooses 'Draw 2 cards'.
[GameContext] Reality Plus draws 2 card(s).
[GameContext] [Encounter] Unity boosted +4 str (2 icebreakers). Cost: 2 cr.
[GameContext] [Encounter] Unity breaks 'Give the Runner 1 tag unless they pay 4[credit].' for 1 cr.
[GameContext] [Encounter] Subroutine 0 broken.
[GameContext] [Movement] Runner approaches the server root.
[GameContext] [Success] Run successful on R&D!
[GameContext] [Debug/gain_on_success] run_modifiers at success: { "overclock_credits": 0, "concerto_credits": 0, "bad_pub_credits": 0 }
[GameContext] [Breach] Runner breaches R&D.
[GameContext] [Access] Runner accesses: Chekist Scion
[GameContext] [Access] Runner may trash Chekist Scion for 0 credits (Runner has 1 total).
[GameContext] [Access] Runner trashes Chekist Scion.
[GameContext] [End] Run ended successfully.
[GameContext] Street Artist gains 1 credit. (2 total)
[GameContext] Street Artist removes 1 tag (0 remaining). [paid 2cr]
[GameContext] Street Artist gains 1 credit. (1 total)
[GameContext] Reality Plus draws Retribution.
[GameContext] === Reality Plus Turn 15 begins. Credits: 0, Clicks: 3 ===
[GameContext] [MCTS] slow search: 275 ms (100 iterations, depth 3)
[GameContext] Spin Doctor: shuffled 2 card(s) from Archives into R&D.
[GameContext] Spin Doctor is trashed.
[GameContext] [MCTS] slow search: 855 ms (100 iterations, depth 3)
[GameContext] Reality Plus spends 2 advancement counter(s) for Drago Ivanov.
[GameContext] Street Artist takes 1 tag(s). (1 total)
[GameContext] NBN: Reality Plus — Reality Plus may gain 2 cr or draw 2 cards.
[GameContext] Reality Plus: Reality Plus chooses 'Gain 2 credits'.
[GameContext] Reality Plus gains 2 credits.
[GameContext] [Backroom Machinations] Runner loses 1 tag as additional cost (0 remaining).
[GameContext] Reality Plus: Backroom Machinations scores as a 1-point agenda!
[GameContext] Reality Plus plays Backroom Machinations.
[GameContext] Game over — Reality Plus wins. Reality Plus wins
  [  9/ 10]  CORP      Reality Plus wins                 15 turns
[GameContext] Reality Plus draws Drago Ivanov.
[GameContext] === Reality Plus Turn 1 begins. Credits: 5, Clicks: 3 ===
[GameContext] [MCTS] slow search: 713 ms (100 iterations, depth 3)
[GameContext] Reality Plus installs Vasilisa in R&D.
[GameContext] [MCTS] slow search: 612 ms (100 iterations, depth 3)
[GameContext] Reality Plus installs Ivik in HQ.
[heartbeat] game 10/10 — turn 1, time 394s
[GameContext] [MCTS] slow search: 607 ms (100 iterations, depth 3)
[GameContext] Reality Plus gains 1 credit. (6 total)
[GameContext] === Street Artist Turn 2 begins. Credits: 5, Clicks: 4 ===
[GameContext] --- Run on R&D begins ---
[GameContext] [Initiation] Run declared on R&D.
[GameContext] [Approach] Runner approaches unrezzed ice (position 0).
[CorpRunAI] AI: Vasilisa — rez_cost=2  tax/enc=6.0  enc=3.0  LTV=18.0
[GameContext] [Rez] Corp rezzes Vasilisa for 2 credits.
[GameContext] [Encounter] Runner encounters Vasilisa.
[GameContext] Street Artist takes 1 tag(s). (1 total)
[GameContext] NBN: Reality Plus — Reality Plus may gain 2 cr or draw 2 cards.
[GameContext] [Wildcat Strike] Corp denies draws — Runner gains credits instead.
[GameContext] Reality Plus: Reality Plus chooses 'Draw 2 cards'.
[GameContext] Reality Plus draws 2 card(s).
[GameContext] [Movement] Runner approaches the server root.
[GameContext] [Success] Run successful on R&D!
[GameContext] [Debug/gain_on_success] run_modifiers at success: {  }
[GameContext] [Breach] Runner breaches R&D.
[GameContext] [Access] Runner accesses: Backroom Machinations
[GameContext] [End] Run ended successfully.
[GameContext] --- Run on HQ begins ---
[GameContext] [Initiation] Run declared on HQ.
[GameContext] [Approach] Runner approaches unrezzed ice (position 0).
[GameContext] [Approach] Corp declines to rez. Runner passes unrezzed ice.
[GameContext] [Movement] Runner approaches the server root.
[GameContext] [Success] Run successful on HQ!
[GameContext] [Debug/gain_on_success] run_modifiers at success: {  }
[GameContext] [Breach] Runner breaches HQ.
[GameContext] [Access] Runner accesses: Doomscroll
[GameContext] [End] Run ended successfully.
Player install: card is: Propeller and charged cost is: 1
[GameContext] Placed 4 power counter(s) on Propeller.
[GameContext] Street Artist installs Propeller. [MU: 1/4 used]
Player install: card is: Unity and charged cost is: 3
[GameContext] Street Artist installs Unity. [MU: 2/4 used]
[GameContext] Reality Plus draws Backroom Machinations.
[GameContext] === Reality Plus Turn 2 begins. Credits: 4, Clicks: 3 ===
[GameContext] [MCTS] slow search: 697 ms (100 iterations, depth 3)
[GameContext] [Trust Operation] No Runner resources to trash — operation fizzles.
[GameContext] Reality Plus plays Trust Operation.
[GameContext] [MCTS] slow search: 731 ms (100 iterations, depth 3)
[GameContext] Reality Plus installs Blood in the Water in Server 0.
[GameContext] [MCTS] Scoring line detected — executing: Advance blood_in_the_water
[GameContext] Reality Plus advances Blood in the Water (1 counters).
[GameContext] Reality Plus scores Blood in the Water! (2 agenda points)
[GameContext] === Street Artist Turn 3 begins. Credits: 1, Clicks: 4 ===
[GameContext] Street Artist gains 5 credits.
[GameContext] Street Artist will lose 1 click(s) next turn.
[GameContext] Street Artist plays Creative Commission.
[GameContext] --- Run on HQ begins ---
[GameContext] [Initiation] Run declared on HQ.
[GameContext] [Approach] Runner approaches unrezzed ice (position 0).
[GameContext] [Approach] Corp declines to rez. Runner passes unrezzed ice.
[GameContext] [Movement] Runner approaches the server root.
[GameContext] [Success] Run successful on HQ!
[GameContext] [Debug/gain_on_success] run_modifiers at success: {  }
[GameContext] [Breach] Runner breaches HQ.
[GameContext] [Access] Runner accesses: Regolith Mining License
[GameContext] [Access] Runner may trash Regolith Mining License for 3 credits (Runner has 5 total).
[GameContext] [Access] Runner trashes Regolith Mining License.
[GameContext] [End] Run ended successfully.
[GameContext] Street Artist removes 1 tag (0 remaining). [paid 2cr]
[GameContext] Street Artist draws Creative Commission.
[GameContext] Reality Plus draws Retribution.
[GameContext] === Reality Plus Turn 3 begins. Credits: 3, Clicks: 3 ===
[GameContext] [MCTS] slow search: 867 ms (100 iterations, depth 3)
[heartbeat] game 10/10 — turn 3, time 399s
[GameContext] Reality Plus installs Artificial Cryptocrash in Server 0.
[GameContext] [MCTS] slow search: 804 ms (100 iterations, depth 3)
[GameContext] Reality Plus advances Artificial Cryptocrash (1 counters).
[GameContext] [MCTS] slow search: 652 ms (100 iterations, depth 3)
[GameContext] Reality Plus installs Doomscroll in Server 0.
[GameContext] Street Artist loses 1 click(s) this turn (deferred penalty).
[GameContext] === Street Artist Turn 4 begins. Credits: 0, Clicks: 3 ===
[GameContext] Street Artist gains 1 credit. (1 total)
[GameContext] --- Run on Server 0 begins ---
[GameContext] [Initiation] Run declared on Server 0.
[GameContext] [Approach] Runner approaches unrezzed ice (position 0).
[GameContext] [Approach] Corp declines to rez. Runner passes unrezzed ice.
[GameContext] [Movement] Runner approaches the server root.
[GameContext] [Success] Run successful on Server 0!
[GameContext] [Debug/gain_on_success] run_modifiers at success: {  }
[GameContext] [Breach] Runner breaches Server 0.
[GameContext] [Access] Runner accesses: Artificial Cryptocrash
[GameContext] [Access] Runner steals Artificial Cryptocrash! (2 agenda points)
[GameContext] [End] Run ended successfully.
[GameContext] --- Run on HQ begins ---
[GameContext] [Initiation] Run declared on HQ.
[GameContext] [Approach] Runner approaches unrezzed ice (position 0).
[GameContext] [Approach] Corp declines to rez. Runner passes unrezzed ice.
[GameContext] [Movement] Runner approaches the server root.
[GameContext] [Success] Run successful on HQ!
[GameContext] [Debug/gain_on_success] run_modifiers at success: {  }
[GameContext] [Breach] Runner breaches HQ.
[GameContext] [Access] Runner accesses: Drago Ivanov
[GameContext] [Access] Runner may trash Drago Ivanov for 1 credits (Runner has 1 total).
[GameContext] [Access] Runner trashes Drago Ivanov.
[GameContext] [End] Run ended successfully.
[GameContext] Reality Plus draws Regolith Mining License.
[GameContext] === Reality Plus Turn 4 begins. Credits: 2, Clicks: 3 ===
[GameContext] [MCTS] slow search: 352 ms (100 iterations, depth 3)
[GameContext] Reality Plus gains 1 credit. (3 total)
[GameContext] [MCTS] slow search: 351 ms (100 iterations, depth 3)
[GameContext] Reality Plus gains 1 credit. (4 total)
[GameContext] [MCTS] slow search: 368 ms (100 iterations, depth 3)
[GameContext] Reality Plus draws Hedge Fund.
[heartbeat] game 10/10 — turn 4, time 404s
[GameContext] === Street Artist Turn 5 begins. Credits: 0, Clicks: 4 ===
[GameContext] Street Artist gains 1 credit. (1 total)
[GameContext] Street Artist gains 1 credit. (2 total)
[GameContext] --- Run on HQ begins ---
[GameContext] [Initiation] Run declared on HQ.
[GameContext] [Approach] Runner approaches unrezzed ice (position 0).
[GameContext] [Approach] Corp declines to rez. Runner passes unrezzed ice.
[GameContext] [Movement] Runner approaches the server root.
[GameContext] [Success] Run successful on HQ!
[GameContext] [Debug/gain_on_success] run_modifiers at success: {  }
[GameContext] [Breach] Runner breaches HQ.
[GameContext] [Access] Runner accesses: Regolith Mining License
[GameContext] [Access] Runner may trash Regolith Mining License for 3 credits (Runner has 2 total).
[GameContext] [Access] Runner cannot afford to trash.
[GameContext] [End] Run ended successfully.
[GameContext] Street Artist draws Self-modifying Code.
[GameContext] Reality Plus draws IP Enforcement.
[GameContext] === Reality Plus Turn 5 begins. Credits: 4, Clicks: 3 ===
[GameContext] [MCTS] slow search: 417 ms (100 iterations, depth 3)
[GameContext] Reality Plus gains 1 credit. (5 total)
[GameContext] [MCTS] slow search: 463 ms (100 iterations, depth 3)
[GameContext] Reality Plus gains 9 credits.
[GameContext] Reality Plus plays Hedge Fund.
[GameContext] [MCTS] slow search: 421 ms (100 iterations, depth 3)
[GameContext] Reality Plus gains 1 credit. (10 total)
[GameContext] === Street Artist Turn 6 begins. Credits: 2, Clicks: 4 ===
[GameContext] Street Artist gains 1 credit. (3 total)
[GameContext] --- Run on HQ begins ---
[GameContext] [Initiation] Run declared on HQ.
[GameContext] [Approach] Runner approaches unrezzed ice (position 0).
[CorpRunAI] AI: Ivik — rez_cost=7  tax/enc=5.0  enc=3.0  LTV=15.0
[GameContext] [Rez] Corp rezzes Ivik for 7 credits.
[GameContext] [Encounter] Runner encounters Ivik.
[GameContext] [Encounter] Propeller spends 1 power counter(s): +2 str (now 5, 3 counters left).
[GameContext] [Encounter] Propeller breaks 'Do 2 net damage.' for 1 cr.
[GameContext] [Encounter] Propeller breaks 'End the run.' for 1 cr.
[GameContext] [Encounter] Subroutine 0 broken.
[GameContext] [Encounter] Subroutine 1 broken.
[GameContext] [Movement] Runner approaches the server root.
[GameContext] [Success] Run successful on HQ!
[GameContext] [Debug/gain_on_success] run_modifiers at success: { "overclock_credits": 0, "concerto_credits": 0, "bad_pub_credits": 0 }
[GameContext] [Breach] Runner breaches HQ.
[GameContext] [Access] Runner accesses: Retribution
[GameContext] [End] Run ended successfully.
[GameContext] Street Artist draws Echelon.
[GameContext] Street Artist gains 1 credit. (2 total)
[GameContext] Reality Plus draws Hedge Fund.
[GameContext] === Reality Plus Turn 6 begins. Credits: 3, Clicks: 3 ===
[GameContext] [MCTS] slow search: 488 ms (100 iterations, depth 3)
[GameContext] Reality Plus gains 1 credit. (4 total)
[GameContext] [MCTS] slow search: 540 ms (100 iterations, depth 3)
[GameContext] Reality Plus gains 1 credit. (5 total)
[GameContext] [MCTS] slow search: 487 ms (100 iterations, depth 3)
[GameContext] Reality Plus gains 9 credits.
[GameContext] Reality Plus plays Hedge Fund.
[heartbeat] game 10/10 — turn 6, time 409s
[GameContext] === Street Artist Turn 7 begins. Credits: 2, Clicks: 4 ===
[GameContext] Street Artist gains 5 credits.
[GameContext] Street Artist will lose 1 click(s) next turn.
[GameContext] Street Artist plays Creative Commission.
Player install: card is: Echelon and charged cost is: 3
[GameContext] Street Artist installs Echelon. [MU: 3/4 used]
[GameContext] --- Run on R&D begins ---
[GameContext] [Initiation] Run declared on R&D.
[GameContext] [Approach] Runner approaches Vasilisa (position 0).
[GameContext] [Encounter] Runner encounters Vasilisa.
[GameContext] [Encounter] Echelon breaks 'Give the Runner 1 tag.' for 1 cr.
[GameContext] [Encounter] Subroutine 0 broken.
[GameContext] [Movement] Runner approaches the server root.
[GameContext] [Success] Run successful on R&D!
[GameContext] [Debug/gain_on_success] run_modifiers at success: { "overclock_credits": 0, "concerto_credits": 0, "bad_pub_credits": 0 }
[GameContext] [Breach] Runner breaches R&D.
[GameContext] [Access] Runner accesses: Artificial Cryptocrash
[GameContext] [Access] Runner steals Artificial Cryptocrash! (2 agenda points)
[GameContext] [End] Run ended successfully.
[GameContext] Street Artist draws Propeller.
[GameContext] Reality Plus draws Ivik.
[GameContext] === Reality Plus Turn 7 begins. Credits: 9, Clicks: 3 ===
[GameContext] Reality Plus pays 1 credit(s) to install ice.
[GameContext] Reality Plus installs Ivik in R&D.
[GameContext] Reality Plus gains 1 credit. (9 total)
[GameContext] Reality Plus gains 1 credit. (10 total)
[GameContext] Street Artist loses 1 click(s) this turn (deferred penalty).
[GameContext] === Street Artist Turn 8 begins. Credits: 2, Clicks: 3 ===
[GameContext] Street Artist draws Dr. Nuka Vrolyck.
[GameContext] Street Artist draws Fermenter.
[GameContext] Street Artist draws Simulchip.
[GameContext] Street Artist discards Dr. Nuka Vrolyck to hand limit. (5 cards remaining)
[GameContext] Street Artist discards Simulchip to hand limit. (5 cards remaining)
[GameContext] Reality Plus draws Chekist Scion.
[GameContext] === Reality Plus Turn 8 begins. Credits: 10, Clicks: 3 ===
[GameContext] Reality Plus gains 1 credit. (11 total)
[GameContext] Reality Plus installs Chekist Scion in Server 0.
[GameContext] Reality Plus advances Chekist Scion (1 counters).
[GameContext] === Street Artist Turn 9 begins. Credits: 2, Clicks: 4 ===
[GameContext] Street Artist draws Pinhole Threading.
[GameContext] Street Artist plays Pinhole Threading.
[GameContext] Street Artist draws Overclock.
[GameContext] Run modifier set: overclock_credits = 5
[GameContext] --- Run on HQ begins ---
[GameContext] [Initiation] Run declared on HQ.
[GameContext] [Approach] Runner approaches Ivik (position 0).
[GameContext] [Encounter] Runner encounters Ivik.
[GameContext] [Encounter] Propeller spends 1 power counter(s): +2 str (now 4, 2 counters left).
[GameContext] [Encounter] Propeller spends 1 power counter(s): +2 str (now 5, 1 counters left).
[GameContext] [Encounter] Propeller breaks 'Do 2 net damage.' for 1 cr.
[GameContext] [Encounter] Propeller breaks 'End the run.' for 1 cr.
[GameContext] [Encounter] Subroutine 0 broken.
[GameContext] [Encounter] Subroutine 1 broken.
[GameContext] [Movement] Runner approaches the server root.
[GameContext] [Success] Run successful on HQ!
[GameContext] [Debug/gain_on_success] run_modifiers at success: { "overclock_credits": 3, "run_event_active": 1, "concerto_credits": 0, "bad_pub_credits": 0 }
[GameContext] [Breach] Runner breaches HQ.
[GameContext] [Access] Runner accesses: IP Enforcement
[GameContext] [End] Run ended successfully.
[GameContext] Overclock: 3 unspent credit(s) returned to the bank.
[GameContext] Street Artist plays Overclock.
[GameContext] Reality Plus draws IP Enforcement.
[GameContext] === Reality Plus Turn 9 begins. Credits: 10, Clicks: 3 ===
[GameContext] Reality Plus rezzes Chekist Scion for 0 cr.
[GameContext] Reality Plus advances Chekist Scion (2 counters).
[GameContext] Reality Plus advances Chekist Scion (3 counters).
[heartbeat] game 10/10 — turn 9, time 414s
[GameContext] Reality Plus advances Chekist Scion (4 counters).
[GameContext] === Street Artist Turn 10 begins. Credits: 0, Clicks: 4 ===
[GameContext] Street Artist draws Telework Contract.
[GameContext] Street Artist draws Conduit.
[GameContext] Street Artist draws Telework Contract.
[GameContext] Street Artist gains 1 credit. (1 total)
[GameContext] Street Artist discards Telework Contract to hand limit. (5 cards remaining)
[GameContext] Street Artist discards Telework Contract to hand limit. (5 cards remaining)
[GameContext] Street Artist discards Simulchip to hand limit. (5 cards remaining)
[GameContext] Reality Plus draws Retribution.
[GameContext] === Reality Plus Turn 10 begins. Credits: 7, Clicks: 3 ===
[GameContext] Reality Plus advances Chekist Scion (5 counters).
[GameContext] Reality Plus gains 1 credit. (7 total)
[GameContext] Reality Plus gains 1 credit. (8 total)
[GameContext] Reality Plus discards IP Enforcement to hand limit.
[GameContext] === Street Artist Turn 11 begins. Credits: 1, Clicks: 4 ===
[GameContext] Street Artist draws Environmental Testing.
[GameContext] Street Artist gains 1 credit. (2 total)
[GameContext] Street Artist draws Daily Casts.
[GameContext] Street Artist draws Telework Contract.
[GameContext] Street Artist discards Telework Contract to hand limit. (5 cards remaining)
[GameContext] Street Artist discards Environmental Testing to hand limit. (5 cards remaining)
[GameContext] Street Artist discards Daily Casts to hand limit. (5 cards remaining)
[GameContext] Reality Plus draws Spin Doctor.
[GameContext] === Reality Plus Turn 11 begins. Credits: 8, Clicks: 3 ===
[GameContext] Reality Plus gains 1 credit. (9 total)
[GameContext] Reality Plus gains 1 credit. (10 total)
[GameContext] Reality Plus gains 1 credit. (11 total)
[GameContext] Reality Plus discards IP Enforcement to hand limit.
[GameContext] === Street Artist Turn 12 begins. Credits: 2, Clicks: 4 ===
[GameContext] Street Artist draws Deep Dive.
[GameContext] Street Artist gains 1 credit. (3 total)
[GameContext] Street Artist draws LilyPAD.
[GameContext] Street Artist draws Self-modifying Code.
[GameContext] Street Artist discards Deep Dive to hand limit. (5 cards remaining)
[GameContext] Street Artist discards LilyPAD to hand limit. (5 cards remaining)
[GameContext] Street Artist discards Self-modifying Code to hand limit. (5 cards remaining)
[GameContext] Reality Plus draws Chekist Scion.
[GameContext] === Reality Plus Turn 12 begins. Credits: 11, Clicks: 3 ===
[GameContext] Reality Plus gains 1 credit. (12 total)
[GameContext] Reality Plus gains 1 credit. (13 total)
[heartbeat] game 10/10 — turn 12, time 419s
[GameContext] Reality Plus gains 1 credit. (14 total)
[GameContext] Reality Plus discards Retribution to hand limit.
[GameContext] === Street Artist Turn 13 begins. Credits: 3, Clicks: 4 ===
[GameContext] Street Artist gains 1 credit. (4 total)
[GameContext] Street Artist gains 1 credit. (5 total)
[GameContext] Street Artist gains 1 credit. (6 total)
[GameContext] --- Run on R&D begins ---
[GameContext] [Initiation] Run declared on R&D.
[GameContext] [Approach] Runner approaches unrezzed ice (position 0).
[CorpRunAI] AI: Ivik — rez_cost=7  tax/enc=5.0  enc=3.0  LTV=15.0
[GameContext] [Rez] Corp rezzes Ivik for 7 credits.
[GameContext] [Encounter] Runner encounters Ivik.
[GameContext] Runner takes 2 net damage.
[GameContext]   Trashed from grip: conduit
[GameContext]   Trashed from grip: propeller
[GameContext] 2 card(s) trashed from Street Artist's grip.
[GameContext] Run ended.
[GameContext] [Encounter] Run ended by subroutine.
[GameContext] [End] Run ended unsuccessfully.
[GameContext] Reality Plus draws Artificial Cryptocrash.
[GameContext] === Reality Plus Turn 13 begins. Credits: 7, Clicks: 3 ===
[GameContext] Reality Plus gains 1 credit. (8 total)
[GameContext] Reality Plus gains 1 credit. (9 total)
[GameContext] Reality Plus gains 1 credit. (10 total)
[GameContext] Reality Plus discards Retribution to hand limit.
[GameContext] === Street Artist Turn 14 begins. Credits: 6, Clicks: 4 ===
[GameContext] Street Artist gains 1 credit. (7 total)
[GameContext] --- Run on R&D begins ---
[GameContext] [Initiation] Run declared on R&D.
[GameContext] [Approach] Runner approaches Ivik (position 0).
[GameContext] [Encounter] Runner encounters Ivik.
[GameContext] Runner takes 2 net damage.
[GameContext]   Trashed from grip: self_modifying_code
[GameContext]   Trashed from grip: fermenter
[GameContext] 2 card(s) trashed from Street Artist's grip.
[GameContext] Run ended.
[GameContext] [Encounter] Run ended by subroutine.
[GameContext] [End] Run ended unsuccessfully.
[GameContext] --- Run on HQ begins ---
[GameContext] [Initiation] Run declared on HQ.
[GameContext] [Approach] Runner approaches Ivik (position 0).
[GameContext] [Encounter] Runner encounters Ivik.
[GameContext] Runner takes 2 net damage.
[GameContext]   Trashed from grip: self_modifying_code
[GameContext] Street Artist is flatlined! (no cards remaining in grip)
[GameContext] 1 card(s) trashed from Street Artist's grip.
[GameContext] Run ended.
[GameContext] [Encounter] Run ended by subroutine.
[GameContext] [End] Run ended unsuccessfully.
[GameContext] Game over — Reality Plus wins. Reality Plus wins
  [ 10/ 10]  CORP      Reality Plus wins                 14 turns

╔══════════════════════════════════════════════════════╗
║  BATCH SUMMARY  (10 games)                           
╠══════════════════════════════════════════════════════╣
║  Corp   wins :   4  ( 40.0%)                        
║  Runner wins :   6  ( 60.0%)                        
║  Draws       :   0  (  0.0%)                        
║  Avg turns   : 14.7                                  
╠══════════════════════════════════════════════════════╣
║  Win reasons:
║    "Street Artist" flatlined (empty grip)    1
║    Corp could not draw (empty R&D)     2
║    Reality Plus scored 8 agenda points    1
║    Reality Plus wins                   2
║    Street Artist stole enough agendas to win    4
╚══════════════════════════════════════════════════════╝
