Godot Engine v4.6.2.stable.mono.official.71f334935 - https://godotengine.org

CardRegistry: loaded 2054 cards
SelfPlayRunner: loaded runner opponent 'runner_convention_breaker' — the_catalyst_convention_breaker (30 cards)
SelfPlayRunner: loaded corp opponent 'ob_weyland_fast_advance' — ob_superheavy_logistics_extract_export_excel (38 cards)
╔══════════════════════════════════════════════════════╗
║     NETRUNNER SELF-PLAY — BATCH MODE ( 10 games)     ║
╚══════════════════════════════════════════════════════╝
AbilityRegistry: loaded definitions for 630 cards
[GameContext] Extract. Export. Excel. draws Spin Doctor.
[GameContext] === Extract. Export. Excel. Turn 1 begins. Credits: 5, Clicks: 3 ===
[GameContext] [MCTS] slow search: 361 ms (100 iterations, depth 3)
[DecisionLogger] user data dir : C:/Users/jnsno/AppData/Roaming/Godot/app_userdata/Netrunner Solo
[DecisionLogger] logs dir      : C:/Users/jnsno/AppData/Roaming/Godot/app_userdata/Netrunner Solo/logs
[DecisionLogger] opening       : C:/Users/jnsno/AppData/Roaming/Godot/app_userdata/Netrunner Solo/logs/corp_ai_20260620_205308.log
[DecisionLogger] log file ready.
[GameContext] Extract. Export. Excel. installs Stavka in R&D.
[GameContext] [MCTS] slow search: 358 ms (100 iterations, depth 3)
[GameContext] Extract. Export. Excel. installs Stavka in HQ.
[GameContext] [MCTS] slow search: 369 ms (100 iterations, depth 3)
[GameContext] Extract. Export. Excel. installs Ballista in Server 0.
[GameContext] === Convention Breaker Turn 2 begins. Credits: 5, Clicks: 4 ===
[GameContext] --- Run on HQ begins ---
[GameContext] [Initiation] Run declared on HQ.
[GameContext] [Approach] Runner approaches unrezzed ice (position 0).
[CorpRunAI] AI: rezzing Stavka would breach credit floor — holding.
[GameContext] [Approach] Corp declines to rez. Runner passes unrezzed ice.
[GameContext] [Movement] Runner approaches the server root.
[GameContext] [Success] Run successful on HQ!
[GameContext] [Debug/gain_on_success] run_modifiers at success: {  }
[GameContext] [Breach] Runner breaches HQ.
[GameContext] [Access] Runner accesses: Extract
[GameContext] [End] Run ended successfully.
[GameContext] Convention Breaker gains 9 credits.
[GameContext] Convention Breaker plays Sure Gamble.
Player install: card is: Cleaver and charged cost is: 3
[GameContext] Convention Breaker installs Cleaver. [MU: 1/4 used]
[GameContext] --- Run on R&D begins ---
[GameContext] [Initiation] Run declared on R&D.
[GameContext] [Approach] Runner approaches unrezzed ice (position 0).
[CorpRunAI] AI: rezzing Stavka would breach credit floor — holding.
[GameContext] [Approach] Corp declines to rez. Runner passes unrezzed ice.
[GameContext] [Movement] Runner approaches the server root.
[GameContext] [Success] Run successful on R&D!
[GameContext] [Debug/gain_on_success] run_modifiers at success: {  }
[GameContext] [Breach] Runner breaches R&D.
[GameContext] [Access] Runner accesses: Vladisibirsk City Grid
[GameContext] [Access] Runner may trash Vladisibirsk City Grid for 4 credits (Runner has 6 total).
[GameContext] [End] Run ended successfully.
[GameContext] Extract. Export. Excel. draws Vladisibirsk City Grid.
[GameContext] === Extract. Export. Excel. Turn 2 begins. Credits: 5, Clicks: 3 ===
[GameContext] [MCTS] slow search: 351 ms (100 iterations, depth 3)
[GameContext] Extract. Export. Excel. gains 6 credits.
[GameContext] Extract. Export. Excel. plays Extract.
[heartbeat] game 1/10 — turn 2, time 5s
[GameContext] [MCTS] slow search: 325 ms (100 iterations, depth 3)
[GameContext] Extract. Export. Excel. draws Send a Message.
[GameContext] [MCTS] slow search: 664 ms (100 iterations, depth 3)
[GameContext] Extract. Export. Excel. gains 1 credit. (9 total)
[GameContext] === Convention Breaker Turn 3 begins. Credits: 6, Clicks: 4 ===
[GameContext] --- Run on R&D begins ---
[GameContext] [Initiation] Run declared on R&D.
[GameContext] [Approach] Runner approaches unrezzed ice (position 0).
[CorpRunAI] AI: Stavka — rez_cost=4  tax/enc=8.0  enc=3.0  LTV=24.0
[GameContext] [Rez] Corp rezzes Stavka for 4 credits.
[GameContext] [Encounter] Runner encounters Stavka.
[GameContext] [Movement] Runner approaches the server root.
[GameContext] [Success] Run successful on R&D!
[GameContext] [Debug/gain_on_success] run_modifiers at success: {  }
[GameContext] [Breach] Runner breaches R&D.
[GameContext] [Access] Runner accesses: Ballista
[GameContext] [End] Run ended successfully.
[GameContext] --- Run on HQ begins ---
[GameContext] [Initiation] Run declared on HQ.
[GameContext] [Approach] Runner approaches unrezzed ice (position 0).
[CorpRunAI] AI: rezzing Stavka would breach credit floor — holding.
[GameContext] [Approach] Corp declines to rez. Runner passes unrezzed ice.
[GameContext] [Movement] Runner approaches the server root.
[GameContext] [Success] Run successful on HQ!
[GameContext] [Debug/gain_on_success] run_modifiers at success: {  }
[GameContext] [Breach] Runner breaches HQ.
[GameContext] [Access] Runner accesses: Big Deal
[GameContext] [End] Run ended successfully.
[GameContext] Convention Breaker draws Creative Commission.
[GameContext] Convention Breaker draws Smartware Distributor.
[GameContext] Extract. Export. Excel. draws Ballista.
[GameContext] === Extract. Export. Excel. Turn 3 begins. Credits: 5, Clicks: 3 ===
[GameContext] [MCTS] slow search: 662 ms (100 iterations, depth 3)
[GameContext] Extract. Export. Excel. installs Send a Message in Server 0.
[GameContext] [MCTS] slow search: 654 ms (100 iterations, depth 3)
[GameContext] Extract. Export. Excel. advances Send a Message (1 counters).
[GameContext] [MCTS] slow search: 657 ms (100 iterations, depth 3)
[GameContext] Extract. Export. Excel. advances Send a Message (2 counters).
[heartbeat] game 1/10 — turn 3, time 10s
[GameContext] === Convention Breaker Turn 4 begins. Credits: 6, Clicks: 4 ===
[GameContext] --- Run on Server 0 begins ---
[GameContext] [Initiation] Run declared on Server 0.
[GameContext] [Approach] Runner approaches unrezzed ice (position 0).
[GameContext] [Approach] Corp declines to rez. Runner passes unrezzed ice.
[GameContext] [Movement] Runner approaches the server root.
[GameContext] [Success] Run successful on Server 0!
[GameContext] [Debug/gain_on_success] run_modifiers at success: {  }
[GameContext] [Breach] Runner breaches Server 0.
[GameContext] [Access] Runner accesses: Send a Message
[GameContext] [Access] Runner steals Send a Message! (3 agenda points)
[GameContext] Rezzed Stavka for free.
[GameContext] [End] Run ended successfully.
[GameContext] Convention Breaker gains 1 credit. (7 total)
[GameContext] Convention Breaker gains 1 credit. (8 total)
[GameContext] Convention Breaker gains 1 credit. (9 total)
[GameContext] Extract. Export. Excel. draws Artificial Cryptocrash.
[GameContext] === Extract. Export. Excel. Turn 4 begins. Credits: 3, Clicks: 3 ===
[GameContext] [MCTS] slow search: 709 ms (100 iterations, depth 3)
[GameContext] Extract. Export. Excel. gains 1 credit. (4 total)
[GameContext] [MCTS] slow search: 816 ms (100 iterations, depth 3)
[GameContext] Extract. Export. Excel. installs Ballista in Server 1.
[GameContext] [MCTS] slow search: 746 ms (100 iterations, depth 3)
[GameContext] Extract. Export. Excel. installs Artificial Cryptocrash in Server 1.
[GameContext] === Convention Breaker Turn 5 begins. Credits: 9, Clicks: 4 ===
[GameContext] --- Run on Server 1 begins ---
[GameContext] [Initiation] Run declared on Server 1.
[GameContext] [Approach] Runner approaches unrezzed ice (position 0).
[GameContext] [Approach] Corp declines to rez. Runner passes unrezzed ice.
[GameContext] [Movement] Runner approaches the server root.
[GameContext] [Success] Run successful on Server 1!
[GameContext] [Debug/gain_on_success] run_modifiers at success: {  }
[GameContext] [Breach] Runner breaches Server 1.
[GameContext] [Access] Runner accesses: Artificial Cryptocrash
[GameContext] [Access] Runner steals Artificial Cryptocrash! (2 agenda points)
[GameContext] [End] Run ended successfully.
[GameContext] Convention Breaker gains 1 credit. (10 total)
[GameContext] Convention Breaker gains 1 credit. (11 total)
[GameContext] Convention Breaker gains 1 credit. (12 total)
[GameContext] Extract. Export. Excel. draws Artificial Cryptocrash.
[GameContext] === Extract. Export. Excel. Turn 5 begins. Credits: 4, Clicks: 3 ===
[GameContext] [MCTS] slow search: 641 ms (100 iterations, depth 3)
[GameContext] Extract. Export. Excel. installs Artificial Cryptocrash in Server 0.
[heartbeat] game 1/10 — turn 5, time 15s
[GameContext] [MCTS] slow search: 646 ms (100 iterations, depth 3)
[GameContext] Extract. Export. Excel. advances Artificial Cryptocrash (1 counters).
[GameContext] [MCTS] slow search: 633 ms (100 iterations, depth 3)
[GameContext] Extract. Export. Excel. advances Artificial Cryptocrash (2 counters).
[GameContext] === Convention Breaker Turn 6 begins. Credits: 12, Clicks: 4 ===
[GameContext] Convention Breaker gains 5 credits.
[GameContext] Convention Breaker will lose 1 click(s) next turn.
[GameContext] Convention Breaker plays Creative Commission.
[GameContext] Run modifier set: extra_rez_cost = 3
[GameContext] --- Run on HQ begins ---
[GameContext] [Initiation] Run declared on HQ.
[GameContext] [Approach] Runner approaches Stavka (position 0).
[GameContext] [Encounter] Runner encounters Stavka.
[GameContext] [Movement] Runner approaches the server root.
[GameContext] [Success] Run successful on HQ!
[GameContext] [Debug/gain_on_success] run_modifiers at success: { "extra_rez_cost": 3, "run_event_active": 1 }
[GameContext] [Breach] Runner breaches HQ.
[GameContext] [Access] Runner accesses: Big Deal
[GameContext] [End] Run ended successfully.
[GameContext] Convention Breaker plays Tread Lightly.
[GameContext] --- Run on Server 0 begins ---
[GameContext] [Initiation] Run declared on Server 0.
[GameContext] [Approach] Runner approaches unrezzed ice (position 0).
[GameContext] [Approach] Corp declines to rez. Runner passes unrezzed ice.
[GameContext] [Movement] Runner approaches the server root.
[GameContext] [Success] Run successful on Server 0!
[GameContext] [Debug/gain_on_success] run_modifiers at success: {  }
[GameContext] [Breach] Runner breaches Server 0.
[GameContext] [Access] Runner accesses: Artificial Cryptocrash
[GameContext] [Access] Runner steals Artificial Cryptocrash! (2 agenda points)
[GameContext] Runner wins by stealing agendas!
[GameContext] [End] Run ended successfully.
[GameContext] Game over — Convention Breaker wins. Convention Breaker stole enough agendas to win
  [  1/ 10]  RUNNER    Convention Breaker stole enough agendas to win   6 turns
[GameContext] Extract. Export. Excel. draws Pharos.
[GameContext] === Extract. Export. Excel. Turn 1 begins. Credits: 5, Clicks: 3 ===
[GameContext] [MCTS] slow search: 401 ms (100 iterations, depth 3)
[GameContext] Extract. Export. Excel. installs Pharos in R&D.
[GameContext] [MCTS] slow search: 440 ms (100 iterations, depth 3)
[GameContext] Extract. Export. Excel. installs Maskirovka in Server 0.
[GameContext] [MCTS] slow search: 435 ms (100 iterations, depth 3)
[GameContext] Extract. Export. Excel. installs Pharos in HQ.
[GameContext] === Convention Breaker Turn 2 begins. Credits: 5, Clicks: 4 ===
[GameContext] Run modifier set: bonus_access = 1
[GameContext] --- Run on HQ begins ---
[GameContext] [Initiation] Run declared on HQ.
[GameContext] [Approach] Runner approaches unrezzed ice (position 0).
[GameContext] [Approach] Corp declines to rez. Runner passes unrezzed ice.
[GameContext] [Movement] Runner approaches the server root.
[GameContext] [Success] Run successful on HQ!
[GameContext] [Debug/gain_on_success] run_modifiers at success: { "bonus_access": 1, "run_event_active": 1 }
[GameContext] [Breach] Runner breaches HQ.
[GameContext] [Breach] Bonus access: 1 extra card(s).
[GameContext] [Access] Runner accesses: Extract
[GameContext] [Access] Runner accesses: Maskirovka
[GameContext] [End] Run ended successfully.
[GameContext] Convention Breaker plays Jailbreak.
[GameContext] Run modifier set: bonus_access = 1
[GameContext] --- Run on HQ begins ---
[GameContext] [Initiation] Run declared on HQ.
[GameContext] [Approach] Runner approaches unrezzed ice (position 0).
[GameContext] [Approach] Corp declines to rez. Runner passes unrezzed ice.
[GameContext] [Movement] Runner approaches the server root.
[GameContext] [Success] Run successful on HQ!
[GameContext] [Debug/gain_on_success] run_modifiers at success: { "bonus_access": 1, "run_event_active": 1 }
[GameContext] [Breach] Runner breaches HQ.
[GameContext] [Breach] Bonus access: 1 extra card(s).
[GameContext] [Access] Runner accesses: Hedge Fund
[GameContext] [Access] Runner accesses: Extract
[GameContext] [End] Run ended successfully.
[GameContext] Convention Breaker plays Jailbreak.
[GameContext] --- Run on R&D begins ---
[GameContext] [Initiation] Run declared on R&D.
[GameContext] [Approach] Runner approaches unrezzed ice (position 0).
[GameContext] [Approach] Corp declines to rez. Runner passes unrezzed ice.
[GameContext] [Movement] Runner approaches the server root.
[GameContext] [Success] Run successful on R&D!
[GameContext] [Debug/gain_on_success] run_modifiers at success: {  }
[GameContext] [Breach] Runner breaches R&D.
[GameContext] [Access] Runner accesses: Spin Doctor
[GameContext] [Access] Runner may trash Spin Doctor for 2 credits (Runner has 5 total).
[GameContext] [Access] Runner trashes Spin Doctor.
[GameContext] [End] Run ended successfully.
[GameContext] --- Run on HQ begins ---
[GameContext] [Initiation] Run declared on HQ.
[GameContext] [Approach] Runner approaches unrezzed ice (position 0).
[GameContext] [Approach] Corp declines to rez. Runner passes unrezzed ice.
[GameContext] [Movement] Runner approaches the server root.
[GameContext] [Success] Run successful on HQ!
[GameContext] [Debug/gain_on_success] run_modifiers at success: {  }
[GameContext] [Breach] Runner breaches HQ.
[GameContext] [Access] Runner accesses: Hedge Fund
[GameContext] [End] Run ended successfully.
[heartbeat] game 2/10 — turn 2, time 20s
[GameContext] Extract. Export. Excel. draws Palisade.
[GameContext] === Extract. Export. Excel. Turn 2 begins. Credits: 5, Clicks: 3 ===
[GameContext] [MCTS] slow search: 426 ms (100 iterations, depth 3)
[GameContext] Extract. Export. Excel. gains 9 credits.
[GameContext] Extract. Export. Excel. plays Hedge Fund.
[GameContext] [MCTS] slow search: 382 ms (100 iterations, depth 3)
[GameContext] Extract. Export. Excel. draws Ballista.
[GameContext] [MCTS] slow search: 636 ms (100 iterations, depth 3)
[GameContext] Extract. Export. Excel. gains 1 credit. (10 total)
[GameContext] === Convention Breaker Turn 3 begins. Credits: 3, Clicks: 4 ===
[GameContext] Convention Breaker gains 5 credits.
[GameContext] Convention Breaker will lose 1 click(s) next turn.
[GameContext] Convention Breaker plays Creative Commission.
[GameContext] Convention Breaker gains 9 credits.
[GameContext] Convention Breaker plays Sure Gamble.
[GameContext] --- Run on R&D begins ---
[GameContext] [Initiation] Run declared on R&D.
[GameContext] [Approach] Runner approaches unrezzed ice (position 0).
[CorpRunAI] AI: Pharos — rez_cost=7  tax/enc=13.0  enc=3.0  LTV=39.0
[GameContext] [Rez] Corp rezzes Pharos for 7 credits.
[GameContext] [Encounter] Runner encounters Pharos.
[GameContext] Convention Breaker takes 1 tag(s). (1 total)
[GameContext] Run ended.
[GameContext] [Encounter] Run ended by subroutine.
[GameContext] [End] Run ended unsuccessfully.
[GameContext] --- Run on HQ begins ---
[GameContext] [Initiation] Run declared on HQ.
[GameContext] [Approach] Runner approaches unrezzed ice (position 0).
[GameContext] [Approach] Corp declines to rez. Runner passes unrezzed ice.
[GameContext] [Movement] Runner approaches the server root.
[GameContext] [Success] Run successful on HQ!
[GameContext] [Debug/gain_on_success] run_modifiers at success: {  }
[GameContext] [Breach] Runner breaches HQ.
[GameContext] [Access] Runner accesses: Extract
[GameContext] [End] Run ended successfully.
[GameContext] Extract. Export. Excel. draws Artificial Cryptocrash.
[GameContext] === Extract. Export. Excel. Turn 3 begins. Credits: 3, Clicks: 3 ===
[GameContext] [MCTS] slow search: 703 ms (100 iterations, depth 3)
[GameContext] Extract. Export. Excel. installs Artificial Cryptocrash in Server 0.
[GameContext] [MCTS] slow search: 717 ms (100 iterations, depth 3)
[GameContext] Extract. Export. Excel. advances Artificial Cryptocrash (1 counters).
[heartbeat] game 2/10 — turn 3, time 25s
[GameContext] [MCTS] slow search: 675 ms (100 iterations, depth 3)
[GameContext] Extract. Export. Excel. advances Artificial Cryptocrash (2 counters).
[GameContext] Convention Breaker loses 1 click(s) this turn (deferred penalty).
[GameContext] === Convention Breaker Turn 4 begins. Credits: 11, Clicks: 3 ===
[GameContext] --- Run on Server 0 begins ---
[GameContext] [Initiation] Run declared on Server 0.
[GameContext] [Approach] Runner approaches unrezzed ice (position 0).
[GameContext] [Approach] Corp declines to rez. Runner passes unrezzed ice.
[GameContext] [Movement] Runner approaches the server root.
[GameContext] [Success] Run successful on Server 0!
[GameContext] [Debug/gain_on_success] run_modifiers at success: {  }
[GameContext] [Breach] Runner breaches Server 0.
[GameContext] [Access] Runner accesses: Artificial Cryptocrash
[GameContext] [Access] Runner steals Artificial Cryptocrash! (2 agenda points)
[GameContext] [End] Run ended successfully.
[GameContext] --- Run on HQ begins ---
[GameContext] [Initiation] Run declared on HQ.
[GameContext] [Approach] Runner approaches unrezzed ice (position 0).
[GameContext] [Approach] Corp declines to rez. Runner passes unrezzed ice.
[GameContext] [Movement] Runner approaches the server root.
[GameContext] [Success] Run successful on HQ!
[GameContext] [Debug/gain_on_success] run_modifiers at success: {  }
[GameContext] [Breach] Runner breaches HQ.
[GameContext] [Access] Runner accesses: Ballista
[GameContext] [End] Run ended successfully.
[GameContext] Convention Breaker removes 1 tag (0 remaining). [paid 2cr]
[GameContext] Extract. Export. Excel. draws Palisade.
[GameContext] === Extract. Export. Excel. Turn 4 begins. Credits: 1, Clicks: 3 ===
[GameContext] [MCTS] slow search: 837 ms (100 iterations, depth 3)
[GameContext] Extract. Export. Excel. pays 1 credit(s) to install ice.
[GameContext] Extract. Export. Excel. installs Palisade in HQ.
[GameContext] [MCTS] slow search: 693 ms (100 iterations, depth 3)
[GameContext] Extract. Export. Excel. gains 1 credit. (1 total)
[GameContext] [MCTS] slow search: 740 ms (100 iterations, depth 3)
[GameContext] Extract. Export. Excel. gains 1 credit. (2 total)
[GameContext] === Convention Breaker Turn 5 begins. Credits: 9, Clicks: 4 ===
[GameContext] --- Run on HQ begins ---
[GameContext] [Initiation] Run declared on HQ.
[GameContext] [Approach] Runner approaches unrezzed ice (position 0).
[GameContext] [Approach] Corp declines to rez. Runner passes unrezzed ice.
[GameContext] [Approach] Runner approaches unrezzed ice (position 1).
[GameContext] [Approach] Corp declines to rez. Runner passes unrezzed ice.
[GameContext] [Movement] Runner approaches the server root.
[GameContext] [Success] Run successful on HQ!
[GameContext] [Debug/gain_on_success] run_modifiers at success: {  }
[GameContext] [Breach] Runner breaches HQ.
[GameContext] [Access] Runner accesses: Extract
[GameContext] [End] Run ended successfully.
[GameContext] Convention Breaker draws Telework Contract.
[GameContext] Convention Breaker draws Sure Gamble.
[GameContext] Convention Breaker gains 9 credits.
[GameContext] Convention Breaker plays Sure Gamble.
[GameContext] Extract. Export. Excel. draws Extract.
[GameContext] === Extract. Export. Excel. Turn 5 begins. Credits: 2, Clicks: 3 ===
[GameContext] [MCTS] slow search: 659 ms (100 iterations, depth 3)
[heartbeat] game 2/10 — turn 5, time 30s
[GameContext] Extract. Export. Excel. gains 1 credit. (3 total)
[GameContext] [MCTS] slow search: 812 ms (100 iterations, depth 3)
[GameContext] Extract. Export. Excel. gains 6 credits.
[GameContext] Extract. Export. Excel. plays Extract.
[GameContext] [MCTS] slow search: 686 ms (100 iterations, depth 3)
[GameContext] Extract. Export. Excel. gains 1 credit. (7 total)
[GameContext] === Convention Breaker Turn 6 begins. Credits: 13, Clicks: 4 ===
[GameContext] --- Run on HQ begins ---
[GameContext] [Initiation] Run declared on HQ.
[GameContext] [Approach] Runner approaches unrezzed ice (position 0).
[CorpRunAI] AI: Palisade — rez_cost=3  tax/enc=6.0  enc=3.0  LTV=18.0
[GameContext] [Rez] Corp rezzes Palisade for 3 credits.
[GameContext] [Encounter] Runner encounters Palisade.
[GameContext] Run ended.
[GameContext] [Encounter] Run ended by subroutine.
[GameContext] [End] Run ended unsuccessfully.
[GameContext] Convention Breaker draws Jailbreak.
[GameContext] Convention Breaker draws Carmen.
Player install: card is: Carmen and charged cost is: 5
[GameContext] Convention Breaker installs Carmen. [MU: 1/4 used]
[GameContext] Extract. Export. Excel. draws Stavka.
[GameContext] === Extract. Export. Excel. Turn 6 begins. Credits: 4, Clicks: 3 ===
[GameContext] [MCTS] slow search: 1015 ms (100 iterations, depth 3)
[GameContext] Extract. Export. Excel. gains 6 credits.
[GameContext] Extract. Export. Excel. plays Extract.
[GameContext] [MCTS] slow search: 744 ms (100 iterations, depth 3)
[GameContext] Extract. Export. Excel. gains 1 credit. (8 total)
[heartbeat] game 2/10 — turn 6, time 35s
[GameContext] [MCTS] slow search: 766 ms (100 iterations, depth 3)
[GameContext] Extract. Export. Excel. gains 1 credit. (9 total)
[GameContext] === Convention Breaker Turn 7 begins. Credits: 8, Clicks: 4 ===
[GameContext] Convention Breaker draws Smartware Distributor.
[GameContext] Convention Breaker draws Creative Commission.
[GameContext] Convention Breaker gains 1 credit. (9 total)
[GameContext] Convention Breaker gains 1 credit. (10 total)
[GameContext] Extract. Export. Excel. draws Government Subsidy.
[GameContext] === Extract. Export. Excel. Turn 7 begins. Credits: 9, Clicks: 3 ===
[GameContext] [MCTS] slow search: 673 ms (100 iterations, depth 3)
[GameContext] Extract. Export. Excel. pays 1 credit(s) to install ice.
[GameContext] Extract. Export. Excel. installs Stavka in R&D.
[GameContext] [MCTS] slow search: 535 ms (100 iterations, depth 3)
[GameContext] Extract. Export. Excel. gains 1 credit. (9 total)
[GameContext] [MCTS] slow search: 528 ms (100 iterations, depth 3)
[GameContext] Extract. Export. Excel. gains 1 credit. (10 total)
[GameContext] === Convention Breaker Turn 8 begins. Credits: 10, Clicks: 4 ===
[GameContext] Convention Breaker gains 1 credit. (11 total)
[GameContext] Convention Breaker gains 1 credit. (12 total)
[GameContext] Convention Breaker gains 1 credit. (13 total)
[GameContext] Convention Breaker gains 1 credit. (14 total)
[GameContext] Extract. Export. Excel. draws Send a Message.
[GameContext] === Extract. Export. Excel. Turn 8 begins. Credits: 10, Clicks: 3 ===
[GameContext] [MCTS] slow search: 979 ms (100 iterations, depth 3)
[heartbeat] game 2/10 — turn 8, time 41s
[GameContext] Extract. Export. Excel. installs Send a Message in Server 0.
[GameContext] [MCTS] slow search: 1029 ms (100 iterations, depth 3)
[GameContext] Extract. Export. Excel. advances Send a Message (1 counters).
[GameContext] [MCTS] slow search: 984 ms (100 iterations, depth 3)
[GameContext] Extract. Export. Excel. advances Send a Message (2 counters).
[GameContext] === Convention Breaker Turn 9 begins. Credits: 14, Clicks: 4 ===
[GameContext] --- Run on Server 0 begins ---
[GameContext] [Initiation] Run declared on Server 0.
[GameContext] [Approach] Runner approaches unrezzed ice (position 0).
[CorpRunAI] AI: Maskirovka — rez_cost=3  tax/enc=9.0  enc=2.5  LTV=22.5
[GameContext] [Rez] Corp rezzes Maskirovka for 3 credits.
[GameContext] [Encounter] Runner encounters Maskirovka.
[GameContext] Extract. Export. Excel. gains 2 credits.
[GameContext] Run ended.
[GameContext] [Encounter] Run ended by subroutine.
[GameContext] [End] Run ended unsuccessfully.
[GameContext] Convention Breaker gains 1 credit. (15 total)
[GameContext] Convention Breaker gains 1 credit. (16 total)
[GameContext] Convention Breaker gains 1 credit. (17 total)
[GameContext] Extract. Export. Excel. draws Hedge Fund.
[GameContext] === Extract. Export. Excel. Turn 9 begins. Credits: 7, Clicks: 3 ===
[GameContext] [MCTS] Scoring line detected — executing: Advance send_a_message
[GameContext] Extract. Export. Excel. advances Send a Message (3 counters).
[GameContext] [MCTS] Scoring line detected — executing: Advance send_a_message
[GameContext] Extract. Export. Excel. advances Send a Message (4 counters).
[GameContext] [MCTS] Scoring line detected — executing: Advance send_a_message
[GameContext] Extract. Export. Excel. advances Send a Message (5 counters).
[GameContext] Extract. Export. Excel. scores Send a Message! (3 agenda points)
[GameContext] Rezzed Pharos for free.
[heartbeat] game 2/10 — turn 9, time 46s
[GameContext] === Convention Breaker Turn 10 begins. Credits: 17, Clicks: 4 ===
[GameContext] Convention Breaker gains 1 credit. (18 total)
[GameContext] Convention Breaker gains 1 credit. (19 total)
[GameContext] Convention Breaker gains 5 credits.
[GameContext] Convention Breaker will lose 1 click(s) next turn.
[GameContext] Convention Breaker plays Creative Commission.
[GameContext] Convention Breaker draws VRcation.
[GameContext] Extract. Export. Excel. draws Ballista.
[GameContext] === Extract. Export. Excel. Turn 10 begins. Credits: 4, Clicks: 3 ===
[GameContext] [MCTS] slow search: 796 ms (100 iterations, depth 3)
[GameContext] Extract. Export. Excel. gains 1 credit. (5 total)
[GameContext] [MCTS] slow search: 829 ms (100 iterations, depth 3)
[GameContext] Extract. Export. Excel. draws Regolith Mining License.
[GameContext] [MCTS] slow search: 1044 ms (100 iterations, depth 3)
[GameContext] Extract. Export. Excel. gains 9 credits.
[GameContext] Extract. Export. Excel. plays Hedge Fund.
[GameContext] Extract. Export. Excel. discards Government Subsidy to hand limit.
[GameContext] Convention Breaker loses 1 click(s) this turn (deferred penalty).
[GameContext] === Convention Breaker Turn 11 begins. Credits: 23, Clicks: 3 ===
[GameContext] Convention Breaker gains 1 credit. (24 total)
[GameContext] Convention Breaker gains 1 credit. (25 total)
[GameContext] Convention Breaker draws 4 card(s).
[GameContext] Convention Breaker will lose 1 click(s) next turn.
[GameContext] Convention Breaker plays VRcation.
[GameContext] Convention Breaker discards Smartware Distributor to hand limit. (5 cards remaining)
[GameContext] Convention Breaker discards Telework Contract to hand limit. (5 cards remaining)
[GameContext] Convention Breaker discards Telework Contract to hand limit. (5 cards remaining)
[GameContext] Extract. Export. Excel. draws Stavka.
[GameContext] === Extract. Export. Excel. Turn 11 begins. Credits: 9, Clicks: 3 ===
[GameContext] [MCTS] slow search: 981 ms (100 iterations, depth 3)
[heartbeat] game 2/10 — turn 11, time 51s
[GameContext] Extract. Export. Excel. installs Maskirovka in Server 1.
[GameContext] [MCTS] slow search: 975 ms (100 iterations, depth 3)
[GameContext] Extract. Export. Excel. pays 2 credit(s) to install ice.
[GameContext] Extract. Export. Excel. installs Ballista in R&D.
[GameContext] [MCTS] slow search: 879 ms (100 iterations, depth 3)
[GameContext] Extract. Export. Excel. gains 1 credit. (8 total)
[GameContext] Convention Breaker loses 1 click(s) this turn (deferred penalty).
[GameContext] === Convention Breaker Turn 12 begins. Credits: 24, Clicks: 3 ===
Player install: card is: Cleaver and charged cost is: 3
[GameContext] Convention Breaker installs Cleaver. [MU: 2/4 used]
[GameContext] Run modifier set: bonus_access = 1
[GameContext] --- Run on HQ begins ---
[GameContext] [Initiation] Run declared on HQ.
[GameContext] [Approach] Runner approaches Palisade (position 0).
[GameContext] [Encounter] Runner encounters Palisade.
[GameContext] [Encounter] Cleaver breaks 'End the run.' for 1 cr.
[GameContext] [Encounter] Subroutine 0 broken.
[GameContext] [Approach] Runner approaches Pharos (position 1).
[GameContext] [Encounter] Runner encounters Pharos.
[GameContext] [Encounter] Cleaver boosted  +2 str (now 5). Cost: 1 cr.
[GameContext] [Encounter] Cleaver breaks 'Give the Runner 1 tag.' for 1 cr.
[GameContext] [Encounter] Cleaver breaks 'End the run.' for 1 cr.
[GameContext] [Encounter] Subroutine 0 broken.
[GameContext] [Encounter] Subroutine 1 broken.
[GameContext] [Movement] Runner approaches the server root.
[GameContext] [Success] Run successful on HQ!
[GameContext] [Debug/gain_on_success] run_modifiers at success: { "bonus_access": 1, "run_event_active": 1, "overclock_credits": 0, "concerto_credits": 0, "bad_pub_credits": 0 }
[GameContext] [Breach] Runner breaches HQ.
[GameContext] [Breach] Bonus access: 1 extra card(s).
[GameContext] [Access] Runner accesses: Regolith Mining License
[GameContext] [Access] Runner may trash Regolith Mining License for 3 credits (Runner has 17 total).
[GameContext] [Access] Runner trashes Regolith Mining License.
[GameContext] [Access] Runner accesses: Ballista
[GameContext] [End] Run ended successfully.
[GameContext] Convention Breaker plays Jailbreak.
[GameContext] --- Run on R&D begins ---
[GameContext] [Initiation] Run declared on R&D.
[GameContext] [Approach] Runner approaches unrezzed ice (position 0).
[CorpRunAI] AI: Ballista — rez_cost=5  tax/enc=3.0  enc=3.0  LTV=9.0
[GameContext] [Rez] Corp rezzes Ballista for 5 credits.
[GameContext] [Encounter] Runner encounters Ballista.
[GameContext] [Encounter] Carmen boosted  +3 str (now 5). Cost: 1 cr.
[GameContext] [Encounter] Carmen breaks 'Trash 1 installed program.' for 1 cr.
[GameContext] [Encounter] Carmen breaks 'End the run.' for 1 cr.
[GameContext] [Encounter] Subroutine 0 broken.
[GameContext] [Encounter] Subroutine 1 broken.
[GameContext] [Approach] Runner approaches unrezzed ice (position 1).
[GameContext] [Approach] Corp declines to rez. Runner passes unrezzed ice.
[GameContext] [Approach] Runner approaches Pharos (position 2).
[GameContext] [Encounter] Runner encounters Pharos.
[GameContext] [Encounter] Cleaver boosted  +2 str (now 5). Cost: 1 cr.
[GameContext] [Encounter] Cleaver breaks 'Give the Runner 1 tag.' for 1 cr.
[GameContext] [Encounter] Cleaver breaks 'End the run.' for 1 cr.
[GameContext] [Encounter] Subroutine 0 broken.
[GameContext] [Encounter] Subroutine 1 broken.
[GameContext] [Movement] Runner approaches the server root.
[GameContext] [Success] Run successful on R&D!
[GameContext] [Debug/gain_on_success] run_modifiers at success: { "overclock_credits": 0, "concerto_credits": 0, "bad_pub_credits": 0 }
[GameContext] [Breach] Runner breaches R&D.
[GameContext] [Access] Runner accesses: Mutually Assured Destruction
[GameContext] [End] Run ended successfully.
[GameContext] Extract. Export. Excel. draws Mutually Assured Destruction.
[GameContext] === Extract. Export. Excel. Turn 12 begins. Credits: 3, Clicks: 3 ===
[GameContext] [MCTS] slow search: 575 ms (100 iterations, depth 3)
[GameContext] Extract. Export. Excel. installs Ballista in Server 2.
[GameContext] [MCTS] slow search: 456 ms (100 iterations, depth 3)
[GameContext] Extract. Export. Excel. installs Stavka in Server 3.
[heartbeat] game 2/10 — turn 12, time 56s
[GameContext] [MCTS] slow search: 422 ms (100 iterations, depth 3)
[GameContext] Extract. Export. Excel. installs Palisade in Server 4.
[GameContext] === Convention Breaker Turn 13 begins. Credits: 8, Clicks: 4 ===
[GameContext] --- Run on HQ begins ---
[GameContext] [Initiation] Run declared on HQ.
[GameContext] [Approach] Runner approaches Palisade (position 0).
[GameContext] [Encounter] Runner encounters Palisade.
[GameContext] [Encounter] Cleaver breaks 'End the run.' for 1 cr.
[GameContext] [Encounter] Subroutine 0 broken.
[GameContext] [Approach] Runner approaches Pharos (position 1).
[GameContext] [Encounter] Runner encounters Pharos.
[GameContext] [Encounter] Cleaver boosted  +2 str (now 5). Cost: 1 cr.
[GameContext] [Encounter] Cleaver breaks 'Give the Runner 1 tag.' for 1 cr.
[GameContext] [Encounter] Cleaver breaks 'End the run.' for 1 cr.
[GameContext] [Encounter] Subroutine 0 broken.
[GameContext] [Encounter] Subroutine 1 broken.
[GameContext] [Movement] Runner approaches the server root.
[GameContext] [Success] Run successful on HQ!
[GameContext] [Debug/gain_on_success] run_modifiers at success: { "overclock_credits": 0, "concerto_credits": 0, "bad_pub_credits": 0 }
[GameContext] [Breach] Runner breaches HQ.
[GameContext] [Access] Runner accesses: Mutually Assured Destruction
[GameContext] [End] Run ended successfully.
[GameContext] Run modifier set: extra_rez_cost = 3
[GameContext] --- Run on HQ begins ---
[GameContext] [Initiation] Run declared on HQ.
[GameContext] [Approach] Runner approaches Palisade (position 0).
[GameContext] [Encounter] Runner encounters Palisade.
[GameContext] [Encounter] Cleaver breaks 'End the run.' for 1 cr.
[GameContext] [Encounter] Subroutine 0 broken.
[GameContext] [Approach] Runner approaches Pharos (position 1).
[GameContext] [Encounter] Runner encounters Pharos.
[GameContext] [Encounter] Cleaver boosted  +2 str (now 5). Cost: 1 cr.
[GameContext] [Encounter] Cleaver breaks 'Give the Runner 1 tag.' for 1 cr.
[GameContext] [Encounter] Subroutine 0 broken.
[GameContext] Run ended.
[GameContext] [Encounter] Run ended by subroutine.
[GameContext] [End] Run ended unsuccessfully.
[GameContext] Convention Breaker plays Tread Lightly.
[GameContext] Convention Breaker draws Smartware Distributor.
[GameContext] Convention Breaker draws VRcation.
[GameContext] Extract. Export. Excel. draws Big Deal.
[GameContext] === Extract. Export. Excel. Turn 13 begins. Credits: 3, Clicks: 3 ===
[GameContext] Extract. Export. Excel. draws Anthill Excavation Contract.
[GameContext] Extract. Export. Excel. draws Artificial Cryptocrash.
[GameContext] Extract. Export. Excel. installs Artificial Cryptocrash in Server 0.
[GameContext] === Convention Breaker Turn 14 begins. Credits: 0, Clicks: 4 ===
[GameContext] Convention Breaker gains 1 credit. (1 total)
[GameContext] Convention Breaker gains 1 credit. (2 total)
[GameContext] --- Run on Server 0 begins ---
[GameContext] [Initiation] Run declared on Server 0.
[GameContext] [Approach] Runner approaches Maskirovka (position 0).
[GameContext] [Encounter] Runner encounters Maskirovka.
[GameContext] [Encounter] Cleaver breaks 'Gain 2[credit].' for 1 cr.
[GameContext] [Encounter] Cleaver breaks 'End the run.' for 1 cr.
[GameContext] [Encounter] Subroutine 0 broken.
[GameContext] [Encounter] Subroutine 1 broken.
[GameContext] [Movement] Runner approaches the server root.
[GameContext] [Success] Run successful on Server 0!
[GameContext] [Debug/gain_on_success] run_modifiers at success: { "overclock_credits": 0, "concerto_credits": 0, "bad_pub_credits": 0 }
[GameContext] [Breach] Runner breaches Server 0.
[GameContext] [Access] Runner accesses: Artificial Cryptocrash
[GameContext] [Access] Runner steals Artificial Cryptocrash! (2 agenda points)
[GameContext] [End] Run ended successfully.
[GameContext] Convention Breaker draws Sure Gamble.
[GameContext] Extract. Export. Excel. draws Hedge Fund.
[GameContext] === Extract. Export. Excel. Turn 14 begins. Credits: 3, Clicks: 3 ===
[GameContext] [MCTS] slow search: 472 ms (100 iterations, depth 3)
[GameContext] Extract. Export. Excel. gains 1 credit. (4 total)
[GameContext] [MCTS] slow search: 473 ms (100 iterations, depth 3)
[GameContext] Extract. Export. Excel. gains 1 credit. (5 total)
[GameContext] [MCTS] slow search: 472 ms (100 iterations, depth 3)
[GameContext] Extract. Export. Excel. gains 9 credits.
[GameContext] Extract. Export. Excel. plays Hedge Fund.
[heartbeat] game 2/10 — turn 14, time 61s
[GameContext] === Convention Breaker Turn 15 begins. Credits: 0, Clicks: 4 ===
[GameContext] Convention Breaker gains 1 credit. (1 total)
[GameContext] Convention Breaker draws 4 card(s).
[GameContext] Convention Breaker will lose 1 click(s) next turn.
[GameContext] Convention Breaker plays VRcation.
[GameContext] Convention Breaker gains 1 credit. (1 total)
Player install: card is: Mayfly and charged cost is: 1
[GameContext] Convention Breaker installs Mayfly. [MU: 4/4 used]
[GameContext] Convention Breaker discards Smartware Distributor to hand limit. (5 cards remaining)
[GameContext] Convention Breaker discards Red Team to hand limit. (5 cards remaining)
[GameContext] Extract. Export. Excel. draws Send a Message.
[GameContext] === Extract. Export. Excel. Turn 15 begins. Credits: 9, Clicks: 3 ===
[GameContext] Extract. Export. Excel. installs Send a Message in Server 1.
[GameContext] Extract. Export. Excel. advances Send a Message (1 counters).
[GameContext] Extract. Export. Excel. advances Send a Message (2 counters).
[GameContext] Convention Breaker loses 1 click(s) this turn (deferred penalty).
[GameContext] === Convention Breaker Turn 16 begins. Credits: 0, Clicks: 3 ===
[GameContext] Convention Breaker gains 1 credit. (1 total)
[GameContext] Convention Breaker gains 1 credit. (2 total)
[GameContext] --- Run on Server 1 begins ---
[GameContext] [Initiation] Run declared on Server 1.
[GameContext] [Approach] Runner approaches unrezzed ice (position 0).
[CorpRunAI] AI: Maskirovka — rez_cost=3  tax/enc=2.0  enc=2.5  LTV=5.0
[GameContext] [Rez] Corp rezzes Maskirovka for 3 credits.
[GameContext] [Encounter] Runner encounters Maskirovka.
[GameContext] [Encounter] Cleaver breaks 'Gain 2[credit].' for 1 cr.
[GameContext] [Encounter] Cleaver breaks 'End the run.' for 1 cr.
[GameContext] [Encounter] Subroutine 0 broken.
[GameContext] [Encounter] Subroutine 1 broken.
[GameContext] [Movement] Runner approaches the server root.
[GameContext] [Success] Run successful on Server 1!
[GameContext] [Debug/gain_on_success] run_modifiers at success: { "overclock_credits": 0, "concerto_credits": 0, "bad_pub_credits": 0 }
[GameContext] [Breach] Runner breaches Server 1.
[GameContext] [Access] Runner accesses: Send a Message
[GameContext] [Access] Runner steals Send a Message! (3 agenda points)
[GameContext] Rezzed Stavka for free.
[GameContext] Runner wins by stealing agendas!
[GameContext] [End] Run ended successfully.
[GameContext] Mayfly is trashed (end of run).
[GameContext] Game over — Convention Breaker wins. Convention Breaker stole enough agendas to win
  [  2/ 10]  RUNNER    Convention Breaker stole enough agendas to win  16 turns
[GameContext] Extract. Export. Excel. draws Extract.
[GameContext] === Extract. Export. Excel. Turn 1 begins. Credits: 5, Clicks: 3 ===
[GameContext] [MCTS] slow search: 352 ms (100 iterations, depth 3)
[GameContext] Extract. Export. Excel. installs Maskirovka in R&D.
[GameContext] [MCTS] slow search: 358 ms (100 iterations, depth 3)
[GameContext] Extract. Export. Excel. gains 6 credits.
[GameContext] Extract. Export. Excel. plays Extract.
[GameContext] [MCTS] slow search: 354 ms (100 iterations, depth 3)
[GameContext] Extract. Export. Excel. installs Ballista in HQ.
[GameContext] === Convention Breaker Turn 2 begins. Credits: 5, Clicks: 4 ===
[GameContext] --- Run on R&D begins ---
[GameContext] [Initiation] Run declared on R&D.
[GameContext] [Approach] Runner approaches unrezzed ice (position 0).
[CorpRunAI] AI: Maskirovka — rez_cost=3  tax/enc=9.0  enc=3.0  LTV=27.0
[GameContext] [Rez] Corp rezzes Maskirovka for 3 credits.
[GameContext] [Encounter] Runner encounters Maskirovka.
[GameContext] Extract. Export. Excel. gains 2 credits.
[GameContext] Run ended.
[GameContext] [Encounter] Run ended by subroutine.
[GameContext] [End] Run ended unsuccessfully.
[GameContext] Convention Breaker gains 9 credits.
[GameContext] Convention Breaker plays Sure Gamble.
[GameContext] --- Run on HQ begins ---
[GameContext] [Initiation] Run declared on HQ.
[GameContext] [Approach] Runner approaches unrezzed ice (position 0).
[CorpRunAI] AI: Ballista — rez_cost=5  tax/enc=10.0  enc=3.0  LTV=30.0
[GameContext] [Rez] Corp rezzes Ballista for 5 credits.
[GameContext] [Encounter] Runner encounters Ballista.
[GameContext] No valid Convention Breaker cards to trash.
[GameContext] Run ended.
[GameContext] [Encounter] Run ended by subroutine.
[GameContext] [End] Run ended unsuccessfully.
Player install: card is: Unity and charged cost is: 3
[GameContext] Convention Breaker installs Unity. [MU: 1/4 used]
[GameContext] Extract. Export. Excel. draws Palisade.
[GameContext] === Extract. Export. Excel. Turn 2 begins. Credits: 2, Clicks: 3 ===
[GameContext] [MCTS] slow search: 417 ms (100 iterations, depth 3)
[heartbeat] game 3/10 — turn 2, time 66s
[GameContext] Extract. Export. Excel. installs Palisade in Server 0.
[GameContext] [MCTS] slow search: 372 ms (100 iterations, depth 3)
[GameContext] Extract. Export. Excel. gains 1 credit. (3 total)
[GameContext] [MCTS] slow search: 403 ms (100 iterations, depth 3)
[GameContext] Extract. Export. Excel. gains 1 credit. (4 total)
[GameContext] === Convention Breaker Turn 3 begins. Credits: 6, Clicks: 4 ===
Player install: card is: Carmen and charged cost is: 5
[GameContext] Convention Breaker installs Carmen. [MU: 2/4 used]
[GameContext] Run modifier set: extra_rez_cost = 3
[GameContext] --- Run on HQ begins ---
[GameContext] [Initiation] Run declared on HQ.
[GameContext] [Approach] Runner approaches Ballista (position 0).
[GameContext] [Encounter] Runner encounters Ballista.
[GameContext] Extract. Export. Excel. trashes Convention Breaker's Unity.
[GameContext] Run ended.
[GameContext] [Encounter] Run ended by subroutine.
[GameContext] [End] Run ended unsuccessfully.
[GameContext] Convention Breaker plays Tread Lightly.
[GameContext] Convention Breaker draws Jailbreak.
[GameContext] Run modifier set: bonus_access = 1
[GameContext] --- Run on HQ begins ---
[GameContext] [Initiation] Run declared on HQ.
[GameContext] [Approach] Runner approaches Ballista (position 0).
[GameContext] [Encounter] Runner encounters Ballista.
[GameContext] Extract. Export. Excel. trashes Convention Breaker's Carmen.
[GameContext] Run ended.
[GameContext] [Encounter] Run ended by subroutine.
[GameContext] [End] Run ended unsuccessfully.
[GameContext] Convention Breaker plays Jailbreak.
[GameContext] Extract. Export. Excel. draws Government Subsidy.
[GameContext] === Extract. Export. Excel. Turn 3 begins. Credits: 4, Clicks: 3 ===
[GameContext] [MCTS] slow search: 341 ms (100 iterations, depth 3)
[GameContext] Extract. Export. Excel. gains 6 credits.
[GameContext] Extract. Export. Excel. plays Extract.
[GameContext] [MCTS] slow search: 382 ms (100 iterations, depth 3)
[GameContext] Extract. Export. Excel. draws Stavka.
[GameContext] [MCTS] slow search: 485 ms (100 iterations, depth 3)
[GameContext] Extract. Export. Excel. gains 1 credit. (8 total)
[GameContext] === Convention Breaker Turn 4 begins. Credits: 0, Clicks: 4 ===
[GameContext] Convention Breaker draws Mayfly.
[GameContext] Convention Breaker gains 1 credit. (1 total)
Player install: card is: Mayfly and charged cost is: 1
[GameContext] Convention Breaker installs Mayfly. [MU: 2/4 used]
[GameContext] Convention Breaker draws Carmen.
[GameContext] Extract. Export. Excel. draws Palisade.
[GameContext] === Extract. Export. Excel. Turn 4 begins. Credits: 8, Clicks: 3 ===
[GameContext] [MCTS] slow search: 527 ms (100 iterations, depth 3)
[heartbeat] game 3/10 — turn 4, time 71s
[GameContext] Extract. Export. Excel. installs Vladisibirsk City Grid in Server 1.
[GameContext] [MCTS] slow search: 346 ms (100 iterations, depth 3)
[GameContext] Extract. Export. Excel. gains 1 credit. (9 total)
[GameContext] [MCTS] slow search: 313 ms (100 iterations, depth 3)
[GameContext] Extract. Export. Excel. gains 1 credit. (10 total)
[GameContext] === Convention Breaker Turn 5 begins. Credits: 0, Clicks: 4 ===
[GameContext] Convention Breaker draws Unity.
[GameContext] Convention Breaker draws Creative Commission.
[GameContext] Convention Breaker draws Smartware Distributor.
[GameContext] Convention Breaker gains 1 credit. (1 total)
[GameContext] Extract. Export. Excel. draws Hedge Fund.
[GameContext] === Extract. Export. Excel. Turn 5 begins. Credits: 10, Clicks: 3 ===
[GameContext] Extract. Export. Excel. rezzes Vladisibirsk City Grid for 3 cr.
[GameContext] [MCTS] slow search: 341 ms (100 iterations, depth 3)
[GameContext] Extract. Export. Excel. gains 9 credits.
[GameContext] Extract. Export. Excel. plays Hedge Fund.
[GameContext] [MCTS] slow search: 325 ms (100 iterations, depth 3)
[GameContext] Extract. Export. Excel. draws Anthill Excavation Contract.
[GameContext] [MCTS] slow search: 592 ms (100 iterations, depth 3)
[GameContext] Extract. Export. Excel. gains 14 credits.
[GameContext] Extract. Export. Excel. plays Government Subsidy.
[GameContext] === Convention Breaker Turn 6 begins. Credits: 1, Clicks: 4 ===
[GameContext] Convention Breaker gains 5 credits.
[GameContext] Convention Breaker will lose 1 click(s) next turn.
[GameContext] Convention Breaker plays Creative Commission.
[GameContext] --- Run on R&D begins ---
[GameContext] [Initiation] Run declared on R&D.
[GameContext] [Approach] Runner approaches Maskirovka (position 0).
[GameContext] [Encounter] Runner encounters Maskirovka.
[GameContext] [Encounter] Mayfly boosted ×2 +2 str (now 3). Cost: 2 cr.
[GameContext] [Encounter] Mayfly breaks 'Gain 2[credit].' for 1 cr.
[GameContext] [Encounter] Mayfly breaks 'End the run.' for 1 cr.
[GameContext] [Encounter] Subroutine 0 broken.
[GameContext] [Encounter] Subroutine 1 broken.
[GameContext] [Movement] Runner approaches the server root.
[GameContext] [Success] Run successful on R&D!
[GameContext] [Debug/gain_on_success] run_modifiers at success: { "overclock_credits": 0, "concerto_credits": 0, "bad_pub_credits": 0 }
[GameContext] [Breach] Runner breaches R&D.
[GameContext] [Access] Runner accesses: Mutually Assured Destruction
[GameContext] [End] Run ended successfully.
[GameContext] Mayfly is trashed (end of run).
[GameContext] Convention Breaker draws Overclock.
[GameContext] Run modifier set: overclock_credits = 5
[GameContext] --- Run on HQ begins ---
[GameContext] [Initiation] Run declared on HQ.
[GameContext] [Approach] Runner approaches Ballista (position 0).
[GameContext] [Encounter] Runner encounters Ballista.
[GameContext] No valid Convention Breaker cards to trash.
[GameContext] Run ended.
[GameContext] [Encounter] Run ended by subroutine.
[GameContext] [End] Run ended unsuccessfully.
[GameContext] Overclock: 5 unspent credit(s) returned to the bank.
[GameContext] Convention Breaker plays Overclock.
[GameContext] Extract. Export. Excel. draws Mutually Assured Destruction.
[GameContext] === Extract. Export. Excel. Turn 6 begins. Credits: 15, Clicks: 3 ===
[GameContext] [MCTS] slow search: 677 ms (100 iterations, depth 3)
[heartbeat] game 3/10 — turn 6, time 77s
[GameContext] Extract. Export. Excel. pays 1 credit(s) to install ice.
[GameContext] Extract. Export. Excel. installs Palisade in R&D.
[GameContext] [MCTS] slow search: 476 ms (100 iterations, depth 3)
[GameContext] Extract. Export. Excel. pays 1 credit(s) to install ice.
[GameContext] Extract. Export. Excel. installs Stavka in HQ.
[GameContext] [MCTS] slow search: 403 ms (100 iterations, depth 3)
[GameContext] Extract. Export. Excel. draws Artificial Cryptocrash.
[GameContext] Convention Breaker loses 1 click(s) this turn (deferred penalty).
[GameContext] === Convention Breaker Turn 7 begins. Credits: 0, Clicks: 3 ===
[GameContext] Convention Breaker draws Red Team.
[GameContext] Convention Breaker draws VRcation.
[GameContext] Convention Breaker draws Jailbreak.
[GameContext] Convention Breaker discards Smartware Distributor to hand limit. (5 cards remaining)
[GameContext] Convention Breaker discards Red Team to hand limit. (5 cards remaining)
[GameContext] Extract. Export. Excel. draws Mutually Assured Destruction.
[GameContext] === Extract. Export. Excel. Turn 7 begins. Credits: 13, Clicks: 3 ===
[GameContext] [MCTS] slow search: 837 ms (100 iterations, depth 3)
[GameContext] Extract. Export. Excel. spends 2 additional click(s) to play Mutually Assured Destruction.
[GameContext] Extract. Export. Excel. plays Mutually Assured Destruction.
[GameContext] === Convention Breaker Turn 8 begins. Credits: 0, Clicks: 4 ===
[GameContext] Convention Breaker draws Tread Lightly.
[GameContext] Convention Breaker draws Telework Contract.
[GameContext] Convention Breaker draws Verbal Plasticity.
[GameContext] Convention Breaker gains 1 credit. (1 total)
[GameContext] Convention Breaker discards Telework Contract to hand limit. (5 cards remaining)
[GameContext] Convention Breaker discards Verbal Plasticity to hand limit. (5 cards remaining)
[GameContext] Convention Breaker discards Jailbreak to hand limit. (5 cards remaining)
[GameContext] Extract. Export. Excel. draws Maskirovka.
[GameContext] === Extract. Export. Excel. Turn 8 begins. Credits: 9, Clicks: 3 ===
[GameContext] [MCTS] slow search: 819 ms (100 iterations, depth 3)
[GameContext] Extract. Export. Excel. installs Artificial Cryptocrash in Server 0.
[GameContext] [MCTS] slow search: 823 ms (100 iterations, depth 3)
[GameContext] Extract. Export. Excel. advances Artificial Cryptocrash (1 counters).
[heartbeat] game 3/10 — turn 8, time 82s
[GameContext] [MCTS] slow search: 851 ms (100 iterations, depth 3)
[GameContext] Extract. Export. Excel. advances Artificial Cryptocrash (2 counters).
[GameContext] === Convention Breaker Turn 9 begins. Credits: 1, Clicks: 4 ===
[GameContext] Run modifier set: extra_rez_cost = 3
[GameContext] --- Run on HQ begins ---
[GameContext] [Initiation] Run declared on HQ.
[GameContext] [Approach] Runner approaches unrezzed ice (position 0).
[CorpRunAI] AI: rezzing Stavka would breach credit floor — holding.
[GameContext] [Approach] Corp declines to rez. Runner passes unrezzed ice.
[GameContext] [Approach] Runner approaches Ballista (position 1).
[CorpRunAI] AI: rezzing Stavka would breach credit floor — holding.
[GameContext] [Encounter] Runner encounters Ballista.
[GameContext] No valid Convention Breaker cards to trash.
[GameContext] Run ended.
[GameContext] [Encounter] Run ended by subroutine.
[GameContext] [End] Run ended unsuccessfully.
[GameContext] Convention Breaker plays Tread Lightly.
[GameContext] Convention Breaker gains 1 credit. (1 total)
[GameContext] Convention Breaker gains 1 credit. (2 total)
[GameContext] --- Run on Server 0 begins ---
[GameContext] [Initiation] Run declared on Server 0.
[GameContext] [Approach] Runner approaches unrezzed ice (position 0).
[CorpRunAI] AI: Palisade — rez_cost=3  tax/enc=6.0  enc=2.5  LTV=15.0
[CorpRunAI] AI: deferring Palisade (pri=10.00) — saving for Palisade on rd (pri=15.00)
[GameContext] [Approach] Corp declines to rez. Runner passes unrezzed ice.
[GameContext] [Movement] Runner approaches the server root.
[GameContext] [Success] Run successful on Server 0!
[GameContext] [Debug/gain_on_success] run_modifiers at success: {  }
[GameContext] [Breach] Runner breaches Server 0.
[GameContext] [Access] Runner accesses: Artificial Cryptocrash
[GameContext] [Access] Runner steals Artificial Cryptocrash! (2 agenda points)
[GameContext] [End] Run ended successfully.
[GameContext] Extract. Export. Excel. draws Big Deal.
[GameContext] === Extract. Export. Excel. Turn 9 begins. Credits: 7, Clicks: 3 ===
[GameContext] [MCTS] slow search: 503 ms (100 iterations, depth 3)
[GameContext] Extract. Export. Excel. gains 1 credit. (8 total)
[GameContext] [MCTS] slow search: 446 ms (100 iterations, depth 3)
[GameContext] Extract. Export. Excel. installs Anthill Excavation Contract in Server 0.
[GameContext] [MCTS] slow search: 429 ms (100 iterations, depth 3)
[GameContext] Extract. Export. Excel. installs Maskirovka in Server 2.
[GameContext] === Convention Breaker Turn 10 begins. Credits: 2, Clicks: 4 ===
[GameContext] Convention Breaker gains 1 credit. (3 total)
Player install: card is: Unity and charged cost is: 3
[GameContext] Convention Breaker installs Unity. [MU: 1/4 used]
[GameContext] Convention Breaker draws Cleaver.
[GameContext] Convention Breaker draws VRcation.
[GameContext] Extract. Export. Excel. draws Send a Message.
[GameContext] === Extract. Export. Excel. Turn 10 begins. Credits: 8, Clicks: 3 ===
[GameContext] Placed 8 credits counter(s) on Anthill Excavation Contract.
[GameContext] Extract. Export. Excel. rezzes Anthill Excavation Contract for 3 cr.
[GameContext] [MCTS] slow search: 699 ms (100 iterations, depth 3)
[heartbeat] game 3/10 — turn 10, time 87s
[GameContext] Extract. Export. Excel. gains 1 credit. (6 total)
[GameContext] [MCTS] slow search: 656 ms (100 iterations, depth 3)
[GameContext] Extract. Export. Excel. installs Send a Message in Server 2.
[GameContext] [MCTS] slow search: 662 ms (100 iterations, depth 3)
[GameContext] Extract. Export. Excel. advances Send a Message (1 counters).
[GameContext] === Convention Breaker Turn 11 begins. Credits: 0, Clicks: 4 ===
[GameContext] Convention Breaker gains 1 credit. (1 total)
[GameContext] Convention Breaker gains 1 credit. (2 total)
[GameContext] --- Run on Server 2 begins ---
[GameContext] [Initiation] Run declared on Server 2.
[GameContext] [Approach] Runner approaches unrezzed ice (position 0).
[CorpRunAI] AI: Maskirovka — rez_cost=3  tax/enc=9.0  enc=2.5  LTV=22.5
[GameContext] [Rez] Corp rezzes Maskirovka for 3 credits.
[GameContext] [Encounter] Runner encounters Maskirovka.
[GameContext] Extract. Export. Excel. gains 2 credits.
[GameContext] Run ended.
[GameContext] [Encounter] Run ended by subroutine.
[GameContext] [End] Run ended unsuccessfully.
[GameContext] Convention Breaker draws 4 card(s).
[GameContext] Convention Breaker will lose 1 click(s) next turn.
[GameContext] Convention Breaker plays VRcation.
[GameContext] Convention Breaker discards VRcation to hand limit. (5 cards remaining)
[GameContext] Convention Breaker discards Creative Commission to hand limit. (5 cards remaining)
[GameContext] Convention Breaker discards Sure Gamble to hand limit. (5 cards remaining)
[GameContext] Extract. Export. Excel. draws Spin Doctor.
[GameContext] === Extract. Export. Excel. Turn 11 begins. Credits: 4, Clicks: 3 ===
[GameContext] Extract. Export. Excel. takes 4 cr from Anthill Excavation Contract (4 remaining).
[GameContext] Extract. Export. Excel. draws 1 card(s).
[GameContext] [MCTS] slow search: 1059 ms (100 iterations, depth 3)
[GameContext] Extract. Export. Excel. advances Send a Message (2 counters).
[GameContext] [MCTS] slow search: 1065 ms (100 iterations, depth 3)
[GameContext] Extract. Export. Excel. advances Send a Message (3 counters).
[heartbeat] game 3/10 — turn 11, time 93s
[GameContext] [MCTS] slow search: 1070 ms (100 iterations, depth 3)
[GameContext] Extract. Export. Excel. advances Send a Message (4 counters).
[GameContext] Convention Breaker loses 1 click(s) this turn (deferred penalty).
[GameContext] === Convention Breaker Turn 12 begins. Credits: 1, Clicks: 3 ===
Player install: card is: Mayfly and charged cost is: 1
[GameContext] Convention Breaker installs Mayfly. [MU: 3/4 used]
[GameContext] Convention Breaker draws Telework Contract.
[GameContext] Convention Breaker gains 1 credit. (1 total)
[GameContext] Extract. Export. Excel. draws Pharos.
[GameContext] === Extract. Export. Excel. Turn 12 begins. Credits: 5, Clicks: 3 ===
[GameContext] Extract. Export. Excel. takes 4 cr from Anthill Excavation Contract (0 remaining).
[GameContext] Extract. Export. Excel. draws 1 card(s).
[GameContext] Anthill Excavation Contract is trashed (empty).
[GameContext] [MCTS] Scoring line detected — executing: Advance send_a_message
[GameContext] Extract. Export. Excel. advances Send a Message (5 counters).
[GameContext] Extract. Export. Excel. scores Send a Message! (3 agenda points)
[GameContext] Rezzed Stavka for free.
[GameContext] Extract. Export. Excel. installs Artificial Cryptocrash in Server 0.
[GameContext] [MCTS] slow search: 316 ms (100 iterations, depth 3)
[GameContext] Extract. Export. Excel. installs Artificial Cryptocrash in Server 2.
[GameContext] === Convention Breaker Turn 13 begins. Credits: 1, Clicks: 4 ===
[GameContext] Convention Breaker gains 1 credit. (2 total)
[GameContext] Convention Breaker gains 1 credit. (3 total)
[GameContext] --- Run on Server 0 begins ---
[GameContext] [Initiation] Run declared on Server 0.
[GameContext] [Approach] Runner approaches unrezzed ice (position 0).
[CorpRunAI] AI: Palisade — rez_cost=3  tax/enc=2.0  enc=2.5  LTV=5.0
[GameContext] [Rez] Corp rezzes Palisade for 3 credits.
[GameContext] [Encounter] Runner encounters Palisade.
[GameContext] [Encounter] Mayfly boosted  +1 str (now 2). Cost: 1 cr.
[GameContext] [Encounter] Mayfly breaks 'End the run.' for 1 cr.
[GameContext] [Encounter] Subroutine 0 broken.
[GameContext] [Movement] Runner approaches the server root.
[GameContext] [Success] Run successful on Server 0!
[GameContext] [Debug/gain_on_success] run_modifiers at success: { "overclock_credits": 0, "concerto_credits": 0, "bad_pub_credits": 0 }
[GameContext] [Breach] Runner breaches Server 0.
[GameContext] [Access] Runner accesses: Artificial Cryptocrash
[GameContext] [Access] Runner steals Artificial Cryptocrash! (2 agenda points)
[GameContext] [End] Run ended successfully.
[GameContext] Mayfly is trashed (end of run).
[GameContext] Convention Breaker gains 1 credit. (2 total)
[GameContext] Extract. Export. Excel. draws Spin Doctor.
[GameContext] === Extract. Export. Excel. Turn 13 begins. Credits: 5, Clicks: 3 ===
[GameContext] [MCTS] slow search: 573 ms (100 iterations, depth 3)
[GameContext] Extract. Export. Excel. installs Regolith Mining License in Server 0.
[GameContext] [MCTS] slow search: 507 ms (100 iterations, depth 3)
[GameContext] Extract. Export. Excel. installs Pharos in Server 3.
[heartbeat] game 3/10 — turn 13, time 98s
[GameContext] [MCTS] slow search: 470 ms (100 iterations, depth 3)
[GameContext] Extract. Export. Excel. gains 1 credit. (6 total)
[GameContext] === Convention Breaker Turn 14 begins. Credits: 2, Clicks: 4 ===
[GameContext] Convention Breaker gains 1 credit. (3 total)
Player install: card is: Cleaver and charged cost is: 3
[GameContext] Convention Breaker installs Cleaver. [MU: 2/4 used]
[GameContext] Convention Breaker draws Smartware Distributor.
[GameContext] Convention Breaker draws Overclock.
[GameContext] Convention Breaker discards Smartware Distributor to hand limit. (5 cards remaining)
[GameContext] Extract. Export. Excel. draws Maskirovka.
[GameContext] === Extract. Export. Excel. Turn 14 begins. Credits: 6, Clicks: 3 ===
[GameContext] Placed 15 credits counter(s) on Regolith Mining License.
[GameContext] Extract. Export. Excel. rezzes Regolith Mining License for 2 cr.
[GameContext] [MCTS] slow search: 572 ms (100 iterations, depth 3)
[GameContext] Extract. Export. Excel. installs Spin Doctor in Server 4.
[GameContext] [MCTS] slow search: 564 ms (100 iterations, depth 3)
[GameContext] Extract. Export. Excel. takes 3 cr from Regolith Mining License (12 remaining).
[GameContext] [MCTS] slow search: 548 ms (100 iterations, depth 3)
[GameContext] Extract. Export. Excel. takes 3 cr from Regolith Mining License (9 remaining).
[GameContext] === Convention Breaker Turn 15 begins. Credits: 0, Clicks: 4 ===
[GameContext] Convention Breaker gains 1 credit. (1 total)
[GameContext] Run modifier set: overclock_credits = 5
[GameContext] --- Run on HQ begins ---
[GameContext] [Initiation] Run declared on HQ.
[GameContext] [Approach] Runner approaches Stavka (position 0).
[GameContext] [Encounter] Runner encounters Stavka.
[GameContext] [Approach] Runner approaches Ballista (position 1).
[GameContext] [Encounter] Runner encounters Ballista.
[GameContext] Extract. Export. Excel. trashes Convention Breaker's Unity.
[GameContext] Run ended.
[GameContext] [Encounter] Run ended by subroutine.
[GameContext] [End] Run ended unsuccessfully.
[GameContext] Overclock: 5 unspent credit(s) returned to the bank.
[GameContext] Convention Breaker plays Overclock.
[GameContext] Convention Breaker draws Docklands Pass.
[GameContext] Convention Breaker draws Jailbreak.
[GameContext] Convention Breaker discards Telework Contract to hand limit. (5 cards remaining)
[GameContext] Extract. Export. Excel. draws Stavka.
[GameContext] === Extract. Export. Excel. Turn 15 begins. Credits: 10, Clicks: 3 ===
[GameContext] Extract. Export. Excel. draws 2 card(s).
[GameContext] Extract. Export. Excel. rezzes Spin Doctor for 0 cr.
[GameContext] [MCTS] slow search: 515 ms (100 iterations, depth 3)
[GameContext] Extract. Export. Excel. installs Vladisibirsk City Grid in HQ.
[heartbeat] game 3/10 — turn 15, time 103s
[GameContext] [MCTS] slow search: 506 ms (100 iterations, depth 3)
[GameContext] Extract. Export. Excel. pays 2 credit(s) to install ice.
[GameContext] Extract. Export. Excel. installs Stavka in R&D.
[GameContext] [MCTS] slow search: 496 ms (100 iterations, depth 3)
[GameContext] Extract. Export. Excel. installs Maskirovka in Server 5.
[GameContext] === Convention Breaker Turn 16 begins. Credits: 0, Clicks: 4 ===
[GameContext] Convention Breaker draws Sure Gamble.
[GameContext] Run modifier set: bonus_access = 1
[GameContext] --- Run on HQ begins ---
[GameContext] [Initiation] Run declared on HQ.
[GameContext] [Rez] Corp rezzes Vladisibirsk City Grid for 3 credits.
[GameContext] [Approach] Runner approaches Stavka (position 0).
[GameContext] [Encounter] Runner encounters Stavka.
[GameContext] [Approach] Runner approaches Ballista (position 1).
[GameContext] [Encounter] Runner encounters Ballista.
[GameContext] Extract. Export. Excel. trashes Convention Breaker's Cleaver.
[GameContext] Run ended.
[GameContext] [Encounter] Run ended by subroutine.
[GameContext] [End] Run ended unsuccessfully.
[GameContext] Convention Breaker plays Jailbreak.
[GameContext] Convention Breaker gains 1 credit. (1 total)
[GameContext] Convention Breaker gains 1 credit. (2 total)
[GameContext] Extract. Export. Excel. draws Pharos.
[GameContext] === Extract. Export. Excel. Turn 16 begins. Credits: 5, Clicks: 3 ===
[GameContext] [MCTS] slow search: 544 ms (100 iterations, depth 3)
[GameContext] Extract. Export. Excel. pays 2 credit(s) to install ice.
[GameContext] Extract. Export. Excel. installs Pharos in HQ.
[GameContext] [MCTS] slow search: 518 ms (100 iterations, depth 3)
[GameContext] Extract. Export. Excel. takes 3 cr from Regolith Mining License (6 remaining).
[GameContext] [MCTS] slow search: 498 ms (100 iterations, depth 3)
[GameContext] Extract. Export. Excel. takes 3 cr from Regolith Mining License (3 remaining).
[heartbeat] game 3/10 — turn 16, time 108s
[GameContext] === Convention Breaker Turn 17 begins. Credits: 2, Clicks: 4 ===
[GameContext] Convention Breaker gains 1 credit. (3 total)
Player install: card is: Cleaver and charged cost is: 3
[GameContext] Convention Breaker installs Cleaver. [MU: 1/4 used]
[GameContext] Convention Breaker gains 1 credit. (1 total)
[GameContext] Convention Breaker gains 1 credit. (2 total)
[GameContext] Extract. Export. Excel. draws Spin Doctor.
[GameContext] === Extract. Export. Excel. Turn 17 begins. Credits: 9, Clicks: 3 ===
[GameContext] [MCTS] slow search: 481 ms (100 iterations, depth 3)
[GameContext] Extract. Export. Excel. installs Spin Doctor in Server 6.
[GameContext] [MCTS] slow search: 533 ms (100 iterations, depth 3)
[GameContext] Extract. Export. Excel. takes 3 cr from Regolith Mining License (0 remaining).
[GameContext] Regolith Mining License is trashed (empty).
[GameContext] [MCTS] slow search: 548 ms (100 iterations, depth 3)
[GameContext] Spin Doctor: shuffled 2 card(s) from Archives into R&D.
[GameContext] Spin Doctor is trashed.
[GameContext] === Convention Breaker Turn 18 begins. Credits: 2, Clicks: 4 ===
[GameContext] Convention Breaker gains 1 credit. (3 total)
[GameContext] Convention Breaker gains 1 credit. (4 total)
[GameContext] Convention Breaker gains 1 credit. (5 total)
Player install: card is: Carmen and charged cost is: 5
[GameContext] Convention Breaker installs Carmen. [MU: 2/4 used]
[GameContext] Extract. Export. Excel. draws Extract.
[GameContext] === Extract. Export. Excel. Turn 18 begins. Credits: 12, Clicks: 3 ===
[GameContext] Extract. Export. Excel. draws 2 card(s).
[GameContext] Extract. Export. Excel. rezzes Spin Doctor for 0 cr.
[GameContext] [MCTS] slow search: 615 ms (100 iterations, depth 3)
[GameContext] Extract. Export. Excel. spends 2 additional click(s) to play Mutually Assured Destruction.
[GameContext] Extract. Export. Excel. plays Mutually Assured Destruction.
[GameContext] Extract. Export. Excel. discards Extract to hand limit.
[GameContext] === Convention Breaker Turn 19 begins. Credits: 0, Clicks: 4 ===
[GameContext] Convention Breaker gains 1 credit. (1 total)
[GameContext] Convention Breaker gains 1 credit. (2 total)
[GameContext] Convention Breaker gains 1 credit. (3 total)
[GameContext] Convention Breaker gains 1 credit. (4 total)
[GameContext] Extract. Export. Excel. draws Hedge Fund.
[GameContext] === Extract. Export. Excel. Turn 19 begins. Credits: 8, Clicks: 3 ===
[GameContext] [MCTS] slow search: 429 ms (100 iterations, depth 3)
[GameContext] Extract. Export. Excel. gains 9 credits.
[GameContext] Extract. Export. Excel. plays Hedge Fund.
[GameContext] [MCTS] slow search: 400 ms (100 iterations, depth 3)
[GameContext] Extract. Export. Excel. draws Anthill Excavation Contract.
[heartbeat] game 3/10 — turn 19, time 113s
[GameContext] [MCTS] slow search: 906 ms (100 iterations, depth 3)
[GameContext] Extract. Export. Excel. gains 6 credits.
[GameContext] Extract. Export. Excel. plays Extract.
[GameContext] === Convention Breaker Turn 20 begins. Credits: 4, Clicks: 4 ===
[GameContext] Convention Breaker gains 1 credit. (5 total)
[GameContext] Convention Breaker gains 9 credits.
[GameContext] Convention Breaker plays Sure Gamble.
[GameContext] Convention Breaker gains 1 credit. (10 total)
[GameContext] --- Run on R&D begins ---
[GameContext] [Initiation] Run declared on R&D.
[GameContext] [Approach] Runner approaches unrezzed ice (position 0).
[CorpRunAI] AI: Stavka — rez_cost=4  tax/enc=2.0  enc=3.0  LTV=6.0
[GameContext] [Rez] Corp rezzes Stavka for 4 credits.
[GameContext] [Encounter] Runner encounters Stavka.
[GameContext] [Encounter] Carmen breaks 'Trash 1 installed program.' for 1 cr.
[GameContext] [Encounter] Carmen breaks 'Trash 1 installed program.' for 1 cr.
[GameContext] [Encounter] Subroutine 0 broken.
[GameContext] [Encounter] Subroutine 1 broken.
[GameContext] [Approach] Runner approaches unrezzed ice (position 1).
[GameContext] [Approach] Corp declines to rez. Runner passes unrezzed ice.
[GameContext] [Approach] Runner approaches Maskirovka (position 2).
[GameContext] [Encounter] Runner encounters Maskirovka.
[GameContext] [Encounter] Cleaver breaks 'Gain 2[credit].' for 1 cr.
[GameContext] [Encounter] Cleaver breaks 'End the run.' for 1 cr.
[GameContext] [Encounter] Subroutine 0 broken.
[GameContext] [Encounter] Subroutine 1 broken.
[GameContext] [Movement] Runner approaches the server root.
[GameContext] [Success] Run successful on R&D!
[GameContext] [Debug/gain_on_success] run_modifiers at success: { "overclock_credits": 0, "concerto_credits": 0, "bad_pub_credits": 0 }
[GameContext] [Breach] Runner breaches R&D.
[GameContext] [Access] Runner accesses: Ballista
[GameContext] [End] Run ended successfully.
[GameContext] Extract. Export. Excel. draws Ballista.
[GameContext] === Extract. Export. Excel. Turn 20 begins. Credits: 11, Clicks: 3 ===
[GameContext] Extract. Export. Excel. installs Anthill Excavation Contract in Server 2.
[GameContext] Extract. Export. Excel. draws Extract.
[GameContext] Extract. Export. Excel. gains 14 credits.
[GameContext] Extract. Export. Excel. plays Government Subsidy.
[GameContext] === Convention Breaker Turn 21 begins. Credits: 6, Clicks: 4 ===
[GameContext] Convention Breaker gains 1 credit. (7 total)
[GameContext] Convention Breaker gains 1 credit. (8 total)
[GameContext] --- Run on R&D begins ---
[GameContext] [Initiation] Run declared on R&D.
[GameContext] [Approach] Runner approaches Stavka (position 0).
[GameContext] [Encounter] Runner encounters Stavka.
[GameContext] [Encounter] Carmen breaks 'Trash 1 installed program.' for 1 cr.
[GameContext] [Encounter] Carmen breaks 'Trash 1 installed program.' for 1 cr.
[GameContext] [Encounter] Subroutine 0 broken.
[GameContext] [Encounter] Subroutine 1 broken.
[GameContext] [Approach] Runner approaches unrezzed ice (position 1).
[GameContext] [Approach] Corp declines to rez. Runner passes unrezzed ice.
[GameContext] [Approach] Runner approaches Maskirovka (position 2).
[GameContext] [Encounter] Runner encounters Maskirovka.
[GameContext] [Encounter] Cleaver breaks 'Gain 2[credit].' for 1 cr.
[GameContext] [Encounter] Cleaver breaks 'End the run.' for 1 cr.
[GameContext] [Encounter] Subroutine 0 broken.
[GameContext] [Encounter] Subroutine 1 broken.
[GameContext] [Movement] Runner approaches the server root.
[GameContext] [Success] Run successful on R&D!
[GameContext] [Debug/gain_on_success] run_modifiers at success: { "overclock_credits": 0, "concerto_credits": 0, "bad_pub_credits": 0 }
[GameContext] [Breach] Runner breaches R&D.
[GameContext] [Access] Runner accesses: Stavka
[GameContext] [End] Run ended successfully.
[GameContext] Convention Breaker gains 1 credit. (5 total)
[GameContext] Extract. Export. Excel. draws Stavka.
[GameContext] === Extract. Export. Excel. Turn 21 begins. Credits: 15, Clicks: 3 ===
[GameContext] Placed 8 credits counter(s) on Anthill Excavation Contract.
[GameContext] Extract. Export. Excel. rezzes Anthill Excavation Contract for 3 cr.
[GameContext] Extract. Export. Excel. gains 6 credits.
[GameContext] Extract. Export. Excel. plays Extract.
[GameContext] Extract. Export. Excel. draws Hedge Fund.
[GameContext] Extract. Export. Excel. draws Regolith Mining License.
[heartbeat] game 3/10 — turn 21, time 118s
[GameContext] Extract. Export. Excel. discards Hedge Fund to hand limit.
[GameContext] Extract. Export. Excel. discards Big Deal to hand limit.
[GameContext] === Convention Breaker Turn 22 begins. Credits: 5, Clicks: 4 ===
[GameContext] Convention Breaker gains 1 credit. (6 total)
[GameContext] Convention Breaker gains 1 credit. (7 total)
[GameContext] Convention Breaker gains 1 credit. (8 total)
[GameContext] --- Run on R&D begins ---
[GameContext] [Initiation] Run declared on R&D.
[GameContext] [Approach] Runner approaches Stavka (position 0).
[GameContext] [Encounter] Runner encounters Stavka.
[GameContext] [Encounter] Carmen breaks 'Trash 1 installed program.' for 1 cr.
[GameContext] [Encounter] Carmen breaks 'Trash 1 installed program.' for 1 cr.
[GameContext] [Encounter] Subroutine 0 broken.
[GameContext] [Encounter] Subroutine 1 broken.
[GameContext] [Approach] Runner approaches unrezzed ice (position 1).
[GameContext] [Approach] Corp declines to rez. Runner passes unrezzed ice.
[GameContext] [Approach] Runner approaches Maskirovka (position 2).
[GameContext] [Encounter] Runner encounters Maskirovka.
[GameContext] [Encounter] Cleaver breaks 'Gain 2[credit].' for 1 cr.
[GameContext] [Encounter] Cleaver breaks 'End the run.' for 1 cr.
[GameContext] [Encounter] Subroutine 0 broken.
[GameContext] [Encounter] Subroutine 1 broken.
[GameContext] [Movement] Runner approaches the server root.
[GameContext] [Success] Run successful on R&D!
[GameContext] [Debug/gain_on_success] run_modifiers at success: { "overclock_credits": 0, "concerto_credits": 0, "bad_pub_credits": 0 }
[GameContext] [Breach] Runner breaches R&D.
[GameContext] [Access] Runner accesses: Send a Message
[GameContext] [Access] Runner steals Send a Message! (3 agenda points)
[GameContext] Rezzed Pharos for free.
[GameContext] Runner wins by stealing agendas!
[GameContext] [End] Run ended successfully.
[GameContext] Game over — Convention Breaker wins. Convention Breaker stole enough agendas to win
  [  3/ 10]  RUNNER    Convention Breaker stole enough agendas to win  22 turns
[GameContext] Extract. Export. Excel. draws Ballista.
[GameContext] === Extract. Export. Excel. Turn 1 begins. Credits: 5, Clicks: 3 ===
[GameContext] [MCTS] slow search: 402 ms (100 iterations, depth 3)
[GameContext] Extract. Export. Excel. installs Pharos in R&D.
[GameContext] [MCTS] slow search: 430 ms (100 iterations, depth 3)
[GameContext] Extract. Export. Excel. installs Pharos in HQ.
[GameContext] [MCTS] slow search: 436 ms (100 iterations, depth 3)
[GameContext] Extract. Export. Excel. installs Ballista in Server 0.
[GameContext] === Convention Breaker Turn 2 begins. Credits: 5, Clicks: 4 ===
[GameContext] --- Run on HQ begins ---
[GameContext] [Initiation] Run declared on HQ.
[GameContext] [Approach] Runner approaches unrezzed ice (position 0).
[GameContext] [Approach] Corp declines to rez. Runner passes unrezzed ice.
[GameContext] [Movement] Runner approaches the server root.
[GameContext] [Success] Run successful on HQ!
[GameContext] [Debug/gain_on_success] run_modifiers at success: {  }
[GameContext] [Breach] Runner breaches HQ.
[GameContext] [Access] Runner accesses: Ballista
[GameContext] [End] Run ended successfully.
[GameContext] --- Run on R&D begins ---
[GameContext] [Initiation] Run declared on R&D.
[GameContext] [Approach] Runner approaches unrezzed ice (position 0).
[GameContext] [Approach] Corp declines to rez. Runner passes unrezzed ice.
[GameContext] [Movement] Runner approaches the server root.
[GameContext] [Success] Run successful on R&D!
[GameContext] [Debug/gain_on_success] run_modifiers at success: {  }
[GameContext] [Breach] Runner breaches R&D.
[GameContext] [Access] Runner accesses: Hedge Fund
[GameContext] [End] Run ended successfully.
Player install: card is: Mayfly and charged cost is: 1
[GameContext] Convention Breaker installs Mayfly. [MU: 2/4 used]
[GameContext] Convention Breaker draws Creative Commission.
[GameContext] Extract. Export. Excel. draws Hedge Fund.
[GameContext] === Extract. Export. Excel. Turn 2 begins. Credits: 5, Clicks: 3 ===
[GameContext] Extract. Export. Excel. gains 9 credits.
[GameContext] Extract. Export. Excel. plays Hedge Fund.
[GameContext] Extract. Export. Excel. draws Vladisibirsk City Grid.
[GameContext] [MCTS] slow search: 261 ms (100 iterations, depth 3)
[GameContext] Extract. Export. Excel. gains 1 credit. (10 total)
[GameContext] === Convention Breaker Turn 3 begins. Credits: 4, Clicks: 4 ===
[GameContext] --- Run on R&D begins ---
[GameContext] [Initiation] Run declared on R&D.
[GameContext] [Approach] Runner approaches unrezzed ice (position 0).
[CorpRunAI] AI: Pharos — rez_cost=7  tax/enc=7.0  enc=3.0  LTV=21.0
[GameContext] [Rez] Corp rezzes Pharos for 7 credits.
[GameContext] [Encounter] Runner encounters Pharos.
[GameContext] [Encounter] Mayfly boosted ×4 +4 str (now 5). Cost: 4 cr.
[GameContext] Convention Breaker takes 1 tag(s). (1 total)
[GameContext] Run ended.
[GameContext] [Encounter] Run ended by subroutine.
[GameContext] [End] Run ended unsuccessfully.
[GameContext] Mayfly is trashed (end of run).
[GameContext] Convention Breaker gains 1 credit. (1 total)
[GameContext] --- Run on HQ begins ---
[GameContext] [Initiation] Run declared on HQ.
[GameContext] [Approach] Runner approaches unrezzed ice (position 0).
[GameContext] [Approach] Corp declines to rez. Runner passes unrezzed ice.
[GameContext] [Movement] Runner approaches the server root.
[GameContext] [Success] Run successful on HQ!
[GameContext] [Debug/gain_on_success] run_modifiers at success: {  }
[GameContext] [Breach] Runner breaches HQ.
[GameContext] [Access] Runner accesses: Mutually Assured Destruction
[GameContext] [End] Run ended successfully.
[GameContext] Convention Breaker draws Overclock.
[GameContext] Convention Breaker discards Verbal Plasticity to hand limit. (5 cards remaining)
[GameContext] Extract. Export. Excel. draws Send a Message.
[GameContext] === Extract. Export. Excel. Turn 3 begins. Credits: 3, Clicks: 3 ===
[GameContext] [MCTS] slow search: 668 ms (100 iterations, depth 3)
[heartbeat] game 4/10 — turn 3, time 124s
[GameContext] Extract. Export. Excel. installs Send a Message in Server 0.
[GameContext] [MCTS] slow search: 665 ms (100 iterations, depth 3)
[GameContext] Extract. Export. Excel. advances Send a Message (1 counters).
[GameContext] [MCTS] slow search: 676 ms (100 iterations, depth 3)
[GameContext] Extract. Export. Excel. advances Send a Message (2 counters).
[GameContext] === Convention Breaker Turn 4 begins. Credits: 1, Clicks: 4 ===
[GameContext] Run modifier set: overclock_credits = 5
[GameContext] --- Run on HQ begins ---
[GameContext] [Initiation] Run declared on HQ.
[GameContext] [Approach] Runner approaches unrezzed ice (position 0).
[GameContext] [Approach] Corp declines to rez. Runner passes unrezzed ice.
[GameContext] [Movement] Runner approaches the server root.
[GameContext] [Success] Run successful on HQ!
[GameContext] [Debug/gain_on_success] run_modifiers at success: { "overclock_credits": 5, "run_event_active": 1 }
[GameContext] [Breach] Runner breaches HQ.
[GameContext] [Access] Runner accesses: Anthill Excavation Contract
[GameContext] [Access] Runner may trash Anthill Excavation Contract for 1 credits (Runner has 5 total).
[GameContext] [End] Run ended successfully.
[GameContext] Overclock: 5 unspent credit(s) returned to the bank.
[GameContext] Convention Breaker plays Overclock.
[GameContext] Convention Breaker gains 1 credit. (1 total)
[GameContext] --- Run on Server 0 begins ---
[GameContext] [Initiation] Run declared on Server 0.
[GameContext] [Approach] Runner approaches unrezzed ice (position 0).
[GameContext] [Approach] Corp declines to rez. Runner passes unrezzed ice.
[GameContext] [Movement] Runner approaches the server root.
[GameContext] [Success] Run successful on Server 0!
[GameContext] [Debug/gain_on_success] run_modifiers at success: {  }
[GameContext] [Breach] Runner breaches Server 0.
[GameContext] [Access] Runner accesses: Send a Message
[GameContext] [Access] Runner steals Send a Message! (3 agenda points)
[GameContext] Rezzed Pharos for free.
[GameContext] [End] Run ended successfully.
[GameContext] Convention Breaker draws VRcation.
[GameContext] Extract. Export. Excel. draws Vladisibirsk City Grid.
[GameContext] === Extract. Export. Excel. Turn 4 begins. Credits: 1, Clicks: 3 ===
[GameContext] [MCTS] slow search: 611 ms (100 iterations, depth 3)
[GameContext] Extract. Export. Excel. installs Vladisibirsk City Grid in R&D.
[GameContext] [MCTS] slow search: 489 ms (100 iterations, depth 3)
[GameContext] Extract. Export. Excel. gains 1 credit. (2 total)
[GameContext] [MCTS] slow search: 488 ms (100 iterations, depth 3)
[GameContext] Extract. Export. Excel. gains 1 credit. (3 total)
[heartbeat] game 4/10 — turn 4, time 129s
[GameContext] === Convention Breaker Turn 5 begins. Credits: 1, Clicks: 4 ===
[GameContext] Convention Breaker gains 5 credits.
[GameContext] Convention Breaker will lose 1 click(s) next turn.
[GameContext] Convention Breaker plays Creative Commission.
Player install: card is: Cleaver and charged cost is: 3
[GameContext] Convention Breaker installs Cleaver. [MU: 1/4 used]
[GameContext] Convention Breaker gains 5 credits.
[GameContext] Convention Breaker will lose 1 click(s) next turn.
[GameContext] Convention Breaker plays Creative Commission.
[GameContext] --- Run on R&D begins ---
[GameContext] [Initiation] Run declared on R&D.
[GameContext] [Rez] Corp rezzes Vladisibirsk City Grid for 3 credits.
[GameContext] [Approach] Runner approaches Pharos (position 0).
[GameContext] [Encounter] Runner encounters Pharos.
[GameContext] [Encounter] Cleaver boosted  +2 str (now 5). Cost: 1 cr.
[GameContext] [Encounter] Cleaver breaks 'Give the Runner 1 tag.' for 1 cr.
[GameContext] [Encounter] Cleaver breaks 'End the run.' for 1 cr.
[GameContext] [Encounter] Subroutine 0 broken.
[GameContext] [Encounter] Subroutine 1 broken.
[GameContext] [Movement] Runner approaches the server root.
[GameContext] [Success] Run successful on R&D!
[GameContext] [Debug/gain_on_success] run_modifiers at success: { "overclock_credits": 0, "concerto_credits": 0, "bad_pub_credits": 0 }
[GameContext] [Breach] Runner breaches R&D.
[GameContext] [Access] Runner accesses: Vladisibirsk City Grid
[GameContext] [Access] Runner may trash Vladisibirsk City Grid for 4 credits (Runner has 3 total).
[GameContext] [Access] Runner cannot afford to trash.
[GameContext] [Access] Runner accesses: Extract
[GameContext] [End] Run ended successfully.
[GameContext] Extract. Export. Excel. draws Extract.
[GameContext] === Extract. Export. Excel. Turn 5 begins. Credits: 0, Clicks: 3 ===
[GameContext] Extract. Export. Excel. installs Vladisibirsk City Grid in HQ.
[GameContext] Extract. Export. Excel. installs Anthill Excavation Contract in Server 1.
[GameContext] [MCTS] slow search: 245 ms (100 iterations, depth 3)
[GameContext] Extract. Export. Excel. draws Anthill Excavation Contract.
[GameContext] Convention Breaker loses 2 click(s) this turn (deferred penalty).
[GameContext] === Convention Breaker Turn 6 begins. Credits: 3, Clicks: 2 ===
[GameContext] Convention Breaker gains 1 credit. (4 total)
[GameContext] --- Run on R&D begins ---
[GameContext] [Initiation] Run declared on R&D.
[GameContext] [Approach] Runner approaches Pharos (position 0).
[GameContext] [Encounter] Runner encounters Pharos.
[GameContext] [Encounter] Cleaver boosted  +2 str (now 5). Cost: 1 cr.
[GameContext] [Encounter] Cleaver breaks 'Give the Runner 1 tag.' for 1 cr.
[GameContext] [Encounter] Cleaver breaks 'End the run.' for 1 cr.
[GameContext] [Encounter] Subroutine 0 broken.
[GameContext] [Encounter] Subroutine 1 broken.
[GameContext] [Movement] Runner approaches the server root.
[GameContext] [Success] Run successful on R&D!
[GameContext] [Debug/gain_on_success] run_modifiers at success: { "overclock_credits": 0, "concerto_credits": 0, "bad_pub_credits": 0 }
[GameContext] [Breach] Runner breaches R&D.
[GameContext] [Access] Runner accesses: Vladisibirsk City Grid
[GameContext] [Access] Runner may trash Vladisibirsk City Grid for 4 credits (Runner has 1 total).
[GameContext] [Access] Runner cannot afford to trash.
[GameContext] [Access] Runner accesses: Artificial Cryptocrash
[GameContext] [Access] Runner steals Artificial Cryptocrash! (2 agenda points)
[GameContext] [End] Run ended successfully.
[GameContext] Extract. Export. Excel. draws Stavka.
[GameContext] === Extract. Export. Excel. Turn 6 begins. Credits: 0, Clicks: 3 ===
[GameContext] Extract. Export. Excel. gains 1 credit. (1 total)
[GameContext] [MCTS] slow search: 384 ms (100 iterations, depth 3)
[GameContext] Extract. Export. Excel. pays 1 credit(s) to install ice.
[GameContext] Extract. Export. Excel. installs Stavka in R&D.
[GameContext] [MCTS] slow search: 503 ms (100 iterations, depth 3)
[GameContext] Extract. Export. Excel. gains 1 credit. (1 total)
[GameContext] === Convention Breaker Turn 7 begins. Credits: 1, Clicks: 4 ===
[GameContext] Convention Breaker gains 1 credit. (2 total)
[GameContext] Convention Breaker removes 1 tag (0 remaining). [paid 2cr]
[GameContext] Convention Breaker draws Tread Lightly.
[GameContext] Convention Breaker draws Cleaver.
[GameContext] Extract. Export. Excel. draws Palisade.
[GameContext] === Extract. Export. Excel. Turn 7 begins. Credits: 1, Clicks: 3 ===
[GameContext] [MCTS] slow search: 662 ms (100 iterations, depth 3)
[heartbeat] game 4/10 — turn 7, time 134s
[GameContext] Extract. Export. Excel. gains 1 credit. (2 total)
[GameContext] [MCTS] slow search: 627 ms (100 iterations, depth 3)
[GameContext] Extract. Export. Excel. gains 1 credit. (3 total)
[GameContext] [MCTS] slow search: 659 ms (100 iterations, depth 3)
[GameContext] Extract. Export. Excel. gains 6 credits.
[GameContext] Extract. Export. Excel. plays Extract.
[GameContext] === Convention Breaker Turn 8 begins. Credits: 0, Clicks: 4 ===
[GameContext] Convention Breaker gains 1 credit. (1 total)
[GameContext] Run modifier set: extra_rez_cost = 3
[GameContext] --- Run on HQ begins ---
[GameContext] [Initiation] Run declared on HQ.
[GameContext] [Rez] Corp rezzes Vladisibirsk City Grid for 6 credits.
[GameContext] [Approach] Runner approaches Pharos (position 0).
[GameContext] [Encounter] Runner encounters Pharos.
[GameContext] Convention Breaker takes 1 tag(s). (1 total)
[GameContext] Run ended.
[GameContext] [Encounter] Run ended by subroutine.
[GameContext] [End] Run ended unsuccessfully.
[GameContext] Convention Breaker plays Tread Lightly.
[GameContext] Convention Breaker draws Tread Lightly.
[GameContext] Convention Breaker draws Jailbreak.
[GameContext] Extract. Export. Excel. draws Hedge Fund.
[GameContext] === Extract. Export. Excel. Turn 8 begins. Credits: 0, Clicks: 3 ===
[GameContext] [MCTS] slow search: 583 ms (100 iterations, depth 3)
[GameContext] Extract. Export. Excel. gains 1 credit. (1 total)
[GameContext] [MCTS] slow search: 522 ms (100 iterations, depth 3)
[GameContext] Extract. Export. Excel. pays 1 credit(s) to install ice.
[GameContext] Extract. Export. Excel. installs Ballista in HQ.
[GameContext] [MCTS] slow search: 455 ms (100 iterations, depth 3)
[GameContext] Extract. Export. Excel. gains 1 credit. (1 total)
[heartbeat] game 4/10 — turn 8, time 140s
[GameContext] === Convention Breaker Turn 9 begins. Credits: 0, Clicks: 4 ===
[GameContext] Run modifier set: bonus_access = 1
[GameContext] --- Run on HQ begins ---
[GameContext] [Initiation] Run declared on HQ.
[GameContext] [Approach] Runner approaches unrezzed ice (position 0).
[GameContext] [Approach] Corp declines to rez. Runner passes unrezzed ice.
[GameContext] [Approach] Runner approaches Pharos (position 1).
[GameContext] [Encounter] Runner encounters Pharos.
[GameContext] Convention Breaker takes 1 tag(s). (2 total)
[GameContext] Run ended.
[GameContext] [Encounter] Run ended by subroutine.
[GameContext] [End] Run ended unsuccessfully.
[GameContext] Convention Breaker plays Jailbreak.
[GameContext] Convention Breaker gains 1 credit. (1 total)
[GameContext] Run modifier set: extra_rez_cost = 3
[GameContext] --- Run on HQ begins ---
[GameContext] [Initiation] Run declared on HQ.
[GameContext] [Approach] Runner approaches unrezzed ice (position 0).
[GameContext] [Approach] Corp declines to rez. Runner passes unrezzed ice.
[GameContext] [Approach] Runner approaches Pharos (position 1).
[GameContext] [Encounter] Runner encounters Pharos.
[GameContext] Convention Breaker takes 1 tag(s). (3 total)
[GameContext] Run ended.
[GameContext] [Encounter] Run ended by subroutine.
[GameContext] [End] Run ended unsuccessfully.
[GameContext] Convention Breaker plays Tread Lightly.
[GameContext] Convention Breaker draws Sure Gamble.
[GameContext] Extract. Export. Excel. draws Extract.
[GameContext] === Extract. Export. Excel. Turn 9 begins. Credits: 1, Clicks: 3 ===
[GameContext] [MCTS] slow search: 468 ms (100 iterations, depth 3)
[GameContext] Extract. Export. Excel. gains 1 credit. (2 total)
[GameContext] [MCTS] slow search: 487 ms (100 iterations, depth 3)
[GameContext] Extract. Export. Excel. gains 1 credit. (3 total)
[GameContext] [MCTS] slow search: 471 ms (100 iterations, depth 3)
[GameContext] Extract. Export. Excel. gains 6 credits.
[GameContext] Extract. Export. Excel. plays Extract.
[GameContext] === Convention Breaker Turn 10 begins. Credits: 0, Clicks: 4 ===
[GameContext] Convention Breaker gains 1 credit. (1 total)
[GameContext] Convention Breaker gains 1 credit. (2 total)
[GameContext] Convention Breaker removes 1 tag (2 remaining). [paid 2cr]
[GameContext] Convention Breaker draws Telework Contract.
[GameContext] Extract. Export. Excel. draws Government Subsidy.
[GameContext] === Extract. Export. Excel. Turn 10 begins. Credits: 6, Clicks: 3 ===
[GameContext] Placed 8 credits counter(s) on Anthill Excavation Contract.
[GameContext] Extract. Export. Excel. rezzes Anthill Excavation Contract for 3 cr.
[GameContext] [MCTS] slow search: 512 ms (100 iterations, depth 3)
[GameContext] Extract. Export. Excel. gains 1 credit. (4 total)
[GameContext] [MCTS] slow search: 483 ms (100 iterations, depth 3)
[GameContext] Extract. Export. Excel. gains 1 credit. (5 total)
[heartbeat] game 4/10 — turn 10, time 145s
[GameContext] [MCTS] slow search: 484 ms (100 iterations, depth 3)
[GameContext] Extract. Export. Excel. gains 9 credits.
[GameContext] Extract. Export. Excel. plays Hedge Fund.
[GameContext] === Convention Breaker Turn 11 begins. Credits: 0, Clicks: 4 ===
[GameContext] Convention Breaker gains 1 credit. (1 total)
[GameContext] Convention Breaker gains 1 credit. (2 total)
[GameContext] Convention Breaker removes 1 tag (1 remaining). [paid 2cr]
[GameContext] Convention Breaker draws Sure Gamble.
[GameContext] Convention Breaker discards Telework Contract to hand limit. (5 cards remaining)
[GameContext] Extract. Export. Excel. draws Regolith Mining License.
[GameContext] === Extract. Export. Excel. Turn 11 begins. Credits: 9, Clicks: 3 ===
[GameContext] Extract. Export. Excel. takes 4 cr from Anthill Excavation Contract (4 remaining).
[GameContext] Extract. Export. Excel. draws 1 card(s).
[GameContext] [MCTS] slow search: 615 ms (100 iterations, depth 3)
[GameContext] Extract. Export. Excel. gains 14 credits.
[GameContext] Extract. Export. Excel. plays Government Subsidy.
[GameContext] [MCTS] slow search: 643 ms (100 iterations, depth 3)
[GameContext] Extract. Export. Excel. draws Palisade.
[GameContext] [MCTS] slow search: 1177 ms (100 iterations, depth 3)
[GameContext] Extract. Export. Excel. pays 2 credit(s) to install ice.
[GameContext] Extract. Export. Excel. installs Palisade in R&D.
[GameContext] === Convention Breaker Turn 12 begins. Credits: 0, Clicks: 4 ===
[GameContext] Convention Breaker gains 1 credit. (1 total)
[GameContext] Convention Breaker gains 1 credit. (2 total)
[GameContext] Convention Breaker removes 1 tag (0 remaining). [paid 2cr]
[GameContext] Convention Breaker draws Carmen.
[GameContext] Convention Breaker discards VRcation to hand limit. (5 cards remaining)
[GameContext] Extract. Export. Excel. draws Artificial Cryptocrash.
[GameContext] === Extract. Export. Excel. Turn 12 begins. Credits: 15, Clicks: 3 ===
[GameContext] Extract. Export. Excel. takes 4 cr from Anthill Excavation Contract (0 remaining).
[GameContext] Extract. Export. Excel. draws 1 card(s).
[GameContext] Anthill Excavation Contract is trashed (empty).
[GameContext] [MCTS] slow search: 1067 ms (100 iterations, depth 3)
[heartbeat] game 4/10 — turn 12, time 150s
[GameContext] Extract. Export. Excel. installs Artificial Cryptocrash in Server 0.
[GameContext] [MCTS] slow search: 975 ms (100 iterations, depth 3)
[GameContext] Extract. Export. Excel. advances Artificial Cryptocrash (1 counters).
[GameContext] [MCTS] slow search: 994 ms (100 iterations, depth 3)
[GameContext] Extract. Export. Excel. advances Artificial Cryptocrash (2 counters).
[GameContext] Extract. Export. Excel. discards Mutually Assured Destruction to hand limit.
[GameContext] === Convention Breaker Turn 13 begins. Credits: 0, Clicks: 4 ===
[GameContext] Convention Breaker draws Telework Contract.
[GameContext] Convention Breaker draws Smartware Distributor.
[GameContext] Convention Breaker draws Unity.
[GameContext] Convention Breaker gains 1 credit. (1 total)
[GameContext] Convention Breaker discards Smartware Distributor to hand limit. (5 cards remaining)
[GameContext] Convention Breaker discards Telework Contract to hand limit. (5 cards remaining)
[GameContext] Convention Breaker discards Sure Gamble to hand limit. (5 cards remaining)
[GameContext] Extract. Export. Excel. draws Extract.
[GameContext] === Extract. Export. Excel. Turn 13 begins. Credits: 17, Clicks: 3 ===
[GameContext] [MCTS] Scoring line detected — executing: Advance artificial_cryptocrash
[GameContext] Extract. Export. Excel. advances Artificial Cryptocrash (3 counters).
[GameContext] [MCTS] Scoring line detected — executing: Advance artificial_cryptocrash
[GameContext] Extract. Export. Excel. advances Artificial Cryptocrash (4 counters).
[GameContext] Extract. Export. Excel. scores Artificial Cryptocrash! (2 agenda points)
[GameContext] Convention Breaker loses 1 credits.
[GameContext] [MCTS] slow search: 933 ms (100 iterations, depth 3)
[GameContext] Extract. Export. Excel. pays 2 credit(s) to install ice.
[GameContext] Extract. Export. Excel. installs Palisade in HQ.
[heartbeat] game 4/10 — turn 13, time 156s
[GameContext] === Convention Breaker Turn 14 begins. Credits: 0, Clicks: 4 ===
[GameContext] Convention Breaker draws Jailbreak.
[GameContext] Run modifier set: bonus_access = 1
[GameContext] --- Run on HQ begins ---
[GameContext] [Initiation] Run declared on HQ.
[GameContext] [Approach] Runner approaches unrezzed ice (position 0).
[CorpRunAI] AI: Palisade — rez_cost=3  tax/enc=1.0  enc=3.0  LTV=3.0
[GameContext] [Rez] Corp rezzes Palisade for 3 credits.
[GameContext] [Encounter] Runner encounters Palisade.
[GameContext] Run ended.
[GameContext] [Encounter] Run ended by subroutine.
[GameContext] [End] Run ended unsuccessfully.
[GameContext] Convention Breaker plays Jailbreak.
[GameContext] Convention Breaker draws Smartware Distributor.
[GameContext] Convention Breaker draws Docklands Pass.
[GameContext] Convention Breaker discards Smartware Distributor to hand limit. (5 cards remaining)
[GameContext] Convention Breaker discards Sure Gamble to hand limit. (5 cards remaining)
[GameContext] Extract. Export. Excel. draws Stavka.
[GameContext] === Extract. Export. Excel. Turn 14 begins. Credits: 10, Clicks: 3 ===
[GameContext] [MCTS] slow search: 737 ms (100 iterations, depth 3)
[GameContext] Extract. Export. Excel. installs Regolith Mining License in Server 1.
[GameContext] [MCTS] slow search: 678 ms (100 iterations, depth 3)
[GameContext] Extract. Export. Excel. gains 6 credits.
[GameContext] Extract. Export. Excel. plays Extract.
[GameContext] [MCTS] slow search: 569 ms (100 iterations, depth 3)
[GameContext] Extract. Export. Excel. gains 1 credit. (14 total)
[GameContext] === Convention Breaker Turn 15 begins. Credits: 0, Clicks: 4 ===
[GameContext] Convention Breaker draws VRcation.
[GameContext] Convention Breaker draws Unity.
[GameContext] Convention Breaker draws Mayfly.
[GameContext] Convention Breaker gains 1 credit. (1 total)
[GameContext] Convention Breaker discards VRcation to hand limit. (5 cards remaining)
[GameContext] Convention Breaker discards Docklands Pass to hand limit. (5 cards remaining)
[GameContext] Convention Breaker discards Mayfly to hand limit. (5 cards remaining)
[GameContext] Extract. Export. Excel. draws Big Deal.
[GameContext] === Extract. Export. Excel. Turn 15 begins. Credits: 14, Clicks: 3 ===
[GameContext] Placed 15 credits counter(s) on Regolith Mining License.
[GameContext] Extract. Export. Excel. rezzes Regolith Mining License for 2 cr.
[GameContext] [MCTS] slow search: 527 ms (100 iterations, depth 3)
[GameContext] Extract. Export. Excel. spends 2 additional click(s) to play Mutually Assured Destruction.
[GameContext] Extract. Export. Excel. plays Mutually Assured Destruction.
[GameContext] === Convention Breaker Turn 16 begins. Credits: 1, Clicks: 4 ===
[GameContext] Convention Breaker gains 1 credit. (2 total)
[GameContext] Convention Breaker gains 1 credit. (3 total)
Player install: card is: Unity and charged cost is: 3
[GameContext] Convention Breaker installs Unity. [MU: 2/4 used]
[GameContext] Convention Breaker draws Pennyshaver.
[GameContext] Extract. Export. Excel. draws Spin Doctor.
[GameContext] === Extract. Export. Excel. Turn 16 begins. Credits: 8, Clicks: 3 ===
[GameContext] [MCTS] slow search: 680 ms (100 iterations, depth 3)
[heartbeat] game 4/10 — turn 16, time 161s
[GameContext] Extract. Export. Excel. gains 1 credit. (9 total)
[GameContext] [MCTS] slow search: 600 ms (100 iterations, depth 3)
[GameContext] Extract. Export. Excel. installs Anthill Excavation Contract in Server 2.
[GameContext] [MCTS] slow search: 597 ms (100 iterations, depth 3)
[GameContext] Extract. Export. Excel. takes 3 cr from Regolith Mining License (12 remaining).
[GameContext] === Convention Breaker Turn 17 begins. Credits: 0, Clicks: 4 ===
[GameContext] Convention Breaker draws Sure Gamble.
[GameContext] Convention Breaker draws Red Team.
[GameContext] Convention Breaker draws Overclock.
[GameContext] Convention Breaker gains 1 credit. (1 total)
[GameContext] Convention Breaker discards Red Team to hand limit. (5 cards remaining)
[GameContext] Convention Breaker discards Overclock to hand limit. (5 cards remaining)
[GameContext] Convention Breaker discards Sure Gamble to hand limit. (5 cards remaining)
[GameContext] Extract. Export. Excel. draws Big Deal.
[GameContext] === Extract. Export. Excel. Turn 17 begins. Credits: 12, Clicks: 3 ===
[GameContext] Placed 8 credits counter(s) on Anthill Excavation Contract.
[GameContext] Extract. Export. Excel. rezzes Anthill Excavation Contract for 3 cr.
[GameContext] [MCTS] slow search: 427 ms (100 iterations, depth 3)
[GameContext] Extract. Export. Excel. gains 1 credit. (10 total)
[GameContext] [MCTS] slow search: 429 ms (100 iterations, depth 3)
[GameContext] Extract. Export. Excel. installs Regolith Mining License in Server 3.
[GameContext] [MCTS] slow search: 428 ms (100 iterations, depth 3)
[GameContext] Extract. Export. Excel. takes 3 cr from Regolith Mining License (9 remaining).
[heartbeat] game 4/10 — turn 17, time 166s
[GameContext] === Convention Breaker Turn 18 begins. Credits: 1, Clicks: 4 ===
[GameContext] Convention Breaker draws Jailbreak.
[GameContext] Run modifier set: bonus_access = 1
[GameContext] --- Run on HQ begins ---
[GameContext] [Initiation] Run declared on HQ.
[GameContext] [Approach] Runner approaches Palisade (position 0).
[GameContext] [Encounter] Runner encounters Palisade.
[GameContext] [Encounter] Cleaver breaks 'End the run.' for 1 cr.
[GameContext] [Encounter] Subroutine 0 broken.
[GameContext] [Approach] Runner approaches unrezzed ice (position 1).
[GameContext] [Approach] Corp declines to rez. Runner passes unrezzed ice.
[GameContext] [Approach] Runner approaches Pharos (position 2).
[GameContext] [Encounter] Runner encounters Pharos.
[GameContext] Convention Breaker takes 1 tag(s). (1 total)
[GameContext] Run ended.
[GameContext] [Encounter] Run ended by subroutine.
[GameContext] [End] Run ended unsuccessfully.
[GameContext] Convention Breaker plays Jailbreak.
[GameContext] Convention Breaker gains 1 credit. (1 total)
[GameContext] Convention Breaker gains 1 credit. (2 total)
[GameContext] Extract. Export. Excel. draws Stavka.
[GameContext] === Extract. Export. Excel. Turn 18 begins. Credits: 13, Clicks: 3 ===
[GameContext] Extract. Export. Excel. takes 4 cr from Anthill Excavation Contract (4 remaining).
[GameContext] Extract. Export. Excel. draws 1 card(s).
[GameContext] Placed 15 credits counter(s) on Regolith Mining License.
[GameContext] Extract. Export. Excel. rezzes Regolith Mining License for 2 cr.
[GameContext] [MCTS] slow search: 926 ms (100 iterations, depth 3)
[GameContext] Extract. Export. Excel. installs Maskirovka in Server 4.
[GameContext] [MCTS] slow search: 918 ms (100 iterations, depth 3)
[GameContext] Extract. Export. Excel. draws Spin Doctor.
[GameContext] [MCTS] slow search: 1353 ms (100 iterations, depth 3)
[GameContext] Extract. Export. Excel. draws Government Subsidy.
[GameContext] Extract. Export. Excel. discards Government Subsidy to hand limit.
[GameContext] Extract. Export. Excel. discards Big Deal to hand limit.
[GameContext] === Convention Breaker Turn 19 begins. Credits: 2, Clicks: 4 ===
[GameContext] Convention Breaker gains 1 credit. (3 total)
[GameContext] Convention Breaker gains 1 credit. (4 total)
[GameContext] Convention Breaker gains 1 credit. (5 total)
Player install: card is: Carmen and charged cost is: 5
[GameContext] Convention Breaker installs Carmen. [MU: 3/4 used]
[GameContext] Extract. Export. Excel. draws Send a Message.
[GameContext] === Extract. Export. Excel. Turn 19 begins. Credits: 15, Clicks: 3 ===
[GameContext] Extract. Export. Excel. takes 4 cr from Anthill Excavation Contract (0 remaining).
[GameContext] Extract. Export. Excel. draws 1 card(s).
[GameContext] Anthill Excavation Contract is trashed (empty).
[GameContext] Extract. Export. Excel. installs Artificial Cryptocrash in Server 0.
[heartbeat] game 4/10 — turn 19, time 171s
[GameContext] Extract. Export. Excel. advances Artificial Cryptocrash (1 counters).
[GameContext] Extract. Export. Excel. advances Artificial Cryptocrash (2 counters).
[GameContext] Extract. Export. Excel. discards Big Deal to hand limit.
[GameContext] === Convention Breaker Turn 20 begins. Credits: 0, Clicks: 4 ===
[GameContext] Convention Breaker gains 1 credit. (1 total)
[GameContext] Convention Breaker gains 1 credit. (2 total)
[GameContext] Convention Breaker removes 1 tag (0 remaining). [paid 2cr]
[GameContext] Convention Breaker gains 1 credit. (1 total)
[GameContext] Extract. Export. Excel. draws Maskirovka.
[GameContext] === Extract. Export. Excel. Turn 20 begins. Credits: 17, Clicks: 3 ===
[GameContext] [MCTS] Scoring line detected — executing: Advance artificial_cryptocrash
[GameContext] Extract. Export. Excel. advances Artificial Cryptocrash (3 counters).
[GameContext] [MCTS] Scoring line detected — executing: Advance artificial_cryptocrash
[GameContext] Extract. Export. Excel. advances Artificial Cryptocrash (4 counters).
[GameContext] Extract. Export. Excel. scores Artificial Cryptocrash! (2 agenda points)
[GameContext] Convention Breaker loses 1 credits.
[GameContext] Extract. Export. Excel. installs Send a Message in Server 0.
[GameContext] === Convention Breaker Turn 21 begins. Credits: 0, Clicks: 4 ===
[GameContext] Convention Breaker gains 1 credit. (1 total)
[GameContext] Convention Breaker gains 1 credit. (2 total)
[GameContext] Convention Breaker gains 1 credit. (3 total)
[GameContext] Convention Breaker gains 1 credit. (4 total)
[GameContext] Extract. Export. Excel. draws Hedge Fund.
[GameContext] === Extract. Export. Excel. Turn 21 begins. Credits: 15, Clicks: 3 ===
[GameContext] Extract. Export. Excel. advances Send a Message (1 counters).
[GameContext] Extract. Export. Excel. advances Send a Message (2 counters).
[GameContext] Extract. Export. Excel. advances Send a Message (3 counters).
[GameContext] Extract. Export. Excel. discards Hedge Fund to hand limit.
[GameContext] === Convention Breaker Turn 22 begins. Credits: 4, Clicks: 4 ===
[GameContext] --- Run on Server 0 begins ---
[GameContext] [Initiation] Run declared on Server 0.
[GameContext] [Approach] Runner approaches unrezzed ice (position 0).
[CorpRunAI] AI: Ballista — rez_cost=5  tax/enc=3.0  enc=2.5  LTV=7.5
[GameContext] [Rez] Corp rezzes Ballista for 5 credits.
[GameContext] [Encounter] Runner encounters Ballista.
[GameContext] [Encounter] Carmen boosted  +3 str (now 5). Cost: 1 cr.
[GameContext] [Encounter] Carmen breaks 'Trash 1 installed program.' for 1 cr.
[GameContext] [Encounter] Carmen breaks 'End the run.' for 1 cr.
[GameContext] [Encounter] Subroutine 0 broken.
[GameContext] [Encounter] Subroutine 1 broken.
[GameContext] [Movement] Runner approaches the server root.
[GameContext] [Success] Run successful on Server 0!
[GameContext] [Debug/gain_on_success] run_modifiers at success: { "overclock_credits": 0, "concerto_credits": 0, "bad_pub_credits": 0 }
[GameContext] [Breach] Runner breaches Server 0.
[GameContext] [Access] Runner accesses: Send a Message
[GameContext] [Access] Runner steals Send a Message! (3 agenda points)
[GameContext] Rezzed Ballista for free.
[GameContext] Runner wins by stealing agendas!
[GameContext] [End] Run ended successfully.
[GameContext] Game over — Convention Breaker wins. Convention Breaker stole enough agendas to win
  [  4/ 10]  RUNNER    Convention Breaker stole enough agendas to win  22 turns
[GameContext] Extract. Export. Excel. draws Mutually Assured Destruction.
[GameContext] === Extract. Export. Excel. Turn 1 begins. Credits: 5, Clicks: 3 ===
[GameContext] Extract. Export. Excel. installs Maskirovka in R&D.
[heartbeat] game 5/10 — turn 1, time 176s
[GameContext] Extract. Export. Excel. gains 9 credits.
[GameContext] Extract. Export. Excel. plays Hedge Fund.
[GameContext] Extract. Export. Excel. gains 6 credits.
[GameContext] Extract. Export. Excel. plays Extract.
[GameContext] === Convention Breaker Turn 2 begins. Credits: 5, Clicks: 4 ===
[GameContext] Run modifier set: bonus_access = 1
[GameContext] --- Run on HQ begins ---
[GameContext] [Initiation] Run declared on HQ.
[GameContext] [Initiation] No ice protecting server — proceeding to root.
[GameContext] [Movement] Runner approaches the server root.
[GameContext] [Success] Run successful on HQ!
[GameContext] [Debug/gain_on_success] run_modifiers at success: { "bonus_access": 1, "run_event_active": 1 }
[GameContext] [Breach] Runner breaches HQ.
[GameContext] [Breach] Bonus access: 1 extra card(s).
[GameContext] [Access] Runner accesses: Mutually Assured Destruction
[GameContext] [Access] Runner accesses: Extract
[GameContext] [End] Run ended successfully.
[GameContext] Convention Breaker plays Jailbreak.
[GameContext] --- Run on R&D begins ---
[GameContext] [Initiation] Run declared on R&D.
[GameContext] [Approach] Runner approaches unrezzed ice (position 0).
[CorpRunAI] AI: Maskirovka — rez_cost=3  tax/enc=9.0  enc=3.0  LTV=27.0
[GameContext] [Rez] Corp rezzes Maskirovka for 3 credits.
[GameContext] [Encounter] Runner encounters Maskirovka.
[GameContext] Extract. Export. Excel. gains 2 credits.
[GameContext] Run ended.
[GameContext] [Encounter] Run ended by subroutine.
[GameContext] [End] Run ended unsuccessfully.
[GameContext] --- Run on HQ begins ---
[GameContext] [Initiation] Run declared on HQ.
[GameContext] [Initiation] No ice protecting server — proceeding to root.
[GameContext] [Movement] Runner approaches the server root.
[GameContext] [Success] Run successful on HQ!
[GameContext] [Debug/gain_on_success] run_modifiers at success: {  }
[GameContext] [Breach] Runner breaches HQ.
[GameContext] [Access] Runner accesses: Mutually Assured Destruction
[GameContext] [End] Run ended successfully.
Player install: card is: Unity and charged cost is: 3
[GameContext] Convention Breaker installs Unity. [MU: 1/4 used]
[GameContext] Extract. Export. Excel. draws Stavka.
[GameContext] === Extract. Export. Excel. Turn 2 begins. Credits: 11, Clicks: 3 ===
[GameContext] [MCTS] slow search: 282 ms (100 iterations, depth 3)
[GameContext] Extract. Export. Excel. installs Stavka in HQ.
[GameContext] [MCTS] slow search: 268 ms (100 iterations, depth 3)
[GameContext] Extract. Export. Excel. draws Ballista.
[GameContext] [MCTS] slow search: 304 ms (100 iterations, depth 3)
[GameContext] Extract. Export. Excel. installs Ballista in Server 0.
[GameContext] === Convention Breaker Turn 3 begins. Credits: 2, Clicks: 4 ===
[GameContext] Convention Breaker gains 1 credit. (3 total)
[GameContext] --- Run on HQ begins ---
[GameContext] [Initiation] Run declared on HQ.
[GameContext] [Approach] Runner approaches unrezzed ice (position 0).
[CorpRunAI] AI: Stavka — rez_cost=4  tax/enc=8.0  enc=3.0  LTV=24.0
[GameContext] [Rez] Corp rezzes Stavka for 4 credits.
[GameContext] [Encounter] Runner encounters Stavka.
[GameContext] [Movement] Runner approaches the server root.
[GameContext] [Success] Run successful on HQ!
[GameContext] [Debug/gain_on_success] run_modifiers at success: {  }
[GameContext] [Breach] Runner breaches HQ.
[GameContext] [Access] Runner accesses: Extract
[GameContext] [End] Run ended successfully.
[GameContext] Convention Breaker draws Jailbreak.
[GameContext] Convention Breaker draws Jailbreak.
[GameContext] Extract. Export. Excel. draws Maskirovka.
[GameContext] === Extract. Export. Excel. Turn 3 begins. Credits: 7, Clicks: 3 ===
[GameContext] [MCTS] slow search: 348 ms (100 iterations, depth 3)
[GameContext] Extract. Export. Excel. gains 1 credit. (8 total)
[GameContext] [MCTS] slow search: 323 ms (100 iterations, depth 3)
[GameContext] Extract. Export. Excel. gains 6 credits.
[GameContext] Extract. Export. Excel. plays Extract.
[heartbeat] game 5/10 — turn 3, time 181s
[GameContext] [MCTS] slow search: 319 ms (100 iterations, depth 3)
[GameContext] Extract. Export. Excel. draws Artificial Cryptocrash.
[GameContext] === Convention Breaker Turn 4 begins. Credits: 3, Clicks: 4 ===
[GameContext] Convention Breaker gains 1 credit. (4 total)
[GameContext] Convention Breaker gains 1 credit. (5 total)
[GameContext] Convention Breaker gains 1 credit. (6 total)
[GameContext] Convention Breaker gains 1 credit. (7 total)
[GameContext] Extract. Export. Excel. draws Send a Message.
[GameContext] === Extract. Export. Excel. Turn 4 begins. Credits: 11, Clicks: 3 ===
[GameContext] [MCTS] slow search: 679 ms (100 iterations, depth 3)
[GameContext] Extract. Export. Excel. installs Artificial Cryptocrash in Server 0.
[GameContext] [MCTS] slow search: 677 ms (100 iterations, depth 3)
[GameContext] Extract. Export. Excel. advances Artificial Cryptocrash (1 counters).
[GameContext] [MCTS] slow search: 668 ms (100 iterations, depth 3)
[GameContext] Extract. Export. Excel. advances Artificial Cryptocrash (2 counters).
[GameContext] === Convention Breaker Turn 5 begins. Credits: 7, Clicks: 4 ===
[GameContext] --- Run on Server 0 begins ---
[GameContext] [Initiation] Run declared on Server 0.
[GameContext] [Approach] Runner approaches unrezzed ice (position 0).
[CorpRunAI] AI: Ballista — rez_cost=5  tax/enc=10.0  enc=2.5  LTV=25.0
[GameContext] [Rez] Corp rezzes Ballista for 5 credits.
[GameContext] [Encounter] Runner encounters Ballista.
[GameContext] Extract. Export. Excel. trashes Convention Breaker's Unity.
[GameContext] Run ended.
[GameContext] [Encounter] Run ended by subroutine.
[GameContext] [End] Run ended unsuccessfully.
[GameContext] Convention Breaker draws Sure Gamble.
[GameContext] Convention Breaker gains 9 credits.
[GameContext] Convention Breaker plays Sure Gamble.
[GameContext] Convention Breaker draws Carmen.
[GameContext] Convention Breaker discards Smartware Distributor to hand limit. (5 cards remaining)
[GameContext] Extract. Export. Excel. draws Hedge Fund.
[GameContext] === Extract. Export. Excel. Turn 5 begins. Credits: 4, Clicks: 3 ===
[GameContext] [MCTS] Scoring line detected — executing: Advance artificial_cryptocrash
[GameContext] Extract. Export. Excel. advances Artificial Cryptocrash (3 counters).
[GameContext] [MCTS] Scoring line detected — executing: Advance artificial_cryptocrash
[GameContext] Extract. Export. Excel. advances Artificial Cryptocrash (4 counters).
[GameContext] Extract. Export. Excel. scores Artificial Cryptocrash! (2 agenda points)
[GameContext] Convention Breaker loses 7 credits.
[heartbeat] game 5/10 — turn 5, time 186s
[GameContext] [MCTS] slow search: 478 ms (100 iterations, depth 3)
[GameContext] Extract. Export. Excel. installs Send a Message in Server 0.
[GameContext] === Convention Breaker Turn 6 begins. Credits: 4, Clicks: 4 ===
[GameContext] Convention Breaker gains 1 credit. (5 total)
Player install: card is: Carmen and charged cost is: 5
[GameContext] Convention Breaker installs Carmen. [MU: 1/4 used]
[GameContext] Run modifier set: bonus_access = 1
[GameContext] --- Run on HQ begins ---
[GameContext] [Initiation] Run declared on HQ.
[GameContext] [Approach] Runner approaches Stavka (position 0).
[GameContext] [Encounter] Runner encounters Stavka.
[GameContext] [Movement] Runner approaches the server root.
[GameContext] [Success] Run successful on HQ!
[GameContext] [Debug/gain_on_success] run_modifiers at success: { "bonus_access": 1, "run_event_active": 1 }
[GameContext] [Breach] Runner breaches HQ.
[GameContext] [Breach] Bonus access: 1 extra card(s).
[GameContext] [Access] Runner accesses: Hedge Fund
[GameContext] [Access] Runner accesses: Mutually Assured Destruction
[GameContext] [End] Run ended successfully.
[GameContext] Convention Breaker plays Jailbreak.
[GameContext] Run modifier set: bonus_access = 1
[GameContext] --- Run on HQ begins ---
[GameContext] [Initiation] Run declared on HQ.
[GameContext] [Approach] Runner approaches Stavka (position 0).
[GameContext] [Encounter] Runner encounters Stavka.
[GameContext] [Movement] Runner approaches the server root.
[GameContext] [Success] Run successful on HQ!
[GameContext] [Debug/gain_on_success] run_modifiers at success: { "bonus_access": 1, "run_event_active": 1 }
[GameContext] [Breach] Runner breaches HQ.
[GameContext] [Breach] Bonus access: 1 extra card(s).
[GameContext] [Access] Runner accesses: Maskirovka
[GameContext] [Access] Runner accesses: Mutually Assured Destruction
[GameContext] [End] Run ended successfully.
[GameContext] Convention Breaker plays Jailbreak.
[GameContext] Extract. Export. Excel. draws Hedge Fund.
[GameContext] === Extract. Export. Excel. Turn 6 begins. Credits: 2, Clicks: 3 ===
[GameContext] [MCTS] slow search: 409 ms (100 iterations, depth 3)
[GameContext] Extract. Export. Excel. pays 1 credit(s) to install ice.
[GameContext] Extract. Export. Excel. installs Maskirovka in Server 0.
[GameContext] [MCTS] slow search: 415 ms (100 iterations, depth 3)
[GameContext] Extract. Export. Excel. advances Send a Message (1 counters).
[GameContext] [MCTS] slow search: 442 ms (100 iterations, depth 3)
[GameContext] Extract. Export. Excel. gains 1 credit. (1 total)
[GameContext] === Convention Breaker Turn 7 begins. Credits: 0, Clicks: 4 ===
[GameContext] Convention Breaker gains 1 credit. (1 total)
[GameContext] Convention Breaker gains 5 credits.
[GameContext] Convention Breaker will lose 1 click(s) next turn.
[GameContext] Convention Breaker plays Creative Commission.
[GameContext] --- Run on Server 0 begins ---
[GameContext] [Initiation] Run declared on Server 0.
[GameContext] [Approach] Runner approaches unrezzed ice (position 0).
[GameContext] [Approach] Corp declines to rez. Runner passes unrezzed ice.
[GameContext] [Approach] Runner approaches Ballista (position 1).
[GameContext] [Encounter] Runner encounters Ballista.
[GameContext] [Encounter] Carmen boosted  +3 str (now 5). Cost: 1 cr.
[GameContext] [Encounter] Carmen breaks 'Trash 1 installed program.' for 1 cr.
[GameContext] [Encounter] Carmen breaks 'End the run.' for 1 cr.
[GameContext] [Encounter] Subroutine 0 broken.
[GameContext] [Encounter] Subroutine 1 broken.
[GameContext] [Movement] Runner approaches the server root.
[GameContext] [Success] Run successful on Server 0!
[GameContext] [Debug/gain_on_success] run_modifiers at success: { "overclock_credits": 0, "concerto_credits": 0, "bad_pub_credits": 0 }
[GameContext] [Breach] Runner breaches Server 0.
[GameContext] [Access] Runner accesses: Send a Message
[GameContext] [Access] Runner steals Send a Message! (3 agenda points)
[GameContext] Rezzed Maskirovka for free.
[GameContext] [End] Run ended successfully.
[GameContext] --- Run on HQ begins ---
[GameContext] [Initiation] Run declared on HQ.
[GameContext] [Approach] Runner approaches Stavka (position 0).
[GameContext] [Encounter] Runner encounters Stavka.
[GameContext] [Encounter] Carmen breaks 'Trash 1 installed program.' for 1 cr.
[GameContext] [Encounter] Carmen breaks 'Trash 1 installed program.' for 1 cr.
[GameContext] [Encounter] Subroutine 0 broken.
[GameContext] [Encounter] Subroutine 1 broken.
[GameContext] [Movement] Runner approaches the server root.
[GameContext] [Success] Run successful on HQ!
[GameContext] [Debug/gain_on_success] run_modifiers at success: { "overclock_credits": 0, "concerto_credits": 0, "bad_pub_credits": 0 }
[GameContext] [Breach] Runner breaches HQ.
[GameContext] [Access] Runner accesses: Hedge Fund
[GameContext] [End] Run ended successfully.
[GameContext] Extract. Export. Excel. draws Pharos.
[GameContext] === Extract. Export. Excel. Turn 7 begins. Credits: 1, Clicks: 3 ===
[GameContext] [MCTS] slow search: 317 ms (100 iterations, depth 3)
[GameContext] Extract. Export. Excel. pays 1 credit(s) to install ice.
[GameContext] Extract. Export. Excel. installs Pharos in HQ.
[GameContext] [MCTS] slow search: 324 ms (100 iterations, depth 3)
[GameContext] Extract. Export. Excel. gains 1 credit. (1 total)
[heartbeat] game 5/10 — turn 7, time 191s
[GameContext] [MCTS] slow search: 320 ms (100 iterations, depth 3)
[GameContext] Extract. Export. Excel. gains 1 credit. (2 total)
[GameContext] Convention Breaker loses 1 click(s) this turn (deferred penalty).
[GameContext] === Convention Breaker Turn 8 begins. Credits: 0, Clicks: 3 ===
[GameContext] Convention Breaker draws Overclock.
[GameContext] Convention Breaker gains 1 credit. (1 total)
[GameContext] Run modifier set: overclock_credits = 5
[GameContext] --- Run on HQ begins ---
[GameContext] [Initiation] Run declared on HQ.
[GameContext] [Approach] Runner approaches unrezzed ice (position 0).
[GameContext] [Approach] Corp declines to rez. Runner passes unrezzed ice.
[GameContext] [Approach] Runner approaches Stavka (position 1).
[GameContext] [Encounter] Runner encounters Stavka.
[GameContext] [Encounter] Carmen breaks 'Trash 1 installed program.' for 1 cr.
[GameContext] [Encounter] Carmen breaks 'Trash 1 installed program.' for 1 cr.
[GameContext] [Encounter] Subroutine 0 broken.
[GameContext] [Encounter] Subroutine 1 broken.
[GameContext] [Movement] Runner approaches the server root.
[GameContext] [Success] Run successful on HQ!
[GameContext] [Debug/gain_on_success] run_modifiers at success: { "overclock_credits": 3, "run_event_active": 1, "concerto_credits": 0, "bad_pub_credits": 0 }
[GameContext] [Breach] Runner breaches HQ.
[GameContext] [Access] Runner accesses: Mutually Assured Destruction
[GameContext] [End] Run ended successfully.
[GameContext] Overclock: 3 unspent credit(s) returned to the bank.
[GameContext] Convention Breaker plays Overclock.
[GameContext] Extract. Export. Excel. draws Maskirovka.
[GameContext] === Extract. Export. Excel. Turn 8 begins. Credits: 2, Clicks: 3 ===
[GameContext] [MCTS] slow search: 353 ms (100 iterations, depth 3)
[GameContext] Extract. Export. Excel. installs Maskirovka in Server 1.
[GameContext] [MCTS] slow search: 348 ms (100 iterations, depth 3)
[GameContext] Extract. Export. Excel. gains 1 credit. (3 total)
[GameContext] [MCTS] slow search: 354 ms (100 iterations, depth 3)
[GameContext] Extract. Export. Excel. gains 1 credit. (4 total)
[GameContext] === Convention Breaker Turn 9 begins. Credits: 0, Clicks: 4 ===
[GameContext] Convention Breaker draws Creative Commission.
[GameContext] Convention Breaker gains 1 credit. (1 total)
[GameContext] Convention Breaker gains 5 credits.
[GameContext] Convention Breaker will lose 1 click(s) next turn.
[GameContext] Convention Breaker plays Creative Commission.
[GameContext] --- Run on HQ begins ---
[GameContext] [Initiation] Run declared on HQ.
[GameContext] [Approach] Runner approaches unrezzed ice (position 0).
[GameContext] [Approach] Corp declines to rez. Runner passes unrezzed ice.
[GameContext] [Approach] Runner approaches Stavka (position 1).
[GameContext] [Encounter] Runner encounters Stavka.
[GameContext] [Encounter] Carmen breaks 'Trash 1 installed program.' for 1 cr.
[GameContext] [Encounter] Carmen breaks 'Trash 1 installed program.' for 1 cr.
[GameContext] [Encounter] Subroutine 0 broken.
[GameContext] [Encounter] Subroutine 1 broken.
[GameContext] [Movement] Runner approaches the server root.
[GameContext] [Success] Run successful on HQ!
[GameContext] [Debug/gain_on_success] run_modifiers at success: { "overclock_credits": 0, "concerto_credits": 0, "bad_pub_credits": 0 }
[GameContext] [Breach] Runner breaches HQ.
[GameContext] [Access] Runner accesses: Mutually Assured Destruction
[GameContext] [End] Run ended successfully.
[GameContext] Extract. Export. Excel. draws Anthill Excavation Contract.
[GameContext] === Extract. Export. Excel. Turn 9 begins. Credits: 4, Clicks: 3 ===
[GameContext] [MCTS] slow search: 356 ms (100 iterations, depth 3)
[GameContext] Extract. Export. Excel. gains 1 credit. (5 total)
[GameContext] [MCTS] slow search: 377 ms (100 iterations, depth 3)
[GameContext] Extract. Export. Excel. gains 9 credits.
[GameContext] Extract. Export. Excel. plays Hedge Fund.
[heartbeat] game 5/10 — turn 9, time 196s
[GameContext] [MCTS] slow search: 399 ms (100 iterations, depth 3)
[GameContext] Extract. Export. Excel. gains 1 credit. (10 total)
[GameContext] Convention Breaker loses 1 click(s) this turn (deferred penalty).
[GameContext] === Convention Breaker Turn 10 begins. Credits: 3, Clicks: 3 ===
[GameContext] Convention Breaker gains 1 credit. (4 total)
[GameContext] Convention Breaker gains 1 credit. (5 total)
[GameContext] --- Run on HQ begins ---
[GameContext] [Initiation] Run declared on HQ.
[GameContext] [Approach] Runner approaches unrezzed ice (position 0).
[CorpRunAI] AI: Pharos — rez_cost=7  tax/enc=13.0  enc=3.0  LTV=39.0
[GameContext] [Rez] Corp rezzes Pharos for 7 credits.
[GameContext] [Encounter] Runner encounters Pharos.
[GameContext] Convention Breaker takes 1 tag(s). (1 total)
[GameContext] Run ended.
[GameContext] [Encounter] Run ended by subroutine.
[GameContext] [End] Run ended unsuccessfully.
[GameContext] Extract. Export. Excel. draws Pharos.
[GameContext] === Extract. Export. Excel. Turn 10 begins. Credits: 3, Clicks: 3 ===
[GameContext] [MCTS] slow search: 430 ms (100 iterations, depth 3)
[GameContext] Extract. Export. Excel. pays 1 credit(s) to install ice.
[GameContext] Extract. Export. Excel. installs Pharos in R&D.
[GameContext] [MCTS] slow search: 356 ms (100 iterations, depth 3)
[GameContext] Extract. Export. Excel. gains 1 credit. (3 total)
[GameContext] [MCTS] slow search: 361 ms (100 iterations, depth 3)
[GameContext] Extract. Export. Excel. gains 1 credit. (4 total)
[GameContext] === Convention Breaker Turn 11 begins. Credits: 5, Clicks: 4 ===
[GameContext] Convention Breaker removes 1 tag (0 remaining). [paid 2cr]
[GameContext] Convention Breaker draws Sure Gamble.
[GameContext] Convention Breaker draws Sure Gamble.
[GameContext] Convention Breaker draws Overclock.
[GameContext] Extract. Export. Excel. draws Spin Doctor.
[GameContext] === Extract. Export. Excel. Turn 11 begins. Credits: 4, Clicks: 3 ===
[GameContext] [MCTS] slow search: 389 ms (100 iterations, depth 3)
[GameContext] Extract. Export. Excel. gains 1 credit. (5 total)
[GameContext] [MCTS] slow search: 411 ms (100 iterations, depth 3)
[GameContext] Extract. Export. Excel. gains 9 credits.
[GameContext] Extract. Export. Excel. plays Hedge Fund.
[heartbeat] game 5/10 — turn 11, time 201s
[GameContext] [MCTS] slow search: 377 ms (100 iterations, depth 3)
[GameContext] Extract. Export. Excel. gains 1 credit. (10 total)
[GameContext] === Convention Breaker Turn 12 begins. Credits: 3, Clicks: 4 ===
[GameContext] Run modifier set: overclock_credits = 5
[GameContext] --- Run on HQ begins ---
[GameContext] [Initiation] Run declared on HQ.
[GameContext] [Approach] Runner approaches Pharos (position 0).
[GameContext] [Encounter] Runner encounters Pharos.
[GameContext] Convention Breaker takes 1 tag(s). (1 total)
[GameContext] Run ended.
[GameContext] [Encounter] Run ended by subroutine.
[GameContext] [End] Run ended unsuccessfully.
[GameContext] Overclock: 5 unspent credit(s) returned to the bank.
[GameContext] Convention Breaker plays Overclock.
[GameContext] Convention Breaker removes 1 tag (0 remaining). [paid 2cr]
[GameContext] Convention Breaker draws Docklands Pass.
[GameContext] Convention Breaker draws Unity.
[GameContext] Extract. Export. Excel. draws Vladisibirsk City Grid.
[GameContext] === Extract. Export. Excel. Turn 12 begins. Credits: 10, Clicks: 3 ===
[GameContext] [MCTS] slow search: 495 ms (100 iterations, depth 3)
[GameContext] Extract. Export. Excel. installs Vladisibirsk City Grid in R&D.
[GameContext] [MCTS] slow search: 372 ms (100 iterations, depth 3)
[GameContext] Extract. Export. Excel. gains 1 credit. (11 total)
[GameContext] [MCTS] slow search: 383 ms (100 iterations, depth 3)
[GameContext] Extract. Export. Excel. gains 1 credit. (12 total)
[GameContext] === Convention Breaker Turn 13 begins. Credits: 0, Clicks: 4 ===
[GameContext] Convention Breaker gains 1 credit. (1 total)
[GameContext] Convention Breaker gains 1 credit. (2 total)
[GameContext] Convention Breaker gains 1 credit. (3 total)
Player install: card is: Unity and charged cost is: 3
[GameContext] Convention Breaker installs Unity. [MU: 2/4 used]
[GameContext] Extract. Export. Excel. draws Ballista.
[GameContext] === Extract. Export. Excel. Turn 13 begins. Credits: 12, Clicks: 3 ===
[GameContext] Extract. Export. Excel. rezzes Vladisibirsk City Grid for 3 cr.
[GameContext] [MCTS] slow search: 455 ms (100 iterations, depth 3)
[GameContext] Extract. Export. Excel. gains 1 credit. (10 total)
[GameContext] [MCTS] slow search: 445 ms (100 iterations, depth 3)
[GameContext] Extract. Export. Excel. pays 2 credit(s) to install ice.
[GameContext] Extract. Export. Excel. installs Ballista in R&D.
[heartbeat] game 5/10 — turn 13, time 206s
[GameContext] [MCTS] slow search: 383 ms (100 iterations, depth 3)
[GameContext] Extract. Export. Excel. gains 1 credit. (9 total)
[GameContext] === Convention Breaker Turn 14 begins. Credits: 0, Clicks: 4 ===
[GameContext] Convention Breaker draws Pennyshaver.
[GameContext] Convention Breaker gains 1 credit. (1 total)
[GameContext] Convention Breaker gains 1 credit. (2 total)
[GameContext] Convention Breaker gains 1 credit. (3 total)
[GameContext] Extract. Export. Excel. draws Anthill Excavation Contract.
[GameContext] === Extract. Export. Excel. Turn 14 begins. Credits: 9, Clicks: 3 ===
[GameContext] [MCTS] slow search: 480 ms (100 iterations, depth 3)
[GameContext] Extract. Export. Excel. gains 1 credit. (10 total)
[GameContext] [MCTS] slow search: 490 ms (100 iterations, depth 3)
[GameContext] Extract. Export. Excel. installs Spin Doctor in Server 1.
[GameContext] [MCTS] slow search: 383 ms (100 iterations, depth 3)
[GameContext] Extract. Export. Excel. gains 1 credit. (11 total)
[GameContext] === Convention Breaker Turn 15 begins. Credits: 3, Clicks: 4 ===
[GameContext] Convention Breaker gains 1 credit. (4 total)
[GameContext] Convention Breaker gains 1 credit. (5 total)
[GameContext] Convention Breaker gains 9 credits.
[GameContext] Convention Breaker plays Sure Gamble.
[GameContext] Convention Breaker gains 9 credits.
[GameContext] Convention Breaker plays Sure Gamble.
[GameContext] Extract. Export. Excel. draws Stavka.
[GameContext] === Extract. Export. Excel. Turn 15 begins. Credits: 11, Clicks: 3 ===
[GameContext] Extract. Export. Excel. draws 2 card(s).
[GameContext] Extract. Export. Excel. rezzes Spin Doctor for 0 cr.
[GameContext] [MCTS] slow search: 666 ms (100 iterations, depth 3)
[GameContext] Extract. Export. Excel. spends 2 additional click(s) to play Mutually Assured Destruction.
[GameContext] Extract. Export. Excel. plays Mutually Assured Destruction.
[GameContext] Extract. Export. Excel. discards Mutually Assured Destruction to hand limit.
[GameContext] === Convention Breaker Turn 16 begins. Credits: 13, Clicks: 4 ===
[GameContext] Convention Breaker draws VRcation.
[GameContext] Convention Breaker draws Telework Contract.
[GameContext] Convention Breaker draws 4 card(s).
[GameContext] Convention Breaker will lose 1 click(s) next turn.
[GameContext] Convention Breaker plays VRcation.
Player install: card is: Mayfly and charged cost is: 1
[GameContext] Convention Breaker installs Mayfly. [MU: 4/4 used]
[GameContext] Convention Breaker discards Smartware Distributor to hand limit. (5 cards remaining)
[GameContext] Convention Breaker discards Telework Contract to hand limit. (5 cards remaining)
[GameContext] Extract. Export. Excel. draws Send a Message.
[GameContext] === Extract. Export. Excel. Turn 16 begins. Credits: 7, Clicks: 3 ===
[GameContext] Extract. Export. Excel. installs Send a Message in Server 0.
[heartbeat] game 5/10 — turn 16, time 211s
[GameContext] Extract. Export. Excel. advances Send a Message (1 counters).
[GameContext] Extract. Export. Excel. advances Send a Message (2 counters).
[GameContext] Convention Breaker loses 1 click(s) this turn (deferred penalty).
[GameContext] === Convention Breaker Turn 17 begins. Credits: 11, Clicks: 3 ===
[GameContext] --- Run on Server 0 begins ---
[GameContext] [Initiation] Run declared on Server 0.
[GameContext] [Approach] Runner approaches Maskirovka (position 0).
[GameContext] [Encounter] Runner encounters Maskirovka.
[GameContext] [Encounter] Mayfly boosted ×2 +2 str (now 3). Cost: 2 cr.
[GameContext] [Encounter] Mayfly breaks 'Gain 2[credit].' for 1 cr.
[GameContext] [Encounter] Mayfly breaks 'End the run.' for 1 cr.
[GameContext] [Encounter] Subroutine 0 broken.
[GameContext] [Encounter] Subroutine 1 broken.
[GameContext] [Approach] Runner approaches Ballista (position 1).
[GameContext] [Encounter] Runner encounters Ballista.
[GameContext] [Encounter] Carmen boosted  +3 str (now 5). Cost: 1 cr.
[GameContext] [Encounter] Carmen breaks 'Trash 1 installed program.' for 1 cr.
[GameContext] [Encounter] Carmen breaks 'End the run.' for 1 cr.
[GameContext] [Encounter] Subroutine 0 broken.
[GameContext] [Encounter] Subroutine 1 broken.
[GameContext] [Movement] Runner approaches the server root.
[GameContext] [Success] Run successful on Server 0!
[GameContext] [Debug/gain_on_success] run_modifiers at success: { "overclock_credits": 0, "concerto_credits": 0, "bad_pub_credits": 0 }
[GameContext] [Breach] Runner breaches Server 0.
[GameContext] [Access] Runner accesses: Send a Message
[GameContext] [Access] Runner steals Send a Message! (3 agenda points)
[GameContext] Rezzed Ballista for free.
[GameContext] [End] Run ended successfully.
[GameContext] Mayfly is trashed (end of run).
Player install: card is: Cleaver and charged cost is: 3
[GameContext] Convention Breaker installs Cleaver. [MU: 3/4 used]
[GameContext] Run modifier set: extra_rez_cost = 3
[GameContext] --- Run on HQ begins ---
[GameContext] [Initiation] Run declared on HQ.
[GameContext] [Approach] Runner approaches Pharos (position 0).
[GameContext] [Encounter] Runner encounters Pharos.
[GameContext] Convention Breaker takes 1 tag(s). (1 total)
[GameContext] Run ended.
[GameContext] [Encounter] Run ended by subroutine.
[GameContext] [End] Run ended unsuccessfully.
[GameContext] Convention Breaker plays Tread Lightly.
[GameContext] Extract. Export. Excel. draws Extract.
[GameContext] === Extract. Export. Excel. Turn 17 begins. Credits: 5, Clicks: 3 ===
[GameContext] Extract. Export. Excel. pays 2 credit(s) to install ice.
[GameContext] Extract. Export. Excel. installs Stavka in HQ.
[GameContext] Extract. Export. Excel. gains 6 credits.
[GameContext] Extract. Export. Excel. plays Extract.
[GameContext] Spin Doctor: shuffled 2 card(s) from Archives into R&D.
[GameContext] Spin Doctor is trashed.
[GameContext] === Convention Breaker Turn 18 begins. Credits: 0, Clicks: 4 ===
[GameContext] Convention Breaker gains 1 credit. (1 total)
[GameContext] Run modifier set: extra_rez_cost = 3
[GameContext] --- Run on HQ begins ---
[GameContext] [Initiation] Run declared on HQ.
[GameContext] [Approach] Runner approaches unrezzed ice (position 0).
[GameContext] [Approach] Corp declines to rez. Runner passes unrezzed ice.
[GameContext] [Approach] Runner approaches Pharos (position 1).
[GameContext] [Encounter] Runner encounters Pharos.
[GameContext] Convention Breaker takes 1 tag(s). (2 total)
[GameContext] Run ended.
[GameContext] [Encounter] Run ended by subroutine.
[GameContext] [End] Run ended unsuccessfully.
[GameContext] Convention Breaker plays Tread Lightly.
[GameContext] Convention Breaker draws Mayfly.
[GameContext] Convention Breaker draws Verbal Plasticity.
[GameContext] Extract. Export. Excel. draws Big Deal.
[GameContext] === Extract. Export. Excel. Turn 18 begins. Credits: 6, Clicks: 3 ===
[GameContext] Extract. Export. Excel. gains 1 credit. (7 total)
[GameContext] Extract. Export. Excel. installs Anthill Excavation Contract in Server 2.
[GameContext] Extract. Export. Excel. gains 1 credit. (8 total)
[heartbeat] game 5/10 — turn 18, time 216s
[GameContext] === Convention Breaker Turn 19 begins. Credits: 0, Clicks: 4 ===
[GameContext] Convention Breaker gains 1 credit. (1 total)
[GameContext] Convention Breaker gains 1 credit. (2 total)
[GameContext] Convention Breaker removes 1 tag (1 remaining). [paid 2cr]
[GameContext] Convention Breaker draws Cleaver.
[GameContext] Extract. Export. Excel. draws Vladisibirsk City Grid.
[GameContext] === Extract. Export. Excel. Turn 19 begins. Credits: 8, Clicks: 3 ===
[GameContext] Placed 8 credits counter(s) on Anthill Excavation Contract.
[GameContext] Extract. Export. Excel. rezzes Anthill Excavation Contract for 3 cr.
[GameContext] Extract. Export. Excel. gains 1 credit. (6 total)
[GameContext] Extract. Export. Excel. installs Vladisibirsk City Grid in HQ.
[GameContext] Extract. Export. Excel. gains 1 credit. (7 total)
[GameContext] === Convention Breaker Turn 20 begins. Credits: 0, Clicks: 4 ===
[GameContext] Convention Breaker gains 1 credit. (1 total)
[GameContext] Convention Breaker gains 1 credit. (2 total)
[GameContext] Convention Breaker removes 1 tag (0 remaining). [paid 2cr]
[GameContext] Convention Breaker draws Telework Contract.
[GameContext] Convention Breaker discards Telework Contract to hand limit. (5 cards remaining)
[GameContext] Extract. Export. Excel. draws Artificial Cryptocrash.
[GameContext] === Extract. Export. Excel. Turn 20 begins. Credits: 7, Clicks: 3 ===
[GameContext] Extract. Export. Excel. takes 4 cr from Anthill Excavation Contract (4 remaining).
[GameContext] Extract. Export. Excel. draws 1 card(s).
[GameContext] Extract. Export. Excel. rezzes Vladisibirsk City Grid for 3 cr.
[GameContext] Extract. Export. Excel. installs Artificial Cryptocrash in Server 0.
[GameContext] Extract. Export. Excel. advances Artificial Cryptocrash (1 counters).
[GameContext] Extract. Export. Excel. advances Artificial Cryptocrash (2 counters).
[GameContext] === Convention Breaker Turn 21 begins. Credits: 0, Clicks: 4 ===
[GameContext] Convention Breaker draws Red Team.
[GameContext] Convention Breaker draws VRcation.
[GameContext] Convention Breaker draws Carmen.
[GameContext] Convention Breaker gains 1 credit. (1 total)
[GameContext] Convention Breaker discards Verbal Plasticity to hand limit. (5 cards remaining)
[GameContext] Convention Breaker discards Red Team to hand limit. (5 cards remaining)
[GameContext] Convention Breaker discards VRcation to hand limit. (5 cards remaining)
[GameContext] Extract. Export. Excel. draws Hedge Fund.
[GameContext] === Extract. Export. Excel. Turn 21 begins. Credits: 6, Clicks: 3 ===
[GameContext] Extract. Export. Excel. takes 4 cr from Anthill Excavation Contract (0 remaining).
[GameContext] Extract. Export. Excel. draws 1 card(s).
[GameContext] Anthill Excavation Contract is trashed (empty).
[GameContext] [MCTS] Scoring line detected — executing: Advance artificial_cryptocrash
[GameContext] Extract. Export. Excel. advances Artificial Cryptocrash (3 counters).
[GameContext] [MCTS] Scoring line detected — executing: Advance artificial_cryptocrash
[GameContext] Extract. Export. Excel. advances Artificial Cryptocrash (4 counters).
[GameContext] Extract. Export. Excel. scores Artificial Cryptocrash! (2 agenda points)
[GameContext] Convention Breaker loses 1 credits.
[GameContext] Extract. Export. Excel. installs Artificial Cryptocrash in Server 0.
[heartbeat] game 5/10 — turn 21, time 221s
[GameContext] Extract. Export. Excel. discards Hedge Fund to hand limit.
[GameContext] === Convention Breaker Turn 22 begins. Credits: 0, Clicks: 4 ===
[GameContext] Convention Breaker gains 1 credit. (1 total)
[GameContext] Convention Breaker gains 1 credit. (2 total)
[GameContext] Convention Breaker gains 1 credit. (3 total)
[GameContext] Convention Breaker gains 1 credit. (4 total)
[GameContext] Extract. Export. Excel. draws Spin Doctor.
[GameContext] === Extract. Export. Excel. Turn 22 begins. Credits: 8, Clicks: 3 ===
[GameContext] Extract. Export. Excel. advances Artificial Cryptocrash (1 counters).
[GameContext] Extract. Export. Excel. advances Artificial Cryptocrash (2 counters).
[GameContext] Extract. Export. Excel. advances Artificial Cryptocrash (3 counters).
[GameContext] Extract. Export. Excel. discards Big Deal to hand limit.
[GameContext] === Convention Breaker Turn 23 begins. Credits: 4, Clicks: 4 ===
[GameContext] Convention Breaker gains 1 credit. (5 total)
[GameContext] --- Run on Server 0 begins ---
[GameContext] [Initiation] Run declared on Server 0.
[GameContext] [Approach] Runner approaches Maskirovka (position 0).
[GameContext] [Encounter] Runner encounters Maskirovka.
[GameContext] [Encounter] Cleaver breaks 'Gain 2[credit].' for 1 cr.
[GameContext] [Encounter] Cleaver breaks 'End the run.' for 1 cr.
[GameContext] [Encounter] Subroutine 0 broken.
[GameContext] [Encounter] Subroutine 1 broken.
[GameContext] [Approach] Runner approaches Ballista (position 1).
[GameContext] [Encounter] Runner encounters Ballista.
[GameContext] [Encounter] Carmen boosted  +3 str (now 5). Cost: 1 cr.
[GameContext] [Encounter] Carmen breaks 'Trash 1 installed program.' for 1 cr.
[GameContext] [Encounter] Carmen breaks 'End the run.' for 1 cr.
[GameContext] [Encounter] Subroutine 0 broken.
[GameContext] [Encounter] Subroutine 1 broken.
[GameContext] [Movement] Runner approaches the server root.
[GameContext] [Success] Run successful on Server 0!
[GameContext] [Debug/gain_on_success] run_modifiers at success: { "overclock_credits": 0, "concerto_credits": 0, "bad_pub_credits": 0 }
[GameContext] [Breach] Runner breaches Server 0.
[GameContext] [Access] Runner accesses: Artificial Cryptocrash
[GameContext] [Access] Runner steals Artificial Cryptocrash! (2 agenda points)
[GameContext] Runner wins by stealing agendas!
[GameContext] [End] Run ended successfully.
[GameContext] Game over — Convention Breaker wins. Convention Breaker stole enough agendas to win
  [  5/ 10]  RUNNER    Convention Breaker stole enough agendas to win  23 turns
[GameContext] Extract. Export. Excel. draws Anthill Excavation Contract.
[GameContext] === Extract. Export. Excel. Turn 1 begins. Credits: 5, Clicks: 3 ===
[GameContext] [MCTS] slow search: 450 ms (100 iterations, depth 3)
[GameContext] Extract. Export. Excel. installs Stavka in HQ.
[GameContext] [MCTS] slow search: 392 ms (100 iterations, depth 3)
[GameContext] Extract. Export. Excel. installs Maskirovka in R&D.
[GameContext] [MCTS] slow search: 367 ms (100 iterations, depth 3)
[GameContext] Extract. Export. Excel. gains 1 credit. (6 total)
[GameContext] === Convention Breaker Turn 2 begins. Credits: 5, Clicks: 4 ===
[GameContext] Convention Breaker gains 9 credits.
[GameContext] Convention Breaker plays Sure Gamble.
Player install: card is: Unity and charged cost is: 3
[GameContext] Convention Breaker installs Unity. [MU: 1/4 used]
[GameContext] --- Run on R&D begins ---
[GameContext] [Initiation] Run declared on R&D.
[GameContext] [Approach] Runner approaches unrezzed ice (position 0).
[CorpRunAI] AI: Maskirovka — rez_cost=3  tax/enc=9.0  enc=3.0  LTV=27.0
[GameContext] [Rez] Corp rezzes Maskirovka for 3 credits.
[GameContext] [Encounter] Runner encounters Maskirovka.
[GameContext] Extract. Export. Excel. gains 2 credits.
[GameContext] Run ended.
[GameContext] [Encounter] Run ended by subroutine.
[GameContext] [End] Run ended unsuccessfully.
[GameContext] --- Run on HQ begins ---
[GameContext] [Initiation] Run declared on HQ.
[GameContext] [Approach] Runner approaches unrezzed ice (position 0).
[CorpRunAI] AI: rezzing Stavka would breach credit floor — holding.
[GameContext] [Approach] Corp declines to rez. Runner passes unrezzed ice.
[GameContext] [Movement] Runner approaches the server root.
[GameContext] [Success] Run successful on HQ!
[GameContext] [Debug/gain_on_success] run_modifiers at success: {  }
[GameContext] [Breach] Runner breaches HQ.
[GameContext] [Access] Runner accesses: Big Deal
[GameContext] [End] Run ended successfully.
[GameContext] Extract. Export. Excel. draws Maskirovka.
[GameContext] === Extract. Export. Excel. Turn 2 begins. Credits: 5, Clicks: 3 ===
[GameContext] [MCTS] slow search: 402 ms (100 iterations, depth 3)
[GameContext] Extract. Export. Excel. installs Maskirovka in Server 0.
[heartbeat] game 6/10 — turn 2, time 226s
[GameContext] [MCTS] slow search: 360 ms (100 iterations, depth 3)
[GameContext] Extract. Export. Excel. gains 1 credit. (6 total)
[GameContext] [MCTS] slow search: 376 ms (100 iterations, depth 3)
[GameContext] Extract. Export. Excel. gains 1 credit. (7 total)
[GameContext] === Convention Breaker Turn 3 begins. Credits: 6, Clicks: 4 ===
[GameContext] --- Run on HQ begins ---
[GameContext] [Initiation] Run declared on HQ.
[GameContext] [Approach] Runner approaches unrezzed ice (position 0).
[CorpRunAI] AI: Stavka — rez_cost=4  tax/enc=8.0  enc=3.0  LTV=24.0
[GameContext] [Rez] Corp rezzes Stavka for 4 credits.
[GameContext] [Encounter] Runner encounters Stavka.
[GameContext] [Movement] Runner approaches the server root.
[GameContext] [Success] Run successful on HQ!
[GameContext] [Debug/gain_on_success] run_modifiers at success: {  }
[GameContext] [Breach] Runner breaches HQ.
[GameContext] [Access] Runner accesses: Big Deal
[GameContext] [End] Run ended successfully.
[GameContext] Convention Breaker draws Unity.
[GameContext] Convention Breaker draws Telework Contract.
[GameContext] Convention Breaker draws Overclock.
[GameContext] Convention Breaker discards Smartware Distributor to hand limit. (5 cards remaining)
[GameContext] Extract. Export. Excel. draws Maskirovka.
[GameContext] === Extract. Export. Excel. Turn 3 begins. Credits: 3, Clicks: 3 ===
[GameContext] [MCTS] slow search: 393 ms (100 iterations, depth 3)
[GameContext] Extract. Export. Excel. pays 1 credit(s) to install ice.
[GameContext] Extract. Export. Excel. installs Maskirovka in R&D.
[GameContext] [MCTS] slow search: 335 ms (100 iterations, depth 3)
[GameContext] Extract. Export. Excel. gains 1 credit. (3 total)
[GameContext] [MCTS] slow search: 338 ms (100 iterations, depth 3)
[GameContext] Extract. Export. Excel. gains 1 credit. (4 total)
[GameContext] === Convention Breaker Turn 4 begins. Credits: 6, Clicks: 4 ===
[GameContext] Run modifier set: overclock_credits = 5
[GameContext] --- Run on HQ begins ---
[GameContext] [Initiation] Run declared on HQ.
[GameContext] [Approach] Runner approaches Stavka (position 0).
[GameContext] [Encounter] Runner encounters Stavka.
[GameContext] [Movement] Runner approaches the server root.
[GameContext] [Success] Run successful on HQ!
[GameContext] [Debug/gain_on_success] run_modifiers at success: { "overclock_credits": 5, "run_event_active": 1 }
[GameContext] [Breach] Runner breaches HQ.
[GameContext] [Access] Runner accesses: Government Subsidy
[GameContext] [End] Run ended successfully.
[GameContext] Overclock: 5 unspent credit(s) returned to the bank.
[GameContext] Convention Breaker plays Overclock.
[GameContext] Convention Breaker draws Mayfly.
Player install: card is: Mayfly and charged cost is: 1
[GameContext] Convention Breaker installs Mayfly. [MU: 3/4 used]
[GameContext] --- Run on HQ begins ---
[GameContext] [Initiation] Run declared on HQ.
[GameContext] [Approach] Runner approaches Stavka (position 0).
[GameContext] [Encounter] Runner encounters Stavka.
[GameContext] [Encounter] Mayfly boosted  +1 str (now 2). Cost: 1 cr.
[GameContext] [Encounter] Mayfly breaks 'Trash 1 installed program.' for 1 cr.
[GameContext] [Encounter] Mayfly breaks 'Trash 1 installed program.' for 1 cr.
[GameContext] [Encounter] Subroutine 0 broken.
[GameContext] [Encounter] Subroutine 1 broken.
[GameContext] [Movement] Runner approaches the server root.
[GameContext] [Success] Run successful on HQ!
[GameContext] [Debug/gain_on_success] run_modifiers at success: { "overclock_credits": 0, "concerto_credits": 0, "bad_pub_credits": 0 }
[GameContext] [Breach] Runner breaches HQ.
[GameContext] [Access] Runner accesses: Regolith Mining License
[GameContext] [Access] Runner may trash Regolith Mining License for 3 credits (Runner has 1 total).
[GameContext] [Access] Runner cannot afford to trash.
[GameContext] [End] Run ended successfully.
[GameContext] Mayfly is trashed (end of run).
[GameContext] Extract. Export. Excel. draws Hedge Fund.
[GameContext] === Extract. Export. Excel. Turn 4 begins. Credits: 4, Clicks: 3 ===
[GameContext] [MCTS] slow search: 364 ms (100 iterations, depth 3)
[GameContext] Extract. Export. Excel. gains 1 credit. (5 total)
[heartbeat] game 6/10 — turn 4, time 231s
[GameContext] [MCTS] slow search: 397 ms (100 iterations, depth 3)
[GameContext] Extract. Export. Excel. gains 9 credits.
[GameContext] Extract. Export. Excel. plays Hedge Fund.
[GameContext] [MCTS] slow search: 340 ms (100 iterations, depth 3)
[GameContext] Extract. Export. Excel. gains 1 credit. (10 total)
[GameContext] === Convention Breaker Turn 5 begins. Credits: 1, Clicks: 4 ===
[GameContext] Convention Breaker draws Pennyshaver.
[GameContext] Convention Breaker draws VRcation.
[GameContext] Convention Breaker draws Carmen.
[GameContext] Convention Breaker draws Sure Gamble.
[GameContext] Convention Breaker discards Telework Contract to hand limit. (5 cards remaining)
[GameContext] Convention Breaker discards Telework Contract to hand limit. (5 cards remaining)
[GameContext] Convention Breaker discards Creative Commission to hand limit. (5 cards remaining)
[GameContext] Extract. Export. Excel. draws Ballista.
[GameContext] === Extract. Export. Excel. Turn 5 begins. Credits: 10, Clicks: 3 ===
[GameContext] [MCTS] slow search: 452 ms (100 iterations, depth 3)
[GameContext] Extract. Export. Excel. gains 14 credits.
[GameContext] Extract. Export. Excel. plays Government Subsidy.
[GameContext] [MCTS] slow search: 358 ms (100 iterations, depth 3)
[GameContext] Extract. Export. Excel. pays 1 credit(s) to install ice.
[GameContext] Extract. Export. Excel. installs Ballista in HQ.
[GameContext] [MCTS] slow search: 329 ms (100 iterations, depth 3)
[GameContext] Extract. Export. Excel. draws Hedge Fund.
[GameContext] === Convention Breaker Turn 6 begins. Credits: 1, Clicks: 4 ===
[GameContext] Convention Breaker draws Docklands Pass.
[GameContext] Convention Breaker draws Mayfly.
Player install: card is: Mayfly and charged cost is: 1
[GameContext] Convention Breaker installs Mayfly. [MU: 3/4 used]
[GameContext] Convention Breaker draws Carmen.
[GameContext] Convention Breaker discards VRcation to hand limit. (5 cards remaining)
[GameContext] Convention Breaker discards Sure Gamble to hand limit. (5 cards remaining)
[GameContext] Extract. Export. Excel. draws Mutually Assured Destruction.
[GameContext] === Extract. Export. Excel. Turn 6 begins. Credits: 13, Clicks: 3 ===
[GameContext] [MCTS] slow search: 252 ms (100 iterations, depth 3)
[GameContext] Extract. Export. Excel. spends 2 additional click(s) to play Mutually Assured Destruction.
[GameContext] Extract. Export. Excel. plays Mutually Assured Destruction.
[GameContext] === Convention Breaker Turn 7 begins. Credits: 0, Clicks: 4 ===
[GameContext] Convention Breaker draws Jailbreak.
[GameContext] Run modifier set: bonus_access = 1
[GameContext] --- Run on HQ begins ---
[GameContext] [Initiation] Run declared on HQ.
[GameContext] [Approach] Runner approaches unrezzed ice (position 0).
[CorpRunAI] AI: Ballista — rez_cost=5  tax/enc=5.0  enc=3.0  LTV=15.0
[CorpRunAI] AI: deferring Ballista (pri=6.00) — saving for Maskirovka on rd (pri=10.00)
[GameContext] [Approach] Corp declines to rez. Runner passes unrezzed ice.
[GameContext] [Approach] Runner approaches Stavka (position 1).
[CorpRunAI] AI: Ballista — rez_cost=5  tax/enc=5.0  enc=3.0  LTV=15.0
[CorpRunAI] AI: deferring Ballista (pri=6.00) — saving for Maskirovka on rd (pri=10.00)
[GameContext] [Encounter] Runner encounters Stavka.
[GameContext] [Movement] Runner approaches the server root.
[GameContext] [Success] Run successful on HQ!
[GameContext] [Debug/gain_on_success] run_modifiers at success: { "bonus_access": 1, "run_event_active": 1 }
[GameContext] [Breach] Runner breaches HQ.
[GameContext] [Breach] Bonus access: 1 extra card(s).
[GameContext] [Access] Runner accesses: Regolith Mining License
[GameContext] [Access] Runner may trash Regolith Mining License for 3 credits (Runner has 0 total).
[GameContext] [Access] Runner cannot afford to trash.
[GameContext] [Access] Runner accesses: Hedge Fund
[GameContext] [End] Run ended successfully.
[GameContext] Mayfly is trashed (end of run).
[GameContext] Convention Breaker plays Jailbreak.
[GameContext] Convention Breaker draws Overclock.
[GameContext] Convention Breaker draws Sure Gamble.
[GameContext] Convention Breaker discards Overclock to hand limit. (5 cards remaining)
[GameContext] Convention Breaker discards Sure Gamble to hand limit. (5 cards remaining)
[GameContext] Extract. Export. Excel. draws Big Deal.
[GameContext] === Extract. Export. Excel. Turn 7 begins. Credits: 9, Clicks: 3 ===
[GameContext] [MCTS] slow search: 343 ms (100 iterations, depth 3)
[heartbeat] game 6/10 — turn 7, time 237s
[GameContext] Extract. Export. Excel. gains 9 credits.
[GameContext] Extract. Export. Excel. plays Hedge Fund.
[GameContext] [MCTS] slow search: 326 ms (100 iterations, depth 3)
[GameContext] Extract. Export. Excel. gains 1 credit. (14 total)
[GameContext] [MCTS] slow search: 305 ms (100 iterations, depth 3)
[GameContext] Extract. Export. Excel. gains 1 credit. (15 total)
[GameContext] === Convention Breaker Turn 8 begins. Credits: 0, Clicks: 4 ===
[GameContext] Convention Breaker draws Red Team.
[GameContext] Convention Breaker draws VRcation.
[GameContext] Convention Breaker draws Creative Commission.
[GameContext] Convention Breaker gains 1 credit. (1 total)
[GameContext] Convention Breaker discards Red Team to hand limit. (5 cards remaining)
[GameContext] Convention Breaker discards VRcation to hand limit. (5 cards remaining)
[GameContext] Convention Breaker discards Creative Commission to hand limit. (5 cards remaining)
[GameContext] Extract. Export. Excel. draws Extract.
[GameContext] === Extract. Export. Excel. Turn 8 begins. Credits: 15, Clicks: 3 ===
[GameContext] [MCTS] slow search: 336 ms (100 iterations, depth 3)
[GameContext] Extract. Export. Excel. draws Extract.
[GameContext] [MCTS] slow search: 350 ms (100 iterations, depth 3)
[GameContext] Extract. Export. Excel. installs Regolith Mining License in Server 1.
[GameContext] [MCTS] slow search: 408 ms (100 iterations, depth 3)
[GameContext] Extract. Export. Excel. installs Anthill Excavation Contract in Server 0.
[GameContext] === Convention Breaker Turn 9 begins. Credits: 1, Clicks: 4 ===
[GameContext] Convention Breaker draws Verbal Plasticity.
[GameContext] Convention Breaker draws Cleaver.
[GameContext] Convention Breaker draws Smartware Distributor.
[GameContext] Convention Breaker gains 1 credit. (2 total)
[GameContext] Convention Breaker discards Smartware Distributor to hand limit. (5 cards remaining)
[GameContext] Convention Breaker discards Verbal Plasticity to hand limit. (5 cards remaining)
[GameContext] Convention Breaker discards Docklands Pass to hand limit. (5 cards remaining)
[GameContext] Extract. Export. Excel. draws Spin Doctor.
[GameContext] === Extract. Export. Excel. Turn 9 begins. Credits: 15, Clicks: 3 ===
[GameContext] Placed 8 credits counter(s) on Anthill Excavation Contract.
[GameContext] Extract. Export. Excel. rezzes Anthill Excavation Contract for 3 cr.
[GameContext] Placed 15 credits counter(s) on Regolith Mining License.
[GameContext] Extract. Export. Excel. rezzes Regolith Mining License for 2 cr.
[GameContext] [MCTS] slow search: 510 ms (100 iterations, depth 3)
[GameContext] Extract. Export. Excel. gains 6 credits.
[GameContext] Extract. Export. Excel. plays Extract.
[heartbeat] game 6/10 — turn 9, time 242s
[GameContext] [MCTS] slow search: 490 ms (100 iterations, depth 3)
[GameContext] Extract. Export. Excel. takes 3 cr from Regolith Mining License (12 remaining).
[GameContext] [MCTS] slow search: 552 ms (100 iterations, depth 3)
[GameContext] Extract. Export. Excel. draws Ballista.
[GameContext] === Convention Breaker Turn 10 begins. Credits: 2, Clicks: 4 ===
[GameContext] Convention Breaker gains 1 credit. (3 total)
Player install: card is: Cleaver and charged cost is: 3
[GameContext] Convention Breaker installs Cleaver. [MU: 2/4 used]
[GameContext] Convention Breaker draws Cleaver.
[GameContext] Convention Breaker draws Jailbreak.
[GameContext] Convention Breaker discards Jailbreak to hand limit. (5 cards remaining)
[GameContext] Extract. Export. Excel. draws Regolith Mining License.
[GameContext] === Extract. Export. Excel. Turn 10 begins. Credits: 16, Clicks: 3 ===
[GameContext] Extract. Export. Excel. takes 4 cr from Anthill Excavation Contract (4 remaining).
[GameContext] Extract. Export. Excel. draws 1 card(s).
[GameContext] [MCTS] slow search: 500 ms (100 iterations, depth 3)
[GameContext] Extract. Export. Excel. installs Ballista in Server 2.
[GameContext] [MCTS] slow search: 622 ms (100 iterations, depth 3)
[GameContext] Extract. Export. Excel. draws Spin Doctor.
[GameContext] [MCTS] slow search: 960 ms (100 iterations, depth 3)
[GameContext] Extract. Export. Excel. installs Vladisibirsk City Grid in HQ.
[heartbeat] game 6/10 — turn 10, time 247s
[GameContext] Extract. Export. Excel. discards Extract to hand limit.
[GameContext] === Convention Breaker Turn 11 begins. Credits: 0, Clicks: 4 ===
[GameContext] Convention Breaker draws Tread Lightly.
[GameContext] Convention Breaker gains 1 credit. (1 total)
[GameContext] Run modifier set: extra_rez_cost = 3
[GameContext] --- Run on HQ begins ---
[GameContext] [Initiation] Run declared on HQ.
[GameContext] [Rez] Corp rezzes Vladisibirsk City Grid for 6 credits.
[GameContext] [Approach] Runner approaches unrezzed ice (position 0).
[CorpRunAI] AI: Ballista — rez_cost=8  tax/enc=10.0  enc=3.0  LTV=30.0
[GameContext] [Rez] Corp rezzes Ballista for 8 credits.
[GameContext] [Encounter] Runner encounters Ballista.
[GameContext] Extract. Export. Excel. trashes Convention Breaker's Unity.
[GameContext] Run ended.
[GameContext] [Encounter] Run ended by subroutine.
[GameContext] [End] Run ended unsuccessfully.
[GameContext] Convention Breaker plays Tread Lightly.
[GameContext] Convention Breaker draws Jailbreak.
[GameContext] Convention Breaker discards Jailbreak to hand limit. (5 cards remaining)
[GameContext] Extract. Export. Excel. draws Anthill Excavation Contract.
[GameContext] === Extract. Export. Excel. Turn 11 begins. Credits: 6, Clicks: 3 ===
[GameContext] Extract. Export. Excel. takes 4 cr from Anthill Excavation Contract (0 remaining).
[GameContext] Extract. Export. Excel. draws 1 card(s).
[GameContext] Anthill Excavation Contract is trashed (empty).
[GameContext] [MCTS] slow search: 841 ms (100 iterations, depth 3)
[GameContext] Extract. Export. Excel. draws Send a Message.
[GameContext] [MCTS] slow search: 2317 ms (100 iterations, depth 3)
[GameContext] Extract. Export. Excel. installs Send a Message in Server 0.
[GameContext] [MCTS] slow search: 2279 ms (100 iterations, depth 3)
[GameContext] Extract. Export. Excel. pays 1 credit(s) to install ice.
[GameContext] Extract. Export. Excel. installs Stavka in Server 0.
[heartbeat] game 6/10 — turn 11, time 254s
[GameContext] Extract. Export. Excel. discards Big Deal to hand limit.
[GameContext] === Convention Breaker Turn 12 begins. Credits: 0, Clicks: 4 ===
[GameContext] Convention Breaker gains 1 credit. (1 total)
[GameContext] Convention Breaker gains 1 credit. (2 total)
[GameContext] Convention Breaker gains 1 credit. (3 total)
Player install: card is: Unity and charged cost is: 3
[GameContext] Convention Breaker installs Unity. [MU: 2/4 used]
[GameContext] Extract. Export. Excel. draws Mutually Assured Destruction.
[GameContext] === Extract. Export. Excel. Turn 12 begins. Credits: 9, Clicks: 3 ===
[GameContext] [MCTS] slow search: 2067 ms (100 iterations, depth 3)
[GameContext] Extract. Export. Excel. advances Send a Message (1 counters).
[GameContext] [MCTS] slow search: 2010 ms (100 iterations, depth 3)
[GameContext] Extract. Export. Excel. advances Send a Message (2 counters).
[heartbeat] game 6/10 — turn 12, time 259s
[GameContext] [MCTS] slow search: 2014 ms (100 iterations, depth 3)
[GameContext] Extract. Export. Excel. advances Send a Message (3 counters).
[GameContext] Extract. Export. Excel. discards Mutually Assured Destruction to hand limit.
[GameContext] === Convention Breaker Turn 13 begins. Credits: 0, Clicks: 4 ===
[GameContext] Convention Breaker draws Tread Lightly.
[GameContext] Convention Breaker gains 1 credit. (1 total)
[GameContext] Run modifier set: extra_rez_cost = 3
[GameContext] --- Run on HQ begins ---
[GameContext] [Initiation] Run declared on HQ.
[GameContext] [Approach] Runner approaches Ballista (position 0).
[GameContext] [Encounter] Runner encounters Ballista.
[GameContext] Extract. Export. Excel. trashes Convention Breaker's Cleaver.
[GameContext] Run ended.
[GameContext] [Encounter] Run ended by subroutine.
[GameContext] [End] Run ended unsuccessfully.
[GameContext] Convention Breaker plays Tread Lightly.
[GameContext] Convention Breaker gains 1 credit. (1 total)
[GameContext] Extract. Export. Excel. draws Stavka.
[GameContext] === Extract. Export. Excel. Turn 13 begins. Credits: 6, Clicks: 3 ===
[GameContext] [MCTS] Scoring line detected — executing: Advance send_a_message
[GameContext] Extract. Export. Excel. advances Send a Message (4 counters).
[GameContext] [MCTS] Scoring line detected — executing: Advance send_a_message
[GameContext] Extract. Export. Excel. advances Send a Message (5 counters).
[GameContext] Extract. Export. Excel. scores Send a Message! (3 agenda points)
[GameContext] Rezzed Maskirovka for free.
[GameContext] [MCTS] slow search: 1331 ms (100 iterations, depth 3)
[GameContext] Extract. Export. Excel. takes 3 cr from Regolith Mining License (9 remaining).
[heartbeat] game 6/10 — turn 13, time 264s
[GameContext] Extract. Export. Excel. discards Big Deal to hand limit.
[GameContext] === Convention Breaker Turn 14 begins. Credits: 1, Clicks: 4 ===
[GameContext] Convention Breaker gains 1 credit. (2 total)
[GameContext] Convention Breaker gains 1 credit. (3 total)
Player install: card is: Cleaver and charged cost is: 3
[GameContext] Convention Breaker installs Cleaver. [MU: 2/4 used]
[GameContext] Convention Breaker gains 1 credit. (1 total)
[GameContext] Extract. Export. Excel. draws Send a Message.
[GameContext] === Extract. Export. Excel. Turn 14 begins. Credits: 7, Clicks: 3 ===
[GameContext] [MCTS] slow search: 1359 ms (100 iterations, depth 3)
[GameContext] Extract. Export. Excel. installs Spin Doctor in Server 2.
[GameContext] [MCTS] slow search: 1179 ms (100 iterations, depth 3)
[GameContext] Extract. Export. Excel. installs Regolith Mining License in Server 0.
[GameContext] [MCTS] slow search: 1298 ms (100 iterations, depth 3)
[GameContext] Extract. Export. Excel. installs Stavka in Server 3.
[heartbeat] game 6/10 — turn 14, time 269s
[GameContext] === Convention Breaker Turn 15 begins. Credits: 1, Clicks: 4 ===
[GameContext] Convention Breaker gains 1 credit. (2 total)
[GameContext] Convention Breaker gains 1 credit. (3 total)
[GameContext] Convention Breaker gains 1 credit. (4 total)
[GameContext] --- Run on R&D begins ---
[GameContext] [Initiation] Run declared on R&D.
[GameContext] [Approach] Runner approaches Maskirovka (position 0).
[GameContext] [Encounter] Runner encounters Maskirovka.
[GameContext] [Encounter] Cleaver breaks 'Gain 2[credit].' for 1 cr.
[GameContext] [Encounter] Cleaver breaks 'End the run.' for 1 cr.
[GameContext] [Encounter] Subroutine 0 broken.
[GameContext] [Encounter] Subroutine 1 broken.
[GameContext] [Approach] Runner approaches Maskirovka (position 1).
[GameContext] [Encounter] Runner encounters Maskirovka.
[GameContext] [Encounter] Cleaver breaks 'Gain 2[credit].' for 1 cr.
[GameContext] [Encounter] Cleaver breaks 'End the run.' for 1 cr.
[GameContext] [Encounter] Subroutine 0 broken.
[GameContext] [Encounter] Subroutine 1 broken.
[GameContext] [Movement] Runner approaches the server root.
[GameContext] [Success] Run successful on R&D!
[GameContext] [Debug/gain_on_success] run_modifiers at success: { "overclock_credits": 0, "concerto_credits": 0, "bad_pub_credits": 0 }
[GameContext] [Breach] Runner breaches R&D.
[GameContext] [Access] Runner accesses: Government Subsidy
[GameContext] [End] Run ended successfully.
[GameContext] Extract. Export. Excel. draws Government Subsidy.
[GameContext] === Extract. Export. Excel. Turn 15 begins. Credits: 7, Clicks: 3 ===
[GameContext] Placed 15 credits counter(s) on Regolith Mining License.
[GameContext] Extract. Export. Excel. rezzes Regolith Mining License for 2 cr.
[GameContext] Extract. Export. Excel. draws 2 card(s).
[GameContext] Extract. Export. Excel. rezzes Spin Doctor for 0 cr.
[GameContext] [MCTS] slow search: 912 ms (100 iterations, depth 3)
[GameContext] Extract. Export. Excel. installs Send a Message in Server 3.
[GameContext] [MCTS] slow search: 1049 ms (100 iterations, depth 3)
[GameContext] Extract. Export. Excel. advances Send a Message (1 counters).
[GameContext] [MCTS] slow search: 1018 ms (100 iterations, depth 3)
[GameContext] Extract. Export. Excel. advances Send a Message (2 counters).
[GameContext] === Convention Breaker Turn 16 begins. Credits: 0, Clicks: 4 ===
[GameContext] Convention Breaker gains 1 credit. (1 total)
[GameContext] --- Run on Server 3 begins ---
[GameContext] [Initiation] Run declared on Server 3.
[GameContext] [Approach] Runner approaches unrezzed ice (position 0).
[GameContext] [Approach] Corp declines to rez. Runner passes unrezzed ice.
[GameContext] [Movement] Runner approaches the server root.
[GameContext] [Success] Run successful on Server 3!
[GameContext] [Debug/gain_on_success] run_modifiers at success: {  }
[GameContext] [Breach] Runner breaches Server 3.
[GameContext] [Access] Runner accesses: Send a Message
[GameContext] [Access] Runner steals Send a Message! (3 agenda points)
[GameContext] Rezzed Stavka for free.
[GameContext] [End] Run ended successfully.
[GameContext] Convention Breaker gains 1 credit. (2 total)
[GameContext] Convention Breaker gains 1 credit. (3 total)
[GameContext] Extract. Export. Excel. draws Extract.
[GameContext] === Extract. Export. Excel. Turn 16 begins. Credits: 3, Clicks: 3 ===
[GameContext] [MCTS] slow search: 844 ms (100 iterations, depth 3)
[heartbeat] game 6/10 — turn 16, time 275s
[GameContext] Extract. Export. Excel. installs Vladisibirsk City Grid in R&D.
[GameContext] [MCTS] slow search: 795 ms (100 iterations, depth 3)
[GameContext] Extract. Export. Excel. takes 3 cr from Regolith Mining License (6 remaining).
[GameContext] [MCTS] slow search: 875 ms (100 iterations, depth 3)
[GameContext] Extract. Export. Excel. gains 6 credits.
[GameContext] Extract. Export. Excel. plays Extract.
[GameContext] === Convention Breaker Turn 17 begins. Credits: 3, Clicks: 4 ===
[GameContext] Convention Breaker gains 1 credit. (4 total)
[GameContext] --- Run on R&D begins ---
[GameContext] [Initiation] Run declared on R&D.
[GameContext] [Rez] Corp rezzes Vladisibirsk City Grid for 3 credits.
[GameContext] [Approach] Runner approaches Maskirovka (position 0).
[GameContext] [Encounter] Runner encounters Maskirovka.
[GameContext] [Encounter] Cleaver breaks 'Gain 2[credit].' for 1 cr.
[GameContext] [Encounter] Cleaver breaks 'End the run.' for 1 cr.
[GameContext] [Encounter] Subroutine 0 broken.
[GameContext] [Encounter] Subroutine 1 broken.
[GameContext] [Approach] Runner approaches Maskirovka (position 1).
[GameContext] [Encounter] Runner encounters Maskirovka.
[GameContext] [Encounter] Cleaver breaks 'Gain 2[credit].' for 1 cr.
[GameContext] [Encounter] Cleaver breaks 'End the run.' for 1 cr.
[GameContext] [Encounter] Subroutine 0 broken.
[GameContext] [Encounter] Subroutine 1 broken.
[GameContext] [Movement] Runner approaches the server root.
[GameContext] [Success] Run successful on R&D!
[GameContext] [Debug/gain_on_success] run_modifiers at success: { "overclock_credits": 0, "concerto_credits": 0, "bad_pub_credits": 0 }
[GameContext] [Breach] Runner breaches R&D.
[GameContext] [Access] Runner accesses: Vladisibirsk City Grid
[GameContext] [Access] Runner may trash Vladisibirsk City Grid for 4 credits (Runner has 0 total).
[GameContext] [Access] Runner cannot afford to trash.
[GameContext] [Access] Runner accesses: Artificial Cryptocrash
[GameContext] [Access] Runner steals Artificial Cryptocrash! (2 agenda points)
[GameContext] [End] Run ended successfully.
[GameContext] Convention Breaker gains 1 credit. (1 total)
[GameContext] Convention Breaker gains 1 credit. (2 total)
[GameContext] Extract. Export. Excel. draws Palisade.
[GameContext] === Extract. Export. Excel. Turn 17 begins. Credits: 6, Clicks: 3 ===
[GameContext] Extract. Export. Excel. installs Anthill Excavation Contract in Server 4.
[GameContext] Spin Doctor: shuffled 2 card(s) from Archives into R&D.
[GameContext] Spin Doctor is trashed.
[GameContext] Extract. Export. Excel. takes 3 cr from Regolith Mining License (12 remaining).
[GameContext] === Convention Breaker Turn 18 begins. Credits: 2, Clicks: 4 ===
[GameContext] Convention Breaker gains 1 credit. (3 total)
[GameContext] Convention Breaker gains 1 credit. (4 total)
[GameContext] --- Run on R&D begins ---
[GameContext] [Initiation] Run declared on R&D.
[GameContext] [Approach] Runner approaches Maskirovka (position 0).
[GameContext] [Encounter] Runner encounters Maskirovka.
[GameContext] [Encounter] Cleaver breaks 'Gain 2[credit].' for 1 cr.
[GameContext] [Encounter] Cleaver breaks 'End the run.' for 1 cr.
[GameContext] [Encounter] Subroutine 0 broken.
[GameContext] [Encounter] Subroutine 1 broken.
[GameContext] [Approach] Runner approaches Maskirovka (position 1).
[GameContext] [Encounter] Runner encounters Maskirovka.
[GameContext] [Encounter] Cleaver breaks 'Gain 2[credit].' for 1 cr.
[GameContext] [Encounter] Cleaver breaks 'End the run.' for 1 cr.
[GameContext] [Encounter] Subroutine 0 broken.
[GameContext] [Encounter] Subroutine 1 broken.
[GameContext] [Movement] Runner approaches the server root.
[GameContext] [Success] Run successful on R&D!
[GameContext] [Debug/gain_on_success] run_modifiers at success: { "overclock_credits": 0, "concerto_credits": 0, "bad_pub_credits": 0 }
[GameContext] [Breach] Runner breaches R&D.
[GameContext] [Access] Runner accesses: Vladisibirsk City Grid
[GameContext] [Access] Runner may trash Vladisibirsk City Grid for 4 credits (Runner has 0 total).
[GameContext] [Access] Runner cannot afford to trash.
[GameContext] [Access] Runner accesses: Hedge Fund
[GameContext] [End] Run ended successfully.
[GameContext] Convention Breaker gains 1 credit. (1 total)
[GameContext] Extract. Export. Excel. draws Hedge Fund.
[GameContext] === Extract. Export. Excel. Turn 18 begins. Credits: 9, Clicks: 3 ===
[GameContext] Placed 8 credits counter(s) on Anthill Excavation Contract.
[GameContext] Extract. Export. Excel. rezzes Anthill Excavation Contract for 3 cr.
[GameContext] Extract. Export. Excel. takes 3 cr from Regolith Mining License (3 remaining).
[heartbeat] game 6/10 — turn 18, time 280s
[GameContext] Extract. Export. Excel. takes 3 cr from Regolith Mining License (9 remaining).
[GameContext] Extract. Export. Excel. pays 2 credit(s) to install ice.
[GameContext] Extract. Export. Excel. installs Palisade in R&D.
[GameContext] === Convention Breaker Turn 19 begins. Credits: 1, Clicks: 4 ===
[GameContext] Convention Breaker gains 1 credit. (2 total)
[GameContext] Convention Breaker gains 1 credit. (3 total)
[GameContext] Convention Breaker gains 1 credit. (4 total)
[GameContext] Convention Breaker gains 1 credit. (5 total)
[GameContext] Extract. Export. Excel. draws Hedge Fund.
[GameContext] === Extract. Export. Excel. Turn 19 begins. Credits: 10, Clicks: 3 ===
[GameContext] Extract. Export. Excel. takes 4 cr from Anthill Excavation Contract (4 remaining).
[GameContext] Extract. Export. Excel. draws 1 card(s).
[GameContext] [MCTS] slow search: 964 ms (100 iterations, depth 3)
[GameContext] Extract. Export. Excel. installs Spin Doctor in Server 5.
[GameContext] [MCTS] slow search: 1130 ms (100 iterations, depth 3)
[GameContext] Extract. Export. Excel. takes 3 cr from Regolith Mining License (6 remaining).
[GameContext] [MCTS] slow search: 1273 ms (100 iterations, depth 3)
[GameContext] Extract. Export. Excel. pays 2 credit(s) to install ice.
[GameContext] Extract. Export. Excel. installs Palisade in HQ.
[heartbeat] game 6/10 — turn 19, time 285s
[GameContext] === Convention Breaker Turn 20 begins. Credits: 5, Clicks: 4 ===
Player install: card is: Carmen and charged cost is: 5
[GameContext] Convention Breaker installs Carmen. [MU: 3/4 used]
[GameContext] Convention Breaker gains 1 credit. (1 total)
[GameContext] Convention Breaker gains 1 credit. (2 total)
[GameContext] Convention Breaker gains 1 credit. (3 total)
[GameContext] Extract. Export. Excel. draws Pharos.
[GameContext] === Extract. Export. Excel. Turn 20 begins. Credits: 15, Clicks: 3 ===
[GameContext] Extract. Export. Excel. takes 4 cr from Anthill Excavation Contract (0 remaining).
[GameContext] Extract. Export. Excel. draws 1 card(s).
[GameContext] Anthill Excavation Contract is trashed (empty).
[GameContext] Extract. Export. Excel. draws 2 card(s).
[GameContext] Extract. Export. Excel. rezzes Spin Doctor for 0 cr.
[GameContext] Extract. Export. Excel. installs Artificial Cryptocrash in Server 2.
[GameContext] Extract. Export. Excel. advances Artificial Cryptocrash (1 counters).
[GameContext] Extract. Export. Excel. advances Artificial Cryptocrash (2 counters).
[GameContext] Extract. Export. Excel. discards Hedge Fund to hand limit.
[GameContext] Extract. Export. Excel. discards Hedge Fund to hand limit.
[GameContext] === Convention Breaker Turn 21 begins. Credits: 3, Clicks: 4 ===
[GameContext] Convention Breaker gains 1 credit. (4 total)
[GameContext] --- Run on Server 2 begins ---
[GameContext] [Initiation] Run declared on Server 2.
[GameContext] [Approach] Runner approaches unrezzed ice (position 0).
[CorpRunAI] AI: Ballista — rez_cost=5  tax/enc=3.0  enc=2.5  LTV=7.5
[GameContext] [Rez] Corp rezzes Ballista for 5 credits.
[GameContext] [Encounter] Runner encounters Ballista.
[GameContext] [Encounter] Carmen boosted  +3 str (now 5). Cost: 1 cr.
[GameContext] [Encounter] Carmen breaks 'Trash 1 installed program.' for 1 cr.
[GameContext] [Encounter] Carmen breaks 'End the run.' for 1 cr.
[GameContext] [Encounter] Subroutine 0 broken.
[GameContext] [Encounter] Subroutine 1 broken.
[GameContext] [Movement] Runner approaches the server root.
[GameContext] [Success] Run successful on Server 2!
[GameContext] [Debug/gain_on_success] run_modifiers at success: { "overclock_credits": 0, "concerto_credits": 0, "bad_pub_credits": 0 }
[GameContext] [Breach] Runner breaches Server 2.
[GameContext] [Access] Runner accesses: Artificial Cryptocrash
[GameContext] [Access] Runner steals Artificial Cryptocrash! (2 agenda points)
[GameContext] Runner wins by stealing agendas!
[GameContext] [End] Run ended successfully.
[GameContext] Game over — Convention Breaker wins. Convention Breaker stole enough agendas to win
  [  6/ 10]  RUNNER    Convention Breaker stole enough agendas to win  21 turns
[GameContext] Extract. Export. Excel. draws Government Subsidy.
[GameContext] === Extract. Export. Excel. Turn 1 begins. Credits: 5, Clicks: 3 ===
[GameContext] [MCTS] slow search: 475 ms (100 iterations, depth 3)
[GameContext] Extract. Export. Excel. gains 9 credits.
[GameContext] Extract. Export. Excel. plays Hedge Fund.
[GameContext] [MCTS] slow search: 457 ms (100 iterations, depth 3)
[GameContext] Extract. Export. Excel. installs Stavka in R&D.
[GameContext] [MCTS] slow search: 414 ms (100 iterations, depth 3)
[GameContext] Extract. Export. Excel. installs Ballista in HQ.
[GameContext] === Convention Breaker Turn 2 begins. Credits: 5, Clicks: 4 ===
Player install: card is: Mayfly and charged cost is: 1
[GameContext] Convention Breaker installs Mayfly. [MU: 2/4 used]
[GameContext] Run modifier set: overclock_credits = 5
[GameContext] --- Run on HQ begins ---
[GameContext] [Initiation] Run declared on HQ.
[GameContext] [Approach] Runner approaches unrezzed ice (position 0).
[CorpRunAI] AI: Ballista — rez_cost=5  tax/enc=5.0  enc=3.0  LTV=15.0
[GameContext] [Rez] Corp rezzes Ballista for 5 credits.
[GameContext] [Encounter] Runner encounters Ballista.
[GameContext] [Encounter] Mayfly boosted ×3 +3 str (now 4). Cost: 3 cr.
[GameContext] [Encounter] Mayfly breaks 'Trash 1 installed program.' for 1 cr.
[GameContext] [Encounter] Mayfly breaks 'End the run.' for 1 cr.
[GameContext] [Encounter] Subroutine 0 broken.
[GameContext] [Encounter] Subroutine 1 broken.
[GameContext] [Movement] Runner approaches the server root.
[GameContext] [Success] Run successful on HQ!
[GameContext] [Debug/gain_on_success] run_modifiers at success: { "overclock_credits": 0, "run_event_active": 1, "concerto_credits": 0, "bad_pub_credits": 0 }
[GameContext] [Breach] Runner breaches HQ.
[GameContext] [Access] Runner accesses: Government Subsidy
[GameContext] [End] Run ended successfully.
[GameContext] Mayfly is trashed (end of run).
[GameContext] Convention Breaker plays Overclock.
[GameContext] Run modifier set: overclock_credits = 5
[GameContext] --- Run on HQ begins ---
[GameContext] [Initiation] Run declared on HQ.
[GameContext] [Approach] Runner approaches Ballista (position 0).
[GameContext] [Encounter] Runner encounters Ballista.
[GameContext] No valid Convention Breaker cards to trash.
[GameContext] Run ended.
[GameContext] [Encounter] Run ended by subroutine.
[GameContext] [End] Run ended unsuccessfully.
[GameContext] Overclock: 5 unspent credit(s) returned to the bank.
[GameContext] Convention Breaker plays Overclock.
[GameContext] Run modifier set: bonus_access = 1
[GameContext] --- Run on HQ begins ---
[GameContext] [Initiation] Run declared on HQ.
[GameContext] [Approach] Runner approaches Ballista (position 0).
[GameContext] [Encounter] Runner encounters Ballista.
[GameContext] No valid Convention Breaker cards to trash.
[GameContext] Run ended.
[GameContext] [Encounter] Run ended by subroutine.
[GameContext] [End] Run ended unsuccessfully.
[GameContext] Convention Breaker plays Jailbreak.
[GameContext] Extract. Export. Excel. draws Spin Doctor.
[GameContext] === Extract. Export. Excel. Turn 2 begins. Credits: 4, Clicks: 3 ===
[GameContext] [MCTS] slow search: 341 ms (100 iterations, depth 3)
[heartbeat] game 7/10 — turn 2, time 291s
[GameContext] Extract. Export. Excel. gains 1 credit. (5 total)
[GameContext] [MCTS] slow search: 353 ms (100 iterations, depth 3)
[GameContext] Extract. Export. Excel. gains 9 credits.
[GameContext] Extract. Export. Excel. plays Hedge Fund.
[GameContext] [MCTS] slow search: 347 ms (100 iterations, depth 3)
[GameContext] Extract. Export. Excel. gains 1 credit. (10 total)
[GameContext] === Convention Breaker Turn 3 begins. Credits: 2, Clicks: 4 ===
[GameContext] Convention Breaker gains 1 credit. (3 total)
[GameContext] --- Run on R&D begins ---
[GameContext] [Initiation] Run declared on R&D.
[GameContext] [Approach] Runner approaches unrezzed ice (position 0).
[CorpRunAI] AI: Stavka — rez_cost=4  tax/enc=8.0  enc=3.0  LTV=24.0
[GameContext] [Rez] Corp rezzes Stavka for 4 credits.
[GameContext] [Encounter] Runner encounters Stavka.
[GameContext] [Movement] Runner approaches the server root.
[GameContext] [Success] Run successful on R&D!
[GameContext] [Debug/gain_on_success] run_modifiers at success: {  }
[GameContext] [Breach] Runner breaches R&D.
[GameContext] [Access] Runner accesses: Send a Message
[GameContext] [Access] Runner steals Send a Message! (3 agenda points)
[GameContext] No unrezzed ice to rez for free.
[GameContext] [End] Run ended successfully.
[GameContext] Convention Breaker draws Unity.
Player install: card is: Unity and charged cost is: 3
[GameContext] Convention Breaker installs Unity. [MU: 1/4 used]
[GameContext] Extract. Export. Excel. draws Stavka.
[GameContext] === Extract. Export. Excel. Turn 3 begins. Credits: 6, Clicks: 3 ===
[GameContext] [MCTS] slow search: 343 ms (100 iterations, depth 3)
[GameContext] Extract. Export. Excel. installs Stavka in Server 0.
[GameContext] [MCTS] slow search: 321 ms (100 iterations, depth 3)
[GameContext] Extract. Export. Excel. draws Artificial Cryptocrash.
[GameContext] [MCTS] slow search: 533 ms (100 iterations, depth 3)
[GameContext] Extract. Export. Excel. gains 1 credit. (7 total)
[GameContext] === Convention Breaker Turn 4 begins. Credits: 0, Clicks: 4 ===
[GameContext] Convention Breaker draws Cleaver.
[GameContext] Convention Breaker draws Cleaver.
[GameContext] Convention Breaker draws Telework Contract.
[GameContext] Convention Breaker draws Tread Lightly.
[GameContext] Extract. Export. Excel. draws Palisade.
[GameContext] === Extract. Export. Excel. Turn 4 begins. Credits: 7, Clicks: 3 ===
[GameContext] [MCTS] slow search: 623 ms (100 iterations, depth 3)
[heartbeat] game 7/10 — turn 4, time 296s
[GameContext] Extract. Export. Excel. installs Artificial Cryptocrash in Server 0.
[GameContext] [MCTS] slow search: 608 ms (100 iterations, depth 3)
[GameContext] Extract. Export. Excel. advances Artificial Cryptocrash (1 counters).
[GameContext] [MCTS] slow search: 597 ms (100 iterations, depth 3)
[GameContext] Extract. Export. Excel. pays 1 credit(s) to install ice.
[GameContext] Extract. Export. Excel. installs Palisade in HQ.
[GameContext] === Convention Breaker Turn 5 begins. Credits: 0, Clicks: 4 ===
[GameContext] Convention Breaker gains 1 credit. (1 total)
[GameContext] Run modifier set: extra_rez_cost = 3
[GameContext] --- Run on HQ begins ---
[GameContext] [Initiation] Run declared on HQ.
[GameContext] [Approach] Runner approaches unrezzed ice (position 0).
[GameContext] [Approach] Corp declines to rez. Runner passes unrezzed ice.
[GameContext] [Approach] Runner approaches Ballista (position 1).
[GameContext] [Encounter] Runner encounters Ballista.
[GameContext] Extract. Export. Excel. trashes Convention Breaker's Unity.
[GameContext] Run ended.
[GameContext] [Encounter] Run ended by subroutine.
[GameContext] [End] Run ended unsuccessfully.
[GameContext] Convention Breaker plays Tread Lightly.
[GameContext] Convention Breaker draws Docklands Pass.
[GameContext] Convention Breaker draws Carmen.
[GameContext] Convention Breaker discards Telework Contract to hand limit. (5 cards remaining)
[GameContext] Extract. Export. Excel. draws Hedge Fund.
[GameContext] === Extract. Export. Excel. Turn 5 begins. Credits: 5, Clicks: 3 ===
[GameContext] [MCTS] Scoring line detected — executing: Advance artificial_cryptocrash
[GameContext] Extract. Export. Excel. advances Artificial Cryptocrash (2 counters).
[GameContext] [MCTS] Scoring line detected — executing: Advance artificial_cryptocrash
[GameContext] Extract. Export. Excel. advances Artificial Cryptocrash (3 counters).
[GameContext] [MCTS] Scoring line detected — executing: Advance artificial_cryptocrash
[GameContext] Extract. Export. Excel. advances Artificial Cryptocrash (4 counters).
[GameContext] Extract. Export. Excel. scores Artificial Cryptocrash! (2 agenda points)
[GameContext] Convention Breaker loses 0 credits.
[GameContext] === Convention Breaker Turn 6 begins. Credits: 0, Clicks: 4 ===
[GameContext] Convention Breaker draws VRcation.
[GameContext] Convention Breaker draws Sure Gamble.
[GameContext] Convention Breaker draws Telework Contract.
[GameContext] Convention Breaker gains 1 credit. (1 total)
[GameContext] Convention Breaker discards Telework Contract to hand limit. (5 cards remaining)
[GameContext] Convention Breaker discards VRcation to hand limit. (5 cards remaining)
[GameContext] Convention Breaker discards Sure Gamble to hand limit. (5 cards remaining)
[GameContext] Extract. Export. Excel. draws Anthill Excavation Contract.
[GameContext] === Extract. Export. Excel. Turn 6 begins. Credits: 2, Clicks: 3 ===
[GameContext] [MCTS] slow search: 463 ms (100 iterations, depth 3)
[GameContext] Extract. Export. Excel. gains 1 credit. (3 total)
[heartbeat] game 7/10 — turn 6, time 301s
[GameContext] [MCTS] slow search: 457 ms (100 iterations, depth 3)
[GameContext] Extract. Export. Excel. installs Spin Doctor in Server 0.
[GameContext] [MCTS] slow search: 453 ms (100 iterations, depth 3)
[GameContext] Extract. Export. Excel. gains 1 credit. (4 total)
[GameContext] === Convention Breaker Turn 7 begins. Credits: 1, Clicks: 4 ===
[GameContext] Convention Breaker gains 1 credit. (2 total)
[GameContext] Convention Breaker gains 1 credit. (3 total)
Player install: card is: Cleaver and charged cost is: 3
[GameContext] Convention Breaker installs Cleaver. [MU: 1/4 used]
[GameContext] Convention Breaker draws Verbal Plasticity.
[GameContext] Extract. Export. Excel. draws Big Deal.
[GameContext] === Extract. Export. Excel. Turn 7 begins. Credits: 4, Clicks: 3 ===
[GameContext] Extract. Export. Excel. draws 2 card(s).
[GameContext] Extract. Export. Excel. rezzes Spin Doctor for 0 cr.
[GameContext] [MCTS] slow search: 474 ms (100 iterations, depth 3)
[GameContext] Extract. Export. Excel. spends 2 additional click(s) to play Mutually Assured Destruction.
[GameContext] [M.A.D.] Extract. Export. Excel. trashes Spin Doctor — Runner gains 1 tag (1 trashed total).
[GameContext] [Ob] Trashed card had rez cost 0 — no cheaper card to search for.
[GameContext] [M.A.D.] Extract. Export. Excel. trashes Stavka — Runner gains 1 tag (2 trashed total).
[GameContext] [M.A.D.] Extract. Export. Excel. trashes Ballista — Runner gains 1 tag (3 trashed total).
[GameContext] [M.A.D.] No rezzed cards remaining to trash.
[GameContext] Extract. Export. Excel. plays Mutually Assured Destruction.
[GameContext] Extract. Export. Excel. discards Hedge Fund to hand limit.
[GameContext] === Convention Breaker Turn 8 begins. Credits: 0, Clicks: 4 ===
[GameContext] --- Run on R&D begins ---
[GameContext] [Initiation] Run declared on R&D.
[GameContext] [Initiation] No ice protecting server — proceeding to root.
[GameContext] [Movement] Runner approaches the server root.
[GameContext] [Success] Run successful on R&D!
[GameContext] [Debug/gain_on_success] run_modifiers at success: {  }
[GameContext] [Breach] Runner breaches R&D.
[GameContext] [Access] Runner accesses: Anthill Excavation Contract
[GameContext] [Access] Runner may trash Anthill Excavation Contract for 1 credits (Runner has 0 total).
[GameContext] [Access] Runner cannot afford to trash.
[GameContext] [End] Run ended successfully.
[GameContext] Convention Breaker gains 1 credit. (1 total)
[GameContext] --- Run on HQ begins ---
[GameContext] [Initiation] Run declared on HQ.
[GameContext] [Approach] Runner approaches unrezzed ice (position 0).
[GameContext] [Approach] Corp declines to rez. Runner passes unrezzed ice.
[GameContext] [Movement] Runner approaches the server root.
[GameContext] [Success] Run successful on HQ!
[GameContext] [Debug/gain_on_success] run_modifiers at success: {  }
[GameContext] [Breach] Runner breaches HQ.
[GameContext] [Access] Runner accesses: Anthill Excavation Contract
[GameContext] [Access] Runner may trash Anthill Excavation Contract for 1 credits (Runner has 1 total).
[GameContext] [Access] Runner trashes Anthill Excavation Contract.
[GameContext] [End] Run ended successfully.
[GameContext] Convention Breaker draws Unity.
[GameContext] Convention Breaker discards Verbal Plasticity to hand limit. (5 cards remaining)
[GameContext] Extract. Export. Excel. draws Anthill Excavation Contract.
[GameContext] === Extract. Export. Excel. Turn 8 begins. Credits: 0, Clicks: 3 ===
[GameContext] Extract. Export. Excel. gains 1 credit. (1 total)
[GameContext] Extract. Export. Excel. gains 1 credit. (2 total)
[GameContext] Extract. Export. Excel. installs Anthill Excavation Contract in Server 0.
[GameContext] === Convention Breaker Turn 9 begins. Credits: 0, Clicks: 4 ===
[GameContext] --- Run on R&D begins ---
[GameContext] [Initiation] Run declared on R&D.
[GameContext] [Initiation] No ice protecting server — proceeding to root.
[GameContext] [Movement] Runner approaches the server root.
[GameContext] [Success] Run successful on R&D!
[GameContext] [Debug/gain_on_success] run_modifiers at success: {  }
[GameContext] [Breach] Runner breaches R&D.
[GameContext] [Access] Runner accesses: Regolith Mining License
[GameContext] [Access] Runner may trash Regolith Mining License for 3 credits (Runner has 0 total).
[GameContext] [Access] Runner cannot afford to trash.
[GameContext] [End] Run ended successfully.
[GameContext] Convention Breaker gains 1 credit. (1 total)
[GameContext] --- Run on HQ begins ---
[GameContext] [Initiation] Run declared on HQ.
[GameContext] [Approach] Runner approaches unrezzed ice (position 0).
[GameContext] [Approach] Corp declines to rez. Runner passes unrezzed ice.
[GameContext] [Movement] Runner approaches the server root.
[GameContext] [Success] Run successful on HQ!
[GameContext] [Debug/gain_on_success] run_modifiers at success: {  }
[GameContext] [Breach] Runner breaches HQ.
[GameContext] [Access] Runner accesses: Government Subsidy
[GameContext] [End] Run ended successfully.
[GameContext] Convention Breaker draws Red Team.
[GameContext] Convention Breaker discards Red Team to hand limit. (5 cards remaining)
[GameContext] Extract. Export. Excel. draws Regolith Mining License.
[GameContext] === Extract. Export. Excel. Turn 9 begins. Credits: 2, Clicks: 3 ===
[GameContext] Extract. Export. Excel. gains 1 credit. (3 total)
[heartbeat] game 7/10 — turn 9, time 306s
[GameContext] Extract. Export. Excel. gains 1 credit. (4 total)
[GameContext] Extract. Export. Excel. gains 1 credit. (5 total)
[GameContext] === Convention Breaker Turn 10 begins. Credits: 1, Clicks: 4 ===
[GameContext] --- Run on R&D begins ---
[GameContext] [Initiation] Run declared on R&D.
[GameContext] [Initiation] No ice protecting server — proceeding to root.
[GameContext] [Movement] Runner approaches the server root.
[GameContext] [Success] Run successful on R&D!
[GameContext] [Debug/gain_on_success] run_modifiers at success: {  }
[GameContext] [Breach] Runner breaches R&D.
[GameContext] [Access] Runner accesses: Spin Doctor
[GameContext] [Access] Runner may trash Spin Doctor for 2 credits (Runner has 1 total).
[GameContext] [Access] Runner cannot afford to trash.
[GameContext] [End] Run ended successfully.
[GameContext] Convention Breaker gains 1 credit. (2 total)
[GameContext] --- Run on HQ begins ---
[GameContext] [Initiation] Run declared on HQ.
[GameContext] [Approach] Runner approaches unrezzed ice (position 0).
[CorpRunAI] AI: Palisade — rez_cost=3  tax/enc=1.0  enc=3.0  LTV=3.0
[CorpRunAI] AI: deferring Palisade (pri=2.00) — saving for Stavka on remote_0 (pri=6.00)
[GameContext] [Approach] Corp declines to rez. Runner passes unrezzed ice.
[GameContext] [Movement] Runner approaches the server root.
[GameContext] [Success] Run successful on HQ!
[GameContext] [Debug/gain_on_success] run_modifiers at success: {  }
[GameContext] [Breach] Runner breaches HQ.
[GameContext] [Access] Runner accesses: Government Subsidy
[GameContext] [End] Run ended successfully.
[GameContext] Convention Breaker removes 1 tag (2 remaining). [paid 2cr]
[GameContext] Extract. Export. Excel. draws Spin Doctor.
[GameContext] === Extract. Export. Excel. Turn 10 begins. Credits: 5, Clicks: 3 ===
[GameContext] Placed 8 credits counter(s) on Anthill Excavation Contract.
[GameContext] Extract. Export. Excel. rezzes Anthill Excavation Contract for 3 cr.
[GameContext] Extract. Export. Excel. gains 1 credit. (3 total)
[GameContext] Extract. Export. Excel. gains 1 credit. (4 total)
[GameContext] Extract. Export. Excel. gains 1 credit. (5 total)
[GameContext] Extract. Export. Excel. discards Government Subsidy to hand limit.
[GameContext] === Convention Breaker Turn 11 begins. Credits: 0, Clicks: 4 ===
[GameContext] --- Run on R&D begins ---
[GameContext] [Initiation] Run declared on R&D.
[GameContext] [Initiation] No ice protecting server — proceeding to root.
[GameContext] [Movement] Runner approaches the server root.
[GameContext] [Success] Run successful on R&D!
[GameContext] [Debug/gain_on_success] run_modifiers at success: {  }
[GameContext] [Breach] Runner breaches R&D.
[GameContext] [Access] Runner accesses: Vladisibirsk City Grid
[GameContext] [Access] Runner may trash Vladisibirsk City Grid for 4 credits (Runner has 0 total).
[GameContext] [Access] Runner cannot afford to trash.
[GameContext] [End] Run ended successfully.
[GameContext] Convention Breaker gains 1 credit. (1 total)
[GameContext] Convention Breaker gains 1 credit. (2 total)
[GameContext] --- Run on HQ begins ---
[GameContext] [Initiation] Run declared on HQ.
[GameContext] [Approach] Runner approaches unrezzed ice (position 0).
[CorpRunAI] AI: Palisade — rez_cost=3  tax/enc=1.0  enc=3.0  LTV=3.0
[CorpRunAI] AI: deferring Palisade (pri=2.00) — saving for Stavka on remote_0 (pri=6.00)
[GameContext] [Approach] Corp declines to rez. Runner passes unrezzed ice.
[GameContext] [Movement] Runner approaches the server root.
[GameContext] [Success] Run successful on HQ!
[GameContext] [Debug/gain_on_success] run_modifiers at success: {  }
[GameContext] [Breach] Runner breaches HQ.
[GameContext] [Access] Runner accesses: Spin Doctor
[GameContext] [Access] Runner may trash Spin Doctor for 2 credits (Runner has 2 total).
[GameContext] [Access] Runner trashes Spin Doctor.
[GameContext] [End] Run ended successfully.
[GameContext] Extract. Export. Excel. draws Vladisibirsk City Grid.
[GameContext] === Extract. Export. Excel. Turn 11 begins. Credits: 5, Clicks: 3 ===
[GameContext] Extract. Export. Excel. takes 4 cr from Anthill Excavation Contract (4 remaining).
[GameContext] Extract. Export. Excel. draws 1 card(s).
[GameContext] Extract. Export. Excel. installs Vladisibirsk City Grid in HQ.
[GameContext] Extract. Export. Excel. gains 1 credit. (10 total)
[GameContext] Extract. Export. Excel. gains 14 credits.
[GameContext] Extract. Export. Excel. plays Government Subsidy.
[GameContext] === Convention Breaker Turn 12 begins. Credits: 0, Clicks: 4 ===
[GameContext] --- Run on R&D begins ---
[GameContext] [Initiation] Run declared on R&D.
[GameContext] [Initiation] No ice protecting server — proceeding to root.
[GameContext] [Movement] Runner approaches the server root.
[GameContext] [Success] Run successful on R&D!
[GameContext] [Debug/gain_on_success] run_modifiers at success: {  }
[GameContext] [Breach] Runner breaches R&D.
[GameContext] [Access] Runner accesses: Maskirovka
[GameContext] [End] Run ended successfully.
[GameContext] Convention Breaker gains 1 credit. (1 total)
[GameContext] Convention Breaker gains 1 credit. (2 total)
[GameContext] Convention Breaker removes 1 tag (1 remaining). [paid 2cr]
[GameContext] Extract. Export. Excel. draws Maskirovka.
[GameContext] === Extract. Export. Excel. Turn 12 begins. Credits: 14, Clicks: 3 ===
[GameContext] Extract. Export. Excel. takes 4 cr from Anthill Excavation Contract (0 remaining).
[GameContext] Extract. Export. Excel. draws 1 card(s).
[GameContext] Anthill Excavation Contract is trashed (empty).
[GameContext] Extract. Export. Excel. rezzes Vladisibirsk City Grid for 3 cr.
[GameContext] Extract. Export. Excel. installs Maskirovka in R&D.
[heartbeat] game 7/10 — turn 12, time 311s
[GameContext] Extract. Export. Excel. draws Regolith Mining License.
[GameContext] Extract. Export. Excel. draws Extract.
[GameContext] Extract. Export. Excel. discards Extract to hand limit.
[GameContext] Extract. Export. Excel. discards Extract to hand limit.
[GameContext] === Convention Breaker Turn 13 begins. Credits: 0, Clicks: 4 ===
[GameContext] Convention Breaker gains 1 credit. (1 total)
[GameContext] Convention Breaker gains 1 credit. (2 total)
[GameContext] Convention Breaker gains 1 credit. (3 total)
Player install: card is: Unity and charged cost is: 3
[GameContext] Convention Breaker installs Unity. [MU: 2/4 used]
[GameContext] Extract. Export. Excel. draws Pharos.
[GameContext] === Extract. Export. Excel. Turn 13 begins. Credits: 15, Clicks: 3 ===
[GameContext] Extract. Export. Excel. pays 1 credit(s) to install ice.
[GameContext] Extract. Export. Excel. installs Pharos in R&D.
[GameContext] Extract. Export. Excel. installs Regolith Mining License in Server 0.
[GameContext] Extract. Export. Excel. draws Stavka.
[GameContext] === Convention Breaker Turn 14 begins. Credits: 0, Clicks: 4 ===
[GameContext] Convention Breaker gains 1 credit. (1 total)
[GameContext] Convention Breaker gains 1 credit. (2 total)
[GameContext] Convention Breaker removes 1 tag (0 remaining). [paid 2cr]
[GameContext] Convention Breaker draws Creative Commission.
[GameContext] Extract. Export. Excel. draws Palisade.
[GameContext] === Extract. Export. Excel. Turn 14 begins. Credits: 14, Clicks: 3 ===
[GameContext] Placed 15 credits counter(s) on Regolith Mining License.
[GameContext] Extract. Export. Excel. rezzes Regolith Mining License for 2 cr.
[GameContext] [MCTS] slow search: 308 ms (100 iterations, depth 3)
[GameContext] Extract. Export. Excel. installs Palisade in Server 1.
[GameContext] [MCTS] slow search: 307 ms (100 iterations, depth 3)
[GameContext] Extract. Export. Excel. pays 1 credit(s) to install ice.
[GameContext] Extract. Export. Excel. installs Stavka in HQ.
[GameContext] [MCTS] slow search: 338 ms (100 iterations, depth 3)
[GameContext] Extract. Export. Excel. takes 3 cr from Regolith Mining License (12 remaining).
[heartbeat] game 7/10 — turn 14, time 316s
[GameContext] === Convention Breaker Turn 15 begins. Credits: 0, Clicks: 4 ===
[GameContext] Convention Breaker gains 1 credit. (1 total)
[GameContext] Convention Breaker gains 5 credits.
[GameContext] Convention Breaker will lose 1 click(s) next turn.
[GameContext] Convention Breaker plays Creative Commission.
Player install: card is: Carmen and charged cost is: 5
[GameContext] Convention Breaker installs Carmen. [MU: 3/4 used]
[GameContext] Convention Breaker draws Jailbreak.
[GameContext] Extract. Export. Excel. draws Spin Doctor.
[GameContext] === Extract. Export. Excel. Turn 15 begins. Credits: 14, Clicks: 3 ===
[GameContext] Extract. Export. Excel. installs Regolith Mining License in Server 2.
[GameContext] Extract. Export. Excel. gains 1 credit. (15 total)
[GameContext] Extract. Export. Excel. gains 1 credit. (16 total)
[GameContext] Convention Breaker loses 1 click(s) this turn (deferred penalty).
[GameContext] === Convention Breaker Turn 16 begins. Credits: 0, Clicks: 3 ===
[GameContext] Run modifier set: bonus_access = 1
[GameContext] --- Run on HQ begins ---
[GameContext] [Initiation] Run declared on HQ.
[GameContext] [Approach] Runner approaches unrezzed ice (position 0).
[CorpRunAI] AI: Stavka — rez_cost=4  tax/enc=2.0  enc=3.0  LTV=6.0
[GameContext] [Rez] Corp rezzes Stavka for 4 credits.
[GameContext] [Encounter] Runner encounters Stavka.
[GameContext] [Approach] Runner approaches unrezzed ice (position 1).
[GameContext] [Approach] Corp declines to rez. Runner passes unrezzed ice.
[GameContext] [Movement] Runner approaches the server root.
[GameContext] [Success] Run successful on HQ!
[GameContext] [Debug/gain_on_success] run_modifiers at success: { "bonus_access": 1, "run_event_active": 1 }
[GameContext] [Breach] Runner breaches HQ.
[GameContext] [Breach] Bonus access: 1 extra card(s).
[GameContext] [Access] Runner accesses: Vladisibirsk City Grid
[GameContext] [Access] Runner may trash Vladisibirsk City Grid for 4 credits (Runner has 0 total).
[GameContext] [Access] Runner cannot afford to trash.
[GameContext] [Access] Runner accesses: Big Deal
[GameContext] [Access] Runner accesses: Spin Doctor
[GameContext] [Access] Runner may trash Spin Doctor for 2 credits (Runner has 0 total).
[GameContext] [Access] Runner cannot afford to trash.
[GameContext] [End] Run ended successfully.
[GameContext] Convention Breaker plays Jailbreak.
[GameContext] Convention Breaker draws Creative Commission.
[GameContext] Convention Breaker draws Sure Gamble.
[GameContext] Extract. Export. Excel. draws Maskirovka.
[GameContext] === Extract. Export. Excel. Turn 16 begins. Credits: 12, Clicks: 3 ===
[GameContext] Placed 15 credits counter(s) on Regolith Mining License.
[GameContext] Extract. Export. Excel. rezzes Regolith Mining License for 2 cr.
[GameContext] Extract. Export. Excel. takes 3 cr from Regolith Mining License (12 remaining).
[GameContext] Extract. Export. Excel. takes 3 cr from Regolith Mining License (9 remaining).
[GameContext] Extract. Export. Excel. pays 2 credit(s) to install ice.
[GameContext] Extract. Export. Excel. installs Maskirovka in R&D.
[GameContext] === Convention Breaker Turn 17 begins. Credits: 0, Clicks: 4 ===
[GameContext] Convention Breaker gains 1 credit. (1 total)
[GameContext] Convention Breaker gains 5 credits.
[GameContext] Convention Breaker will lose 1 click(s) next turn.
[GameContext] Convention Breaker plays Creative Commission.
[GameContext] Convention Breaker gains 9 credits.
[GameContext] Convention Breaker plays Sure Gamble.
[GameContext] --- Run on HQ begins ---
[GameContext] [Initiation] Run declared on HQ.
[GameContext] [Approach] Runner approaches Stavka (position 0).
[GameContext] [Encounter] Runner encounters Stavka.
[GameContext] [Encounter] Carmen breaks 'Trash 1 installed program.' for 1 cr.
[GameContext] [Encounter] Carmen breaks 'Trash 1 installed program.' for 1 cr.
[GameContext] [Encounter] Subroutine 0 broken.
[GameContext] [Encounter] Subroutine 1 broken.
[GameContext] [Approach] Runner approaches unrezzed ice (position 1).
[GameContext] [Approach] Corp declines to rez. Runner passes unrezzed ice.
[GameContext] [Movement] Runner approaches the server root.
[GameContext] [Success] Run successful on HQ!
[GameContext] [Debug/gain_on_success] run_modifiers at success: { "overclock_credits": 0, "concerto_credits": 0, "bad_pub_credits": 0 }
[GameContext] [Breach] Runner breaches HQ.
[GameContext] [Access] Runner accesses: Vladisibirsk City Grid
[GameContext] [Access] Runner may trash Vladisibirsk City Grid for 4 credits (Runner has 7 total).
[GameContext] [Access] Runner accesses: Big Deal
[GameContext] [End] Run ended successfully.
[GameContext] Extract. Export. Excel. draws Artificial Cryptocrash.
[GameContext] === Extract. Export. Excel. Turn 17 begins. Credits: 14, Clicks: 3 ===
[GameContext] Extract. Export. Excel. installs Artificial Cryptocrash in Server 1.
[GameContext] Extract. Export. Excel. advances Artificial Cryptocrash (1 counters).
[heartbeat] game 7/10 — turn 17, time 321s
[GameContext] Extract. Export. Excel. advances Artificial Cryptocrash (2 counters).
[GameContext] Convention Breaker loses 1 click(s) this turn (deferred penalty).
[GameContext] === Convention Breaker Turn 18 begins. Credits: 7, Clicks: 3 ===
[GameContext] --- Run on Server 1 begins ---
[GameContext] [Initiation] Run declared on Server 1.
[GameContext] [Approach] Runner approaches unrezzed ice (position 0).
[CorpRunAI] AI: Palisade — rez_cost=3  tax/enc=1.0  enc=2.5  LTV=2.5
[GameContext] [Approach] Corp declines to rez. Runner passes unrezzed ice.
[GameContext] [Movement] Runner approaches the server root.
[GameContext] [Success] Run successful on Server 1!
[GameContext] [Debug/gain_on_success] run_modifiers at success: {  }
[GameContext] [Breach] Runner breaches Server 1.
[GameContext] [Access] Runner accesses: Artificial Cryptocrash
[GameContext] [Access] Runner steals Artificial Cryptocrash! (2 agenda points)
[GameContext] [End] Run ended successfully.
[GameContext] --- Run on HQ begins ---
[GameContext] [Initiation] Run declared on HQ.
[GameContext] [Approach] Runner approaches Stavka (position 0).
[GameContext] [Encounter] Runner encounters Stavka.
[GameContext] [Encounter] Carmen breaks 'Trash 1 installed program.' for 1 cr.
[GameContext] [Encounter] Carmen breaks 'Trash 1 installed program.' for 1 cr.
[GameContext] [Encounter] Subroutine 0 broken.
[GameContext] [Encounter] Subroutine 1 broken.
[GameContext] [Approach] Runner approaches unrezzed ice (position 1).
[GameContext] [Approach] Corp declines to rez. Runner passes unrezzed ice.
[GameContext] [Movement] Runner approaches the server root.
[GameContext] [Success] Run successful on HQ!
[GameContext] [Debug/gain_on_success] run_modifiers at success: { "overclock_credits": 0, "concerto_credits": 0, "bad_pub_credits": 0 }
[GameContext] [Breach] Runner breaches HQ.
[GameContext] [Access] Runner accesses: Vladisibirsk City Grid
[GameContext] [Access] Runner may trash Vladisibirsk City Grid for 4 credits (Runner has 5 total).
[GameContext] [Access] Runner accesses: Big Deal
[GameContext] [End] Run ended successfully.
[GameContext] Convention Breaker draws Pennyshaver.
[GameContext] Extract. Export. Excel. draws Pharos.
[GameContext] === Extract. Export. Excel. Turn 18 begins. Credits: 12, Clicks: 3 ===
[GameContext] Extract. Export. Excel. pays 2 credit(s) to install ice.
[GameContext] Extract. Export. Excel. installs Pharos in HQ.
[GameContext] Extract. Export. Excel. takes 3 cr from Regolith Mining License (6 remaining).
[GameContext] Extract. Export. Excel. takes 3 cr from Regolith Mining License (9 remaining).
[GameContext] === Convention Breaker Turn 19 begins. Credits: 5, Clicks: 4 ===
[GameContext] Convention Breaker draws Smartware Distributor.
[GameContext] Convention Breaker draws Smartware Distributor.
[GameContext] Convention Breaker draws Jailbreak.
[GameContext] Run modifier set: bonus_access = 1
[GameContext] --- Run on HQ begins ---
[GameContext] [Initiation] Run declared on HQ.
[GameContext] [Approach] Runner approaches unrezzed ice (position 0).
[CorpRunAI] AI: Pharos — rez_cost=7  tax/enc=4.0  enc=3.0  LTV=12.0
[GameContext] [Rez] Corp rezzes Pharos for 7 credits.
[GameContext] [Encounter] Runner encounters Pharos.
[GameContext] [Encounter] Cleaver boosted  +2 str (now 5). Cost: 1 cr.
[GameContext] [Encounter] Cleaver breaks 'Give the Runner 1 tag.' for 1 cr.
[GameContext] [Encounter] Cleaver breaks 'End the run.' for 1 cr.
[GameContext] [Encounter] Subroutine 0 broken.
[GameContext] [Encounter] Subroutine 1 broken.
[GameContext] [Approach] Runner approaches Stavka (position 1).
[GameContext] [Encounter] Runner encounters Stavka.
[GameContext] [Encounter] Carmen breaks 'Trash 1 installed program.' for 1 cr.
[GameContext] [Encounter] Carmen breaks 'Trash 1 installed program.' for 1 cr.
[GameContext] [Encounter] Subroutine 0 broken.
[GameContext] [Encounter] Subroutine 1 broken.
[GameContext] [Approach] Runner approaches unrezzed ice (position 2).
[GameContext] [Approach] Corp declines to rez. Runner passes unrezzed ice.
[GameContext] [Movement] Runner approaches the server root.
[GameContext] [Success] Run successful on HQ!
[GameContext] [Debug/gain_on_success] run_modifiers at success: { "bonus_access": 1, "run_event_active": 1, "overclock_credits": 0, "concerto_credits": 0, "bad_pub_credits": 0 }
[GameContext] [Breach] Runner breaches HQ.
[GameContext] [Breach] Bonus access: 1 extra card(s).
[GameContext] [Access] Runner accesses: Vladisibirsk City Grid
[GameContext] [Access] Runner may trash Vladisibirsk City Grid for 4 credits (Runner has 0 total).
[GameContext] [Access] Runner cannot afford to trash.
[GameContext] [Access] Runner accesses: Spin Doctor
[GameContext] [Access] Runner may trash Spin Doctor for 2 credits (Runner has 0 total).
[GameContext] [Access] Runner cannot afford to trash.
[GameContext] [Access] Runner accesses: Big Deal
[GameContext] [End] Run ended successfully.
[GameContext] Convention Breaker plays Jailbreak.
[GameContext] Convention Breaker discards Smartware Distributor to hand limit. (5 cards remaining)
[GameContext] Extract. Export. Excel. draws Ballista.
[GameContext] === Extract. Export. Excel. Turn 19 begins. Credits: 9, Clicks: 3 ===
[GameContext] Extract. Export. Excel. takes 3 cr from Regolith Mining License (3 remaining).
[GameContext] Extract. Export. Excel. draws Vladisibirsk City Grid.
[GameContext] Extract. Export. Excel. installs Vladisibirsk City Grid in HQ.
[GameContext] === Convention Breaker Turn 20 begins. Credits: 0, Clicks: 4 ===
[GameContext] Convention Breaker draws Sure Gamble.
[GameContext] Convention Breaker draws Tread Lightly.
[GameContext] Convention Breaker gains 1 credit. (1 total)
[GameContext] Run modifier set: extra_rez_cost = 3
[GameContext] --- Run on HQ begins ---
[GameContext] [Initiation] Run declared on HQ.
[GameContext] [Rez] Corp rezzes Vladisibirsk City Grid for 6 credits.
[GameContext] [Approach] Runner approaches Pharos (position 0).
[GameContext] [Encounter] Runner encounters Pharos.
[GameContext] Convention Breaker takes 1 tag(s). (1 total)
[GameContext] Run ended.
[GameContext] [Encounter] Run ended by subroutine.
[GameContext] [End] Run ended unsuccessfully.
[GameContext] Convention Breaker plays Tread Lightly.
[GameContext] Convention Breaker discards Smartware Distributor to hand limit. (5 cards remaining)
[GameContext] Extract. Export. Excel. draws Mutually Assured Destruction.
[GameContext] === Extract. Export. Excel. Turn 20 begins. Credits: 6, Clicks: 3 ===
[GameContext] Extract. Export. Excel. gains 6 credits.
[GameContext] Extract. Export. Excel. plays Extract.
[GameContext] Extract. Export. Excel. takes 3 cr from Regolith Mining License (0 remaining).
[GameContext] Regolith Mining License is trashed (empty).
[heartbeat] game 7/10 — turn 20, time 326s
[GameContext] Extract. Export. Excel. installs Ballista in Server 2.
[GameContext] === Convention Breaker Turn 21 begins. Credits: 0, Clicks: 4 ===
[GameContext] Convention Breaker gains 1 credit. (1 total)
[GameContext] Convention Breaker gains 1 credit. (2 total)
[GameContext] Convention Breaker removes 1 tag (0 remaining). [paid 2cr]
[GameContext] Convention Breaker draws Mayfly.
[GameContext] Convention Breaker discards Sure Gamble to hand limit. (5 cards remaining)
[GameContext] Extract. Export. Excel. draws Artificial Cryptocrash.
[GameContext] === Extract. Export. Excel. Turn 21 begins. Credits: 12, Clicks: 3 ===
[GameContext] [MCTS] slow search: 243 ms (100 iterations, depth 3)
[GameContext] Extract. Export. Excel. installs Artificial Cryptocrash in Server 1.
[GameContext] Extract. Export. Excel. installs Spin Doctor in Server 3.
[GameContext] [MCTS] slow search: 235 ms (100 iterations, depth 3)
[GameContext] Extract. Export. Excel. draws Maskirovka.
[GameContext] === Convention Breaker Turn 22 begins. Credits: 0, Clicks: 4 ===
[GameContext] Convention Breaker draws VRcation.
[GameContext] Convention Breaker gains 1 credit. (1 total)
[GameContext] Convention Breaker gains 1 credit. (2 total)
[GameContext] Convention Breaker gains 1 credit. (3 total)
[GameContext] Convention Breaker discards VRcation to hand limit. (5 cards remaining)
[GameContext] Extract. Export. Excel. draws Send a Message.
[GameContext] === Extract. Export. Excel. Turn 22 begins. Credits: 12, Clicks: 3 ===
[GameContext] Extract. Export. Excel. deck empty — cannot draw.
[GameContext] Extract. Export. Excel. draws 0 card(s).
[GameContext] Extract. Export. Excel. rezzes Spin Doctor for 0 cr.
[GameContext] [MCTS] slow search: 524 ms (100 iterations, depth 3)
[GameContext] Extract. Export. Excel. advances Artificial Cryptocrash (1 counters).
[GameContext] [MCTS] slow search: 636 ms (100 iterations, depth 3)
[GameContext] Extract. Export. Excel. takes 3 cr from Regolith Mining License (6 remaining).
[GameContext] [MCTS] slow search: 929 ms (100 iterations, depth 3)
[GameContext] Extract. Export. Excel. advances Artificial Cryptocrash (2 counters).
[heartbeat] game 7/10 — turn 22, time 332s
[GameContext] === Convention Breaker Turn 23 begins. Credits: 3, Clicks: 4 ===
[GameContext] Convention Breaker gains 1 credit. (4 total)
[GameContext] --- Run on Server 1 begins ---
[GameContext] [Initiation] Run declared on Server 1.
[GameContext] [Approach] Runner approaches unrezzed ice (position 0).
[CorpRunAI] AI: Palisade — rez_cost=3  tax/enc=1.0  enc=2.5  LTV=2.5
[GameContext] [Approach] Corp declines to rez. Runner passes unrezzed ice.
[GameContext] [Movement] Runner approaches the server root.
[GameContext] [Success] Run successful on Server 1!
[GameContext] [Debug/gain_on_success] run_modifiers at success: {  }
[GameContext] [Breach] Runner breaches Server 1.
[GameContext] [Access] Runner accesses: Artificial Cryptocrash
[GameContext] [Access] Runner steals Artificial Cryptocrash! (2 agenda points)
[GameContext] Runner wins by stealing agendas!
[GameContext] [End] Run ended successfully.
[GameContext] Game over — Convention Breaker wins. Convention Breaker stole enough agendas to win
  [  7/ 10]  RUNNER    Convention Breaker stole enough agendas to win  23 turns
[GameContext] Extract. Export. Excel. draws Ballista.
[GameContext] === Extract. Export. Excel. Turn 1 begins. Credits: 5, Clicks: 3 ===
[GameContext] [MCTS] slow search: 372 ms (100 iterations, depth 3)
[GameContext] Extract. Export. Excel. installs Maskirovka in R&D.
[GameContext] [MCTS] slow search: 331 ms (100 iterations, depth 3)
[GameContext] Extract. Export. Excel. installs Palisade in HQ.
[GameContext] [MCTS] slow search: 324 ms (100 iterations, depth 3)
[GameContext] Extract. Export. Excel. installs Ballista in Server 0.
[GameContext] === Convention Breaker Turn 2 begins. Credits: 5, Clicks: 4 ===
[GameContext] Run modifier set: overclock_credits = 5
[GameContext] --- Run on HQ begins ---
[GameContext] [Initiation] Run declared on HQ.
[GameContext] [Approach] Runner approaches unrezzed ice (position 0).
[CorpRunAI] AI: rezzing Palisade would breach credit floor — holding.
[GameContext] [Approach] Corp declines to rez. Runner passes unrezzed ice.
[GameContext] [Movement] Runner approaches the server root.
[GameContext] [Success] Run successful on HQ!
[GameContext] [Debug/gain_on_success] run_modifiers at success: { "overclock_credits": 5, "run_event_active": 1 }
[GameContext] [Breach] Runner breaches HQ.
[GameContext] [Access] Runner accesses: Big Deal
[GameContext] [End] Run ended successfully.
[GameContext] Overclock: 5 unspent credit(s) returned to the bank.
[GameContext] Convention Breaker plays Overclock.
[GameContext] Run modifier set: bonus_access = 1
[GameContext] --- Run on HQ begins ---
[GameContext] [Initiation] Run declared on HQ.
[GameContext] [Approach] Runner approaches unrezzed ice (position 0).
[CorpRunAI] AI: rezzing Palisade would breach credit floor — holding.
[GameContext] [Approach] Corp declines to rez. Runner passes unrezzed ice.
[GameContext] [Movement] Runner approaches the server root.
[GameContext] [Success] Run successful on HQ!
[GameContext] [Debug/gain_on_success] run_modifiers at success: { "bonus_access": 1, "run_event_active": 1 }
[GameContext] [Breach] Runner breaches HQ.
[GameContext] [Breach] Bonus access: 1 extra card(s).
[GameContext] [Access] Runner accesses: Anthill Excavation Contract
[GameContext] [Access] Runner may trash Anthill Excavation Contract for 1 credits (Runner has 4 total).
[GameContext] [Access] Runner trashes Anthill Excavation Contract.
[GameContext] [Access] Runner accesses: Big Deal
[GameContext] [End] Run ended successfully.
[GameContext] Convention Breaker plays Jailbreak.
[GameContext] --- Run on R&D begins ---
[GameContext] [Initiation] Run declared on R&D.
[GameContext] [Approach] Runner approaches unrezzed ice (position 0).
[CorpRunAI] AI: rezzing Maskirovka would breach credit floor — holding.
[GameContext] [Approach] Corp declines to rez. Runner passes unrezzed ice.
[GameContext] [Movement] Runner approaches the server root.
[GameContext] [Success] Run successful on R&D!
[GameContext] [Debug/gain_on_success] run_modifiers at success: {  }
[GameContext] [Breach] Runner breaches R&D.
[GameContext] [Access] Runner accesses: Hedge Fund
[GameContext] [End] Run ended successfully.
[GameContext] --- Run on HQ begins ---
[GameContext] [Initiation] Run declared on HQ.
[GameContext] [Approach] Runner approaches unrezzed ice (position 0).
[CorpRunAI] AI: rezzing Palisade would breach credit floor — holding.
[GameContext] [Approach] Corp declines to rez. Runner passes unrezzed ice.
[GameContext] [Movement] Runner approaches the server root.
[GameContext] [Success] Run successful on HQ!
[GameContext] [Debug/gain_on_success] run_modifiers at success: {  }
[GameContext] [Breach] Runner breaches HQ.
[GameContext] [Access] Runner accesses: Hedge Fund
[GameContext] [End] Run ended successfully.
[GameContext] Extract. Export. Excel. draws Hedge Fund.
[GameContext] === Extract. Export. Excel. Turn 2 begins. Credits: 5, Clicks: 3 ===
[GameContext] [MCTS] slow search: 287 ms (100 iterations, depth 3)
[GameContext] Extract. Export. Excel. draws Extract.
[GameContext] [MCTS] slow search: 306 ms (100 iterations, depth 3)
[GameContext] Extract. Export. Excel. gains 9 credits.
[GameContext] Extract. Export. Excel. plays Hedge Fund.
[GameContext] [MCTS] slow search: 306 ms (100 iterations, depth 3)
[GameContext] Extract. Export. Excel. draws Regolith Mining License.
[heartbeat] game 8/10 — turn 2, time 337s
[GameContext] === Convention Breaker Turn 3 begins. Credits: 3, Clicks: 4 ===
[GameContext] --- Run on R&D begins ---
[GameContext] [Initiation] Run declared on R&D.
[GameContext] [Approach] Runner approaches unrezzed ice (position 0).
[CorpRunAI] AI: Maskirovka — rez_cost=3  tax/enc=9.0  enc=3.0  LTV=27.0
[GameContext] [Rez] Corp rezzes Maskirovka for 3 credits.
[GameContext] [Encounter] Runner encounters Maskirovka.
[GameContext] Extract. Export. Excel. gains 2 credits.
[GameContext] Run ended.
[GameContext] [Encounter] Run ended by subroutine.
[GameContext] [End] Run ended unsuccessfully.
[GameContext] --- Run on HQ begins ---
[GameContext] [Initiation] Run declared on HQ.
[GameContext] [Approach] Runner approaches unrezzed ice (position 0).
[CorpRunAI] AI: Palisade — rez_cost=3  tax/enc=6.0  enc=3.0  LTV=18.0
[GameContext] [Rez] Corp rezzes Palisade for 3 credits.
[GameContext] [Encounter] Runner encounters Palisade.
[GameContext] Run ended.
[GameContext] [Encounter] Run ended by subroutine.
[GameContext] [End] Run ended unsuccessfully.
Player install: card is: Unity and charged cost is: 3
[GameContext] Convention Breaker installs Unity. [MU: 1/4 used]
[GameContext] Convention Breaker draws Telework Contract.
[GameContext] Extract. Export. Excel. draws Mutually Assured Destruction.
[GameContext] === Extract. Export. Excel. Turn 3 begins. Credits: 5, Clicks: 3 ===
[GameContext] [MCTS] slow search: 362 ms (100 iterations, depth 3)
[GameContext] Extract. Export. Excel. spends 2 additional click(s) to play Mutually Assured Destruction.
[GameContext] [M.A.D.] Extract. Export. Excel. trashes Palisade — Runner gains 1 tag (1 trashed total).
[GameContext] [M.A.D.] Extract. Export. Excel. trashes Maskirovka — Runner gains 1 tag (2 trashed total).
[GameContext] [M.A.D.] No rezzed cards remaining to trash.
[GameContext] Extract. Export. Excel. plays Mutually Assured Destruction.
[GameContext] === Convention Breaker Turn 4 begins. Credits: 0, Clicks: 4 ===
[GameContext] --- Run on R&D begins ---
[GameContext] [Initiation] Run declared on R&D.
[GameContext] [Initiation] No ice protecting server — proceeding to root.
[GameContext] [Movement] Runner approaches the server root.
[GameContext] [Success] Run successful on R&D!
[GameContext] [Debug/gain_on_success] run_modifiers at success: {  }
[GameContext] [Breach] Runner breaches R&D.
[GameContext] [Access] Runner accesses: Maskirovka
[GameContext] [End] Run ended successfully.
[GameContext] --- Run on HQ begins ---
[GameContext] [Initiation] Run declared on HQ.
[GameContext] [Initiation] No ice protecting server — proceeding to root.
[GameContext] [Movement] Runner approaches the server root.
[GameContext] [Success] Run successful on HQ!
[GameContext] [Debug/gain_on_success] run_modifiers at success: {  }
[GameContext] [Breach] Runner breaches HQ.
[GameContext] [Access] Runner accesses: Extract
[GameContext] [End] Run ended successfully.
[GameContext] Convention Breaker draws Verbal Plasticity.
[GameContext] Convention Breaker draws Red Team.
[GameContext] Extract. Export. Excel. draws Maskirovka.
[GameContext] === Extract. Export. Excel. Turn 4 begins. Credits: 1, Clicks: 3 ===
[GameContext] [MCTS] slow search: 208 ms (100 iterations, depth 3)
[GameContext] Extract. Export. Excel. installs Maskirovka in R&D.
[GameContext] Extract. Export. Excel. gains 1 credit. (2 total)
[GameContext] Extract. Export. Excel. gains 1 credit. (3 total)
[GameContext] === Convention Breaker Turn 5 begins. Credits: 0, Clicks: 4 ===
[GameContext] Convention Breaker gains 1 credit. (1 total)
[GameContext] --- Run on R&D begins ---
[GameContext] [Initiation] Run declared on R&D.
[GameContext] [Approach] Runner approaches unrezzed ice (position 0).
[CorpRunAI] AI: rezzing Maskirovka would breach credit floor — holding.
[GameContext] [Approach] Corp declines to rez. Runner passes unrezzed ice.
[GameContext] [Movement] Runner approaches the server root.
[GameContext] [Success] Run successful on R&D!
[GameContext] [Debug/gain_on_success] run_modifiers at success: {  }
[GameContext] [Breach] Runner breaches R&D.
[GameContext] [Access] Runner accesses: Regolith Mining License
[GameContext] [Access] Runner may trash Regolith Mining License for 3 credits (Runner has 1 total).
[GameContext] [Access] Runner cannot afford to trash.
[GameContext] [End] Run ended successfully.
[GameContext] --- Run on HQ begins ---
[GameContext] [Initiation] Run declared on HQ.
[GameContext] [Initiation] No ice protecting server — proceeding to root.
[GameContext] [Movement] Runner approaches the server root.
[GameContext] [Success] Run successful on HQ!
[GameContext] [Debug/gain_on_success] run_modifiers at success: {  }
[GameContext] [Breach] Runner breaches HQ.
[GameContext] [Access] Runner accesses: Big Deal
[GameContext] [End] Run ended successfully.
[GameContext] Convention Breaker gains 1 credit. (2 total)
[GameContext] Extract. Export. Excel. draws Regolith Mining License.
[GameContext] === Extract. Export. Excel. Turn 5 begins. Credits: 3, Clicks: 3 ===
[GameContext] Extract. Export. Excel. gains 6 credits.
[GameContext] Extract. Export. Excel. plays Extract.
[GameContext] Extract. Export. Excel. gains 9 credits.
[GameContext] Extract. Export. Excel. plays Hedge Fund.
[GameContext] Extract. Export. Excel. draws Stavka.
[GameContext] === Convention Breaker Turn 6 begins. Credits: 2, Clicks: 4 ===
[GameContext] Convention Breaker gains 1 credit. (3 total)
[GameContext] --- Run on R&D begins ---
[GameContext] [Initiation] Run declared on R&D.
[GameContext] [Approach] Runner approaches unrezzed ice (position 0).
[CorpRunAI] AI: Maskirovka — rez_cost=3  tax/enc=9.0  enc=3.0  LTV=27.0
[GameContext] [Rez] Corp rezzes Maskirovka for 3 credits.
[GameContext] [Encounter] Runner encounters Maskirovka.
[GameContext] Extract. Export. Excel. gains 2 credits.
[GameContext] Run ended.
[GameContext] [Encounter] Run ended by subroutine.
[GameContext] [End] Run ended unsuccessfully.
[GameContext] --- Run on HQ begins ---
[GameContext] [Initiation] Run declared on HQ.
[GameContext] [Initiation] No ice protecting server — proceeding to root.
[GameContext] [Movement] Runner approaches the server root.
[GameContext] [Success] Run successful on HQ!
[GameContext] [Debug/gain_on_success] run_modifiers at success: {  }
[GameContext] [Breach] Runner breaches HQ.
[GameContext] [Access] Runner accesses: Regolith Mining License
[GameContext] [Access] Runner may trash Regolith Mining License for 3 credits (Runner has 3 total).
[GameContext] [Access] Runner trashes Regolith Mining License.
[GameContext] [End] Run ended successfully.
[GameContext] Convention Breaker gains 1 credit. (1 total)
[GameContext] Extract. Export. Excel. draws Extract.
[GameContext] === Extract. Export. Excel. Turn 6 begins. Credits: 9, Clicks: 3 ===
[GameContext] [MCTS] slow search: 330 ms (100 iterations, depth 3)
[GameContext] Extract. Export. Excel. installs Stavka in HQ.
[heartbeat] game 8/10 — turn 6, time 342s
[GameContext] [MCTS] slow search: 322 ms (100 iterations, depth 3)
[GameContext] Extract. Export. Excel. draws Maskirovka.
[GameContext] [MCTS] slow search: 389 ms (100 iterations, depth 3)
[GameContext] Extract. Export. Excel. gains 1 credit. (10 total)
[GameContext] === Convention Breaker Turn 7 begins. Credits: 1, Clicks: 4 ===
[GameContext] Convention Breaker gains 1 credit. (2 total)
[GameContext] Convention Breaker gains 1 credit. (3 total)
[GameContext] --- Run on HQ begins ---
[GameContext] [Initiation] Run declared on HQ.
[GameContext] [Approach] Runner approaches unrezzed ice (position 0).
[CorpRunAI] AI: Stavka — rez_cost=4  tax/enc=8.0  enc=3.0  LTV=24.0
[GameContext] [Rez] Corp rezzes Stavka for 4 credits.
[GameContext] [Encounter] Runner encounters Stavka.
[GameContext] [Movement] Runner approaches the server root.
[GameContext] [Success] Run successful on HQ!
[GameContext] [Debug/gain_on_success] run_modifiers at success: {  }
[GameContext] [Breach] Runner breaches HQ.
[GameContext] [Access] Runner accesses: Maskirovka
[GameContext] [End] Run ended successfully.
[GameContext] Convention Breaker removes 1 tag (1 remaining). [paid 2cr]
[GameContext] Extract. Export. Excel. draws Spin Doctor.
[GameContext] === Extract. Export. Excel. Turn 7 begins. Credits: 6, Clicks: 3 ===
[GameContext] [MCTS] slow search: 454 ms (100 iterations, depth 3)
[GameContext] Extract. Export. Excel. pays 1 credit(s) to install ice.
[GameContext] Extract. Export. Excel. installs Maskirovka in R&D.
[GameContext] [MCTS] slow search: 380 ms (100 iterations, depth 3)
[GameContext] Extract. Export. Excel. gains 6 credits.
[GameContext] Extract. Export. Excel. plays Extract.
[GameContext] [MCTS] slow search: 340 ms (100 iterations, depth 3)
[GameContext] Extract. Export. Excel. draws Government Subsidy.
[GameContext] === Convention Breaker Turn 8 begins. Credits: 1, Clicks: 4 ===
[GameContext] Convention Breaker gains 1 credit. (2 total)
[GameContext] Convention Breaker removes 1 tag (0 remaining). [paid 2cr]
[GameContext] Convention Breaker gains 1 credit. (1 total)
[GameContext] Convention Breaker gains 1 credit. (2 total)
[GameContext] Extract. Export. Excel. draws Big Deal.
[GameContext] === Extract. Export. Excel. Turn 8 begins. Credits: 8, Clicks: 3 ===
[GameContext] [MCTS] slow search: 337 ms (100 iterations, depth 3)
[GameContext] Extract. Export. Excel. installs Regolith Mining License in Server 0.
[heartbeat] game 8/10 — turn 8, time 347s
[GameContext] [MCTS] slow search: 320 ms (100 iterations, depth 3)
[GameContext] Extract. Export. Excel. gains 1 credit. (9 total)
[GameContext] [MCTS] slow search: 304 ms (100 iterations, depth 3)
[GameContext] Extract. Export. Excel. draws Stavka.
[GameContext] === Convention Breaker Turn 9 begins. Credits: 2, Clicks: 4 ===
[GameContext] Convention Breaker gains 1 credit. (3 total)
[GameContext] Convention Breaker gains 1 credit. (4 total)
[GameContext] Convention Breaker gains 1 credit. (5 total)
[GameContext] Convention Breaker gains 9 credits.
[GameContext] Convention Breaker plays Sure Gamble.
[GameContext] Extract. Export. Excel. draws Artificial Cryptocrash.
[GameContext] === Extract. Export. Excel. Turn 9 begins. Credits: 9, Clicks: 3 ===
[GameContext] Placed 15 credits counter(s) on Regolith Mining License.
[GameContext] Extract. Export. Excel. rezzes Regolith Mining License for 2 cr.
[GameContext] [MCTS] slow search: 615 ms (100 iterations, depth 3)
[GameContext] Extract. Export. Excel. installs Stavka in Server 1.
[GameContext] [MCTS] slow search: 555 ms (100 iterations, depth 3)
[GameContext] Extract. Export. Excel. installs Artificial Cryptocrash in Server 1.
[GameContext] [MCTS] slow search: 654 ms (100 iterations, depth 3)
[GameContext] Extract. Export. Excel. advances Artificial Cryptocrash (1 counters).
[GameContext] === Convention Breaker Turn 10 begins. Credits: 9, Clicks: 4 ===
[GameContext] --- Run on Server 1 begins ---
[GameContext] [Initiation] Run declared on Server 1.
[GameContext] [Approach] Runner approaches unrezzed ice (position 0).
[CorpRunAI] AI: Stavka — rez_cost=4  tax/enc=8.0  enc=2.5  LTV=20.0
[CorpRunAI] AI: deferring Stavka (pri=10.00) — saving for Maskirovka on rd (pri=22.50)
[GameContext] [Approach] Corp declines to rez. Runner passes unrezzed ice.
[GameContext] [Movement] Runner approaches the server root.
[GameContext] [Success] Run successful on Server 1!
[GameContext] [Debug/gain_on_success] run_modifiers at success: {  }
[GameContext] [Breach] Runner breaches Server 1.
[GameContext] [Access] Runner accesses: Artificial Cryptocrash
[GameContext] [Access] Runner steals Artificial Cryptocrash! (2 agenda points)
[GameContext] [End] Run ended successfully.
[GameContext] Convention Breaker draws Jailbreak.
[GameContext] Convention Breaker gains 1 credit. (10 total)
[GameContext] Convention Breaker gains 1 credit. (11 total)
[GameContext] Extract. Export. Excel. draws Hedge Fund.
[GameContext] === Extract. Export. Excel. Turn 10 begins. Credits: 6, Clicks: 3 ===
[GameContext] [MCTS] slow search: 393 ms (100 iterations, depth 3)
[heartbeat] game 8/10 — turn 10, time 352s
[GameContext] Extract. Export. Excel. gains 9 credits.
[GameContext] Extract. Export. Excel. plays Hedge Fund.
[GameContext] [MCTS] slow search: 433 ms (100 iterations, depth 3)
[GameContext] Extract. Export. Excel. draws Extract.
[GameContext] [MCTS] slow search: 459 ms (100 iterations, depth 3)
[GameContext] Extract. Export. Excel. gains 14 credits.
[GameContext] Extract. Export. Excel. plays Government Subsidy.
[GameContext] === Convention Breaker Turn 11 begins. Credits: 11, Clicks: 4 ===
[GameContext] Convention Breaker gains 1 credit. (12 total)
[GameContext] Convention Breaker gains 1 credit. (13 total)
[GameContext] Convention Breaker gains 1 credit. (14 total)
[GameContext] Convention Breaker gains 1 credit. (15 total)
[GameContext] Extract. Export. Excel. draws Vladisibirsk City Grid.
[GameContext] === Extract. Export. Excel. Turn 11 begins. Credits: 14, Clicks: 3 ===
[GameContext] [MCTS] slow search: 502 ms (100 iterations, depth 3)
[GameContext] Extract. Export. Excel. draws Pharos.
[GameContext] [MCTS] slow search: 460 ms (100 iterations, depth 3)
[GameContext] Extract. Export. Excel. installs Vladisibirsk City Grid in R&D.
[GameContext] [MCTS] slow search: 468 ms (100 iterations, depth 3)
[GameContext] Extract. Export. Excel. pays 1 credit(s) to install ice.
[GameContext] Extract. Export. Excel. installs Pharos in HQ.
[GameContext] === Convention Breaker Turn 12 begins. Credits: 15, Clicks: 4 ===
[GameContext] Convention Breaker gains 1 credit. (16 total)
[GameContext] Convention Breaker gains 1 credit. (17 total)
[GameContext] Convention Breaker gains 1 credit. (18 total)
[GameContext] Convention Breaker gains 1 credit. (19 total)
[GameContext] Extract. Export. Excel. draws Spin Doctor.
[GameContext] === Extract. Export. Excel. Turn 12 begins. Credits: 13, Clicks: 3 ===
[GameContext] Extract. Export. Excel. rezzes Vladisibirsk City Grid for 3 cr.
[GameContext] [MCTS] slow search: 398 ms (100 iterations, depth 3)
[heartbeat] game 8/10 — turn 12, time 357s
[GameContext] Extract. Export. Excel. gains 1 credit. (11 total)
[GameContext] [MCTS] slow search: 370 ms (100 iterations, depth 3)
[GameContext] Extract. Export. Excel. gains 6 credits.
[GameContext] Extract. Export. Excel. plays Extract.
[GameContext] [MCTS] slow search: 450 ms (100 iterations, depth 3)
[GameContext] Extract. Export. Excel. gains 1 credit. (15 total)
[GameContext] === Convention Breaker Turn 13 begins. Credits: 19, Clicks: 4 ===
[GameContext] Convention Breaker gains 1 credit. (20 total)
[GameContext] Convention Breaker gains 1 credit. (21 total)
[GameContext] Convention Breaker gains 1 credit. (22 total)
[GameContext] Convention Breaker gains 1 credit. (23 total)
[GameContext] Extract. Export. Excel. draws Ballista.
[GameContext] === Extract. Export. Excel. Turn 13 begins. Credits: 15, Clicks: 3 ===
[GameContext] [MCTS] slow search: 453 ms (100 iterations, depth 3)
[GameContext] Extract. Export. Excel. gains 1 credit. (16 total)
[GameContext] [MCTS] slow search: 491 ms (100 iterations, depth 3)
[GameContext] Extract. Export. Excel. gains 1 credit. (17 total)
[GameContext] [MCTS] slow search: 566 ms (100 iterations, depth 3)
[GameContext] Extract. Export. Excel. pays 2 credit(s) to install ice.
[GameContext] Extract. Export. Excel. installs Ballista in R&D.
[GameContext] === Convention Breaker Turn 14 begins. Credits: 23, Clicks: 4 ===
[GameContext] Convention Breaker gains 1 credit. (24 total)
[GameContext] Convention Breaker gains 1 credit. (25 total)
[GameContext] Convention Breaker gains 1 credit. (26 total)
[GameContext] Convention Breaker gains 1 credit. (27 total)
[GameContext] Extract. Export. Excel. draws Mutually Assured Destruction.
[GameContext] === Extract. Export. Excel. Turn 14 begins. Credits: 15, Clicks: 3 ===
[GameContext] [MCTS] slow search: 449 ms (100 iterations, depth 3)
[heartbeat] game 8/10 — turn 14, time 363s
[GameContext] Extract. Export. Excel. spends 2 additional click(s) to play Mutually Assured Destruction.
[GameContext] Extract. Export. Excel. plays Mutually Assured Destruction.
[GameContext] === Convention Breaker Turn 15 begins. Credits: 27, Clicks: 4 ===
[GameContext] Convention Breaker gains 1 credit. (28 total)
[GameContext] Convention Breaker gains 1 credit. (29 total)
[GameContext] Convention Breaker gains 1 credit. (30 total)
[GameContext] Convention Breaker gains 1 credit. (31 total)
[GameContext] Extract. Export. Excel. draws Vladisibirsk City Grid.
[GameContext] === Extract. Export. Excel. Turn 15 begins. Credits: 11, Clicks: 3 ===
[GameContext] [MCTS] slow search: 356 ms (100 iterations, depth 3)
[GameContext] Extract. Export. Excel. installs Vladisibirsk City Grid in HQ.
[GameContext] [MCTS] slow search: 293 ms (100 iterations, depth 3)
[GameContext] Extract. Export. Excel. takes 3 cr from Regolith Mining License (12 remaining).
[GameContext] [MCTS] slow search: 403 ms (100 iterations, depth 3)
[GameContext] Extract. Export. Excel. gains 1 credit. (15 total)
[GameContext] === Convention Breaker Turn 16 begins. Credits: 31, Clicks: 4 ===
[GameContext] Convention Breaker gains 1 credit. (32 total)
[GameContext] Convention Breaker gains 1 credit. (33 total)
[GameContext] Convention Breaker gains 1 credit. (34 total)
[GameContext] Convention Breaker gains 1 credit. (35 total)
[GameContext] Extract. Export. Excel. draws Send a Message.
[GameContext] === Extract. Export. Excel. Turn 16 begins. Credits: 15, Clicks: 3 ===
[GameContext] Extract. Export. Excel. rezzes Vladisibirsk City Grid for 3 cr.
[GameContext] [MCTS] slow search: 861 ms (100 iterations, depth 3)
[GameContext] Extract. Export. Excel. installs Send a Message in Server 1.
[GameContext] [MCTS] slow search: 859 ms (100 iterations, depth 3)
[GameContext] Extract. Export. Excel. advances Send a Message (1 counters).
[heartbeat] game 8/10 — turn 16, time 368s
[GameContext] [MCTS] slow search: 849 ms (100 iterations, depth 3)
[GameContext] Extract. Export. Excel. advances Send a Message (2 counters).
[GameContext] === Convention Breaker Turn 17 begins. Credits: 35, Clicks: 4 ===
[GameContext] Convention Breaker gains 1 credit. (36 total)
[GameContext] Convention Breaker gains 1 credit. (37 total)
[GameContext] Convention Breaker gains 1 credit. (38 total)
[GameContext] --- Run on Server 1 begins ---
[GameContext] [Initiation] Run declared on Server 1.
[GameContext] [Approach] Runner approaches unrezzed ice (position 0).
[CorpRunAI] AI: Stavka — rez_cost=4  tax/enc=8.0  enc=2.5  LTV=20.0
[CorpRunAI] AI: deferring Stavka (pri=10.00) — saving for Ballista on rd (pri=15.00)
[GameContext] [Approach] Corp declines to rez. Runner passes unrezzed ice.
[GameContext] [Movement] Runner approaches the server root.
[GameContext] [Success] Run successful on Server 1!
[GameContext] [Debug/gain_on_success] run_modifiers at success: {  }
[GameContext] [Breach] Runner breaches Server 1.
[GameContext] [Access] Runner accesses: Send a Message
[GameContext] [Access] Runner steals Send a Message! (3 agenda points)
[GameContext] Rezzed Pharos for free.
[GameContext] [End] Run ended successfully.
[GameContext] Extract. Export. Excel. draws Artificial Cryptocrash.
[GameContext] === Extract. Export. Excel. Turn 17 begins. Credits: 10, Clicks: 3 ===
[GameContext] [MCTS] slow search: 602 ms (100 iterations, depth 3)
[GameContext] Extract. Export. Excel. installs Spin Doctor in Server 2.
[GameContext] [MCTS] slow search: 643 ms (100 iterations, depth 3)
[GameContext] Extract. Export. Excel. takes 3 cr from Regolith Mining License (9 remaining).
[GameContext] [MCTS] slow search: 715 ms (100 iterations, depth 3)
[GameContext] Extract. Export. Excel. draws Artificial Cryptocrash.
[GameContext] === Convention Breaker Turn 18 begins. Credits: 38, Clicks: 4 ===
[GameContext] Convention Breaker gains 1 credit. (39 total)
[GameContext] Convention Breaker gains 1 credit. (40 total)
[GameContext] Convention Breaker gains 1 credit. (41 total)
[GameContext] Convention Breaker gains 1 credit. (42 total)
[GameContext] Extract. Export. Excel. draws Government Subsidy.
[GameContext] === Extract. Export. Excel. Turn 18 begins. Credits: 13, Clicks: 3 ===
[GameContext] Extract. Export. Excel. draws 2 card(s).
[GameContext] Extract. Export. Excel. rezzes Spin Doctor for 0 cr.
[GameContext] [MCTS] slow search: 1287 ms (100 iterations, depth 3)
[heartbeat] game 8/10 — turn 18, time 374s
[GameContext] Extract. Export. Excel. installs Artificial Cryptocrash in Server 1.
[GameContext] [MCTS] slow search: 1582 ms (100 iterations, depth 3)
[GameContext] Extract. Export. Excel. advances Artificial Cryptocrash (1 counters).
[GameContext] [MCTS] slow search: 1554 ms (100 iterations, depth 3)
[GameContext] Extract. Export. Excel. advances Artificial Cryptocrash (2 counters).
[GameContext] Extract. Export. Excel. discards Government Subsidy to hand limit.
[GameContext] Extract. Export. Excel. discards Big Deal to hand limit.
[GameContext] === Convention Breaker Turn 19 begins. Credits: 42, Clicks: 4 ===
[GameContext] --- Run on Server 1 begins ---
[GameContext] [Initiation] Run declared on Server 1.
[GameContext] [Approach] Runner approaches unrezzed ice (position 0).
[CorpRunAI] AI: Stavka — rez_cost=4  tax/enc=8.0  enc=2.5  LTV=20.0
[CorpRunAI] AI: deferring Stavka (pri=10.00) — saving for Ballista on rd (pri=15.00)
[GameContext] [Approach] Corp declines to rez. Runner passes unrezzed ice.
[GameContext] [Movement] Runner approaches the server root.
[GameContext] [Success] Run successful on Server 1!
[GameContext] [Debug/gain_on_success] run_modifiers at success: {  }
[GameContext] [Breach] Runner breaches Server 1.
[GameContext] [Access] Runner accesses: Artificial Cryptocrash
[GameContext] [Access] Runner steals Artificial Cryptocrash! (2 agenda points)
[GameContext] Runner wins by stealing agendas!
[GameContext] [End] Run ended successfully.
[GameContext] Game over — Convention Breaker wins. Convention Breaker stole enough agendas to win
  [  8/ 10]  RUNNER    Convention Breaker stole enough agendas to win  19 turns
[GameContext] Extract. Export. Excel. draws Stavka.
[GameContext] === Extract. Export. Excel. Turn 1 begins. Credits: 5, Clicks: 3 ===
[GameContext] [MCTS] slow search: 568 ms (100 iterations, depth 3)
[heartbeat] game 9/10 — turn 1, time 379s
[GameContext] Extract. Export. Excel. installs Stavka in HQ.
[GameContext] [MCTS] slow search: 573 ms (100 iterations, depth 3)
[GameContext] Extract. Export. Excel. installs Stavka in Server 0.
[GameContext] [MCTS] slow search: 532 ms (100 iterations, depth 3)
[GameContext] Extract. Export. Excel. installs Pharos in R&D.
[GameContext] === Convention Breaker Turn 2 begins. Credits: 5, Clicks: 4 ===
[GameContext] --- Run on HQ begins ---
[GameContext] [Initiation] Run declared on HQ.
[GameContext] [Approach] Runner approaches unrezzed ice (position 0).
[CorpRunAI] AI: rezzing Stavka would breach credit floor — holding.
[GameContext] [Approach] Corp declines to rez. Runner passes unrezzed ice.
[GameContext] [Movement] Runner approaches the server root.
[GameContext] [Success] Run successful on HQ!
[GameContext] [Debug/gain_on_success] run_modifiers at success: {  }
[GameContext] [Breach] Runner breaches HQ.
[GameContext] [Access] Runner accesses: Hedge Fund
[GameContext] [End] Run ended successfully.
[GameContext] Run modifier set: overclock_credits = 5
[GameContext] --- Run on HQ begins ---
[GameContext] [Initiation] Run declared on HQ.
[GameContext] [Approach] Runner approaches unrezzed ice (position 0).
[CorpRunAI] AI: rezzing Stavka would breach credit floor — holding.
[GameContext] [Approach] Corp declines to rez. Runner passes unrezzed ice.
[GameContext] [Movement] Runner approaches the server root.
[GameContext] [Success] Run successful on HQ!
[GameContext] [Debug/gain_on_success] run_modifiers at success: { "overclock_credits": 5, "run_event_active": 1 }
[GameContext] [Breach] Runner breaches HQ.
[GameContext] [Access] Runner accesses: Hedge Fund
[GameContext] [End] Run ended successfully.
[GameContext] Overclock: 5 unspent credit(s) returned to the bank.
[GameContext] Convention Breaker plays Overclock.
Player install: card is: Unity and charged cost is: 3
[GameContext] Convention Breaker installs Unity. [MU: 1/4 used]
[GameContext] Run modifier set: extra_rez_cost = 3
[GameContext] --- Run on HQ begins ---
[GameContext] [Initiation] Run declared on HQ.
[GameContext] [Approach] Runner approaches unrezzed ice (position 0).
[GameContext] [Approach] Corp declines to rez. Runner passes unrezzed ice.
[GameContext] [Movement] Runner approaches the server root.
[GameContext] [Success] Run successful on HQ!
[GameContext] [Debug/gain_on_success] run_modifiers at success: { "extra_rez_cost": 3, "run_event_active": 1 }
[GameContext] [Breach] Runner breaches HQ.
[GameContext] [Access] Runner accesses: Hedge Fund
[GameContext] [End] Run ended successfully.
[GameContext] Convention Breaker plays Tread Lightly.
[GameContext] Extract. Export. Excel. draws Maskirovka.
[GameContext] === Extract. Export. Excel. Turn 2 begins. Credits: 5, Clicks: 3 ===
[GameContext] [MCTS] slow search: 533 ms (100 iterations, depth 3)
[GameContext] Extract. Export. Excel. gains 9 credits.
[GameContext] Extract. Export. Excel. plays Hedge Fund.
[GameContext] [MCTS] slow search: 474 ms (100 iterations, depth 3)
[GameContext] Extract. Export. Excel. draws Regolith Mining License.
[GameContext] [MCTS] slow search: 627 ms (100 iterations, depth 3)
[GameContext] Extract. Export. Excel. gains 1 credit. (10 total)
[heartbeat] game 9/10 — turn 2, time 384s
[GameContext] === Convention Breaker Turn 3 begins. Credits: 0, Clicks: 4 ===
[GameContext] Convention Breaker gains 1 credit. (1 total)
[GameContext] Convention Breaker gains 5 credits.
[GameContext] Convention Breaker will lose 1 click(s) next turn.
[GameContext] Convention Breaker plays Creative Commission.
[GameContext] --- Run on R&D begins ---
[GameContext] [Initiation] Run declared on R&D.
[GameContext] [Approach] Runner approaches unrezzed ice (position 0).
[CorpRunAI] AI: Pharos — rez_cost=7  tax/enc=13.0  enc=3.0  LTV=39.0
[GameContext] [Rez] Corp rezzes Pharos for 7 credits.
[GameContext] [Encounter] Runner encounters Pharos.
[GameContext] Convention Breaker takes 1 tag(s). (1 total)
[GameContext] Run ended.
[GameContext] [Encounter] Run ended by subroutine.
[GameContext] [End] Run ended unsuccessfully.
[GameContext] --- Run on HQ begins ---
[GameContext] [Initiation] Run declared on HQ.
[GameContext] [Approach] Runner approaches unrezzed ice (position 0).
[GameContext] [Approach] Corp declines to rez. Runner passes unrezzed ice.
[GameContext] [Movement] Runner approaches the server root.
[GameContext] [Success] Run successful on HQ!
[GameContext] [Debug/gain_on_success] run_modifiers at success: {  }
[GameContext] [Breach] Runner breaches HQ.
[GameContext] [Access] Runner accesses: Maskirovka
[GameContext] [End] Run ended successfully.
[GameContext] Extract. Export. Excel. draws Government Subsidy.
[GameContext] === Extract. Export. Excel. Turn 3 begins. Credits: 3, Clicks: 3 ===
[GameContext] [MCTS] slow search: 658 ms (100 iterations, depth 3)
[GameContext] Extract. Export. Excel. installs Vladisibirsk City Grid in Server 1.
[GameContext] [MCTS] slow search: 566 ms (100 iterations, depth 3)
[GameContext] Extract. Export. Excel. gains 1 credit. (4 total)
[GameContext] [MCTS] slow search: 542 ms (100 iterations, depth 3)
[GameContext] Extract. Export. Excel. gains 1 credit. (5 total)
[GameContext] Convention Breaker loses 1 click(s) this turn (deferred penalty).
[GameContext] === Convention Breaker Turn 4 begins. Credits: 5, Clicks: 3 ===
[GameContext] --- Run on HQ begins ---
[GameContext] [Initiation] Run declared on HQ.
[GameContext] [Approach] Runner approaches unrezzed ice (position 0).
[CorpRunAI] AI: rezzing Stavka would breach credit floor — holding.
[GameContext] [Approach] Corp declines to rez. Runner passes unrezzed ice.
[GameContext] [Movement] Runner approaches the server root.
[GameContext] [Success] Run successful on HQ!
[GameContext] [Debug/gain_on_success] run_modifiers at success: {  }
[GameContext] [Breach] Runner breaches HQ.
[GameContext] [Access] Runner accesses: Regolith Mining License
[GameContext] [Access] Runner may trash Regolith Mining License for 3 credits (Runner has 5 total).
[GameContext] [Access] Runner trashes Regolith Mining License.
[GameContext] [End] Run ended successfully.
[GameContext] Convention Breaker removes 1 tag (0 remaining). [paid 2cr]
[GameContext] Convention Breaker draws Cleaver.
[GameContext] Extract. Export. Excel. draws Spin Doctor.
[GameContext] === Extract. Export. Excel. Turn 4 begins. Credits: 5, Clicks: 3 ===
[GameContext] Extract. Export. Excel. rezzes Vladisibirsk City Grid for 3 cr.
[GameContext] [MCTS] slow search: 571 ms (100 iterations, depth 3)
[GameContext] Extract. Export. Excel. gains 1 credit. (3 total)
[GameContext] [MCTS] slow search: 532 ms (100 iterations, depth 3)
[GameContext] Extract. Export. Excel. gains 1 credit. (4 total)
[heartbeat] game 9/10 — turn 4, time 389s
[GameContext] [MCTS] slow search: 523 ms (100 iterations, depth 3)
[GameContext] Extract. Export. Excel. gains 1 credit. (5 total)
[GameContext] === Convention Breaker Turn 5 begins. Credits: 0, Clicks: 4 ===
[GameContext] Convention Breaker gains 1 credit. (1 total)
[GameContext] Convention Breaker gains 1 credit. (2 total)
[GameContext] --- Run on HQ begins ---
[GameContext] [Initiation] Run declared on HQ.
[GameContext] [Approach] Runner approaches unrezzed ice (position 0).
[CorpRunAI] AI: rezzing Stavka would breach credit floor — holding.
[GameContext] [Approach] Corp declines to rez. Runner passes unrezzed ice.
[GameContext] [Movement] Runner approaches the server root.
[GameContext] [Success] Run successful on HQ!
[GameContext] [Debug/gain_on_success] run_modifiers at success: {  }
[GameContext] [Breach] Runner breaches HQ.
[GameContext] [Access] Runner accesses: Government Subsidy
[GameContext] [End] Run ended successfully.
[GameContext] Convention Breaker draws Smartware Distributor.
[GameContext] Extract. Export. Excel. draws Ballista.
[GameContext] === Extract. Export. Excel. Turn 5 begins. Credits: 5, Clicks: 3 ===
[GameContext] [MCTS] slow search: 752 ms (100 iterations, depth 3)
[GameContext] Extract. Export. Excel. pays 1 credit(s) to install ice.
[GameContext] Extract. Export. Excel. installs Maskirovka in HQ.
[GameContext] [MCTS] slow search: 536 ms (100 iterations, depth 3)
[GameContext] Extract. Export. Excel. gains 1 credit. (5 total)
[GameContext] [MCTS] slow search: 565 ms (100 iterations, depth 3)
[GameContext] Extract. Export. Excel. gains 1 credit. (6 total)
[GameContext] === Convention Breaker Turn 6 begins. Credits: 2, Clicks: 4 ===
[GameContext] Convention Breaker gains 1 credit. (3 total)
[GameContext] Convention Breaker gains 1 credit. (4 total)
[GameContext] --- Run on HQ begins ---
[GameContext] [Initiation] Run declared on HQ.
[GameContext] [Approach] Runner approaches unrezzed ice (position 0).
[CorpRunAI] AI: Maskirovka — rez_cost=3  tax/enc=9.0  enc=3.0  LTV=27.0
[GameContext] [Rez] Corp rezzes Maskirovka for 3 credits.
[GameContext] [Encounter] Runner encounters Maskirovka.
[GameContext] Extract. Export. Excel. gains 2 credits.
[GameContext] Run ended.
[GameContext] [Encounter] Run ended by subroutine.
[GameContext] [End] Run ended unsuccessfully.
Player install: card is: Cleaver and charged cost is: 3
[GameContext] Convention Breaker installs Cleaver. [MU: 2/4 used]
[GameContext] Extract. Export. Excel. draws Hedge Fund.
[GameContext] === Extract. Export. Excel. Turn 6 begins. Credits: 5, Clicks: 3 ===
[GameContext] [MCTS] slow search: 631 ms (100 iterations, depth 3)
[heartbeat] game 9/10 — turn 6, time 394s
[GameContext] Extract. Export. Excel. gains 9 credits.
[GameContext] Extract. Export. Excel. plays Hedge Fund.
[GameContext] [MCTS] slow search: 527 ms (100 iterations, depth 3)
[GameContext] Extract. Export. Excel. pays 1 credit(s) to install ice.
[GameContext] Extract. Export. Excel. installs Ballista in R&D.
[GameContext] [MCTS] slow search: 456 ms (100 iterations, depth 3)
[GameContext] Extract. Export. Excel. draws Stavka.
[GameContext] === Convention Breaker Turn 7 begins. Credits: 1, Clicks: 4 ===
[GameContext] Convention Breaker draws Telework Contract.
[GameContext] Convention Breaker draws Cleaver.
[GameContext] Convention Breaker draws Mayfly.
Player install: card is: Mayfly and charged cost is: 1
[GameContext] Convention Breaker installs Mayfly. [MU: 4/4 used]
[GameContext] Extract. Export. Excel. draws Regolith Mining License.
[GameContext] === Extract. Export. Excel. Turn 7 begins. Credits: 8, Clicks: 3 ===
[GameContext] [MCTS] slow search: 808 ms (100 iterations, depth 3)
[GameContext] Extract. Export. Excel. gains 1 credit. (9 total)
[GameContext] [MCTS] slow search: 812 ms (100 iterations, depth 3)
[GameContext] Extract. Export. Excel. gains 1 credit. (10 total)
[GameContext] [MCTS] slow search: 803 ms (100 iterations, depth 3)
[GameContext] Extract. Export. Excel. pays 2 credit(s) to install ice.
[GameContext] Extract. Export. Excel. installs Palisade in R&D.
[heartbeat] game 9/10 — turn 7, time 400s
[GameContext] === Convention Breaker Turn 8 begins. Credits: 0, Clicks: 4 ===
[GameContext] Convention Breaker draws VRcation.
[GameContext] Convention Breaker draws Jailbreak.
[GameContext] Run modifier set: bonus_access = 1
[GameContext] --- Run on HQ begins ---
[GameContext] [Initiation] Run declared on HQ.
[GameContext] [Approach] Runner approaches Maskirovka (position 0).
[GameContext] [Encounter] Runner encounters Maskirovka.
[GameContext] Extract. Export. Excel. gains 2 credits.
[GameContext] Run ended.
[GameContext] [Encounter] Run ended by subroutine.
[GameContext] [End] Run ended unsuccessfully.
[GameContext] Mayfly is trashed (end of run).
[GameContext] Convention Breaker plays Jailbreak.
[GameContext] Convention Breaker draws Docklands Pass.
[GameContext] Convention Breaker discards Smartware Distributor to hand limit. (5 cards remaining)
[GameContext] Extract. Export. Excel. draws Anthill Excavation Contract.
[GameContext] === Extract. Export. Excel. Turn 8 begins. Credits: 10, Clicks: 3 ===
[GameContext] [MCTS] slow search: 810 ms (100 iterations, depth 3)
[GameContext] Extract. Export. Excel. pays 2 credit(s) to install ice.
[GameContext] Extract. Export. Excel. installs Stavka in HQ.
[GameContext] [MCTS] slow search: 606 ms (100 iterations, depth 3)
[GameContext] Extract. Export. Excel. gains 1 credit. (9 total)
[GameContext] [MCTS] slow search: 599 ms (100 iterations, depth 3)
[GameContext] Extract. Export. Excel. gains 1 credit. (10 total)
[GameContext] === Convention Breaker Turn 9 begins. Credits: 0, Clicks: 4 ===
[GameContext] Convention Breaker draws Red Team.
[GameContext] Convention Breaker draws VRcation.
[GameContext] Convention Breaker draws Jailbreak.
[GameContext] Run modifier set: bonus_access = 1
[GameContext] --- Run on HQ begins ---
[GameContext] [Initiation] Run declared on HQ.
[GameContext] [Approach] Runner approaches unrezzed ice (position 0).
[CorpRunAI] AI: Stavka — rez_cost=4  tax/enc=8.0  enc=3.0  LTV=24.0
[GameContext] [Rez] Corp rezzes Stavka for 4 credits.
[GameContext] [Encounter] Runner encounters Stavka.
[GameContext] [Approach] Runner approaches Maskirovka (position 1).
[GameContext] [Encounter] Runner encounters Maskirovka.
[GameContext] Extract. Export. Excel. gains 2 credits.
[GameContext] Run ended.
[GameContext] [Encounter] Run ended by subroutine.
[GameContext] [End] Run ended unsuccessfully.
[GameContext] Convention Breaker plays Jailbreak.
[GameContext] Convention Breaker discards Telework Contract to hand limit. (5 cards remaining)
[GameContext] Convention Breaker discards Telework Contract to hand limit. (5 cards remaining)
[GameContext] Extract. Export. Excel. draws Send a Message.
[GameContext] === Extract. Export. Excel. Turn 9 begins. Credits: 8, Clicks: 3 ===
[GameContext] [MCTS] slow search: 1018 ms (100 iterations, depth 3)
[GameContext] Extract. Export. Excel. gains 1 credit. (9 total)
[heartbeat] game 9/10 — turn 9, time 405s
[GameContext] [MCTS] slow search: 1015 ms (100 iterations, depth 3)
[GameContext] Extract. Export. Excel. installs Send a Message in Server 0.
[GameContext] [MCTS] slow search: 930 ms (100 iterations, depth 3)
[GameContext] Extract. Export. Excel. advances Send a Message (1 counters).
[GameContext] === Convention Breaker Turn 10 begins. Credits: 0, Clicks: 4 ===
[GameContext] Convention Breaker draws Pennyshaver.
[GameContext] Convention Breaker draws Sure Gamble.
[GameContext] Convention Breaker draws Unity.
[GameContext] Convention Breaker gains 1 credit. (1 total)
[GameContext] Convention Breaker discards Red Team to hand limit. (5 cards remaining)
[GameContext] Convention Breaker discards VRcation to hand limit. (5 cards remaining)
[GameContext] Convention Breaker discards VRcation to hand limit. (5 cards remaining)
[GameContext] Extract. Export. Excel. draws Artificial Cryptocrash.
[GameContext] === Extract. Export. Excel. Turn 10 begins. Credits: 8, Clicks: 3 ===
[GameContext] [MCTS] slow search: 1128 ms (100 iterations, depth 3)
[GameContext] Extract. Export. Excel. advances Send a Message (2 counters).
[GameContext] [MCTS] slow search: 1121 ms (100 iterations, depth 3)
[GameContext] Extract. Export. Excel. advances Send a Message (3 counters).
[heartbeat] game 9/10 — turn 10, time 411s
[GameContext] [MCTS] slow search: 1195 ms (100 iterations, depth 3)
[GameContext] Extract. Export. Excel. advances Send a Message (4 counters).
[GameContext] === Convention Breaker Turn 11 begins. Credits: 1, Clicks: 4 ===
[GameContext] Convention Breaker gains 1 credit. (2 total)
[GameContext] --- Run on Server 0 begins ---
[GameContext] [Initiation] Run declared on Server 0.
[GameContext] [Approach] Runner approaches unrezzed ice (position 0).
[CorpRunAI] AI: Stavka — rez_cost=4  tax/enc=8.0  enc=2.5  LTV=20.0
[CorpRunAI] AI: deferring Stavka (pri=10.00) — saving for Ballista on rd (pri=15.00)
[GameContext] [Approach] Corp declines to rez. Runner passes unrezzed ice.
[GameContext] [Movement] Runner approaches the server root.
[GameContext] [Success] Run successful on Server 0!
[GameContext] [Debug/gain_on_success] run_modifiers at success: {  }
[GameContext] [Breach] Runner breaches Server 0.
[GameContext] [Access] Runner accesses: Send a Message
[GameContext] [Access] Runner steals Send a Message! (3 agenda points)
[GameContext] Rezzed Stavka for free.
[GameContext] [End] Run ended successfully.
[GameContext] Convention Breaker draws Creative Commission.
[GameContext] Convention Breaker draws Sure Gamble.
[GameContext] Convention Breaker discards Creative Commission to hand limit. (5 cards remaining)
[GameContext] Convention Breaker discards Sure Gamble to hand limit. (5 cards remaining)
[GameContext] Extract. Export. Excel. draws Vladisibirsk City Grid.
[GameContext] === Extract. Export. Excel. Turn 11 begins. Credits: 5, Clicks: 3 ===
[GameContext] [MCTS] slow search: 1024 ms (100 iterations, depth 3)
[GameContext] Extract. Export. Excel. installs Vladisibirsk City Grid in Server 2.
[GameContext] [MCTS] slow search: 999 ms (100 iterations, depth 3)
[GameContext] Extract. Export. Excel. installs Regolith Mining License in Server 0.
[GameContext] [MCTS] slow search: 831 ms (100 iterations, depth 3)
[GameContext] Extract. Export. Excel. gains 1 credit. (6 total)
[heartbeat] game 9/10 — turn 11, time 417s
[GameContext] === Convention Breaker Turn 12 begins. Credits: 2, Clicks: 4 ===
[GameContext] Convention Breaker draws Carmen.
[GameContext] Convention Breaker draws Mayfly.
Player install: card is: Mayfly and charged cost is: 1
[GameContext] Convention Breaker installs Mayfly. [MU: 4/4 used]
[GameContext] Convention Breaker draws Verbal Plasticity.
[GameContext] Convention Breaker discards Verbal Plasticity to hand limit. (5 cards remaining)
[GameContext] Convention Breaker discards Sure Gamble to hand limit. (5 cards remaining)
[GameContext] Extract. Export. Excel. draws Mutually Assured Destruction.
[GameContext] === Extract. Export. Excel. Turn 12 begins. Credits: 6, Clicks: 3 ===
[GameContext] Placed 15 credits counter(s) on Regolith Mining License.
[GameContext] Extract. Export. Excel. rezzes Regolith Mining License for 2 cr.
[GameContext] Extract. Export. Excel. rezzes Vladisibirsk City Grid for 3 cr.
[GameContext] [MCTS] slow search: 894 ms (100 iterations, depth 3)
[GameContext] Extract. Export. Excel. takes 3 cr from Regolith Mining License (12 remaining).
[GameContext] [MCTS] slow search: 858 ms (100 iterations, depth 3)
[GameContext] Extract. Export. Excel. takes 3 cr from Regolith Mining License (9 remaining).
[GameContext] [MCTS] slow search: 878 ms (100 iterations, depth 3)
[GameContext] Extract. Export. Excel. takes 3 cr from Regolith Mining License (6 remaining).
[GameContext] === Convention Breaker Turn 13 begins. Credits: 1, Clicks: 4 ===
[GameContext] Convention Breaker draws Sure Gamble.
[GameContext] Convention Breaker draws Carmen.
[GameContext] Convention Breaker draws Smartware Distributor.
[GameContext] Convention Breaker gains 1 credit. (2 total)
[GameContext] Convention Breaker discards Smartware Distributor to hand limit. (5 cards remaining)
[GameContext] Convention Breaker discards Sure Gamble to hand limit. (5 cards remaining)
[GameContext] Convention Breaker discards Docklands Pass to hand limit. (5 cards remaining)
[GameContext] Extract. Export. Excel. draws Extract.
[GameContext] === Extract. Export. Excel. Turn 13 begins. Credits: 10, Clicks: 3 ===
[GameContext] [MCTS] slow search: 1088 ms (100 iterations, depth 3)
[heartbeat] game 9/10 — turn 13, time 422s
[GameContext] Extract. Export. Excel. spends 2 additional click(s) to play Mutually Assured Destruction.
[GameContext] Extract. Export. Excel. plays Mutually Assured Destruction.
[GameContext] === Convention Breaker Turn 14 begins. Credits: 2, Clicks: 4 ===
[GameContext] Convention Breaker draws Jailbreak.
[GameContext] Convention Breaker draws Tread Lightly.
[GameContext] Run modifier set: extra_rez_cost = 3
[GameContext] --- Run on HQ begins ---
[GameContext] [Initiation] Run declared on HQ.
[GameContext] [Approach] Runner approaches Stavka (position 0).
[GameContext] [Encounter] Runner encounters Stavka.
[GameContext] [Encounter] Mayfly boosted  +1 str (now 2). Cost: 1 cr.
[GameContext] [Approach] Runner approaches Maskirovka (position 1).
[GameContext] [Encounter] Runner encounters Maskirovka.
[GameContext] Extract. Export. Excel. gains 2 credits.
[GameContext] Run ended.
[GameContext] [Encounter] Run ended by subroutine.
[GameContext] [End] Run ended unsuccessfully.
[GameContext] Mayfly is trashed (end of run).
[GameContext] Convention Breaker plays Tread Lightly.
[GameContext] Run modifier set: bonus_access = 1
[GameContext] --- Run on HQ begins ---
[GameContext] [Initiation] Run declared on HQ.
[GameContext] [Approach] Runner approaches Stavka (position 0).
[GameContext] [Encounter] Runner encounters Stavka.
[GameContext] [Approach] Runner approaches Maskirovka (position 1).
[GameContext] [Encounter] Runner encounters Maskirovka.
[GameContext] Extract. Export. Excel. gains 2 credits.
[GameContext] Run ended.
[GameContext] [Encounter] Run ended by subroutine.
[GameContext] [End] Run ended unsuccessfully.
[GameContext] Convention Breaker plays Jailbreak.
[GameContext] Extract. Export. Excel. draws Mutually Assured Destruction.
[GameContext] === Extract. Export. Excel. Turn 14 begins. Credits: 10, Clicks: 3 ===
[GameContext] [MCTS] slow search: 1010 ms (100 iterations, depth 3)
[GameContext] Extract. Export. Excel. spends 2 additional click(s) to play Mutually Assured Destruction.
[GameContext] Extract. Export. Excel. plays Mutually Assured Destruction.
[GameContext] === Convention Breaker Turn 15 begins. Credits: 0, Clicks: 4 ===
[GameContext] Convention Breaker draws Overclock.
[GameContext] Convention Breaker gains 1 credit. (1 total)
[GameContext] Run modifier set: overclock_credits = 5
[GameContext] --- Run on HQ begins ---
[GameContext] [Initiation] Run declared on HQ.
[GameContext] [Approach] Runner approaches Stavka (position 0).
[GameContext] [Encounter] Runner encounters Stavka.
[GameContext] [Approach] Runner approaches Maskirovka (position 1).
[GameContext] [Encounter] Runner encounters Maskirovka.
[GameContext] [Encounter] Cleaver breaks 'Gain 2[credit].' for 1 cr.
[GameContext] [Encounter] Cleaver breaks 'End the run.' for 1 cr.
[GameContext] [Encounter] Subroutine 0 broken.
[GameContext] [Encounter] Subroutine 1 broken.
[GameContext] [Approach] Runner approaches Stavka (position 2).
[GameContext] [Encounter] Runner encounters Stavka.
[GameContext] [Movement] Runner approaches the server root.
[GameContext] [Success] Run successful on HQ!
[GameContext] [Debug/gain_on_success] run_modifiers at success: { "overclock_credits": 3, "run_event_active": 1, "concerto_credits": 0, "bad_pub_credits": 0 }
[GameContext] [Breach] Runner breaches HQ.
[GameContext] [Access] Runner accesses: Spin Doctor
[GameContext] [Access] Runner may trash Spin Doctor for 2 credits (Runner has 3 total).
[GameContext] [End] Run ended successfully.
[GameContext] Overclock: 3 unspent credit(s) returned to the bank.
[GameContext] Convention Breaker plays Overclock.
[GameContext] Convention Breaker gains 1 credit. (1 total)
[GameContext] Extract. Export. Excel. draws Extract.
[GameContext] === Extract. Export. Excel. Turn 15 begins. Credits: 6, Clicks: 3 ===
[GameContext] [MCTS] slow search: 972 ms (100 iterations, depth 3)
[GameContext] Extract. Export. Excel. takes 3 cr from Regolith Mining License (3 remaining).
[GameContext] [MCTS] slow search: 1189 ms (100 iterations, depth 3)
[GameContext] Extract. Export. Excel. gains 6 credits.
[GameContext] Extract. Export. Excel. plays Extract.
[heartbeat] game 9/10 — turn 15, time 427s
[GameContext] [MCTS] slow search: 1204 ms (100 iterations, depth 3)
[GameContext] Extract. Export. Excel. takes 3 cr from Regolith Mining License (0 remaining).
[GameContext] Regolith Mining License is trashed (empty).
[GameContext] === Convention Breaker Turn 16 begins. Credits: 1, Clicks: 4 ===
[GameContext] Convention Breaker gains 1 credit. (2 total)
[GameContext] Convention Breaker gains 1 credit. (3 total)
[GameContext] Convention Breaker gains 1 credit. (4 total)
[GameContext] Convention Breaker gains 1 credit. (5 total)
[GameContext] Extract. Export. Excel. draws Send a Message.
[GameContext] === Extract. Export. Excel. Turn 16 begins. Credits: 15, Clicks: 3 ===
[GameContext] [MCTS] slow search: 1258 ms (100 iterations, depth 3)
[GameContext] Extract. Export. Excel. installs Artificial Cryptocrash in Server 0.
[GameContext] [MCTS] slow search: 1237 ms (100 iterations, depth 3)
[GameContext] Extract. Export. Excel. advances Artificial Cryptocrash (1 counters).
[heartbeat] game 9/10 — turn 16, time 432s
[GameContext] [MCTS] slow search: 1261 ms (100 iterations, depth 3)
[GameContext] Extract. Export. Excel. advances Artificial Cryptocrash (2 counters).
[GameContext] === Convention Breaker Turn 17 begins. Credits: 5, Clicks: 4 ===
[GameContext] --- Run on Server 0 begins ---
[GameContext] [Initiation] Run declared on Server 0.
[GameContext] [Approach] Runner approaches unrezzed ice (position 0).
[CorpRunAI] AI: Stavka — rez_cost=4  tax/enc=8.0  enc=2.5  LTV=20.0
[GameContext] [Rez] Corp rezzes Stavka for 4 credits.
[GameContext] [Encounter] Runner encounters Stavka.
[GameContext] [Movement] Runner approaches the server root.
[GameContext] [Success] Run successful on Server 0!
[GameContext] [Debug/gain_on_success] run_modifiers at success: {  }
[GameContext] [Breach] Runner breaches Server 0.
[GameContext] [Access] Runner accesses: Artificial Cryptocrash
[GameContext] [Access] Runner steals Artificial Cryptocrash! (2 agenda points)
[GameContext] [End] Run ended successfully.
[GameContext] Conditional install cost applies: Carmen costs 3¢ this turn.
Player install: card is: Carmen and charged cost is: 3
[GameContext] Convention Breaker installs Carmen. [MU: 3/4 used]
[GameContext] Convention Breaker gains 1 credit. (3 total)
[GameContext] Convention Breaker gains 1 credit. (4 total)
[GameContext] Extract. Export. Excel. draws Artificial Cryptocrash.
[GameContext] === Extract. Export. Excel. Turn 17 begins. Credits: 9, Clicks: 3 ===
[GameContext] Extract. Export. Excel. gains 6 credits.
[GameContext] Extract. Export. Excel. plays Extract.
[GameContext] Extract. Export. Excel. draws Big Deal.
[GameContext] Extract. Export. Excel. gains 14 credits.
[GameContext] Extract. Export. Excel. plays Government Subsidy.
[GameContext] === Convention Breaker Turn 18 begins. Credits: 4, Clicks: 4 ===
[GameContext] Convention Breaker gains 1 credit. (5 total)
[GameContext] Convention Breaker gains 1 credit. (6 total)
[GameContext] --- Run on HQ begins ---
[GameContext] [Initiation] Run declared on HQ.
[GameContext] [Approach] Runner approaches Stavka (position 0).
[GameContext] [Encounter] Runner encounters Stavka.
[GameContext] [Encounter] Carmen breaks 'Trash 1 installed program.' for 1 cr.
[GameContext] [Encounter] Carmen breaks 'Trash 1 installed program.' for 1 cr.
[GameContext] [Encounter] Subroutine 0 broken.
[GameContext] [Encounter] Subroutine 1 broken.
[GameContext] [Approach] Runner approaches Maskirovka (position 1).
[GameContext] [Encounter] Runner encounters Maskirovka.
[GameContext] [Encounter] Cleaver breaks 'Gain 2[credit].' for 1 cr.
[GameContext] [Encounter] Cleaver breaks 'End the run.' for 1 cr.
[GameContext] [Encounter] Subroutine 0 broken.
[GameContext] [Encounter] Subroutine 1 broken.
[GameContext] [Approach] Runner approaches Stavka (position 2).
[GameContext] [Encounter] Runner encounters Stavka.
[GameContext] [Encounter] Carmen breaks 'Trash 1 installed program.' for 1 cr.
[GameContext] [Encounter] Carmen breaks 'Trash 1 installed program.' for 1 cr.
[GameContext] [Encounter] Subroutine 0 broken.
[GameContext] [Encounter] Subroutine 1 broken.
[GameContext] [Movement] Runner approaches the server root.
[GameContext] [Success] Run successful on HQ!
[GameContext] [Debug/gain_on_success] run_modifiers at success: { "overclock_credits": 0, "concerto_credits": 0, "bad_pub_credits": 0 }
[GameContext] [Breach] Runner breaches HQ.
[GameContext] [Access] Runner accesses: Send a Message
[GameContext] [Access] Runner steals Send a Message! (3 agenda points)
[GameContext] Rezzed Palisade for free.
[GameContext] Runner wins by stealing agendas!
[GameContext] [End] Run ended successfully.
[GameContext] Game over — Convention Breaker wins. Convention Breaker stole enough agendas to win
  [  9/ 10]  RUNNER    Convention Breaker stole enough agendas to win  18 turns
[GameContext] Extract. Export. Excel. draws Ballista.
[GameContext] === Extract. Export. Excel. Turn 1 begins. Credits: 5, Clicks: 3 ===
[GameContext] [MCTS] slow search: 480 ms (100 iterations, depth 3)
[GameContext] Extract. Export. Excel. installs Ballista in HQ.
[GameContext] [MCTS] slow search: 473 ms (100 iterations, depth 3)
[GameContext] Extract. Export. Excel. installs Maskirovka in Server 0.
[heartbeat] game 10/10 — turn 1, time 437s
[GameContext] [MCTS] slow search: 509 ms (100 iterations, depth 3)
[GameContext] Extract. Export. Excel. installs Pharos in R&D.
[GameContext] === Convention Breaker Turn 2 begins. Credits: 5, Clicks: 4 ===
[GameContext] --- Run on HQ begins ---
[GameContext] [Initiation] Run declared on HQ.
[GameContext] [Approach] Runner approaches unrezzed ice (position 0).
[CorpRunAI] AI: rezzing Ballista would breach credit floor — holding.
[GameContext] [Approach] Corp declines to rez. Runner passes unrezzed ice.
[GameContext] [Movement] Runner approaches the server root.
[GameContext] [Success] Run successful on HQ!
[GameContext] [Debug/gain_on_success] run_modifiers at success: {  }
[GameContext] [Breach] Runner breaches HQ.
[GameContext] [Access] Runner accesses: Stavka
[GameContext] [End] Run ended successfully.
Player install: card is: Unity and charged cost is: 3
[GameContext] Convention Breaker installs Unity. [MU: 1/4 used]
[GameContext] Run modifier set: overclock_credits = 5
[GameContext] --- Run on HQ begins ---
[GameContext] [Initiation] Run declared on HQ.
[GameContext] [Approach] Runner approaches unrezzed ice (position 0).
[CorpRunAI] AI: rezzing Ballista would breach credit floor — holding.
[GameContext] [Approach] Corp declines to rez. Runner passes unrezzed ice.
[GameContext] [Movement] Runner approaches the server root.
[GameContext] [Success] Run successful on HQ!
[GameContext] [Debug/gain_on_success] run_modifiers at success: { "overclock_credits": 5, "run_event_active": 1 }
[GameContext] [Breach] Runner breaches HQ.
[GameContext] [Access] Runner accesses: Ballista
[GameContext] [End] Run ended successfully.
[GameContext] Overclock: 5 unspent credit(s) returned to the bank.
[GameContext] Convention Breaker plays Overclock.
[GameContext] Run modifier set: extra_rez_cost = 3
[GameContext] --- Run on HQ begins ---
[GameContext] [Initiation] Run declared on HQ.
[GameContext] [Approach] Runner approaches unrezzed ice (position 0).
[GameContext] [Approach] Corp declines to rez. Runner passes unrezzed ice.
[GameContext] [Movement] Runner approaches the server root.
[GameContext] [Success] Run successful on HQ!
[GameContext] [Debug/gain_on_success] run_modifiers at success: { "extra_rez_cost": 3, "run_event_active": 1 }
[GameContext] [Breach] Runner breaches HQ.
[GameContext] [Access] Runner accesses: Ballista
[GameContext] [End] Run ended successfully.
[GameContext] Convention Breaker plays Tread Lightly.
[GameContext] Extract. Export. Excel. draws Government Subsidy.
[GameContext] === Extract. Export. Excel. Turn 2 begins. Credits: 5, Clicks: 3 ===
[GameContext] [MCTS] slow search: 421 ms (100 iterations, depth 3)
[GameContext] Extract. Export. Excel. gains 1 credit. (6 total)
[GameContext] [MCTS] slow search: 408 ms (100 iterations, depth 3)
[GameContext] Extract. Export. Excel. gains 1 credit. (7 total)
[GameContext] [MCTS] slow search: 427 ms (100 iterations, depth 3)
[GameContext] Extract. Export. Excel. gains 1 credit. (8 total)
[GameContext] === Convention Breaker Turn 3 begins. Credits: 0, Clicks: 4 ===
[GameContext] Convention Breaker gains 1 credit. (1 total)
[GameContext] Convention Breaker gains 5 credits.
[GameContext] Convention Breaker will lose 1 click(s) next turn.
[GameContext] Convention Breaker plays Creative Commission.
[GameContext] --- Run on R&D begins ---
[GameContext] [Initiation] Run declared on R&D.
[GameContext] [Approach] Runner approaches unrezzed ice (position 0).
[CorpRunAI] AI: rezzing Pharos would breach credit floor — holding.
[GameContext] [Approach] Corp declines to rez. Runner passes unrezzed ice.
[GameContext] [Movement] Runner approaches the server root.
[GameContext] [Success] Run successful on R&D!
[GameContext] [Debug/gain_on_success] run_modifiers at success: {  }
[GameContext] [Breach] Runner breaches R&D.
[GameContext] [Access] Runner accesses: Regolith Mining License
[GameContext] [Access] Runner may trash Regolith Mining License for 3 credits (Runner has 5 total).
[GameContext] [Access] Runner trashes Regolith Mining License.
[GameContext] [End] Run ended successfully.
[GameContext] Convention Breaker draws Smartware Distributor.
[GameContext] Extract. Export. Excel. draws Artificial Cryptocrash.
[GameContext] === Extract. Export. Excel. Turn 3 begins. Credits: 8, Clicks: 3 ===
[GameContext] [MCTS] slow search: 443 ms (100 iterations, depth 3)
[GameContext] Extract. Export. Excel. pays 1 credit(s) to install ice.
[GameContext] Extract. Export. Excel. installs Ballista in HQ.
[GameContext] [MCTS] slow search: 468 ms (100 iterations, depth 3)
[GameContext] Extract. Export. Excel. installs Artificial Cryptocrash in Server 0.
[heartbeat] game 10/10 — turn 3, time 443s
[GameContext] [MCTS] slow search: 464 ms (100 iterations, depth 3)
[GameContext] Extract. Export. Excel. pays 1 credit(s) to install ice.
[GameContext] Extract. Export. Excel. installs Stavka in Server 0.
[GameContext] Convention Breaker loses 1 click(s) this turn (deferred penalty).
[GameContext] === Convention Breaker Turn 4 begins. Credits: 2, Clicks: 3 ===
[GameContext] --- Run on R&D begins ---
[GameContext] [Initiation] Run declared on R&D.
[GameContext] [Approach] Runner approaches unrezzed ice (position 0).
[GameContext] [Approach] Corp declines to rez. Runner passes unrezzed ice.
[GameContext] [Movement] Runner approaches the server root.
[GameContext] [Success] Run successful on R&D!
[GameContext] [Debug/gain_on_success] run_modifiers at success: {  }
[GameContext] [Breach] Runner breaches R&D.
[GameContext] [Access] Runner accesses: Spin Doctor
[GameContext] [Access] Runner may trash Spin Doctor for 2 credits (Runner has 2 total).
[GameContext] [Access] Runner trashes Spin Doctor.
[GameContext] [End] Run ended successfully.
[GameContext] Convention Breaker draws Telework Contract.
[GameContext] Convention Breaker draws Docklands Pass.
[GameContext] Extract. Export. Excel. draws Spin Doctor.
[GameContext] === Extract. Export. Excel. Turn 4 begins. Credits: 6, Clicks: 3 ===
[GameContext] [MCTS] slow search: 545 ms (100 iterations, depth 3)
[GameContext] Extract. Export. Excel. gains 1 credit. (7 total)
[GameContext] [MCTS] slow search: 560 ms (100 iterations, depth 3)
[GameContext] Extract. Export. Excel. advances Artificial Cryptocrash (1 counters).
[GameContext] [MCTS] slow search: 573 ms (100 iterations, depth 3)
[GameContext] Extract. Export. Excel. gains 1 credit. (7 total)
[GameContext] === Convention Breaker Turn 5 begins. Credits: 0, Clicks: 4 ===
[GameContext] Convention Breaker gains 1 credit. (1 total)
[GameContext] Convention Breaker gains 1 credit. (2 total)
[GameContext] --- Run on R&D begins ---
[GameContext] [Initiation] Run declared on R&D.
[GameContext] [Approach] Runner approaches unrezzed ice (position 0).
[CorpRunAI] AI: rezzing Pharos would breach credit floor — holding.
[GameContext] [Approach] Corp declines to rez. Runner passes unrezzed ice.
[GameContext] [Movement] Runner approaches the server root.
[GameContext] [Success] Run successful on R&D!
[GameContext] [Debug/gain_on_success] run_modifiers at success: {  }
[GameContext] [Breach] Runner breaches R&D.
[GameContext] [Access] Runner accesses: Hedge Fund
[GameContext] [End] Run ended successfully.
[GameContext] Convention Breaker draws Jailbreak.
[GameContext] Extract. Export. Excel. draws Hedge Fund.
[GameContext] === Extract. Export. Excel. Turn 5 begins. Credits: 7, Clicks: 3 ===
[GameContext] [MCTS] Scoring line detected — executing: Advance artificial_cryptocrash
[GameContext] Extract. Export. Excel. advances Artificial Cryptocrash (2 counters).
[GameContext] [MCTS] Scoring line detected — executing: Advance artificial_cryptocrash
[GameContext] Extract. Export. Excel. advances Artificial Cryptocrash (3 counters).
[heartbeat] game 10/10 — turn 5, time 448s
[GameContext] [MCTS] Scoring line detected — executing: Advance artificial_cryptocrash
[GameContext] Extract. Export. Excel. advances Artificial Cryptocrash (4 counters).
[GameContext] Extract. Export. Excel. scores Artificial Cryptocrash! (2 agenda points)
[GameContext] Convention Breaker loses 2 credits.
[GameContext] === Convention Breaker Turn 6 begins. Credits: 0, Clicks: 4 ===
[GameContext] Convention Breaker gains 1 credit. (1 total)
[GameContext] Convention Breaker gains 1 credit. (2 total)
[GameContext] --- Run on R&D begins ---
[GameContext] [Initiation] Run declared on R&D.
[GameContext] [Approach] Runner approaches unrezzed ice (position 0).
[GameContext] [Approach] Corp declines to rez. Runner passes unrezzed ice.
[GameContext] [Movement] Runner approaches the server root.
[GameContext] [Success] Run successful on R&D!
[GameContext] [Debug/gain_on_success] run_modifiers at success: {  }
[GameContext] [Breach] Runner breaches R&D.
[GameContext] [Access] Runner accesses: Hedge Fund
[GameContext] [End] Run ended successfully.
[GameContext] Run modifier set: bonus_access = 1
[GameContext] --- Run on HQ begins ---
[GameContext] [Initiation] Run declared on HQ.
[GameContext] [Approach] Runner approaches unrezzed ice (position 0).
[GameContext] [Approach] Corp declines to rez. Runner passes unrezzed ice.
[GameContext] [Approach] Runner approaches unrezzed ice (position 1).
[GameContext] [Approach] Corp declines to rez. Runner passes unrezzed ice.
[GameContext] [Movement] Runner approaches the server root.
[GameContext] [Success] Run successful on HQ!
[GameContext] [Debug/gain_on_success] run_modifiers at success: { "bonus_access": 1, "run_event_active": 1 }
[GameContext] [Breach] Runner breaches HQ.
[GameContext] [Breach] Bonus access: 1 extra card(s).
[GameContext] [Access] Runner accesses: Government Subsidy
[GameContext] [Access] Runner accesses: Government Subsidy
[GameContext] [End] Run ended successfully.
[GameContext] Convention Breaker plays Jailbreak.
[GameContext] Extract. Export. Excel. draws Hedge Fund.
[GameContext] === Extract. Export. Excel. Turn 6 begins. Credits: 4, Clicks: 3 ===
[GameContext] [MCTS] slow search: 419 ms (100 iterations, depth 3)
[GameContext] Extract. Export. Excel. installs Spin Doctor in Server 1.
[GameContext] [MCTS] slow search: 407 ms (100 iterations, depth 3)
[GameContext] Extract. Export. Excel. gains 1 credit. (5 total)
[GameContext] [MCTS] slow search: 480 ms (100 iterations, depth 3)
[GameContext] Extract. Export. Excel. gains 9 credits.
[GameContext] Extract. Export. Excel. plays Hedge Fund.
[GameContext] === Convention Breaker Turn 7 begins. Credits: 2, Clicks: 4 ===
[GameContext] Convention Breaker gains 1 credit. (3 total)
[GameContext] --- Run on R&D begins ---
[GameContext] [Initiation] Run declared on R&D.
[GameContext] [Approach] Runner approaches unrezzed ice (position 0).
[CorpRunAI] AI: rezzing Pharos would breach credit floor — holding.
[GameContext] [Approach] Corp declines to rez. Runner passes unrezzed ice.
[GameContext] [Movement] Runner approaches the server root.
[GameContext] [Success] Run successful on R&D!
[GameContext] [Debug/gain_on_success] run_modifiers at success: {  }
[GameContext] [Breach] Runner breaches R&D.
[GameContext] [Access] Runner accesses: Regolith Mining License
[GameContext] [Access] Runner may trash Regolith Mining License for 3 credits (Runner has 3 total).
[GameContext] [Access] Runner trashes Regolith Mining License.
[GameContext] [End] Run ended successfully.
[GameContext] Convention Breaker draws Jailbreak.
[GameContext] Run modifier set: bonus_access = 1
[GameContext] --- Run on HQ begins ---
[GameContext] [Initiation] Run declared on HQ.
[GameContext] [Approach] Runner approaches unrezzed ice (position 0).
[CorpRunAI] AI: Ballista — rez_cost=5  tax/enc=10.0  enc=3.0  LTV=30.0
[CorpRunAI] AI: deferring Ballista (pri=12.00) — saving for Pharos on rd (pri=16.71)
[GameContext] [Approach] Corp declines to rez. Runner passes unrezzed ice.
[GameContext] [Approach] Runner approaches unrezzed ice (position 1).
[CorpRunAI] AI: Ballista — rez_cost=5  tax/enc=10.0  enc=3.0  LTV=30.0
[CorpRunAI] AI: deferring Ballista (pri=12.00) — saving for Pharos on rd (pri=16.71)
[GameContext] [Approach] Corp declines to rez. Runner passes unrezzed ice.
[GameContext] [Movement] Runner approaches the server root.
[GameContext] [Success] Run successful on HQ!
[GameContext] [Debug/gain_on_success] run_modifiers at success: { "bonus_access": 1, "run_event_active": 1 }
[GameContext] [Breach] Runner breaches HQ.
[GameContext] [Breach] Bonus access: 1 extra card(s).
[GameContext] [Access] Runner accesses: Government Subsidy
[GameContext] [Access] Runner accesses: Government Subsidy
[GameContext] [End] Run ended successfully.
[GameContext] Convention Breaker plays Jailbreak.
[GameContext] Extract. Export. Excel. draws Vladisibirsk City Grid.
[GameContext] === Extract. Export. Excel. Turn 7 begins. Credits: 9, Clicks: 3 ===
[GameContext] Extract. Export. Excel. draws 2 card(s).
[GameContext] Extract. Export. Excel. rezzes Spin Doctor for 0 cr.
[GameContext] [MCTS] slow search: 591 ms (100 iterations, depth 3)
[GameContext] Extract. Export. Excel. installs Vladisibirsk City Grid in Server 2.
[GameContext] [MCTS] slow search: 760 ms (100 iterations, depth 3)
[GameContext] Extract. Export. Excel. installs Vladisibirsk City Grid in Server 3.
[heartbeat] game 10/10 — turn 7, time 453s
[GameContext] [MCTS] slow search: 724 ms (100 iterations, depth 3)
[GameContext] Spin Doctor: shuffled 2 card(s) from Archives into R&D.
[GameContext] Spin Doctor is trashed.
[GameContext] === Convention Breaker Turn 8 begins. Credits: 0, Clicks: 4 ===
[GameContext] Convention Breaker gains 1 credit. (1 total)
[GameContext] Convention Breaker gains 1 credit. (2 total)
[GameContext] Convention Breaker gains 1 credit. (3 total)
[GameContext] --- Run on R&D begins ---
[GameContext] [Initiation] Run declared on R&D.
[GameContext] [Approach] Runner approaches unrezzed ice (position 0).
[CorpRunAI] AI: rezzing Pharos would breach credit floor — holding.
[GameContext] [Approach] Corp declines to rez. Runner passes unrezzed ice.
[GameContext] [Movement] Runner approaches the server root.
[GameContext] [Success] Run successful on R&D!
[GameContext] [Debug/gain_on_success] run_modifiers at success: {  }
[GameContext] [Breach] Runner breaches R&D.
[GameContext] [Access] Runner accesses: Artificial Cryptocrash
[GameContext] [Access] Runner steals Artificial Cryptocrash! (2 agenda points)
[GameContext] [End] Run ended successfully.
[GameContext] Extract. Export. Excel. draws Stavka.
[GameContext] === Extract. Export. Excel. Turn 8 begins. Credits: 9, Clicks: 3 ===
[GameContext] Extract. Export. Excel. rezzes Vladisibirsk City Grid for 3 cr.
[GameContext] Extract. Export. Excel. rezzes Vladisibirsk City Grid for 3 cr.
[GameContext] [MCTS] slow search: 640 ms (100 iterations, depth 3)
[GameContext] Extract. Export. Excel. gains 1 credit. (4 total)
[GameContext] [MCTS] slow search: 649 ms (100 iterations, depth 3)
[GameContext] Extract. Export. Excel. gains 1 credit. (5 total)
[GameContext] [MCTS] slow search: 659 ms (100 iterations, depth 3)
[GameContext] Extract. Export. Excel. gains 9 credits.
[GameContext] Extract. Export. Excel. plays Hedge Fund.
[GameContext] === Convention Breaker Turn 9 begins. Credits: 3, Clicks: 4 ===
[GameContext] --- Run on R&D begins ---
[GameContext] [Initiation] Run declared on R&D.
[GameContext] [Approach] Runner approaches unrezzed ice (position 0).
[CorpRunAI] AI: rezzing Pharos would breach credit floor — holding.
[GameContext] [Approach] Corp declines to rez. Runner passes unrezzed ice.
[GameContext] [Movement] Runner approaches the server root.
[GameContext] [Success] Run successful on R&D!
[GameContext] [Debug/gain_on_success] run_modifiers at success: {  }
[GameContext] [Breach] Runner breaches R&D.
[GameContext] [Access] Runner accesses: Extract
[GameContext] [End] Run ended successfully.
Player install: card is: Cleaver and charged cost is: 3
[GameContext] Convention Breaker installs Cleaver. [MU: 2/4 used]
[GameContext] Convention Breaker draws Cleaver.
[GameContext] Convention Breaker draws Overclock.
[GameContext] Extract. Export. Excel. draws Extract.
[GameContext] === Extract. Export. Excel. Turn 9 begins. Credits: 9, Clicks: 3 ===
[GameContext] [MCTS] slow search: 687 ms (100 iterations, depth 3)
[heartbeat] game 10/10 — turn 9, time 459s
[GameContext] Extract. Export. Excel. draws Artificial Cryptocrash.
[GameContext] [MCTS] slow search: 687 ms (100 iterations, depth 3)
[GameContext] Extract. Export. Excel. gains 6 credits.
[GameContext] Extract. Export. Excel. plays Extract.
[GameContext] [MCTS] slow search: 780 ms (100 iterations, depth 3)
[GameContext] Extract. Export. Excel. pays 1 credit(s) to install ice.
[GameContext] Extract. Export. Excel. installs Stavka in R&D.
[GameContext] === Convention Breaker Turn 10 begins. Credits: 0, Clicks: 4 ===
[GameContext] Convention Breaker gains 1 credit. (1 total)
[GameContext] Run modifier set: overclock_credits = 5
[GameContext] --- Run on HQ begins ---
[GameContext] [Initiation] Run declared on HQ.
[GameContext] [Approach] Runner approaches unrezzed ice (position 0).
[CorpRunAI] AI: Ballista — rez_cost=5  tax/enc=10.0  enc=3.0  LTV=30.0
[GameContext] [Rez] Corp rezzes Ballista for 5 credits.
[GameContext] [Encounter] Runner encounters Ballista.
[GameContext] Extract. Export. Excel. trashes Convention Breaker's Unity.
[GameContext] Run ended.
[GameContext] [Encounter] Run ended by subroutine.
[GameContext] [End] Run ended unsuccessfully.
[GameContext] Overclock: 5 unspent credit(s) returned to the bank.
[GameContext] Convention Breaker plays Overclock.
[GameContext] Convention Breaker draws Red Team.
[GameContext] Convention Breaker draws Verbal Plasticity.
[GameContext] Convention Breaker discards Smartware Distributor to hand limit. (5 cards remaining)
[GameContext] Extract. Export. Excel. draws Regolith Mining License.
[GameContext] === Extract. Export. Excel. Turn 10 begins. Credits: 6, Clicks: 3 ===
[GameContext] [MCTS] slow search: 787 ms (100 iterations, depth 3)
[GameContext] Extract. Export. Excel. installs Artificial Cryptocrash in Server 0.
[GameContext] [MCTS] slow search: 824 ms (100 iterations, depth 3)
[GameContext] Extract. Export. Excel. gains 1 credit. (7 total)
[heartbeat] game 10/10 — turn 10, time 464s
[GameContext] [MCTS] slow search: 838 ms (100 iterations, depth 3)
[GameContext] Extract. Export. Excel. advances Artificial Cryptocrash (1 counters).
[GameContext] === Convention Breaker Turn 11 begins. Credits: 0, Clicks: 4 ===
[GameContext] Convention Breaker draws Mayfly.
[GameContext] Convention Breaker gains 1 credit. (1 total)
Player install: card is: Mayfly and charged cost is: 1
[GameContext] Convention Breaker installs Mayfly. [MU: 3/4 used]
[GameContext] Convention Breaker draws Tread Lightly.
[GameContext] Convention Breaker discards Telework Contract to hand limit. (5 cards remaining)
[GameContext] Extract. Export. Excel. draws Pharos.
[GameContext] === Extract. Export. Excel. Turn 11 begins. Credits: 6, Clicks: 3 ===
[GameContext] [MCTS] Scoring line detected — executing: Advance artificial_cryptocrash
[GameContext] Extract. Export. Excel. advances Artificial Cryptocrash (2 counters).
[GameContext] [MCTS] Scoring line detected — executing: Advance artificial_cryptocrash
[GameContext] Extract. Export. Excel. advances Artificial Cryptocrash (3 counters).
[GameContext] [MCTS] Scoring line detected — executing: Advance artificial_cryptocrash
[GameContext] Extract. Export. Excel. advances Artificial Cryptocrash (4 counters).
[GameContext] Extract. Export. Excel. scores Artificial Cryptocrash! (2 agenda points)
[GameContext] Convention Breaker loses 0 credits.
[GameContext] === Convention Breaker Turn 12 begins. Credits: 0, Clicks: 4 ===
[GameContext] Convention Breaker gains 1 credit. (1 total)
[GameContext] Run modifier set: extra_rez_cost = 3
[GameContext] --- Run on HQ begins ---
[GameContext] [Initiation] Run declared on HQ.
[GameContext] [Approach] Runner approaches Ballista (position 0).
[GameContext] [Encounter] Runner encounters Ballista.
[GameContext] Extract. Export. Excel. trashes Convention Breaker's Cleaver.
[GameContext] Run ended.
[GameContext] [Encounter] Run ended by subroutine.
[GameContext] [End] Run ended unsuccessfully.
[GameContext] Mayfly is trashed (end of run).
[GameContext] Convention Breaker plays Tread Lightly.
[GameContext] Convention Breaker draws Unity.
[GameContext] Convention Breaker draws Telework Contract.
[GameContext] Convention Breaker discards Telework Contract to hand limit. (5 cards remaining)
[GameContext] Extract. Export. Excel. draws Big Deal.
[GameContext] === Extract. Export. Excel. Turn 12 begins. Credits: 3, Clicks: 3 ===
[GameContext] [MCTS] slow search: 511 ms (100 iterations, depth 3)
[GameContext] Extract. Export. Excel. installs Pharos in Server 1.
[GameContext] [MCTS] slow search: 495 ms (100 iterations, depth 3)
[GameContext] Extract. Export. Excel. installs Regolith Mining License in Server 1.
[heartbeat] game 10/10 — turn 12, time 469s
[GameContext] [MCTS] slow search: 479 ms (100 iterations, depth 3)
[GameContext] Extract. Export. Excel. gains 1 credit. (4 total)
[GameContext] === Convention Breaker Turn 13 begins. Credits: 0, Clicks: 4 ===
[GameContext] Convention Breaker draws Sure Gamble.
[GameContext] Convention Breaker draws Sure Gamble.
[GameContext] Convention Breaker draws Pennyshaver.
[GameContext] Convention Breaker gains 1 credit. (1 total)
[GameContext] Convention Breaker discards Verbal Plasticity to hand limit. (5 cards remaining)
[GameContext] Convention Breaker discards Red Team to hand limit. (5 cards remaining)
[GameContext] Convention Breaker discards Sure Gamble to hand limit. (5 cards remaining)
[GameContext] Extract. Export. Excel. draws Spin Doctor.
[GameContext] === Extract. Export. Excel. Turn 13 begins. Credits: 4, Clicks: 3 ===
[GameContext] Placed 15 credits counter(s) on Regolith Mining License.
[GameContext] Extract. Export. Excel. rezzes Regolith Mining License for 2 cr.
[GameContext] [MCTS] slow search: 531 ms (100 iterations, depth 3)
[GameContext] Extract. Export. Excel. installs Anthill Excavation Contract in Server 4.
[GameContext] [MCTS] slow search: 547 ms (100 iterations, depth 3)
[GameContext] Extract. Export. Excel. takes 3 cr from Regolith Mining License (12 remaining).
[GameContext] [MCTS] slow search: 519 ms (100 iterations, depth 3)
[GameContext] Extract. Export. Excel. takes 3 cr from Regolith Mining License (9 remaining).
[GameContext] === Convention Breaker Turn 14 begins. Credits: 1, Clicks: 4 ===
[GameContext] Convention Breaker gains 1 credit. (2 total)
[GameContext] Convention Breaker gains 1 credit. (3 total)
Player install: card is: Cleaver and charged cost is: 3
[GameContext] Convention Breaker installs Cleaver. [MU: 1/4 used]
[GameContext] Convention Breaker draws Mayfly.
[GameContext] Extract. Export. Excel. draws Anthill Excavation Contract.
[GameContext] === Extract. Export. Excel. Turn 14 begins. Credits: 8, Clicks: 3 ===
[GameContext] Placed 8 credits counter(s) on Anthill Excavation Contract.
[GameContext] Extract. Export. Excel. rezzes Anthill Excavation Contract for 3 cr.
[GameContext] [MCTS] slow search: 573 ms (100 iterations, depth 3)
[GameContext] Extract. Export. Excel. installs Spin Doctor in Server 5.
[heartbeat] game 10/10 — turn 14, time 474s
[GameContext] [MCTS] slow search: 542 ms (100 iterations, depth 3)
[GameContext] Extract. Export. Excel. takes 3 cr from Regolith Mining License (6 remaining).
[GameContext] [MCTS] slow search: 597 ms (100 iterations, depth 3)
[GameContext] Extract. Export. Excel. takes 3 cr from Regolith Mining License (3 remaining).
[GameContext] === Convention Breaker Turn 15 begins. Credits: 0, Clicks: 4 ===
[GameContext] Convention Breaker gains 1 credit. (1 total)
Player install: card is: Mayfly and charged cost is: 1
[GameContext] Convention Breaker installs Mayfly. [MU: 3/4 used]
[GameContext] Convention Breaker draws Carmen.
[GameContext] Convention Breaker gains 1 credit. (1 total)
[GameContext] Extract. Export. Excel. draws Send a Message.
[GameContext] === Extract. Export. Excel. Turn 15 begins. Credits: 11, Clicks: 3 ===
[GameContext] Extract. Export. Excel. takes 4 cr from Anthill Excavation Contract (4 remaining).
[GameContext] Extract. Export. Excel. draws 1 card(s).
[GameContext] Extract. Export. Excel. draws 2 card(s).
[GameContext] Extract. Export. Excel. rezzes Spin Doctor for 0 cr.
[GameContext] [MCTS] slow search: 339 ms (100 iterations, depth 3)
[GameContext] Extract. Export. Excel. gains 14 credits.
[GameContext] Extract. Export. Excel. plays Government Subsidy.
[GameContext] [MCTS] slow search: 431 ms (100 iterations, depth 3)
[GameContext] Spin Doctor: shuffled 2 card(s) from Archives into R&D.
[GameContext] Spin Doctor is trashed.
[GameContext] [MCTS] slow search: 379 ms (100 iterations, depth 3)
[GameContext] Extract. Export. Excel. installs Send a Message in Server 0.
[GameContext] Extract. Export. Excel. discards Mutually Assured Destruction to hand limit.
[GameContext] === Convention Breaker Turn 16 begins. Credits: 1, Clicks: 4 ===
[GameContext] Convention Breaker gains 1 credit. (2 total)
[GameContext] Convention Breaker gains 1 credit. (3 total)
[GameContext] Convention Breaker gains 1 credit. (4 total)
[GameContext] Convention Breaker gains 1 credit. (5 total)
[GameContext] Extract. Export. Excel. draws Palisade.
[GameContext] === Extract. Export. Excel. Turn 16 begins. Credits: 19, Clicks: 3 ===
[GameContext] Extract. Export. Excel. takes 4 cr from Anthill Excavation Contract (0 remaining).
[GameContext] Extract. Export. Excel. draws 1 card(s).
[GameContext] Anthill Excavation Contract is trashed (empty).
[GameContext] Extract. Export. Excel. gains 14 credits.
[GameContext] Extract. Export. Excel. plays Government Subsidy.
[heartbeat] game 10/10 — turn 16, time 479s
[GameContext] Extract. Export. Excel. advances Send a Message (1 counters).
[GameContext] [Big Deal] Extract. Export. Excel. places 4 advancement counters on Send a Message (5 total).
[GameContext] Big Deal is removed from the game.
[GameContext] Extract. Export. Excel. plays Big Deal.
[GameContext] Game over — Extract. Export. Excel. wins. Extract. Export. Excel. scored 7 agenda points
  [ 10/ 10]  CORP      Extract. Export. Excel. scored 7 agenda points  16 turns

╔══════════════════════════════════════════════════════╗
║  BATCH SUMMARY  (10 games)                           
╠══════════════════════════════════════════════════════╣
║  Corp   wins :   1  ( 10.0%)                        
║  Runner wins :   9  ( 90.0%)                        
║  Draws       :   0  (  0.0%)                        
║  Avg turns   : 18.6                                  
╠══════════════════════════════════════════════════════╣
║  Win reasons:
║    Convention Breaker stole enough agendas to win    9
║    Extract. Export. Excel. scored 7 agenda points    1
╚══════════════════════════════════════════════════════╝
