Godot Engine v4.6.2.stable.mono.official.71f334935 - https://godotengine.org

CardRegistry: loaded 2054 cards
SelfPlayRunner: loaded runner opponent 'runner_loup_party_animal' — rene_loup_arcemont_party_animal (40 cards)
SelfPlayRunner: loaded corp opponent 'synapse_signal_economy' — synapse_global_faster_than_thought (44 cards)
╔══════════════════════════════════════════════════════╗
║     NETRUNNER SELF-PLAY — BATCH MODE ( 10 games)     ║
╚══════════════════════════════════════════════════════╝
AbilityRegistry: loaded definitions for 630 cards
[GameContext] Faster than Thought draws Spin Doctor.
[GameContext] === Faster than Thought Turn 1 begins. Credits: 5, Clicks: 3 ===
[GameContext] [MCTS] slow search: 893 ms (100 iterations, depth 3)
[DecisionLogger] user data dir : C:/Users/jnsno/AppData/Roaming/Godot/app_userdata/Netrunner Solo
[DecisionLogger] logs dir      : C:/Users/jnsno/AppData/Roaming/Godot/app_userdata/Netrunner Solo/logs
[DecisionLogger] opening       : C:/Users/jnsno/AppData/Roaming/Godot/app_userdata/Netrunner Solo/logs/corp_ai_20260620_204345.log
[DecisionLogger] log file ready.
[GameContext] Faster than Thought installs Cloud Eater in R&D.
[GameContext] [MCTS] slow search: 781 ms (100 iterations, depth 3)
[GameContext] Faster than Thought installs Ping in Server 0.
[heartbeat] game 1/10 — turn 1, time 5s
[GameContext] [MCTS] slow search: 794 ms (100 iterations, depth 3)
[GameContext] Faster than Thought installs Jaguarundi in HQ.
[GameContext] === Party Animal Turn 2 begins. Credits: 5, Clicks: 4 ===
[GameContext] Run modifier set: overclock_credits = 5
[GameContext] --- Run on HQ begins ---
[GameContext] [Initiation] Run declared on HQ.
[GameContext] [Approach] Runner approaches unrezzed ice (position 0).
[CorpRunAI] AI: rezzing Jaguarundi would breach credit floor — holding.
[GameContext] [Approach] Corp declines to rez. Runner passes unrezzed ice.
[GameContext] [Movement] Runner approaches the server root.
[GameContext] [Success] Run successful on HQ!
[GameContext] [Debug/gain_on_success] run_modifiers at success: { "overclock_credits": 5, "run_event_active": 1 }
[GameContext] [Breach] Runner breaches HQ.
[GameContext] [Access] Runner accesses: Oracle Thinktank
[GameContext] [Access] Runner steals Oracle Thinktank! (1 agenda points)
[GameContext] Party Animal takes 1 tag(s). (1 total)
[GameContext] [End] Run ended successfully.
[GameContext] Overclock: 5 unspent credit(s) returned to the bank.
[GameContext] Party Animal plays Overclock.
[GameContext] --- Run on R&D begins ---
[GameContext] [Initiation] Run declared on R&D.
[GameContext] [Approach] Runner approaches unrezzed ice (position 0).
[GameContext] [Approach] Corp declines to rez. Runner passes unrezzed ice.
[GameContext] [Movement] Runner approaches the server root.
[GameContext] [Success] Run successful on R&D!
[GameContext] [Debug/gain_on_success] run_modifiers at success: {  }
[GameContext] [Breach] Runner breaches R&D.
[GameContext] [Access] Runner accesses: Bigger Picture
[GameContext] [End] Run ended successfully.
[GameContext] --- Run on HQ begins ---
[GameContext] [Initiation] Run declared on HQ.
[GameContext] [Approach] Runner approaches unrezzed ice (position 0).
[CorpRunAI] AI: rezzing Jaguarundi would breach credit floor — holding.
[GameContext] [Approach] Corp declines to rez. Runner passes unrezzed ice.
[GameContext] [Movement] Runner approaches the server root.
[GameContext] [Success] Run successful on HQ!
[GameContext] [Debug/gain_on_success] run_modifiers at success: {  }
[GameContext] [Breach] Runner breaches HQ.
[GameContext] [Access] Runner accesses: Bigger Picture
[GameContext] [End] Run ended successfully.
Player install: card is: Buzzsaw and charged cost is: 4
[GameContext] Party Animal installs Buzzsaw. [MU: 1/4 used]
[GameContext] Faster than Thought draws Bigger Picture.
[GameContext] === Faster than Thought Turn 2 begins. Credits: 5, Clicks: 3 ===
[GameContext] [MCTS] slow search: 342 ms (100 iterations, depth 3)
[GameContext] Corp chooses the effect of this card...
[GameContext] Modal: executing 'Drain: remove any number of tags (Runner loses 5cr each, Corp gains)'.
[GameContext] Bigger Picture: Removed 1 tag(s) from Party Animal. (0 remaining)
[GameContext] Bigger Picture: Party Animal loses 0 credits. Faster than Thought gains 0 credits.
[GameContext] Synapse Global: Faster than Thought declines to install.
[GameContext] Faster than Thought plays Bigger Picture.
[GameContext] [MCTS] slow search: 342 ms (100 iterations, depth 3)
[GameContext] Faster than Thought draws Measured Response.
[GameContext] [MCTS] slow search: 359 ms (100 iterations, depth 3)
[GameContext] Faster than Thought draws Funhouse.
[GameContext] === Party Animal Turn 3 begins. Credits: 0, Clicks: 4 ===
[GameContext] Party Animal gains 1 credit. (1 total)
[GameContext] Party Animal gains 1 credit. (2 total)
[GameContext] --- Run on R&D begins ---
[GameContext] [Initiation] Run declared on R&D.
[GameContext] [Approach] Runner approaches unrezzed ice (position 0).
[GameContext] [Approach] Corp declines to rez. Runner passes unrezzed ice.
[GameContext] [Movement] Runner approaches the server root.
[GameContext] [Success] Run successful on R&D!
[GameContext] [Debug/gain_on_success] run_modifiers at success: {  }
[GameContext] [Breach] Runner breaches R&D.
[GameContext] [Access] Runner accesses: Embedded Reporting
[GameContext] [Access] Runner steals Embedded Reporting! (2 agenda points)
[GameContext] [End] Run ended successfully.
[GameContext] --- Run on HQ begins ---
[GameContext] [Initiation] Run declared on HQ.
[GameContext] [Approach] Runner approaches unrezzed ice (position 0).
[CorpRunAI] AI: rezzing Jaguarundi would breach credit floor — holding.
[GameContext] [Approach] Corp declines to rez. Runner passes unrezzed ice.
[GameContext] [Movement] Runner approaches the server root.
[GameContext] [Success] Run successful on HQ!
[GameContext] [Debug/gain_on_success] run_modifiers at success: {  }
[GameContext] [Breach] Runner breaches HQ.
[GameContext] [Access] Runner accesses: Measured Response
[GameContext] [End] Run ended successfully.
[GameContext] Faster than Thought draws Bigger Picture.
[GameContext] === Faster than Thought Turn 3 begins. Credits: 5, Clicks: 3 ===
[GameContext] [MCTS] slow search: 526 ms (100 iterations, depth 3)
[GameContext] Faster than Thought pays 1 credit(s) to install ice.
[GameContext] Faster than Thought installs Funhouse in R&D.
[GameContext] [MCTS] slow search: 389 ms (100 iterations, depth 3)
[GameContext] Faster than Thought gains 1 credit. (5 total)
[heartbeat] game 1/10 — turn 3, time 10s
[GameContext] [MCTS] slow search: 436 ms (100 iterations, depth 3)
[GameContext] Faster than Thought gains 1 credit. (6 total)
[GameContext] === Party Animal Turn 4 begins. Credits: 2, Clicks: 4 ===
[GameContext] --- Run on HQ begins ---
[GameContext] [Initiation] Run declared on HQ.
[GameContext] [Approach] Runner approaches unrezzed ice (position 0).
[CorpRunAI] AI: rezzing Jaguarundi would breach credit floor — holding.
[GameContext] [Approach] Corp declines to rez. Runner passes unrezzed ice.
[GameContext] [Movement] Runner approaches the server root.
[GameContext] [Success] Run successful on HQ!
[GameContext] [Debug/gain_on_success] run_modifiers at success: {  }
[GameContext] [Breach] Runner breaches HQ.
[GameContext] [Access] Runner accesses: Bigger Picture
[GameContext] [End] Run ended successfully.
[GameContext] Party Animal gains 1 credit. (3 total)
[GameContext] Party Animal gains 1 credit. (4 total)
[GameContext] --- Run on R&D begins ---
[GameContext] [Initiation] Run declared on R&D.
[GameContext] [Approach] Runner approaches unrezzed ice (position 0).
[CorpRunAI] AI: rezzing Funhouse would breach credit floor — holding.
[GameContext] [Approach] Corp declines to rez. Runner passes unrezzed ice.
[GameContext] [Approach] Runner approaches unrezzed ice (position 1).
[CorpRunAI] AI: rezzing Funhouse would breach credit floor — holding.
[GameContext] [Approach] Corp declines to rez. Runner passes unrezzed ice.
[GameContext] [Movement] Runner approaches the server root.
[GameContext] [Success] Run successful on R&D!
[GameContext] [Debug/gain_on_success] run_modifiers at success: {  }
[GameContext] [Breach] Runner breaches R&D.
[GameContext] [Access] Runner accesses: Embedded Reporting
[GameContext] [Access] Runner steals Embedded Reporting! (2 agenda points)
[GameContext] [End] Run ended successfully.
[GameContext] Faster than Thought draws Hedge Fund.
[GameContext] === Faster than Thought Turn 4 begins. Credits: 6, Clicks: 3 ===
[GameContext] [MCTS] Kill line detected — executing: Play Measured Response
[GameContext] Party Animal takes 4 meat damage (did not pay 8 cr).
[GameContext] Runner takes 4 meat damage.
[GameContext]   Trashed from grip: verbal_plasticity
[GameContext]   Trashed from grip: docklands_pass
[GameContext]   Trashed from grip: carnivore
[GameContext] Party Animal is flatlined! (no cards remaining in grip)
[GameContext] 3 card(s) trashed from Party Animal's grip.
[GameContext] Faster than Thought plays Measured Response.
[GameContext] Game over — Faster than Thought wins. Faster than Thought wins
  [  1/ 10]  CORP      Faster than Thought wins           4 turns
[GameContext] Faster than Thought draws Hedge Fund.
[GameContext] === Faster than Thought Turn 1 begins. Credits: 5, Clicks: 3 ===
[GameContext] [MCTS] slow search: 652 ms (100 iterations, depth 3)
[GameContext] Faster than Thought installs Cloud Eater in R&D.
[GameContext] [MCTS] slow search: 627 ms (100 iterations, depth 3)
[GameContext] Faster than Thought installs Knowledge Seeker in Server 0.
[GameContext] [MCTS] slow search: 585 ms (100 iterations, depth 3)
[GameContext] Faster than Thought installs Funhouse in HQ.
[heartbeat] game 2/10 — turn 1, time 15s
[GameContext] === Party Animal Turn 2 begins. Credits: 5, Clicks: 4 ===
[GameContext] --- Run on R&D begins ---
[GameContext] [Initiation] Run declared on R&D.
[GameContext] [Approach] Runner approaches unrezzed ice (position 0).
[GameContext] [Approach] Corp declines to rez. Runner passes unrezzed ice.
[GameContext] [Movement] Runner approaches the server root.
[GameContext] [Success] Run successful on R&D!
[GameContext] [Debug/gain_on_success] run_modifiers at success: {  }
[GameContext] [Breach] Runner breaches R&D.
[GameContext] [Access] Runner accesses: Embedded Reporting
[GameContext] [Access] Runner steals Embedded Reporting! (2 agenda points)
[GameContext] [End] Run ended successfully.
[GameContext] --- Run on HQ begins ---
[GameContext] [Initiation] Run declared on HQ.
[GameContext] [Approach] Runner approaches unrezzed ice (position 0).
[CorpRunAI] AI: rezzing Funhouse would breach credit floor — holding.
[GameContext] [Approach] Corp declines to rez. Runner passes unrezzed ice.
[GameContext] [Movement] Runner approaches the server root.
[GameContext] [Success] Run successful on HQ!
[GameContext] [Debug/gain_on_success] run_modifiers at success: {  }
[GameContext] [Breach] Runner breaches HQ.
[GameContext] [Access] Runner accesses: N-Pot
[GameContext] [End] Run ended successfully.
Player install: card is: Cleaver and charged cost is: 3
[GameContext] Party Animal installs Cleaver. [MU: 1/4 used]
[GameContext] Party Animal draws Docklands Pass.
[GameContext] Faster than Thought draws Bigger Picture.
[GameContext] === Faster than Thought Turn 2 begins. Credits: 5, Clicks: 3 ===
[GameContext] [MCTS] slow search: 692 ms (100 iterations, depth 3)
[GameContext] Faster than Thought installs Embedded Reporting in Server 0.
[GameContext] [MCTS] slow search: 668 ms (100 iterations, depth 3)
[GameContext] Faster than Thought gains 1 credit. (6 total)
[GameContext] [MCTS] slow search: 682 ms (100 iterations, depth 3)
[GameContext] Faster than Thought advances Embedded Reporting (1 counters).
[GameContext] === Party Animal Turn 3 begins. Credits: 2, Clicks: 4 ===
[GameContext] Party Animal gains 1 credit. (3 total)
[GameContext] Party Animal gains 1 credit. (4 total)
[GameContext] --- Run on Server 0 begins ---
[GameContext] [Initiation] Run declared on Server 0.
[GameContext] [Approach] Runner approaches unrezzed ice (position 0).
[CorpRunAI] AI: Knowledge Seeker — rez_cost=5  tax/enc=13.0  enc=2.5  LTV=32.5
[GameContext] [Rez] Corp rezzes Knowledge Seeker for 5 credits.
[GameContext] [Encounter] Runner encounters Knowledge Seeker.
[GameContext] Knowledge Seeker: places 1 virus counter on itself (1 total).
[GameContext] Knowledge Seeker: Faster than Thought looks at top 4 card(s) of R&D.
[GameContext] Run ended.
[GameContext] [Encounter] Run ended by subroutine.
[GameContext] Condition not met — ability has no effect.
[GameContext] [End] Run ended unsuccessfully.
[GameContext] --- Run on R&D begins ---
[GameContext] [Initiation] Run declared on R&D.
[GameContext] [Approach] Runner approaches unrezzed ice (position 0).
[GameContext] [Approach] Corp declines to rez. Runner passes unrezzed ice.
[GameContext] [Movement] Runner approaches the server root.
[GameContext] [Success] Run successful on R&D!
[GameContext] [Debug/gain_on_success] run_modifiers at success: {  }
[GameContext] [Breach] Runner breaches R&D.
[GameContext] [Access] Runner accesses: Oracle Thinktank
[GameContext] [Access] Runner steals Oracle Thinktank! (1 agenda points)
[GameContext] Party Animal takes 1 tag(s). (1 total)
[GameContext] [End] Run ended successfully.
[GameContext] Faster than Thought draws Knowledge Seeker.
[GameContext] === Faster than Thought Turn 3 begins. Credits: 0, Clicks: 3 ===
[GameContext] [MCTS] slow search: 499 ms (100 iterations, depth 3)
[GameContext] Faster than Thought gains 1 credit. (1 total)
[GameContext] [MCTS] slow search: 572 ms (100 iterations, depth 3)
[GameContext] Corp chooses the effect of this card...
[GameContext] Modal: executing 'Drain: remove any number of tags (Runner loses 5cr each, Corp gains)'.
[GameContext] Bigger Picture: Removed 1 tag(s) from Party Animal. (0 remaining)
[GameContext] Bigger Picture: Party Animal loses 4 credits. Faster than Thought gains 4 credits.
[GameContext] Synapse Global: Faster than Thought declines to install.
[GameContext] Faster than Thought plays Bigger Picture.
[heartbeat] game 2/10 — turn 3, time 20s
[GameContext] [MCTS] slow search: 494 ms (100 iterations, depth 3)
[GameContext] Faster than Thought advances Embedded Reporting (2 counters).
[GameContext] === Party Animal Turn 4 begins. Credits: 0, Clicks: 4 ===
[GameContext] Party Animal gains 1 credit. (1 total)
[GameContext] Party Animal gains 1 credit. (2 total)
[GameContext] --- Run on R&D begins ---
[GameContext] [Initiation] Run declared on R&D.
[GameContext] [Approach] Runner approaches unrezzed ice (position 0).
[GameContext] [Approach] Corp declines to rez. Runner passes unrezzed ice.
[GameContext] [Movement] Runner approaches the server root.
[GameContext] [Success] Run successful on R&D!
[GameContext] [Debug/gain_on_success] run_modifiers at success: {  }
[GameContext] [Breach] Runner breaches R&D.
[GameContext] [Access] Runner accesses: Regolith Mining License
[GameContext] [Access] Runner may trash Regolith Mining License for 3 credits (Runner has 2 total).
[GameContext] [Access] Runner cannot afford to trash.
[GameContext] [End] Run ended successfully.
[GameContext] --- Run on HQ begins ---
[GameContext] [Initiation] Run declared on HQ.
[GameContext] [Approach] Runner approaches unrezzed ice (position 0).
[GameContext] [Approach] Corp declines to rez. Runner passes unrezzed ice.
[GameContext] [Movement] Runner approaches the server root.
[GameContext] [Success] Run successful on HQ!
[GameContext] [Debug/gain_on_success] run_modifiers at success: {  }
[GameContext] [Breach] Runner breaches HQ.
[GameContext] [Access] Runner accesses: Knowledge Seeker
[GameContext] [End] Run ended successfully.
[GameContext] Faster than Thought draws Regolith Mining License.
[GameContext] === Faster than Thought Turn 4 begins. Credits: 4, Clicks: 3 ===
[GameContext] [MCTS] Scoring line detected — executing: Advance embedded_reporting
[GameContext] Faster than Thought advances Embedded Reporting (3 counters).
[GameContext] Faster than Thought scores Embedded Reporting! (2 agenda points)
[GameContext] Faster than Thought places 2 agenda counter(s) on Embedded Reporting (Dividends 2 + 0 excess).
[GameContext] [MCTS] slow search: 560 ms (100 iterations, depth 3)
[GameContext] Faster than Thought gains 1 credit. (4 total)
[GameContext] [MCTS] slow search: 575 ms (100 iterations, depth 3)
[GameContext] Faster than Thought gains 1 credit. (5 total)
[GameContext] === Party Animal Turn 5 begins. Credits: 2, Clicks: 4 ===
[GameContext] --- Run on R&D begins ---
[GameContext] [Initiation] Run declared on R&D.
[GameContext] [Approach] Runner approaches unrezzed ice (position 0).
[GameContext] [Approach] Corp declines to rez. Runner passes unrezzed ice.
[GameContext] [Movement] Runner approaches the server root.
[GameContext] [Success] Run successful on R&D!
[GameContext] [Debug/gain_on_success] run_modifiers at success: {  }
[GameContext] [Breach] Runner breaches R&D.
[GameContext] [Access] Runner accesses: Jaguarundi
[GameContext] [End] Run ended successfully.
[GameContext] --- Run on HQ begins ---
[GameContext] [Initiation] Run declared on HQ.
[GameContext] [Approach] Runner approaches unrezzed ice (position 0).
[CorpRunAI] AI: rezzing Funhouse would breach credit floor — holding.
[GameContext] [Approach] Corp declines to rez. Runner passes unrezzed ice.
[GameContext] [Movement] Runner approaches the server root.
[GameContext] [Success] Run successful on HQ!
[GameContext] [Debug/gain_on_success] run_modifiers at success: {  }
[GameContext] [Breach] Runner breaches HQ.
[GameContext] [Access] Runner accesses: Hedge Fund
[GameContext] [End] Run ended successfully.
[GameContext] Party Animal gains 1 credit. (3 total)
[GameContext] Party Animal gains 1 credit. (4 total)
[GameContext] Faster than Thought draws Jaguarundi.
[GameContext] === Faster than Thought Turn 5 begins. Credits: 5, Clicks: 3 ===
[GameContext] [MCTS] slow search: 682 ms (100 iterations, depth 3)
[GameContext] Faster than Thought gains 9 credits.
[GameContext] Faster than Thought plays Hedge Fund.
[heartbeat] game 2/10 — turn 5, time 25s
[GameContext] [MCTS] slow search: 669 ms (100 iterations, depth 3)
[GameContext] Faster than Thought draws N-Pot.
[GameContext] [MCTS] slow search: 994 ms (100 iterations, depth 3)
[GameContext] Faster than Thought pays 1 credit(s) to install ice.
[GameContext] Faster than Thought installs Jaguarundi in R&D.
[GameContext] === Party Animal Turn 6 begins. Credits: 4, Clicks: 4 ===
[GameContext] Party Animal gains 1 credit. (5 total)
[GameContext] Party Animal gains 1 credit. (6 total)
[GameContext] --- Run on R&D begins ---
[GameContext] [Initiation] Run declared on R&D.
[GameContext] [Approach] Runner approaches unrezzed ice (position 0).
[CorpRunAI] AI: Jaguarundi — rez_cost=4  tax/enc=9.0  enc=3.0  LTV=27.0
[GameContext] [Rez] Corp rezzes Jaguarundi for 4 credits.
[GameContext] [Encounter] Runner encounters Jaguarundi.
[GameContext] Party Animal takes 1 tag(s). (1 total)
[GameContext] Runner takes 1 core damage.
[GameContext]   Trashed from grip: botulus
[GameContext] 1 card(s) trashed from Party Animal's grip.
[GameContext] Party Animal's maximum hand size permanently reduced to 4 (core damage total: 1).
[GameContext] Condition not met — ability has no effect.
[GameContext] [Approach] Runner approaches unrezzed ice (position 1).
[GameContext] [Approach] Corp declines to rez. Runner passes unrezzed ice.
[GameContext] [Movement] Runner approaches the server root.
[GameContext] [Success] Run successful on R&D!
[GameContext] [Debug/gain_on_success] run_modifiers at success: {  }
[GameContext] [Breach] Runner breaches R&D.
[GameContext] [Access] Runner accesses: Ping
[GameContext] [End] Run ended successfully.
[GameContext] --- Run on HQ begins ---
[GameContext] [Initiation] Run declared on HQ.
[GameContext] [Approach] Runner approaches unrezzed ice (position 0).
[GameContext] [Approach] Corp declines to rez. Runner passes unrezzed ice.
[GameContext] [Movement] Runner approaches the server root.
[GameContext] [Success] Run successful on HQ!
[GameContext] [Debug/gain_on_success] run_modifiers at success: {  }
[GameContext] [Breach] Runner breaches HQ.
[GameContext] [Access] Runner accesses: N-Pot
[GameContext] [End] Run ended successfully.
[GameContext] Faster than Thought draws Ping.
[GameContext] === Faster than Thought Turn 6 begins. Credits: 4, Clicks: 3 ===
[GameContext] [MCTS] slow search: 1270 ms (100 iterations, depth 3)
[GameContext] Faster than Thought pays 1 credit(s) to install ice.
[GameContext] Faster than Thought installs Ping in HQ.
[GameContext] [MCTS] slow search: 1001 ms (100 iterations, depth 3)
[GameContext] Faster than Thought gains 1 credit. (4 total)
[heartbeat] game 2/10 — turn 6, time 30s
[GameContext] [MCTS] slow search: 970 ms (100 iterations, depth 3)
[GameContext] Faster than Thought gains 1 credit. (5 total)
[GameContext] === Party Animal Turn 7 begins. Credits: 6, Clicks: 4 ===
[GameContext] --- Run on HQ begins ---
[GameContext] [Initiation] Run declared on HQ.
[GameContext] [Approach] Runner approaches unrezzed ice (position 0).
[CorpRunAI] AI: Ping — rez_cost=2  tax/enc=1.0  enc=3.0  LTV=3.0
[CorpRunAI] AI: deferring Ping (pri=3.00) — saving for Funhouse on hq (pri=9.60)
[GameContext] [Approach] Corp declines to rez. Runner passes unrezzed ice.
[GameContext] [Approach] Runner approaches unrezzed ice (position 1).
[CorpRunAI] AI: Ping — rez_cost=2  tax/enc=1.0  enc=3.0  LTV=3.0
[CorpRunAI] AI: deferring Ping (pri=3.00) — saving for Funhouse on hq (pri=9.60)
[GameContext] [Approach] Corp declines to rez. Runner passes unrezzed ice.
[GameContext] [Movement] Runner approaches the server root.
[GameContext] [Success] Run successful on HQ!
[GameContext] [Debug/gain_on_success] run_modifiers at success: {  }
[GameContext] [Breach] Runner breaches HQ.
[GameContext] [Access] Runner accesses: Regolith Mining License
[GameContext] [Access] Runner may trash Regolith Mining License for 3 credits (Runner has 6 total).
[GameContext] [Access] Runner trashes Regolith Mining License.
[GameContext] [End] Run ended successfully.
[GameContext] Party Animal gains 1 credit. (4 total)
[GameContext] Party Animal gains 1 credit. (5 total)
[GameContext] Conditional install cost applies: Carmen costs 3¢ this turn.
Player install: card is: Carmen and charged cost is: 3
[GameContext] Party Animal installs Carmen. [MU: 2/4 used]
[GameContext] Faster than Thought draws Doomscroll.
[GameContext] === Faster than Thought Turn 7 begins. Credits: 5, Clicks: 3 ===
[GameContext] [MCTS] slow search: 936 ms (100 iterations, depth 3)
[GameContext] Faster than Thought gains 1 credit. (6 total)
[GameContext] [MCTS] slow search: 922 ms (100 iterations, depth 3)
[GameContext] Faster than Thought gains 1 credit. (7 total)
[GameContext] [MCTS] slow search: 902 ms (100 iterations, depth 3)
[GameContext] Faster than Thought gains 1 credit. (8 total)
[heartbeat] game 2/10 — turn 7, time 36s
[GameContext] === Party Animal Turn 8 begins. Credits: 2, Clicks: 4 ===
[GameContext] Party Animal removes 1 tag (0 remaining). [paid 2cr]
[GameContext] Synapse Global: Faster than Thought declines to install.
[GameContext] Party Animal draws Smartware Distributor.
[GameContext] Party Animal gains 1 credit. (1 total)
[GameContext] Party Animal gains 1 credit. (2 total)
[GameContext] Faster than Thought draws Measured Response.
[GameContext] === Faster than Thought Turn 8 begins. Credits: 8, Clicks: 3 ===
[GameContext] [MCTS] slow search: 677 ms (100 iterations, depth 3)
[GameContext] Faster than Thought gains 1 credit. (9 total)
[GameContext] [MCTS] slow search: 642 ms (100 iterations, depth 3)
[GameContext] Faster than Thought pays 2 credit(s) to install ice.
[GameContext] Faster than Thought installs Doomscroll in R&D.
[GameContext] [MCTS] slow search: 544 ms (100 iterations, depth 3)
[GameContext] Faster than Thought gains 1 credit. (8 total)
[GameContext] === Party Animal Turn 9 begins. Credits: 2, Clicks: 4 ===
[GameContext] Party Animal gains 1 credit. (3 total)
[GameContext] Party Animal gains 1 credit. (4 total)
[GameContext] Party Animal gains 1 credit. (5 total)
[GameContext] Party Animal gains 1 credit. (6 total)
[GameContext] Faster than Thought draws Cloud Eater.
[GameContext] === Faster than Thought Turn 9 begins. Credits: 8, Clicks: 3 ===
[GameContext] [MCTS] slow search: 685 ms (100 iterations, depth 3)
[GameContext] Faster than Thought gains 1 credit. (9 total)
[GameContext] [MCTS] slow search: 652 ms (100 iterations, depth 3)
[GameContext] Faster than Thought pays 2 credit(s) to install ice.
[GameContext] Faster than Thought installs Cloud Eater in HQ.
[heartbeat] game 2/10 — turn 9, time 41s
[GameContext] [MCTS] slow search: 544 ms (100 iterations, depth 3)
[GameContext] Faster than Thought gains 1 credit. (8 total)
[GameContext] === Party Animal Turn 10 begins. Credits: 6, Clicks: 4 ===
[GameContext] Party Animal gains 1 credit. (7 total)
[GameContext] Party Animal gains 1 credit. (8 total)
[GameContext] --- Run on R&D begins ---
[GameContext] [Initiation] Run declared on R&D.
[GameContext] [Approach] Runner approaches unrezzed ice (position 0).
[CorpRunAI] AI: Doomscroll — rez_cost=3  tax/enc=4.0  enc=3.0  LTV=12.0
[GameContext] [Rez] Corp rezzes Doomscroll for 3 credits.
[GameContext] [Encounter] Runner encounters Doomscroll.
[GameContext] [Encounter] Carmen boosted  +3 str (now 5). Cost: 1 cr.
[GameContext] [Encounter] Carmen breaks 'Give the Runner 1 tag.' for 1 cr.
[GameContext] [Encounter] Carmen breaks 'Do 1 net damage.' for 1 cr.
[GameContext] [Encounter] Carmen breaks 'Do 2 net damage if the Runner has at least 2 tags.' for 1 cr.
[GameContext] [Encounter] Subroutine 0 broken.
[GameContext] [Encounter] Subroutine 1 broken.
[GameContext] [Encounter] Subroutine 2 broken.
[GameContext] Condition not met — ability has no effect.
[GameContext] [Approach] Runner approaches Jaguarundi (position 1).
[GameContext] [Encounter] Runner encounters Jaguarundi.
[GameContext] [Encounter] Carmen boosted  +3 str (now 5). Cost: 1 cr.
[GameContext] [Encounter] Carmen breaks 'Give the Runner 1 tag.' for 1 cr.
[GameContext] [Encounter] Carmen breaks 'If the Runner is tagged, do 1 core damage.' for 1 cr.
[GameContext] [Encounter] Subroutine 0 broken.
[GameContext] [Encounter] Subroutine 1 broken.
[GameContext] Condition not met — ability has no effect.
[GameContext] [Approach] Runner approaches unrezzed ice (position 2).
[GameContext] [Approach] Corp declines to rez. Runner passes unrezzed ice.
[GameContext] [Movement] Runner approaches the server root.
[GameContext] [Success] Run successful on R&D!
[GameContext] [Debug/gain_on_success] run_modifiers at success: { "overclock_credits": 0, "concerto_credits": 0, "bad_pub_credits": 0 }
[GameContext] [Breach] Runner breaches R&D.
[GameContext] [Access] Runner accesses: Regolith Mining License
[GameContext] [Access] Runner may trash Regolith Mining License for 3 credits (Runner has 1 total).
[GameContext] [Access] Runner cannot afford to trash.
[GameContext] [End] Run ended successfully.
[GameContext] Party Animal gains 1 credit. (2 total)
[GameContext] Faster than Thought draws Regolith Mining License.
[GameContext] === Faster than Thought Turn 10 begins. Credits: 5, Clicks: 3 ===
[GameContext] Faster than Thought installs N-Pot in Server 1.
[GameContext] Faster than Thought gains 1 credit. (6 total)
[GameContext] Faster than Thought gains 1 credit. (7 total)
[GameContext] === Party Animal Turn 11 begins. Credits: 2, Clicks: 4 ===
[GameContext] Party Animal gains 1 credit. (3 total)
[GameContext] Party Animal gains 1 credit. (4 total)
[GameContext] Party Animal gains 1 credit. (5 total)
[GameContext] Party Animal gains 1 credit. (6 total)
[GameContext] Faster than Thought draws Behold!.
[GameContext] === Faster than Thought Turn 11 begins. Credits: 7, Clicks: 3 ===
[GameContext] [MCTS] slow search: 747 ms (100 iterations, depth 3)
[GameContext] Faster than Thought gains 1 credit. (8 total)
[GameContext] [MCTS] slow search: 733 ms (100 iterations, depth 3)
[GameContext] Faster than Thought installs Regolith Mining License in Server 1.
[heartbeat] game 2/10 — turn 11, time 46s
[GameContext] [MCTS] slow search: 573 ms (100 iterations, depth 3)
[GameContext] Faster than Thought gains 1 credit. (9 total)
[GameContext] === Party Animal Turn 12 begins. Credits: 6, Clicks: 4 ===
[GameContext] Party Animal gains 1 credit. (7 total)
[GameContext] Party Animal gains 1 credit. (8 total)
[GameContext] --- Run on R&D begins ---
[GameContext] [Initiation] Run declared on R&D.
[GameContext] [Approach] Runner approaches Doomscroll (position 0).
[GameContext] [Encounter] Runner encounters Doomscroll.
[GameContext] [Encounter] Carmen boosted  +3 str (now 5). Cost: 1 cr.
[GameContext] [Encounter] Carmen breaks 'Give the Runner 1 tag.' for 1 cr.
[GameContext] [Encounter] Carmen breaks 'Do 1 net damage.' for 1 cr.
[GameContext] [Encounter] Carmen breaks 'Do 2 net damage if the Runner has at least 2 tags.' for 1 cr.
[GameContext] [Encounter] Subroutine 0 broken.
[GameContext] [Encounter] Subroutine 1 broken.
[GameContext] [Encounter] Subroutine 2 broken.
[GameContext] Condition not met — ability has no effect.
[GameContext] [Approach] Runner approaches Jaguarundi (position 1).
[GameContext] [Encounter] Runner encounters Jaguarundi.
[GameContext] [Encounter] Carmen boosted  +3 str (now 5). Cost: 1 cr.
[GameContext] [Encounter] Carmen breaks 'Give the Runner 1 tag.' for 1 cr.
[GameContext] [Encounter] Carmen breaks 'If the Runner is tagged, do 1 core damage.' for 1 cr.
[GameContext] [Encounter] Subroutine 0 broken.
[GameContext] [Encounter] Subroutine 1 broken.
[GameContext] Condition not met — ability has no effect.
[GameContext] [Approach] Runner approaches unrezzed ice (position 2).
[GameContext] [Approach] Corp declines to rez. Runner passes unrezzed ice.
[GameContext] [Movement] Runner approaches the server root.
[GameContext] [Success] Run successful on R&D!
[GameContext] [Debug/gain_on_success] run_modifiers at success: { "overclock_credits": 0, "concerto_credits": 0, "bad_pub_credits": 0 }
[GameContext] [Breach] Runner breaches R&D.
[GameContext] [Access] Runner accesses: Funhouse
[GameContext] [End] Run ended successfully.
[GameContext] Party Animal gains 1 credit. (2 total)
[GameContext] Faster than Thought draws Funhouse.
[GameContext] === Faster than Thought Turn 12 begins. Credits: 9, Clicks: 3 ===
[GameContext] Placed 15 credits counter(s) on Regolith Mining License.
[GameContext] Faster than Thought rezzes Regolith Mining License for 2 cr.
[GameContext] Faster than Thought installs Behold! in Server 0.
[GameContext] Faster than Thought draws Spin Doctor.
[GameContext] Faster than Thought installs Knowledge Seeker in Server 2.
[GameContext] === Party Animal Turn 13 begins. Credits: 2, Clicks: 4 ===
[GameContext] Party Animal gains 1 credit. (3 total)
[GameContext] Party Animal gains 1 credit. (4 total)
[GameContext] Party Animal gains 1 credit. (5 total)
[GameContext] Party Animal gains 1 credit. (6 total)
[GameContext] Faster than Thought draws IP Enforcement.
[GameContext] === Faster than Thought Turn 13 begins. Credits: 7, Clicks: 3 ===
[GameContext] Faster than Thought rezzes Behold! for 0 cr.
[GameContext] [MCTS] slow search: 735 ms (100 iterations, depth 3)
[GameContext] Faster than Thought gains 1 credit. (8 total)
[GameContext] [MCTS] slow search: 747 ms (100 iterations, depth 3)
[GameContext] Faster than Thought installs Funhouse in Server 3.
[heartbeat] game 2/10 — turn 13, time 52s
[GameContext] [MCTS] slow search: 702 ms (100 iterations, depth 3)
[GameContext] Faster than Thought takes 3 cr from Regolith Mining License (12 remaining).
[GameContext] === Party Animal Turn 14 begins. Credits: 6, Clicks: 4 ===
[GameContext] Party Animal gains 1 credit. (7 total)
[GameContext] Party Animal gains 1 credit. (8 total)
[GameContext] --- Run on R&D begins ---
[GameContext] [Initiation] Run declared on R&D.
[GameContext] [Approach] Runner approaches Doomscroll (position 0).
[GameContext] [Encounter] Runner encounters Doomscroll.
[GameContext] [Encounter] Carmen boosted  +3 str (now 5). Cost: 1 cr.
[GameContext] [Encounter] Carmen breaks 'Give the Runner 1 tag.' for 1 cr.
[GameContext] [Encounter] Carmen breaks 'Do 1 net damage.' for 1 cr.
[GameContext] [Encounter] Carmen breaks 'Do 2 net damage if the Runner has at least 2 tags.' for 1 cr.
[GameContext] [Encounter] Subroutine 0 broken.
[GameContext] [Encounter] Subroutine 1 broken.
[GameContext] [Encounter] Subroutine 2 broken.
[GameContext] Condition not met — ability has no effect.
[GameContext] [Approach] Runner approaches Jaguarundi (position 1).
[GameContext] [Encounter] Runner encounters Jaguarundi.
[GameContext] [Encounter] Carmen boosted  +3 str (now 5). Cost: 1 cr.
[GameContext] [Encounter] Carmen breaks 'Give the Runner 1 tag.' for 1 cr.
[GameContext] [Encounter] Carmen breaks 'If the Runner is tagged, do 1 core damage.' for 1 cr.
[GameContext] [Encounter] Subroutine 0 broken.
[GameContext] [Encounter] Subroutine 1 broken.
[GameContext] Condition not met — ability has no effect.
[GameContext] [Approach] Runner approaches unrezzed ice (position 2).
[GameContext] [Approach] Corp declines to rez. Runner passes unrezzed ice.
[GameContext] [Movement] Runner approaches the server root.
[GameContext] [Success] Run successful on R&D!
[GameContext] [Debug/gain_on_success] run_modifiers at success: { "overclock_credits": 0, "concerto_credits": 0, "bad_pub_credits": 0 }
[GameContext] [Breach] Runner breaches R&D.
[GameContext] [Access] Runner accesses: Measured Response
[GameContext] [End] Run ended successfully.
[GameContext] Party Animal gains 1 credit. (2 total)
[GameContext] Faster than Thought draws Measured Response.
[GameContext] === Faster than Thought Turn 14 begins. Credits: 11, Clicks: 3 ===
[GameContext] Faster than Thought gains 1 credit. (12 total)
[GameContext] Faster than Thought installs Spin Doctor in Server 3.
[GameContext] Faster than Thought takes 3 cr from Regolith Mining License (9 remaining).
[GameContext] === Party Animal Turn 15 begins. Credits: 2, Clicks: 4 ===
[GameContext] Party Animal gains 1 credit. (3 total)
[GameContext] Party Animal gains 1 credit. (4 total)
[GameContext] Party Animal gains 1 credit. (5 total)
[GameContext] Party Animal gains 1 credit. (6 total)
[GameContext] Faster than Thought draws IP Enforcement.
[GameContext] === Faster than Thought Turn 15 begins. Credits: 15, Clicks: 3 ===
[GameContext] Faster than Thought draws 2 card(s).
[GameContext] Faster than Thought rezzes Spin Doctor for 0 cr.
[GameContext] [MCTS] slow search: 1106 ms (100 iterations, depth 3)
[GameContext] Condition not met — ability has no effect.
[GameContext] Faster than Thought plays IP Enforcement.
[GameContext] [MCTS] slow search: 1235 ms (100 iterations, depth 3)
[GameContext] Faster than Thought installs N-Pot in Server 4.
[heartbeat] game 2/10 — turn 15, time 58s
[GameContext] [MCTS] slow search: 1151 ms (100 iterations, depth 3)
[GameContext] Faster than Thought installs Cloud Eater in Server 5.
[GameContext] === Party Animal Turn 16 begins. Credits: 6, Clicks: 4 ===
[GameContext] Party Animal gains 1 credit. (7 total)
[GameContext] Party Animal gains 1 credit. (8 total)
[GameContext] Party Animal gains 1 credit. (9 total)
[GameContext] --- Run on R&D begins ---
[GameContext] [Initiation] Run declared on R&D.
[GameContext] [Approach] Runner approaches Doomscroll (position 0).
[GameContext] [Encounter] Runner encounters Doomscroll.
[GameContext] [Encounter] Carmen boosted  +3 str (now 5). Cost: 1 cr.
[GameContext] [Encounter] Carmen breaks 'Give the Runner 1 tag.' for 1 cr.
[GameContext] [Encounter] Carmen breaks 'Do 1 net damage.' for 1 cr.
[GameContext] [Encounter] Carmen breaks 'Do 2 net damage if the Runner has at least 2 tags.' for 1 cr.
[GameContext] [Encounter] Subroutine 0 broken.
[GameContext] [Encounter] Subroutine 1 broken.
[GameContext] [Encounter] Subroutine 2 broken.
[GameContext] Condition not met — ability has no effect.
[GameContext] [Approach] Runner approaches Jaguarundi (position 1).
[GameContext] [Encounter] Runner encounters Jaguarundi.
[GameContext] [Encounter] Carmen boosted  +3 str (now 5). Cost: 1 cr.
[GameContext] [Encounter] Carmen breaks 'Give the Runner 1 tag.' for 1 cr.
[GameContext] [Encounter] Carmen breaks 'If the Runner is tagged, do 1 core damage.' for 1 cr.
[GameContext] [Encounter] Subroutine 0 broken.
[GameContext] [Encounter] Subroutine 1 broken.
[GameContext] Condition not met — ability has no effect.
[GameContext] [Approach] Runner approaches unrezzed ice (position 2).
[GameContext] [Approach] Corp declines to rez. Runner passes unrezzed ice.
[GameContext] [Movement] Runner approaches the server root.
[GameContext] [Success] Run successful on R&D!
[GameContext] [Debug/gain_on_success] run_modifiers at success: { "overclock_credits": 0, "concerto_credits": 0, "bad_pub_credits": 0 }
[GameContext] [Breach] Runner breaches R&D.
[GameContext] [Access] Runner accesses: Send a Message
[GameContext] [Access] Runner steals Send a Message! (3 agenda points)
[GameContext] Rezzed Cloud Eater for free.
[GameContext] [End] Run ended successfully.
[GameContext] Faster than Thought draws Ping.
[GameContext] === Faster than Thought Turn 16 begins. Credits: 15, Clicks: 3 ===
[GameContext] [MCTS] Kill line detected — executing: Play Measured Response
[GameContext] Party Animal takes 4 meat damage (did not pay 8 cr).
[GameContext] Runner takes 4 meat damage.
[GameContext]   Trashed from grip: smartware_distributor
[GameContext]   Trashed from grip: smartware_distributor
[GameContext]   Trashed from grip: cookbook
[GameContext]   Trashed from grip: docklands_pass
[GameContext] 4 card(s) trashed from Party Animal's grip.
[GameContext] Faster than Thought plays Measured Response.
[GameContext] Faster than Thought installs Ping in Server 6.
[GameContext] Faster than Thought draws Doomscroll.
[GameContext] === Party Animal Turn 17 begins. Credits: 2, Clicks: 4 ===
[GameContext] Party Animal draws Botulus.
[GameContext] Party Animal draws Verbal Plasticity.
[GameContext] Party Animal draws Verbal Plasticity.
[GameContext] Party Animal draws DZMZ Optimizer.
[GameContext] Faster than Thought draws Bigger Picture.
[GameContext] === Faster than Thought Turn 17 begins. Credits: 10, Clicks: 3 ===
[GameContext] [MCTS] slow search: 1176 ms (100 iterations, depth 3)
[GameContext] Faster than Thought installs Doomscroll in Server 7.
[heartbeat] game 2/10 — turn 17, time 63s
[GameContext] [MCTS] slow search: 1116 ms (100 iterations, depth 3)
[GameContext] Spin Doctor: shuffled 2 card(s) from Archives into R&D.
[GameContext] Spin Doctor is trashed.
[GameContext] [MCTS] slow search: 1166 ms (100 iterations, depth 3)
[GameContext] Faster than Thought takes 3 cr from Regolith Mining License (6 remaining).
[GameContext] === Party Animal Turn 18 begins. Credits: 2, Clicks: 4 ===
[GameContext] Party Animal gains 1 credit. (3 total)
[GameContext] Party Animal gains 1 credit. (4 total)
[GameContext] Party Animal gains 1 credit. (5 total)
[GameContext] Party Animal gains 1 credit. (6 total)
[GameContext] Faster than Thought draws Regolith Mining License.
[GameContext] === Faster than Thought Turn 18 begins. Credits: 13, Clicks: 3 ===
[GameContext] [MCTS] slow search: 1265 ms (100 iterations, depth 3)
[GameContext] Faster than Thought takes 3 cr from Regolith Mining License (3 remaining).
[heartbeat] game 2/10 — turn 18, time 68s
[GameContext] [MCTS] slow search: 1455 ms (100 iterations, depth 3)
[GameContext] Faster than Thought draws Hedge Fund.
[GameContext] [MCTS] slow search: 1799 ms (100 iterations, depth 3)
[GameContext] Faster than Thought draws Hedge Fund.
[GameContext] Faster than Thought discards IP Enforcement to hand limit.
[GameContext] Faster than Thought discards Bigger Picture to hand limit.
[GameContext] === Party Animal Turn 19 begins. Credits: 6, Clicks: 4 ===
[GameContext] Party Animal gains 1 credit. (7 total)
[GameContext] Party Animal gains 1 credit. (8 total)
[GameContext] Party Animal gains 1 credit. (9 total)
[GameContext] --- Run on R&D begins ---
[GameContext] [Initiation] Run declared on R&D.
[GameContext] [Approach] Runner approaches Doomscroll (position 0).
[GameContext] [Encounter] Runner encounters Doomscroll.
[GameContext] [Encounter] Carmen boosted  +3 str (now 5). Cost: 1 cr.
[GameContext] [Encounter] Carmen breaks 'Give the Runner 1 tag.' for 1 cr.
[GameContext] [Encounter] Carmen breaks 'Do 1 net damage.' for 1 cr.
[GameContext] [Encounter] Carmen breaks 'Do 2 net damage if the Runner has at least 2 tags.' for 1 cr.
[GameContext] [Encounter] Subroutine 0 broken.
[GameContext] [Encounter] Subroutine 1 broken.
[GameContext] [Encounter] Subroutine 2 broken.
[GameContext] Condition not met — ability has no effect.
[GameContext] [Approach] Runner approaches Jaguarundi (position 1).
[GameContext] [Encounter] Runner encounters Jaguarundi.
[GameContext] [Jaguarundi] Runner takes 1 tag. (1 total)
[GameContext] [Encounter] Carmen boosted  +3 str (now 5). Cost: 1 cr.
[GameContext] [Encounter] Carmen breaks 'Give the Runner 1 tag.' for 1 cr.
[GameContext] [Encounter] Carmen breaks 'If the Runner is tagged, do 1 core damage.' for 1 cr.
[GameContext] [Encounter] Subroutine 0 broken.
[GameContext] [Encounter] Subroutine 1 broken.
[GameContext] Condition not met — ability has no effect.
[GameContext] [Approach] Runner approaches unrezzed ice (position 2).
[GameContext] [Approach] Corp declines to rez. Runner passes unrezzed ice.
[GameContext] [Movement] Runner approaches the server root.
[GameContext] [Success] Run successful on R&D!
[GameContext] [Debug/gain_on_success] run_modifiers at success: { "overclock_credits": 0, "concerto_credits": 0, "bad_pub_credits": 0 }
[GameContext] [Breach] Runner breaches R&D.
[GameContext] [Access] Runner accesses: Retribution
[GameContext] [End] Run ended successfully.
[GameContext] Faster than Thought draws Retribution.
[GameContext] === Faster than Thought Turn 19 begins. Credits: 16, Clicks: 3 ===
[GameContext] [MCTS] Kill line detected — executing: Play Measured Response
[GameContext] Party Animal takes 4 meat damage (did not pay 8 cr).
[GameContext] Runner takes 4 meat damage.
[GameContext]   Trashed from grip: verbal_plasticity
[GameContext]   Trashed from grip: botulus
[GameContext]   Trashed from grip: verbal_plasticity
[GameContext]   Trashed from grip: dzmz_optimizer
[GameContext] 4 card(s) trashed from Party Animal's grip.
[GameContext] Faster than Thought plays Measured Response.
[GameContext] Faster than Thought draws Oracle Thinktank.
[heartbeat] game 2/10 — turn 19, time 73s
[GameContext] Faster than Thought installs Oracle Thinktank in Server 2.
[GameContext] === Party Animal Turn 20 begins. Credits: 2, Clicks: 4 ===
[GameContext] Party Animal gains 1 credit. (3 total)
[GameContext] Game over — Faster than Thought wins. "Party Animal" flatlined (empty grip)
  [  2/ 10]  CORP      "Party Animal" flatlined (empty grip)  20 turns
[GameContext] Faster than Thought draws IP Enforcement.
[GameContext] === Faster than Thought Turn 1 begins. Credits: 5, Clicks: 3 ===
[GameContext] [MCTS] slow search: 418 ms (100 iterations, depth 3)
[GameContext] Faster than Thought installs Ping in Server 0.
[GameContext] [MCTS] slow search: 426 ms (100 iterations, depth 3)
[GameContext] Faster than Thought installs Knowledge Seeker in HQ.
[GameContext] [MCTS] slow search: 432 ms (100 iterations, depth 3)
[GameContext] Faster than Thought installs Doomscroll in R&D.
[GameContext] === Party Animal Turn 2 begins. Credits: 5, Clicks: 4 ===
[GameContext] --- Run on R&D begins ---
[GameContext] [Initiation] Run declared on R&D.
[GameContext] [Approach] Runner approaches unrezzed ice (position 0).
[CorpRunAI] AI: rezzing Doomscroll would breach credit floor — holding.
[GameContext] [Approach] Corp declines to rez. Runner passes unrezzed ice.
[GameContext] [Movement] Runner approaches the server root.
[GameContext] [Success] Run successful on R&D!
[GameContext] [Debug/gain_on_success] run_modifiers at success: {  }
[GameContext] [Breach] Runner breaches R&D.
[GameContext] [Access] Runner accesses: Oracle Thinktank
[GameContext] [Access] Runner steals Oracle Thinktank! (1 agenda points)
[GameContext] Party Animal takes 1 tag(s). (1 total)
[GameContext] [End] Run ended successfully.
[GameContext] --- Run on HQ begins ---
[GameContext] [Initiation] Run declared on HQ.
[GameContext] [Approach] Runner approaches unrezzed ice (position 0).
[CorpRunAI] AI: rezzing Knowledge Seeker would breach credit floor — holding.
[GameContext] [Approach] Corp declines to rez. Runner passes unrezzed ice.
[GameContext] [Movement] Runner approaches the server root.
[GameContext] [Success] Run successful on HQ!
[GameContext] [Debug/gain_on_success] run_modifiers at success: {  }
[GameContext] [Breach] Runner breaches HQ.
[GameContext] [Access] Runner accesses: IP Enforcement
[GameContext] [End] Run ended successfully.
Player install: card is: Cleaver and charged cost is: 3
[GameContext] Party Animal installs Cleaver. [MU: 1/4 used]
[GameContext] Party Animal removes 1 tag (0 remaining). [paid 2cr]
[GameContext] Synapse Global: Faster than Thought declines to install.
[GameContext] Faster than Thought draws Retribution.
[GameContext] === Faster than Thought Turn 2 begins. Credits: 5, Clicks: 3 ===
[GameContext] [MCTS] slow search: 406 ms (100 iterations, depth 3)
[GameContext] Faster than Thought gains 1 credit. (6 total)
[GameContext] [MCTS] slow search: 391 ms (100 iterations, depth 3)
[GameContext] Faster than Thought gains 1 credit. (7 total)
[heartbeat] game 3/10 — turn 2, time 78s
[GameContext] [MCTS] slow search: 401 ms (100 iterations, depth 3)
[GameContext] Faster than Thought gains 1 credit. (8 total)
[GameContext] === Party Animal Turn 3 begins. Credits: 0, Clicks: 4 ===
[GameContext] Party Animal gains 1 credit. (1 total)
[GameContext] Party Animal gains 1 credit. (2 total)
[GameContext] Party Animal gains 1 credit. (3 total)
[GameContext] --- Run on R&D begins ---
[GameContext] [Initiation] Run declared on R&D.
[GameContext] [Approach] Runner approaches unrezzed ice (position 0).
[CorpRunAI] AI: Doomscroll — rez_cost=3  tax/enc=11.0  enc=3.0  LTV=33.0
[GameContext] [Rez] Corp rezzes Doomscroll for 3 credits.
[GameContext] [Encounter] Runner encounters Doomscroll.
[GameContext] Party Animal takes 1 tag(s). (1 total)
[GameContext] Runner takes 1 net damage.
[GameContext]   Trashed from grip: botulus
[GameContext] 1 card(s) trashed from Party Animal's grip.
[GameContext] Subroutine condition not met — no effect.
[GameContext] [Movement] Runner approaches the server root.
[GameContext] [Success] Run successful on R&D!
[GameContext] [Debug/gain_on_success] run_modifiers at success: {  }
[GameContext] [Breach] Runner breaches R&D.
[GameContext] [Access] Runner accesses: Cloud Eater
[GameContext] [End] Run ended successfully.
[GameContext] Faster than Thought draws Cloud Eater.
[GameContext] === Faster than Thought Turn 3 begins. Credits: 5, Clicks: 3 ===
[GameContext] [MCTS] slow search: 745 ms (100 iterations, depth 3)
[GameContext] Faster than Thought pays 1 credit(s) to install ice.
[GameContext] Faster than Thought installs Cloud Eater in R&D.
[GameContext] [MCTS] slow search: 535 ms (100 iterations, depth 3)
[GameContext] Faster than Thought gains 1 credit. (5 total)
[GameContext] [MCTS] slow search: 562 ms (100 iterations, depth 3)
[GameContext] Faster than Thought draws Regolith Mining License.
[GameContext] === Party Animal Turn 4 begins. Credits: 3, Clicks: 4 ===
[GameContext] Party Animal gains 1 credit. (4 total)
[GameContext] --- Run on HQ begins ---
[GameContext] [Initiation] Run declared on HQ.
[GameContext] [Approach] Runner approaches unrezzed ice (position 0).
[CorpRunAI] AI: rezzing Knowledge Seeker would breach credit floor — holding.
[GameContext] [Approach] Corp declines to rez. Runner passes unrezzed ice.
[GameContext] [Movement] Runner approaches the server root.
[GameContext] [Success] Run successful on HQ!
[GameContext] [Debug/gain_on_success] run_modifiers at success: {  }
[GameContext] [Breach] Runner breaches HQ.
[GameContext] [Access] Runner accesses: Measured Response
[GameContext] [End] Run ended successfully.
[GameContext] Party Animal removes 1 tag (0 remaining). [paid 2cr]
[GameContext] Synapse Global: Faster than Thought declines to install.
[GameContext] Party Animal draws Smartware Distributor.
[GameContext] Faster than Thought draws Hedge Fund.
[GameContext] === Faster than Thought Turn 4 begins. Credits: 5, Clicks: 3 ===
[GameContext] [MCTS] slow search: 507 ms (100 iterations, depth 3)
[GameContext] Faster than Thought gains 9 credits.
[GameContext] Faster than Thought plays Hedge Fund.
[heartbeat] game 3/10 — turn 4, time 83s
[GameContext] [MCTS] slow search: 514 ms (100 iterations, depth 3)
[GameContext] Faster than Thought installs Regolith Mining License in Server 0.
[GameContext] [MCTS] slow search: 581 ms (100 iterations, depth 3)
[GameContext] Faster than Thought gains 1 credit. (10 total)
[GameContext] === Party Animal Turn 5 begins. Credits: 2, Clicks: 4 ===
[GameContext] Party Animal gains 1 credit. (3 total)
[GameContext] --- Run on HQ begins ---
[GameContext] [Initiation] Run declared on HQ.
[GameContext] [Approach] Runner approaches unrezzed ice (position 0).
[CorpRunAI] AI: Knowledge Seeker — rez_cost=5  tax/enc=13.0  enc=3.0  LTV=39.0
[GameContext] [Rez] Corp rezzes Knowledge Seeker for 5 credits.
[GameContext] [Encounter] Runner encounters Knowledge Seeker.
[GameContext] Knowledge Seeker: places 1 virus counter on itself (1 total).
[GameContext] Knowledge Seeker: Faster than Thought looks at top 4 card(s) of R&D.
[GameContext] Run ended.
[GameContext] [Encounter] Run ended by subroutine.
[GameContext] Condition not met — ability has no effect.
[GameContext] [End] Run ended unsuccessfully.
[GameContext] Party Animal draws Docklands Pass.
[GameContext] Party Animal gains 1 credit. (4 total)
[GameContext] Faster than Thought draws Embedded Reporting.
[GameContext] === Faster than Thought Turn 5 begins. Credits: 5, Clicks: 3 ===
[GameContext] Placed 15 credits counter(s) on Regolith Mining License.
[GameContext] Faster than Thought rezzes Regolith Mining License for 2 cr.
[GameContext] [MCTS] slow search: 835 ms (100 iterations, depth 3)
[GameContext] Faster than Thought gains 1 credit. (4 total)
[GameContext] [MCTS] slow search: 838 ms (100 iterations, depth 3)
[GameContext] Faster than Thought takes 3 cr from Regolith Mining License (12 remaining).
[GameContext] [MCTS] slow search: 886 ms (100 iterations, depth 3)
[GameContext] Faster than Thought takes 3 cr from Regolith Mining License (9 remaining).
[heartbeat] game 3/10 — turn 5, time 89s
[GameContext] === Party Animal Turn 6 begins. Credits: 4, Clicks: 4 ===
[GameContext] Party Animal gains 1 credit. (5 total)
[GameContext] Party Animal gains 1 credit. (6 total)
[GameContext] Party Animal gains 1 credit. (7 total)
[GameContext] Party Animal gains 1 credit. (8 total)
[GameContext] Faster than Thought draws Behold!.
[GameContext] === Faster than Thought Turn 6 begins. Credits: 10, Clicks: 3 ===
[GameContext] [MCTS] slow search: 942 ms (100 iterations, depth 3)
[GameContext] Faster than Thought takes 3 cr from Regolith Mining License (6 remaining).
[GameContext] [MCTS] slow search: 919 ms (100 iterations, depth 3)
[GameContext] Faster than Thought takes 3 cr from Regolith Mining License (3 remaining).
[GameContext] [MCTS] slow search: 974 ms (100 iterations, depth 3)
[GameContext] Condition not met — ability has no effect.
[GameContext] Faster than Thought plays Retribution.
[GameContext] === Party Animal Turn 7 begins. Credits: 8, Clicks: 4 ===
[GameContext] Party Animal gains 1 credit. (9 total)
[GameContext] Party Animal gains 1 credit. (10 total)
[GameContext] Party Animal gains 1 credit. (11 total)
[GameContext] Party Animal gains 1 credit. (12 total)
[GameContext] Faster than Thought draws Behold!.
[GameContext] === Faster than Thought Turn 7 begins. Credits: 15, Clicks: 3 ===
[GameContext] [MCTS] slow search: 1060 ms (100 iterations, depth 3)
[heartbeat] game 3/10 — turn 7, time 94s
[GameContext] Faster than Thought draws Regolith Mining License.
[GameContext] [MCTS] slow search: 1020 ms (100 iterations, depth 3)
[GameContext] Faster than Thought installs Behold! in Server 1.
[GameContext] [MCTS] slow search: 1237 ms (100 iterations, depth 3)
[GameContext] Faster than Thought draws Hedge Fund.
[GameContext] Faster than Thought discards IP Enforcement to hand limit.
[GameContext] Faster than Thought discards Measured Response to hand limit.
[GameContext] === Party Animal Turn 8 begins. Credits: 12, Clicks: 4 ===
[GameContext] Party Animal gains 1 credit. (13 total)
[GameContext] Party Animal gains 1 credit. (14 total)
[GameContext] Party Animal gains 1 credit. (15 total)
[GameContext] Party Animal gains 1 credit. (16 total)
[GameContext] Faster than Thought draws Retribution.
[GameContext] === Faster than Thought Turn 8 begins. Credits: 15, Clicks: 3 ===
[GameContext] Faster than Thought rezzes Behold! for 0 cr.
[GameContext] [MCTS] slow search: 1387 ms (100 iterations, depth 3)
[GameContext] Faster than Thought installs Regolith Mining License in Server 2.
[heartbeat] game 3/10 — turn 8, time 99s
[GameContext] [MCTS] slow search: 1282 ms (100 iterations, depth 3)
[GameContext] Faster than Thought draws Send a Message.
[GameContext] [MCTS] slow search: 1505 ms (100 iterations, depth 3)
[GameContext] Faster than Thought draws Bigger Picture.
[GameContext] Faster than Thought discards Bigger Picture to hand limit.
[GameContext] Faster than Thought discards Retribution to hand limit.
[GameContext] === Party Animal Turn 9 begins. Credits: 16, Clicks: 4 ===
[GameContext] Party Animal gains 1 credit. (17 total)
[GameContext] Party Animal gains 1 credit. (18 total)
[GameContext] Party Animal gains 1 credit. (19 total)
[GameContext] Party Animal gains 1 credit. (20 total)
[GameContext] Faster than Thought draws Measured Response.
[GameContext] === Faster than Thought Turn 9 begins. Credits: 15, Clicks: 3 ===
[GameContext] Placed 15 credits counter(s) on Regolith Mining License.
[GameContext] Faster than Thought rezzes Regolith Mining License for 2 cr.
[GameContext] [MCTS] slow search: 1313 ms (100 iterations, depth 3)
[heartbeat] game 3/10 — turn 9, time 105s
[GameContext] Faster than Thought takes 3 cr from Regolith Mining License (12 remaining).
[GameContext] [MCTS] slow search: 1525 ms (100 iterations, depth 3)
[GameContext] Faster than Thought installs Regolith Mining License in Server 3.
[GameContext] [MCTS] slow search: 1445 ms (100 iterations, depth 3)
[GameContext] Faster than Thought draws Cloud Eater.
[GameContext] Faster than Thought discards Hedge Fund to hand limit.
[GameContext] === Party Animal Turn 10 begins. Credits: 20, Clicks: 4 ===
[GameContext] Party Animal gains 1 credit. (21 total)
[GameContext] Party Animal gains 1 credit. (22 total)
Player install: card is: Leech and charged cost is: 1
[GameContext] Party Animal installs Leech. [MU: 2/4 used]
[GameContext] Party Animal draws Buzzsaw.
[GameContext] Faster than Thought draws Knowledge Seeker.
[GameContext] === Faster than Thought Turn 10 begins. Credits: 16, Clicks: 3 ===
[GameContext] Placed 15 credits counter(s) on Regolith Mining License.
[GameContext] Faster than Thought rezzes Regolith Mining License for 2 cr.
[GameContext] [MCTS] slow search: 1467 ms (100 iterations, depth 3)
[heartbeat] game 3/10 — turn 10, time 110s
[GameContext] Faster than Thought installs Embedded Reporting in Server 4.
[GameContext] [MCTS] slow search: 1529 ms (100 iterations, depth 3)
[GameContext] Faster than Thought advances Embedded Reporting (1 counters).
[GameContext] [MCTS] slow search: 1540 ms (100 iterations, depth 3)
[GameContext] Faster than Thought installs Cloud Eater in Server 4.
[GameContext] === Party Animal Turn 11 begins. Credits: 21, Clicks: 4 ===
[GameContext] --- Run on Server 4 begins ---
[GameContext] [Initiation] Run declared on Server 4.
[GameContext] [Approach] Runner approaches unrezzed ice (position 0).
[CorpRunAI] AI: Cloud Eater — rez_cost=10  tax/enc=14.0  enc=2.5  LTV=35.0
[CorpRunAI] AI: deferring Cloud Eater (pri=7.00) — saving for Cloud Eater on rd (pri=10.50)
[GameContext] [Approach] Corp declines to rez. Runner passes unrezzed ice.
[GameContext] [Movement] Runner approaches the server root.
[GameContext] [Success] Run successful on Server 4!
[GameContext] [Debug/gain_on_success] run_modifiers at success: {  }
[GameContext] [Breach] Runner breaches Server 4.
[GameContext] [Access] Runner accesses: Embedded Reporting
[GameContext] [Access] Runner steals Embedded Reporting! (2 agenda points)
[GameContext] [End] Run ended successfully.
Player install: card is: Buzzsaw and charged cost is: 4
[GameContext] Party Animal installs Buzzsaw. [MU: 3/4 used]
[GameContext] --- Run on HQ begins ---
[GameContext] [Initiation] Run declared on HQ.
[GameContext] [Approach] Runner approaches Knowledge Seeker (position 0).
[GameContext] [Encounter] Runner encounters Knowledge Seeker.
[GameContext] [Encounter] Buzzsaw boosted  +3 str (now 6). Cost: 2 cr.
[GameContext] [Encounter] Buzzsaw breaks 'Place 1 virus counter on Knowledge Seeker.' for 1 cr.
[GameContext] [Encounter] Buzzsaw breaks 'Look at the top 4 cards of R&D and arrange them in any order.' for 1 cr.
[GameContext] [Encounter] Buzzsaw breaks 'End the run.' for 1 cr.
[GameContext] [Encounter] Subroutine 0 broken.
[GameContext] [Encounter] Subroutine 1 broken.
[GameContext] [Encounter] Subroutine 2 broken.
[GameContext] Condition not met — ability has no effect.
[GameContext] [Movement] Runner approaches the server root.
[GameContext] [Success] Run successful on HQ!
[GameContext] Placed 1 virus counter(s) on Leech (1 total).
[GameContext] [Debug/gain_on_success] run_modifiers at success: { "overclock_credits": 0, "concerto_credits": 0, "bad_pub_credits": 0 }
[GameContext] [Breach] Runner breaches HQ.
[GameContext] [Access] Runner accesses: Behold!
[GameContext] [Access] Runner may trash Behold! for 0 credits (Runner has 12 total).
[GameContext] [Access] Runner trashes Behold!.
[GameContext] [End] Run ended successfully.
[GameContext] Party Animal draws DZMZ Optimizer.
[GameContext] Faster than Thought draws Cloud Eater.
[GameContext] === Faster than Thought Turn 11 begins. Credits: 13, Clicks: 3 ===
[GameContext] Faster than Thought installs Send a Message in Server 5.
[heartbeat] game 3/10 — turn 11, time 115s
[GameContext] Faster than Thought installs Cloud Eater in Server 5.
[GameContext] Faster than Thought pays 1 credit(s) to install ice.
[GameContext] Faster than Thought installs Knowledge Seeker in Server 5.
[GameContext] === Party Animal Turn 12 begins. Credits: 12, Clicks: 4 ===
[GameContext] --- Run on Server 5 begins ---
[GameContext] [Initiation] Run declared on Server 5.
[GameContext] [Approach] Runner approaches unrezzed ice (position 0).
[CorpRunAI] AI: Knowledge Seeker — rez_cost=5  tax/enc=5.0  enc=2.5  LTV=12.5
[CorpRunAI] AI: deferring Knowledge Seeker (pri=5.00) — saving for Cloud Eater on rd (pri=10.50)
[GameContext] [Approach] Corp declines to rez. Runner passes unrezzed ice.
[GameContext] [Approach] Runner approaches unrezzed ice (position 1).
[CorpRunAI] AI: Knowledge Seeker — rez_cost=5  tax/enc=5.0  enc=2.5  LTV=12.5
[CorpRunAI] AI: deferring Knowledge Seeker (pri=5.00) — saving for Cloud Eater on rd (pri=10.50)
[GameContext] [Approach] Corp declines to rez. Runner passes unrezzed ice.
[GameContext] [Movement] Runner approaches the server root.
[GameContext] [Success] Run successful on Server 5!
[GameContext] [Debug/gain_on_success] run_modifiers at success: {  }
[GameContext] [Breach] Runner breaches Server 5.
[GameContext] [Access] Runner accesses: Send a Message
[GameContext] [Access] Runner steals Send a Message! (3 agenda points)
[GameContext] Rezzed Cloud Eater for free.
[GameContext] [End] Run ended successfully.
[GameContext] --- Run on HQ begins ---
[GameContext] [Initiation] Run declared on HQ.
[GameContext] [Approach] Runner approaches Knowledge Seeker (position 0).
[GameContext] [Encounter] Runner encounters Knowledge Seeker.
[GameContext] [Encounter] Buzzsaw boosted  +3 str (now 6). Cost: 2 cr.
[GameContext] [Encounter] Buzzsaw breaks 'Place 1 virus counter on Knowledge Seeker.' for 1 cr.
[GameContext] [Encounter] Buzzsaw breaks 'Look at the top 4 cards of R&D and arrange them in any order.' for 1 cr.
[GameContext] [Encounter] Buzzsaw breaks 'End the run.' for 1 cr.
[GameContext] [Encounter] Subroutine 0 broken.
[GameContext] [Encounter] Subroutine 1 broken.
[GameContext] [Encounter] Subroutine 2 broken.
[GameContext] Condition not met — ability has no effect.
[GameContext] [Movement] Runner approaches the server root.
[GameContext] [Success] Run successful on HQ!
[GameContext] Placed 1 virus counter(s) on Leech (2 total).
[GameContext] [Debug/gain_on_success] run_modifiers at success: { "overclock_credits": 0, "concerto_credits": 0, "bad_pub_credits": 0 }
[GameContext] [Breach] Runner breaches HQ.
[GameContext] [Access] Runner accesses: Measured Response
[GameContext] [End] Run ended successfully.
[GameContext] Party Animal gains 1 credit. (8 total)
[GameContext] Party Animal gains 1 credit. (9 total)
[GameContext] Faster than Thought draws N-Pot.
[GameContext] === Faster than Thought Turn 12 begins. Credits: 12, Clicks: 3 ===
[GameContext] Faster than Thought draws Send a Message.
[GameContext] Faster than Thought installs Send a Message in Server 4.
[GameContext] Faster than Thought pays 1 credit(s) to install ice.
[GameContext] Faster than Thought installs N-Pot in Server 4.
[GameContext] === Party Animal Turn 13 begins. Credits: 9, Clicks: 4 ===
[GameContext] --- Run on Server 4 begins ---
[GameContext] [Initiation] Run declared on Server 4.
[GameContext] [Approach] Runner approaches unrezzed ice (position 0).
[CorpRunAI] AI: N-Pot — rez_cost=4  tax/enc=5.0  enc=2.5  LTV=12.5
[GameContext] [Rez] Corp rezzes N-Pot for 4 credits.
[GameContext] [Encounter] Runner encounters N-Pot.
[GameContext] [Encounter] Buzzsaw boosted  +3 str (now 6). Cost: 2 cr.
[GameContext] [Encounter] Buzzsaw breaks 'End the run.' for 1 cr.
[GameContext] [Encounter] Buzzsaw breaks 'If the threat level is 2 or greater, end the run.' for 1 cr.
[GameContext] [Encounter] Buzzsaw breaks 'If the threat level is 4 or greater, end the run.' for 1 cr.
[GameContext] [Encounter] Subroutine 0 broken.
[GameContext] [Encounter] Subroutine 1 broken.
[GameContext] [Encounter] Subroutine 2 broken.
[GameContext] Condition not met — ability has no effect.
[GameContext] [Approach] Runner approaches unrezzed ice (position 1).
[GameContext] [Approach] Corp declines to rez. Runner passes unrezzed ice.
[GameContext] [Movement] Runner approaches the server root.
[GameContext] [Success] Run successful on Server 4!
[GameContext] [Debug/gain_on_success] run_modifiers at success: { "overclock_credits": 0, "concerto_credits": 0, "bad_pub_credits": 0 }
[GameContext] [Breach] Runner breaches Server 4.
[GameContext] [Access] Runner accesses: Send a Message
[GameContext] [Access] Runner steals Send a Message! (3 agenda points)
[GameContext] Rezzed Ping for free.
[GameContext] Runner wins by stealing agendas!
[GameContext] [End] Run ended successfully.
[GameContext] Game over — Party Animal wins. Party Animal stole enough agendas to win
  [  3/ 10]  RUNNER    Party Animal stole enough agendas to win  13 turns
[GameContext] Faster than Thought draws Measured Response.
[GameContext] === Faster than Thought Turn 1 begins. Credits: 5, Clicks: 3 ===
[GameContext] [MCTS] slow search: 533 ms (100 iterations, depth 3)
[GameContext] Faster than Thought installs Knowledge Seeker in R&D.
[GameContext] [MCTS] slow search: 504 ms (100 iterations, depth 3)
[GameContext] Faster than Thought gains 9 credits.
[GameContext] Faster than Thought plays Hedge Fund.
[GameContext] [MCTS] slow search: 547 ms (100 iterations, depth 3)
[GameContext] Faster than Thought installs Funhouse in HQ.
[heartbeat] game 4/10 — turn 1, time 121s
[GameContext] === Party Animal Turn 2 begins. Credits: 5, Clicks: 4 ===
[GameContext] --- Run on R&D begins ---
[GameContext] [Initiation] Run declared on R&D.
[GameContext] [Approach] Runner approaches unrezzed ice (position 0).
[CorpRunAI] AI: Knowledge Seeker — rez_cost=5  tax/enc=13.0  enc=3.0  LTV=39.0
[GameContext] [Rez] Corp rezzes Knowledge Seeker for 5 credits.
[GameContext] [Encounter] Runner encounters Knowledge Seeker.
[GameContext] Knowledge Seeker: places 1 virus counter on itself (1 total).
[GameContext] Knowledge Seeker: Faster than Thought looks at top 4 card(s) of R&D.
[GameContext] Run ended.
[GameContext] [Encounter] Run ended by subroutine.
[GameContext] Condition not met — ability has no effect.
[GameContext] [End] Run ended unsuccessfully.
[GameContext] --- Run on HQ begins ---
[GameContext] [Initiation] Run declared on HQ.
[GameContext] [Approach] Runner approaches unrezzed ice (position 0).
[GameContext] [Approach] Corp declines to rez. Runner passes unrezzed ice.
[GameContext] [Movement] Runner approaches the server root.
[GameContext] [Success] Run successful on HQ!
[GameContext] [Debug/gain_on_success] run_modifiers at success: {  }
[GameContext] [Breach] Runner breaches HQ.
[GameContext] [Access] Runner accesses: IP Enforcement
[GameContext] [End] Run ended successfully.
Player install: card is: Cleaver and charged cost is: 3
[GameContext] Party Animal installs Cleaver. [MU: 1/4 used]
[GameContext] Party Animal draws Leech.
[GameContext] Faster than Thought draws Hedge Fund.
[GameContext] === Faster than Thought Turn 2 begins. Credits: 4, Clicks: 3 ===
[GameContext] [MCTS] slow search: 442 ms (100 iterations, depth 3)
[GameContext] Faster than Thought gains 1 credit. (5 total)
[GameContext] [MCTS] slow search: 440 ms (100 iterations, depth 3)
[GameContext] Faster than Thought gains 9 credits.
[GameContext] Faster than Thought plays Hedge Fund.
[GameContext] [MCTS] slow search: 454 ms (100 iterations, depth 3)
[GameContext] Faster than Thought gains 1 credit. (10 total)
[GameContext] === Party Animal Turn 3 begins. Credits: 2, Clicks: 4 ===
[GameContext] Party Animal gains 1 credit. (3 total)
[GameContext] --- Run on HQ begins ---
[GameContext] [Initiation] Run declared on HQ.
[GameContext] [Approach] Runner approaches unrezzed ice (position 0).
[CorpRunAI] AI: Funhouse — rez_cost=5  tax/enc=8.0  enc=3.0  LTV=24.0
[GameContext] [Rez] Corp rezzes Funhouse for 5 credits.
[GameContext] [Encounter] Runner encounters Funhouse.
[GameContext] Party Animal takes 1 tag(s) to continue the run (Funhouse). (1 total)
[GameContext] Party Animal takes 1 tag (did not pay 4 cr). (2 total)
[GameContext] Condition not met — ability has no effect.
[GameContext] [Movement] Runner approaches the server root.
[GameContext] [Success] Run successful on HQ!
[GameContext] [Debug/gain_on_success] run_modifiers at success: {  }
[GameContext] [Breach] Runner breaches HQ.
[GameContext] [Access] Runner accesses: IP Enforcement
[GameContext] [End] Run ended successfully.
[GameContext] Party Animal removes 1 tag (1 remaining). [paid 2cr]
[GameContext] Synapse Global: Faster than Thought declines to install.
[GameContext] Party Animal gains 1 credit. (2 total)
[GameContext] Faster than Thought draws Behold!.
[GameContext] === Faster than Thought Turn 3 begins. Credits: 5, Clicks: 3 ===
[GameContext] [MCTS] slow search: 610 ms (100 iterations, depth 3)
[GameContext] Faster than Thought gains 1 credit. (6 total)
[GameContext] [MCTS] slow search: 578 ms (100 iterations, depth 3)
[GameContext] Faster than Thought draws Bigger Picture.
[heartbeat] game 4/10 — turn 3, time 126s
[GameContext] [MCTS] slow search: 645 ms (100 iterations, depth 3)
[GameContext] Corp chooses the effect of this card...
[GameContext] Modal: executing 'Drain: remove any number of tags (Runner loses 5cr each, Corp gains)'.
[GameContext] Bigger Picture: Removed 1 tag(s) from Party Animal. (0 remaining)
[GameContext] Bigger Picture: Party Animal loses 2 credits. Faster than Thought gains 2 credits.
[GameContext] Synapse Global: Faster than Thought declines to install.
[GameContext] Faster than Thought plays Bigger Picture.
[GameContext] === Party Animal Turn 4 begins. Credits: 0, Clicks: 4 ===
[GameContext] Party Animal gains 1 credit. (1 total)
[GameContext] Party Animal gains 1 credit. (2 total)
[GameContext] Party Animal gains 1 credit. (3 total)
[GameContext] Party Animal gains 1 credit. (4 total)
[GameContext] Faster than Thought draws Spin Doctor.
[GameContext] === Faster than Thought Turn 4 begins. Credits: 8, Clicks: 3 ===
[GameContext] [MCTS] slow search: 691 ms (100 iterations, depth 3)
[GameContext] Faster than Thought gains 1 credit. (9 total)
[GameContext] [MCTS] slow search: 670 ms (100 iterations, depth 3)
[GameContext] Faster than Thought gains 1 credit. (10 total)
[GameContext] [MCTS] slow search: 702 ms (100 iterations, depth 3)
[GameContext] Faster than Thought gains 1 credit. (11 total)
[GameContext] === Party Animal Turn 5 begins. Credits: 4, Clicks: 4 ===
[GameContext] Party Animal gains 1 credit. (5 total)
Player install: card is: Carmen and charged cost is: 5
[GameContext] Party Animal installs Carmen. [MU: 2/4 used]
[GameContext] Party Animal draws Cookbook.
[GameContext] Party Animal gains 1 credit. (1 total)
[GameContext] Faster than Thought draws Send a Message.
[GameContext] === Faster than Thought Turn 5 begins. Credits: 11, Clicks: 3 ===
[GameContext] [MCTS] slow search: 741 ms (100 iterations, depth 3)
[heartbeat] game 4/10 — turn 5, time 131s
[GameContext] Faster than Thought gains 1 credit. (12 total)
[GameContext] [MCTS] slow search: 720 ms (100 iterations, depth 3)
[GameContext] Faster than Thought gains 1 credit. (13 total)
[GameContext] [MCTS] slow search: 759 ms (100 iterations, depth 3)
[GameContext] Faster than Thought gains 1 credit. (14 total)
[GameContext] Faster than Thought discards IP Enforcement to hand limit.
[GameContext] === Party Animal Turn 6 begins. Credits: 1, Clicks: 4 ===
[GameContext] Party Animal gains 1 credit. (2 total)
[GameContext] Party Animal gains 1 credit. (3 total)
[GameContext] Party Animal gains 1 credit. (4 total)
[GameContext] Party Animal gains 1 credit. (5 total)
[GameContext] Faster than Thought draws Knowledge Seeker.
[GameContext] === Faster than Thought Turn 6 begins. Credits: 14, Clicks: 3 ===
[GameContext] [MCTS] slow search: 941 ms (100 iterations, depth 3)
[GameContext] Faster than Thought installs Knowledge Seeker in Server 0.
[GameContext] [MCTS] slow search: 914 ms (100 iterations, depth 3)
[GameContext] Faster than Thought installs Send a Message in Server 0.
[heartbeat] game 4/10 — turn 6, time 136s
[GameContext] [MCTS] slow search: 994 ms (100 iterations, depth 3)
[GameContext] Faster than Thought advances Send a Message (1 counters).
[GameContext] === Party Animal Turn 7 begins. Credits: 5, Clicks: 4 ===
[GameContext] --- Run on Server 0 begins ---
[GameContext] [Initiation] Run declared on Server 0.
[GameContext] [Approach] Runner approaches unrezzed ice (position 0).
[CorpRunAI] AI: Knowledge Seeker — rez_cost=5  tax/enc=13.0  enc=2.5  LTV=32.5
[GameContext] [Rez] Corp rezzes Knowledge Seeker for 5 credits.
[GameContext] [Encounter] Runner encounters Knowledge Seeker.
[GameContext] Party Animal takes 1 tag(s) to continue the run (Funhouse). (1 total)
[GameContext] Knowledge Seeker: places 1 virus counter on itself (1 total).
[GameContext] Knowledge Seeker: Faster than Thought looks at top 4 card(s) of R&D.
[GameContext] Run ended.
[GameContext] [Encounter] Run ended by subroutine.
[GameContext] Condition not met — ability has no effect.
[GameContext] Condition not met — ability has no effect.
[GameContext] [End] Run ended unsuccessfully.
[GameContext] Party Animal removes 1 tag (0 remaining). [paid 2cr]
[GameContext] Synapse Global: Faster than Thought declines to install.
[GameContext] Party Animal gains 1 credit. (4 total)
[GameContext] Party Animal gains 1 credit. (5 total)
[GameContext] Faster than Thought draws Embedded Reporting.
[GameContext] === Faster than Thought Turn 7 begins. Credits: 8, Clicks: 3 ===
[GameContext] [MCTS] slow search: 1039 ms (100 iterations, depth 3)
[GameContext] Faster than Thought advances Send a Message (2 counters).
[GameContext] [MCTS] slow search: 1063 ms (100 iterations, depth 3)
[GameContext] Faster than Thought advances Send a Message (3 counters).
[GameContext] [MCTS] slow search: 1026 ms (100 iterations, depth 3)
[GameContext] Faster than Thought advances Send a Message (4 counters).
[heartbeat] game 4/10 — turn 7, time 142s
[GameContext] === Party Animal Turn 8 begins. Credits: 5, Clicks: 4 ===
[GameContext] Party Animal gains 1 credit. (6 total)
[GameContext] Party Animal gains 1 credit. (7 total)
[GameContext] Party Animal gains 1 credit. (8 total)
[GameContext] Party Animal gains 1 credit. (9 total)
[GameContext] Faster than Thought draws Behold!.
[GameContext] === Faster than Thought Turn 8 begins. Credits: 5, Clicks: 3 ===
[GameContext] [MCTS] Scoring line detected — executing: Advance send_a_message
[GameContext] Faster than Thought advances Send a Message (5 counters).
[GameContext] Faster than Thought scores Send a Message! (3 agenda points)
[GameContext] No unrezzed ice to rez for free.
[GameContext] [MCTS] slow search: 1023 ms (100 iterations, depth 3)
[GameContext] Faster than Thought installs Embedded Reporting in Server 0.
[GameContext] [MCTS] slow search: 1223 ms (100 iterations, depth 3)
[GameContext] Faster than Thought advances Embedded Reporting (1 counters).
[GameContext] === Party Animal Turn 9 begins. Credits: 9, Clicks: 4 ===
[GameContext] Party Animal gains 1 credit. (10 total)
[GameContext] Party Animal gains 1 credit. (11 total)
[GameContext] Party Animal gains 1 credit. (12 total)
[GameContext] Party Animal gains 1 credit. (13 total)
[GameContext] Faster than Thought draws Embedded Reporting.
[GameContext] === Faster than Thought Turn 9 begins. Credits: 3, Clicks: 3 ===
[GameContext] [MCTS] Scoring line detected — executing: Advance embedded_reporting
[GameContext] Faster than Thought advances Embedded Reporting (2 counters).
[GameContext] [MCTS] Scoring line detected — executing: Advance embedded_reporting
[GameContext] Faster than Thought advances Embedded Reporting (3 counters).
[GameContext] Faster than Thought scores Embedded Reporting! (2 agenda points)
[GameContext] Faster than Thought places 2 agenda counter(s) on Embedded Reporting (Dividends 2 + 0 excess).
[heartbeat] game 4/10 — turn 9, time 147s
[GameContext] [MCTS] slow search: 443 ms (100 iterations, depth 3)
[GameContext] Faster than Thought installs Behold! in Server 0.
[GameContext] === Party Animal Turn 10 begins. Credits: 13, Clicks: 4 ===
[GameContext] Party Animal gains 1 credit. (14 total)
[GameContext] Party Animal gains 1 credit. (15 total)
[GameContext] Party Animal gains 1 credit. (16 total)
[GameContext] Party Animal gains 1 credit. (17 total)
[GameContext] Faster than Thought draws Jaguarundi.
[GameContext] === Faster than Thought Turn 10 begins. Credits: 1, Clicks: 3 ===
[GameContext] Faster than Thought rezzes Behold! for 0 cr.
[GameContext] Faster than Thought installs Embedded Reporting in Server 1.
[GameContext] [MCTS] slow search: 467 ms (100 iterations, depth 3)
[GameContext] Faster than Thought installs Jaguarundi in Server 1.
[GameContext] Faster than Thought draws Retribution.
[GameContext] === Party Animal Turn 11 begins. Credits: 17, Clicks: 4 ===
[GameContext] --- Run on Server 1 begins ---
[GameContext] [Initiation] Run declared on Server 1.
[GameContext] [Approach] Runner approaches unrezzed ice (position 0).
[GameContext] [Approach] Corp declines to rez. Runner passes unrezzed ice.
[GameContext] [Movement] Runner approaches the server root.
[GameContext] [Success] Run successful on Server 1!
[GameContext] [Debug/gain_on_success] run_modifiers at success: {  }
[GameContext] [Breach] Runner breaches Server 1.
[GameContext] [Access] Runner accesses: Embedded Reporting
[GameContext] [Access] Runner steals Embedded Reporting! (2 agenda points)
[GameContext] [End] Run ended successfully.
[GameContext] Party Animal gains 1 credit. (18 total)
[GameContext] Party Animal gains 1 credit. (19 total)
[GameContext] Party Animal gains 1 credit. (20 total)
[GameContext] Faster than Thought draws Bigger Picture.
[GameContext] === Faster than Thought Turn 11 begins. Credits: 1, Clicks: 3 ===
[GameContext] [MCTS] slow search: 237 ms (100 iterations, depth 3)
[GameContext] Faster than Thought gains 1 credit. (2 total)
[GameContext] [MCTS] slow search: 244 ms (100 iterations, depth 3)
[GameContext] Faster than Thought gains 1 credit. (3 total)
[GameContext] [MCTS] slow search: 301 ms (100 iterations, depth 3)
[GameContext] Faster than Thought gains 1 credit. (4 total)
[heartbeat] game 4/10 — turn 11, time 152s
[GameContext] Faster than Thought discards Bigger Picture to hand limit.
[GameContext] === Party Animal Turn 12 begins. Credits: 20, Clicks: 4 ===
Player install: card is: Fermenter and charged cost is: 1
[GameContext] Placed 1 virus counter(s) on Fermenter.
[GameContext] Party Animal installs Fermenter. [MU: 3/4 used]
[GameContext] Party Animal draws Carmen.
[GameContext] Party Animal draws Overclock.
[GameContext] Party Animal draws Docklands Pass.
[GameContext] Party Animal discards Cookbook to hand limit. (5 cards remaining)
[GameContext] Party Animal discards Verbal Plasticity to hand limit. (5 cards remaining)
[GameContext] Faster than Thought draws Regolith Mining License.
[GameContext] === Faster than Thought Turn 12 begins. Credits: 4, Clicks: 3 ===
[GameContext] [MCTS] slow search: 227 ms (100 iterations, depth 3)
[GameContext] Faster than Thought installs Spin Doctor in Server 1.
[GameContext] Faster than Thought gains 1 credit. (5 total)
[GameContext] Faster than Thought gains 1 credit. (6 total)
[GameContext] === Party Animal Turn 13 begins. Credits: 19, Clicks: 4 ===
[GameContext] Placed 1 virus counter(s) on Fermenter.
[GameContext] Party Animal draws Cleaver.
[GameContext] Party Animal gains 1 credit. (20 total)
[GameContext] Party Animal draws Overclock.
[GameContext] Party Animal draws Verbal Plasticity.
[GameContext] Party Animal discards Verbal Plasticity to hand limit. (5 cards remaining)
[GameContext] Party Animal discards Overclock to hand limit. (5 cards remaining)
[GameContext] Party Animal discards Overclock to hand limit. (5 cards remaining)
[GameContext] Faster than Thought draws Hedge Fund.
[GameContext] === Faster than Thought Turn 13 begins. Credits: 6, Clicks: 3 ===
[GameContext] Faster than Thought draws 2 card(s).
[GameContext] Faster than Thought rezzes Spin Doctor for 0 cr.
[GameContext] [MCTS] slow search: 391 ms (100 iterations, depth 3)
[GameContext] Faster than Thought installs Ping in Server 2.
[GameContext] [MCTS] slow search: 368 ms (100 iterations, depth 3)
[GameContext] Faster than Thought installs Send a Message in Server 2.
[GameContext] [MCTS] slow search: 379 ms (100 iterations, depth 3)
[GameContext] Faster than Thought gains 9 credits.
[GameContext] Faster than Thought plays Hedge Fund.
[GameContext] === Party Animal Turn 14 begins. Credits: 20, Clicks: 4 ===
[GameContext] Placed 1 virus counter(s) on Fermenter.
[GameContext] Party Animal draws Verbal Plasticity.
[GameContext] Party Animal draws Sure Gamble.
[GameContext] --- Run on Server 2 begins ---
[GameContext] [Initiation] Run declared on Server 2.
[GameContext] [Approach] Runner approaches unrezzed ice (position 0).
[CorpRunAI] AI: Ping — rez_cost=2  tax/enc=1.0  enc=2.5  LTV=2.5
[GameContext] [Rez] Corp rezzes Ping for 2 credits.
[GameContext] Party Animal takes 1 tag(s). (1 total)
[GameContext] [Encounter] Runner encounters Ping.
[GameContext] Party Animal takes 1 tag(s) to continue the run (Funhouse). (2 total)
[GameContext] [Encounter] Cleaver breaks 'End the run.' for 1 cr.
[GameContext] [Encounter] Subroutine 0 broken.
[GameContext] Condition not met — ability has no effect.
[GameContext] Condition not met — ability has no effect.
[GameContext] [Movement] Runner approaches the server root.
[GameContext] [Success] Run successful on Server 2!
[GameContext] [Debug/gain_on_success] run_modifiers at success: { "overclock_credits": 0, "concerto_credits": 0, "bad_pub_credits": 0 }
[GameContext] [Breach] Runner breaches Server 2.
[GameContext] [Access] Runner accesses: Send a Message
[GameContext] [Access] Runner steals Send a Message! (3 agenda points)
[GameContext] Rezzed Jaguarundi for free.
[GameContext] [End] Run ended successfully.
[GameContext] Party Animal removes 1 tag (1 remaining). [paid 2cr]
[GameContext] Synapse Global: Faster than Thought declines to install.
[GameContext] Party Animal discards Verbal Plasticity to hand limit. (5 cards remaining)
[GameContext] Party Animal discards Sure Gamble to hand limit. (5 cards remaining)
[GameContext] Faster than Thought draws Doomscroll.
[GameContext] === Faster than Thought Turn 14 begins. Credits: 8, Clicks: 3 ===
[GameContext] [MCTS] slow search: 892 ms (100 iterations, depth 3)
[heartbeat] game 4/10 — turn 14, time 158s
[GameContext] Faster than Thought pays 1 credit(s) to install ice.
[GameContext] Faster than Thought installs Doomscroll in HQ.
[GameContext] [MCTS] slow search: 771 ms (100 iterations, depth 3)
[GameContext] Spin Doctor: shuffled 2 card(s) from Archives into R&D.
[GameContext] Spin Doctor is trashed.
[GameContext] [MCTS] slow search: 430 ms (100 iterations, depth 3)
[GameContext] Faster than Thought pays 1 credit(s) to install ice.
[GameContext] Faster than Thought installs Cloud Eater in R&D.
[GameContext] === Party Animal Turn 15 begins. Credits: 17, Clicks: 4 ===
[GameContext] Placed 1 virus counter(s) on Fermenter.
[GameContext] Party Animal removes 1 tag (0 remaining). [paid 2cr]
[GameContext] Synapse Global: Faster than Thought declines to install.
[GameContext] Party Animal draws Smartware Distributor.
[GameContext] Party Animal draws Cookbook.
[GameContext] Party Animal draws Botulus.
[GameContext] Party Animal discards Smartware Distributor to hand limit. (5 cards remaining)
[GameContext] Party Animal discards Cookbook to hand limit. (5 cards remaining)
[GameContext] Party Animal discards Docklands Pass to hand limit. (5 cards remaining)
[GameContext] Faster than Thought draws Cloud Eater.
[GameContext] === Faster than Thought Turn 15 begins. Credits: 6, Clicks: 3 ===
[GameContext] [MCTS] slow search: 981 ms (100 iterations, depth 3)
[GameContext] Faster than Thought installs Cloud Eater in Server 3.
[GameContext] [MCTS] slow search: 696 ms (100 iterations, depth 3)
[GameContext] Faster than Thought gains 1 credit. (7 total)
[heartbeat] game 4/10 — turn 15, time 163s
[GameContext] [MCTS] slow search: 728 ms (100 iterations, depth 3)
[GameContext] Faster than Thought gains 1 credit. (8 total)
[GameContext] === Party Animal Turn 16 begins. Credits: 15, Clicks: 4 ===
[GameContext] Placed 1 virus counter(s) on Fermenter.
[GameContext] Party Animal draws Fermenter.
[GameContext] Party Animal gains 1 credit. (16 total)
[GameContext] Party Animal draws Overclock.
[GameContext] Party Animal draws Wildcat Strike.
[GameContext] Party Animal discards Overclock to hand limit. (5 cards remaining)
[GameContext] Party Animal discards Wildcat Strike to hand limit. (5 cards remaining)
[GameContext] Party Animal discards Carnivore to hand limit. (5 cards remaining)
[GameContext] Faster than Thought draws Funhouse.
[GameContext] === Faster than Thought Turn 16 begins. Credits: 8, Clicks: 3 ===
[GameContext] [MCTS] slow search: 1021 ms (100 iterations, depth 3)
[GameContext] Faster than Thought pays 2 credit(s) to install ice.
[GameContext] Faster than Thought installs Funhouse in R&D.
[GameContext] [MCTS] slow search: 791 ms (100 iterations, depth 3)
[GameContext] Faster than Thought gains 1 credit. (7 total)
[GameContext] [MCTS] slow search: 894 ms (100 iterations, depth 3)
[GameContext] Faster than Thought gains 1 credit. (8 total)
[heartbeat] game 4/10 — turn 16, time 168s
[GameContext] === Party Animal Turn 17 begins. Credits: 16, Clicks: 4 ===
[GameContext] Placed 1 virus counter(s) on Fermenter.
[GameContext] Party Animal draws Docklands Pass.
[GameContext] Party Animal gains 1 credit. (17 total)
[GameContext] Party Animal draws Smartware Distributor.
[GameContext] Party Animal draws Buzzsaw.
[GameContext] Party Animal discards Smartware Distributor to hand limit. (5 cards remaining)
[GameContext] Party Animal discards Docklands Pass to hand limit. (5 cards remaining)
[GameContext] Party Animal discards Leech to hand limit. (5 cards remaining)
[GameContext] Faster than Thought draws Oracle Thinktank.
[GameContext] === Faster than Thought Turn 17 begins. Credits: 8, Clicks: 3 ===
[GameContext] [MCTS] slow search: 2291 ms (100 iterations, depth 3)
[GameContext] Faster than Thought installs Oracle Thinktank in Server 2.
[GameContext] [MCTS] slow search: 2050 ms (100 iterations, depth 3)
[GameContext] Faster than Thought advances Oracle Thinktank (1 counters).
[heartbeat] game 4/10 — turn 17, time 173s
[GameContext] [MCTS] slow search: 2067 ms (100 iterations, depth 3)
[GameContext] Faster than Thought advances Oracle Thinktank (2 counters).
[GameContext] === Party Animal Turn 18 begins. Credits: 17, Clicks: 4 ===
[GameContext] Placed 1 virus counter(s) on Fermenter.
Player install: card is: Buzzsaw and charged cost is: 4
[GameContext] Party Animal installs Buzzsaw. [MU: 4/4 used]
[GameContext] --- Run on Server 2 begins ---
[GameContext] [Initiation] Run declared on Server 2.
[GameContext] [Approach] Runner approaches Ping (position 0).
[GameContext] [Encounter] Runner encounters Ping.
[GameContext] Party Animal takes 1 tag(s) to continue the run (Funhouse). (1 total)
[GameContext] [Encounter] Cleaver breaks 'End the run.' for 1 cr.
[GameContext] [Encounter] Subroutine 0 broken.
[GameContext] Condition not met — ability has no effect.
[GameContext] Condition not met — ability has no effect.
[GameContext] [Movement] Runner approaches the server root.
[GameContext] [Success] Run successful on Server 2!
[GameContext] [Debug/gain_on_success] run_modifiers at success: { "overclock_credits": 0, "concerto_credits": 0, "bad_pub_credits": 0 }
[GameContext] [Breach] Runner breaches Server 2.
[GameContext] [Access] Runner accesses: Oracle Thinktank
[GameContext] [Access] Runner steals Oracle Thinktank! (1 agenda points)
[GameContext] Party Animal takes 1 tag(s). (2 total)
[GameContext] [End] Run ended successfully.
[GameContext] --- Run on R&D begins ---
[GameContext] [Initiation] Run declared on R&D.
[GameContext] [Approach] Runner approaches unrezzed ice (position 0).
[CorpRunAI] AI: rezzing Funhouse would breach credit floor — holding.
[GameContext] [Approach] Corp declines to rez. Runner passes unrezzed ice.
[GameContext] [Approach] Runner approaches unrezzed ice (position 1).
[CorpRunAI] AI: rezzing Funhouse would breach credit floor — holding.
[GameContext] [Approach] Corp declines to rez. Runner passes unrezzed ice.
[GameContext] [Approach] Runner approaches Knowledge Seeker (position 2).
[CorpRunAI] AI: rezzing Funhouse would breach credit floor — holding.
[GameContext] [Encounter] Runner encounters Knowledge Seeker.
[GameContext] Party Animal takes 1 tag(s) to continue the run (Funhouse). (3 total)
[GameContext] [Encounter] Buzzsaw boosted  +3 str (now 6). Cost: 2 cr.
[GameContext] [Encounter] Buzzsaw breaks 'Place 1 virus counter on Knowledge Seeker.' for 1 cr.
[GameContext] [Encounter] Buzzsaw breaks 'Look at the top 4 cards of R&D and arrange them in any order.' for 1 cr.
[GameContext] [Encounter] Buzzsaw breaks 'End the run.' for 1 cr.
[GameContext] [Encounter] Subroutine 0 broken.
[GameContext] [Encounter] Subroutine 1 broken.
[GameContext] [Encounter] Subroutine 2 broken.
[GameContext] Condition not met — ability has no effect.
[GameContext] Condition not met — ability has no effect.
[GameContext] [Movement] Runner approaches the server root.
[GameContext] [Success] Run successful on R&D!
[GameContext] [Debug/gain_on_success] run_modifiers at success: { "overclock_credits": 0, "concerto_credits": 0, "bad_pub_credits": 0 }
[GameContext] [Breach] Runner breaches R&D.
[GameContext] [Access] Runner accesses: Bigger Picture
[GameContext] [End] Run ended successfully.
[GameContext] --- Run on HQ begins ---
[GameContext] [Initiation] Run declared on HQ.
[GameContext] [Approach] Runner approaches unrezzed ice (position 0).
[CorpRunAI] AI: Doomscroll — rez_cost=3  tax/enc=4.0  enc=3.0  LTV=12.0
[GameContext] [Rez] Corp rezzes Doomscroll for 3 credits.
[GameContext] [Encounter] Runner encounters Doomscroll.
[GameContext] Party Animal takes 1 tag(s) to continue the run (Funhouse). (4 total)
[GameContext] [Encounter] Carmen boosted  +3 str (now 5). Cost: 1 cr.
[GameContext] [Encounter] Carmen breaks 'Give the Runner 1 tag.' for 1 cr.
[GameContext] [Encounter] Carmen breaks 'Do 1 net damage.' for 1 cr.
[GameContext] [Encounter] Carmen breaks 'Do 2 net damage if the Runner has at least 2 tags.' for 1 cr.
[GameContext] [Encounter] Subroutine 0 broken.
[GameContext] [Encounter] Subroutine 1 broken.
[GameContext] [Encounter] Subroutine 2 broken.
[GameContext] Condition not met — ability has no effect.
[GameContext] Condition not met — ability has no effect.
[GameContext] [Approach] Runner approaches Funhouse (position 1).
[GameContext] [Encounter] Runner encounters Funhouse.
[GameContext] Party Animal takes 1 tag(s) to continue the run (Funhouse). (5 total)
[GameContext] [Encounter] Buzzsaw boosted  +3 str (now 6). Cost: 2 cr.
[GameContext] [Encounter] Buzzsaw breaks 'Give the Runner 1 tag unless they pay 4[credit].' for 1 cr.
[GameContext] [Encounter] Subroutine 0 broken.
[GameContext] Condition not met — ability has no effect.
[GameContext] Condition not met — ability has no effect.
[GameContext] [Movement] Runner approaches the server root.
[GameContext] [Success] Run successful on HQ!
[GameContext] [Debug/gain_on_success] run_modifiers at success: { "overclock_credits": 0, "concerto_credits": 0, "bad_pub_credits": 0 }
[GameContext] [Breach] Runner breaches HQ.
[GameContext] [Access] Runner accesses: Retribution
[GameContext] [End] Run ended successfully.
[GameContext] Faster than Thought draws Bigger Picture.
[GameContext] === Faster than Thought Turn 18 begins. Credits: 3, Clicks: 3 ===
[GameContext] Corp chooses the effect of this card...
[GameContext] Modal: executing 'Drain: remove any number of tags (Runner loses 5cr each, Corp gains)'.
[GameContext] Bigger Picture: Removed 5 tag(s) from Party Animal. (0 remaining)
[GameContext] Bigger Picture: Party Animal loses 0 credits. Faster than Thought gains 0 credits.
[GameContext] Synapse Global: Faster than Thought declines to install.
[GameContext] Faster than Thought plays Bigger Picture.
[GameContext] Faster than Thought gains 1 credit. (4 total)
[GameContext] Faster than Thought gains 1 credit. (5 total)
[GameContext] === Party Animal Turn 19 begins. Credits: 0, Clicks: 4 ===
[GameContext] Placed 1 virus counter(s) on Fermenter.
[GameContext] Party Animal draws Carnivore.
[GameContext] Party Animal draws Leech.
[GameContext] Party Animal draws Buzzsaw.
[GameContext] Party Animal draws Cookbook.
[GameContext] Party Animal discards Cookbook to hand limit. (5 cards remaining)
[GameContext] Party Animal discards Carnivore to hand limit. (5 cards remaining)
[GameContext] Party Animal discards Fermenter to hand limit. (5 cards remaining)
[GameContext] Faster than Thought draws Doomscroll.
[GameContext] === Faster than Thought Turn 19 begins. Credits: 5, Clicks: 3 ===
[GameContext] Faster than Thought installs Doomscroll in Server 4.
[heartbeat] game 4/10 — turn 19, time 178s
[GameContext] Faster than Thought gains 1 credit. (6 total)
[GameContext] Faster than Thought gains 1 credit. (7 total)
[GameContext] === Party Animal Turn 20 begins. Credits: 0, Clicks: 4 ===
[GameContext] Placed 1 virus counter(s) on Fermenter.
[GameContext] Party Animal draws DZMZ Optimizer.
[GameContext] Party Animal draws Wildcat Strike.
[GameContext] Party Animal draws DZMZ Optimizer.
[GameContext] Party Animal gains 1 credit. (1 total)
[GameContext] Party Animal discards Wildcat Strike to hand limit. (5 cards remaining)
[GameContext] Party Animal discards DZMZ Optimizer to hand limit. (5 cards remaining)
[GameContext] Party Animal discards DZMZ Optimizer to hand limit. (5 cards remaining)
[GameContext] Faster than Thought draws Retribution.
[GameContext] === Faster than Thought Turn 20 begins. Credits: 7, Clicks: 3 ===
[GameContext] Faster than Thought gains 1 credit. (8 total)
[GameContext] Faster than Thought installs Regolith Mining License in Server 1.
[GameContext] Faster than Thought gains 1 credit. (9 total)
[GameContext] === Party Animal Turn 21 begins. Credits: 1, Clicks: 4 ===
[GameContext] Placed 1 virus counter(s) on Fermenter.
[GameContext] Party Animal draws Carnivore.
[GameContext] Party Animal draws Botulus.
[GameContext] Party Animal draws DZMZ Optimizer.
[GameContext] Party Animal gains 1 credit. (2 total)
[GameContext] Party Animal discards DZMZ Optimizer to hand limit. (5 cards remaining)
[GameContext] Party Animal discards Carnivore to hand limit. (5 cards remaining)
[GameContext] Party Animal discards Leech to hand limit. (5 cards remaining)
[GameContext] Faster than Thought draws Regolith Mining License.
[GameContext] === Faster than Thought Turn 21 begins. Credits: 9, Clicks: 3 ===
[GameContext] Placed 15 credits counter(s) on Regolith Mining License.
[GameContext] Faster than Thought rezzes Regolith Mining License for 2 cr.
[GameContext] Faster than Thought takes 3 cr from Regolith Mining License (12 remaining).
[GameContext] Faster than Thought installs Behold! in Server 5.
[GameContext] Faster than Thought takes 3 cr from Regolith Mining License (9 remaining).
[GameContext] === Party Animal Turn 22 begins. Credits: 2, Clicks: 4 ===
[GameContext] Placed 1 virus counter(s) on Fermenter.
[GameContext] Party Animal draws Fermenter.
[GameContext] Party Animal draws Botulus.
[GameContext] Party Animal draws Smartware Distributor.
[GameContext] Party Animal gains 1 credit. (3 total)
[GameContext] Party Animal discards Smartware Distributor to hand limit. (5 cards remaining)
[GameContext] Party Animal discards Fermenter to hand limit. (5 cards remaining)
[GameContext] Party Animal discards Botulus to hand limit. (5 cards remaining)
[GameContext] Faster than Thought draws Measured Response.
[GameContext] === Faster than Thought Turn 22 begins. Credits: 13, Clicks: 3 ===
[GameContext] Faster than Thought rezzes Behold! for 0 cr.
[heartbeat] game 4/10 — turn 22, time 183s
[GameContext] Faster than Thought installs Regolith Mining License in Server 2.
[GameContext] Faster than Thought gains 1 credit. (14 total)
[GameContext] Faster than Thought gains 1 credit. (15 total)
[GameContext] === Party Animal Turn 23 begins. Credits: 3, Clicks: 4 ===
[GameContext] Placed 1 virus counter(s) on Fermenter.
[GameContext] Party Animal gains 1 credit. (4 total)
[GameContext] Party Animal gains 1 credit. (5 total)
[GameContext] --- Run on HQ begins ---
[GameContext] [Initiation] Run declared on HQ.
[GameContext] [Approach] Runner approaches Doomscroll (position 0).
[GameContext] [Encounter] Runner encounters Doomscroll.
[GameContext] Party Animal takes 1 tag(s) to continue the run (Funhouse). (1 total)
[GameContext] [Encounter] Carmen boosted  +3 str (now 5). Cost: 1 cr.
[GameContext] [Encounter] Carmen breaks 'Give the Runner 1 tag.' for 1 cr.
[GameContext] [Encounter] Carmen breaks 'Do 1 net damage.' for 1 cr.
[GameContext] [Encounter] Carmen breaks 'Do 2 net damage if the Runner has at least 2 tags.' for 1 cr.
[GameContext] [Encounter] Subroutine 0 broken.
[GameContext] [Encounter] Subroutine 1 broken.
[GameContext] [Encounter] Subroutine 2 broken.
[GameContext] Condition not met — ability has no effect.
[GameContext] Condition not met — ability has no effect.
[GameContext] [Approach] Runner approaches Funhouse (position 1).
[GameContext] [Encounter] Runner encounters Funhouse.
[GameContext] Party Animal takes 1 tag(s) to continue the run (Funhouse). (2 total)
[GameContext] Party Animal takes 1 tag (did not pay 4 cr). (3 total)
[GameContext] Condition not met — ability has no effect.
[GameContext] Condition not met — ability has no effect.
[GameContext] [Movement] Runner approaches the server root.
[GameContext] [Success] Run successful on HQ!
[GameContext] [Debug/gain_on_success] run_modifiers at success: { "overclock_credits": 0, "concerto_credits": 0, "bad_pub_credits": 0 }
[GameContext] [Breach] Runner breaches HQ.
[GameContext] [Access] Runner accesses: Measured Response
[GameContext] [End] Run ended successfully.
[GameContext] Party Animal draws Wildcat Strike.
[GameContext] Party Animal discards Wildcat Strike to hand limit. (5 cards remaining)
[GameContext] Faster than Thought draws Oracle Thinktank.
[GameContext] === Faster than Thought Turn 23 begins. Credits: 15, Clicks: 3 ===
[GameContext] Placed 15 credits counter(s) on Regolith Mining License.
[GameContext] Faster than Thought rezzes Regolith Mining License for 2 cr.
[GameContext] Faster than Thought installs Oracle Thinktank in Server 3.
[GameContext] Party Animal takes 4 meat damage (did not pay 8 cr).
[GameContext] Runner takes 4 meat damage.
[GameContext]   Trashed from grip: cleaver
[GameContext]   Trashed from grip: buzzsaw
[GameContext]   Trashed from grip: carmen
[GameContext]   Trashed from grip: botulus
[GameContext] 4 card(s) trashed from Party Animal's grip.
[GameContext] Faster than Thought plays Measured Response.
[GameContext] [MCTS] Kill line detected — executing: Play Measured Response
[GameContext] Party Animal takes 4 meat damage (did not pay 8 cr).
[GameContext] Runner takes 4 meat damage.
[GameContext]   Trashed from grip: botulus
[GameContext] Party Animal is flatlined! (no cards remaining in grip)
[GameContext] 1 card(s) trashed from Party Animal's grip.
[GameContext] Faster than Thought plays Measured Response.
[GameContext] Game over — Faster than Thought wins. Faster than Thought wins
  [  4/ 10]  CORP      Faster than Thought wins          23 turns
[GameContext] Faster than Thought draws Oracle Thinktank.
[GameContext] === Faster than Thought Turn 1 begins. Credits: 5, Clicks: 3 ===
[GameContext] [MCTS] slow search: 681 ms (100 iterations, depth 3)
[GameContext] Faster than Thought installs Cloud Eater in R&D.
[GameContext] [MCTS] slow search: 617 ms (100 iterations, depth 3)
[GameContext] Faster than Thought gains 1 credit. (6 total)
[heartbeat] game 5/10 — turn 1, time 188s
[GameContext] [MCTS] slow search: 607 ms (100 iterations, depth 3)
[GameContext] Faster than Thought installs N-Pot in HQ.
[GameContext] === Party Animal Turn 2 begins. Credits: 5, Clicks: 4 ===
[GameContext] --- Run on HQ begins ---
[GameContext] [Initiation] Run declared on HQ.
[GameContext] [Approach] Runner approaches unrezzed ice (position 0).
[CorpRunAI] AI: N-Pot — rez_cost=4  tax/enc=12.0  enc=3.0  LTV=36.0
[GameContext] [Rez] Corp rezzes N-Pot for 4 credits.
[GameContext] [Encounter] Runner encounters N-Pot.
[GameContext] Run ended.
[GameContext] [Encounter] Run ended by subroutine.
[GameContext] [End] Run ended unsuccessfully.
[GameContext] Run modifier set: overclock_credits = 5
[GameContext] --- Run on HQ begins ---
[GameContext] [Initiation] Run declared on HQ.
[GameContext] [Approach] Runner approaches N-Pot (position 0).
[GameContext] [Encounter] Runner encounters N-Pot.
[GameContext] Run ended.
[GameContext] [Encounter] Run ended by subroutine.
[GameContext] [End] Run ended unsuccessfully.
[GameContext] Overclock: 5 unspent credit(s) returned to the bank.
[GameContext] Party Animal plays Overclock.
[GameContext] --- Run on R&D begins ---
[GameContext] [Initiation] Run declared on R&D.
[GameContext] [Approach] Runner approaches unrezzed ice (position 0).
[GameContext] [Approach] Corp declines to rez. Runner passes unrezzed ice.
[GameContext] [Movement] Runner approaches the server root.
[GameContext] [Success] Run successful on R&D!
[GameContext] [Debug/gain_on_success] run_modifiers at success: {  }
[GameContext] [Breach] Runner breaches R&D.
[GameContext] [Access] Runner accesses: Doomscroll
[GameContext] [End] Run ended successfully.
[GameContext] Party Animal draws DZMZ Optimizer.
[GameContext] Faster than Thought draws Doomscroll.
[GameContext] === Faster than Thought Turn 2 begins. Credits: 2, Clicks: 3 ===
[GameContext] [MCTS] slow search: 822 ms (100 iterations, depth 3)
[GameContext] Faster than Thought installs Embedded Reporting in Server 0.
[GameContext] [MCTS] slow search: 817 ms (100 iterations, depth 3)
[GameContext] Faster than Thought advances Embedded Reporting (1 counters).
[GameContext] [MCTS] slow search: 727 ms (100 iterations, depth 3)
[GameContext] Faster than Thought gains 1 credit. (2 total)
[heartbeat] game 5/10 — turn 2, time 193s
[GameContext] === Party Animal Turn 3 begins. Credits: 4, Clicks: 4 ===
[GameContext] --- Run on Server 0 begins ---
[GameContext] [Initiation] Run declared on Server 0.
[GameContext] [Initiation] No ice protecting server — proceeding to root.
[GameContext] [Movement] Runner approaches the server root.
[GameContext] [Success] Run successful on Server 0!
[GameContext] [Debug/gain_on_success] run_modifiers at success: {  }
[GameContext] [Breach] Runner breaches Server 0.
[GameContext] [Access] Runner accesses: Embedded Reporting
[GameContext] [Access] Runner steals Embedded Reporting! (2 agenda points)
[GameContext] [End] Run ended successfully.
[GameContext] --- Run on R&D begins ---
[GameContext] [Initiation] Run declared on R&D.
[GameContext] [Approach] Runner approaches unrezzed ice (position 0).
[GameContext] [Approach] Corp declines to rez. Runner passes unrezzed ice.
[GameContext] [Movement] Runner approaches the server root.
[GameContext] [Success] Run successful on R&D!
[GameContext] [Debug/gain_on_success] run_modifiers at success: {  }
[GameContext] [Breach] Runner breaches R&D.
[GameContext] [Access] Runner accesses: Jaguarundi
[GameContext] [End] Run ended successfully.
[GameContext] Party Animal draws Verbal Plasticity.
[GameContext] Party Animal draws Overclock.
[GameContext] Party Animal discards Verbal Plasticity to hand limit. (5 cards remaining)
[GameContext] Party Animal discards Verbal Plasticity to hand limit. (5 cards remaining)
[GameContext] Faster than Thought draws Jaguarundi.
[GameContext] === Faster than Thought Turn 3 begins. Credits: 2, Clicks: 3 ===
[GameContext] [MCTS] slow search: 735 ms (100 iterations, depth 3)
[GameContext] Faster than Thought installs Oracle Thinktank in Server 1.
[GameContext] [MCTS] slow search: 725 ms (100 iterations, depth 3)
[GameContext] Faster than Thought advances Oracle Thinktank (1 counters).
[GameContext] [MCTS] slow search: 653 ms (100 iterations, depth 3)
[GameContext] Faster than Thought installs Jaguarundi in Server 1.
[GameContext] === Party Animal Turn 4 begins. Credits: 4, Clicks: 4 ===
[GameContext] --- Run on Server 1 begins ---
[GameContext] [Initiation] Run declared on Server 1.
[GameContext] [Approach] Runner approaches unrezzed ice (position 0).
[GameContext] [Approach] Corp declines to rez. Runner passes unrezzed ice.
[GameContext] [Movement] Runner approaches the server root.
[GameContext] [Success] Run successful on Server 1!
[GameContext] [Debug/gain_on_success] run_modifiers at success: {  }
[GameContext] [Breach] Runner breaches Server 1.
[GameContext] [Access] Runner accesses: Oracle Thinktank
[GameContext] [Access] Runner steals Oracle Thinktank! (1 agenda points)
[GameContext] Party Animal takes 1 tag(s). (1 total)
[GameContext] [End] Run ended successfully.
[GameContext] Run modifier set: overclock_credits = 5
[GameContext] --- Run on HQ begins ---
[GameContext] [Initiation] Run declared on HQ.
[GameContext] [Approach] Runner approaches N-Pot (position 0).
[GameContext] [Encounter] Runner encounters N-Pot.
[GameContext] Run ended.
[GameContext] [Encounter] Run ended by subroutine.
[GameContext] [End] Run ended unsuccessfully.
[GameContext] Overclock: 5 unspent credit(s) returned to the bank.
[GameContext] Party Animal plays Overclock.
[GameContext] --- Run on R&D begins ---
[GameContext] [Initiation] Run declared on R&D.
[GameContext] [Approach] Runner approaches unrezzed ice (position 0).
[GameContext] [Approach] Corp declines to rez. Runner passes unrezzed ice.
[GameContext] [Movement] Runner approaches the server root.
[GameContext] [Success] Run successful on R&D!
[GameContext] [Debug/gain_on_success] run_modifiers at success: {  }
[GameContext] [Breach] Runner breaches R&D.
[GameContext] [Access] Runner accesses: Embedded Reporting
[GameContext] [Access] Runner steals Embedded Reporting! (2 agenda points)
[GameContext] [End] Run ended successfully.
[GameContext] Party Animal removes 1 tag (0 remaining). [paid 2cr]
[GameContext] Synapse Global: Faster than Thought declines to install.
[GameContext] Faster than Thought draws Send a Message.
[GameContext] === Faster than Thought Turn 4 begins. Credits: 1, Clicks: 3 ===
[GameContext] [MCTS] slow search: 788 ms (100 iterations, depth 3)
[GameContext] Faster than Thought installs Send a Message in Server 2.
[heartbeat] game 5/10 — turn 4, time 198s
[GameContext] [MCTS] slow search: 733 ms (100 iterations, depth 3)
[GameContext] Faster than Thought installs Doomscroll in Server 2.
[GameContext] [MCTS] slow search: 720 ms (100 iterations, depth 3)
[GameContext] Faster than Thought advances Send a Message (1 counters).
[GameContext] === Party Animal Turn 5 begins. Credits: 1, Clicks: 4 ===
[GameContext] --- Run on Server 2 begins ---
[GameContext] [Initiation] Run declared on Server 2.
[GameContext] [Approach] Runner approaches unrezzed ice (position 0).
[GameContext] [Approach] Corp declines to rez. Runner passes unrezzed ice.
[GameContext] [Movement] Runner approaches the server root.
[GameContext] [Success] Run successful on Server 2!
[GameContext] [Debug/gain_on_success] run_modifiers at success: {  }
[GameContext] [Breach] Runner breaches Server 2.
[GameContext] [Access] Runner accesses: Send a Message
[GameContext] [Access] Runner steals Send a Message! (3 agenda points)
[GameContext] Rezzed Cloud Eater for free.
[GameContext] Runner wins by stealing agendas!
[GameContext] [End] Run ended successfully.
[GameContext] Game over — Party Animal wins. Party Animal stole enough agendas to win
  [  5/ 10]  RUNNER    Party Animal stole enough agendas to win   5 turns
[GameContext] Faster than Thought draws Knowledge Seeker.
[GameContext] === Faster than Thought Turn 1 begins. Credits: 5, Clicks: 3 ===
[GameContext] [MCTS] slow search: 546 ms (100 iterations, depth 3)
[GameContext] Faster than Thought installs Knowledge Seeker in R&D.
[GameContext] [MCTS] slow search: 357 ms (100 iterations, depth 3)
[GameContext] Faster than Thought gains 9 credits.
[GameContext] Faster than Thought plays Hedge Fund.
[GameContext] [MCTS] slow search: 273 ms (100 iterations, depth 3)
[GameContext] Faster than Thought gains 1 credit. (10 total)
[GameContext] === Party Animal Turn 2 begins. Credits: 5, Clicks: 4 ===
[GameContext] Party Animal gains 9 credits.
[GameContext] Party Animal plays Sure Gamble.
[GameContext] --- Run on R&D begins ---
[GameContext] [Initiation] Run declared on R&D.
[GameContext] [Approach] Runner approaches unrezzed ice (position 0).
[CorpRunAI] AI: Knowledge Seeker — rez_cost=5  tax/enc=13.0  enc=3.0  LTV=39.0
[GameContext] [Rez] Corp rezzes Knowledge Seeker for 5 credits.
[GameContext] [Encounter] Runner encounters Knowledge Seeker.
[GameContext] Knowledge Seeker: places 1 virus counter on itself (1 total).
[GameContext] Knowledge Seeker: Faster than Thought looks at top 4 card(s) of R&D.
[GameContext] Run ended.
[GameContext] [Encounter] Run ended by subroutine.
[GameContext] Condition not met — ability has no effect.
[GameContext] [End] Run ended unsuccessfully.
[GameContext] --- Run on HQ begins ---
[GameContext] [Initiation] Run declared on HQ.
[GameContext] [Initiation] No ice protecting server — proceeding to root.
[GameContext] [Movement] Runner approaches the server root.
[GameContext] [Success] Run successful on HQ!
[GameContext] [Debug/gain_on_success] run_modifiers at success: {  }
[GameContext] [Breach] Runner breaches HQ.
[GameContext] [Access] Runner accesses: Regolith Mining License
[GameContext] [Access] Runner may trash Regolith Mining License for 3 credits (Runner has 9 total).
[GameContext] [Access] Runner trashes Regolith Mining License.
[GameContext] [End] Run ended successfully.
[GameContext] Party Animal gains 9 credits.
[GameContext] Party Animal plays Sure Gamble.
[GameContext] Faster than Thought draws Regolith Mining License.
[GameContext] === Faster than Thought Turn 2 begins. Credits: 5, Clicks: 3 ===
[GameContext] [MCTS] slow search: 284 ms (100 iterations, depth 3)
[heartbeat] game 6/10 — turn 2, time 203s
[GameContext] Faster than Thought gains 1 credit. (6 total)
[GameContext] [MCTS] slow search: 338 ms (100 iterations, depth 3)
[GameContext] Faster than Thought gains 1 credit. (7 total)
[GameContext] [MCTS] slow search: 272 ms (100 iterations, depth 3)
[GameContext] Faster than Thought gains 1 credit. (8 total)
[GameContext] === Party Animal Turn 3 begins. Credits: 10, Clicks: 4 ===
[GameContext] --- Run on HQ begins ---
[GameContext] [Initiation] Run declared on HQ.
[GameContext] [Initiation] No ice protecting server — proceeding to root.
[GameContext] [Movement] Runner approaches the server root.
[GameContext] [Success] Run successful on HQ!
[GameContext] [Debug/gain_on_success] run_modifiers at success: {  }
[GameContext] [Breach] Runner breaches HQ.
[GameContext] [Access] Runner accesses: Oracle Thinktank
[GameContext] [Access] Runner steals Oracle Thinktank! (1 agenda points)
[GameContext] Party Animal takes 1 tag(s). (1 total)
[GameContext] [End] Run ended successfully.
[GameContext] Party Animal removes 1 tag (0 remaining). [paid 2cr]
[GameContext] Synapse Global: Faster than Thought declines to install.
[GameContext] Party Animal draws Buzzsaw.
Player install: card is: Buzzsaw and charged cost is: 4
[GameContext] Party Animal installs Buzzsaw. [MU: 1/4 used]
[GameContext] Faster than Thought draws Ping.
[GameContext] === Faster than Thought Turn 3 begins. Credits: 8, Clicks: 3 ===
[GameContext] [MCTS] slow search: 580 ms (100 iterations, depth 3)
[GameContext] Faster than Thought installs Ping in HQ.
[GameContext] [MCTS] slow search: 539 ms (100 iterations, depth 3)
[GameContext] Faster than Thought draws Cloud Eater.
[GameContext] [MCTS] slow search: 809 ms (100 iterations, depth 3)
[GameContext] Faster than Thought installs Cloud Eater in Server 0.
[heartbeat] game 6/10 — turn 3, time 208s
[GameContext] === Party Animal Turn 4 begins. Credits: 4, Clicks: 4 ===
[GameContext] Party Animal gains 1 credit. (5 total)
[GameContext] --- Run on R&D begins ---
[GameContext] [Initiation] Run declared on R&D.
[GameContext] [Approach] Runner approaches Knowledge Seeker (position 0).
[GameContext] [Encounter] Runner encounters Knowledge Seeker.
[GameContext] [Encounter] Buzzsaw boosted  +3 str (now 6). Cost: 2 cr.
[GameContext] [Encounter] Buzzsaw breaks 'Place 1 virus counter on Knowledge Seeker.' for 1 cr.
[GameContext] [Encounter] Buzzsaw breaks 'Look at the top 4 cards of R&D and arrange them in any order.' for 1 cr.
[GameContext] [Encounter] Buzzsaw breaks 'End the run.' for 1 cr.
[GameContext] [Encounter] Subroutine 0 broken.
[GameContext] [Encounter] Subroutine 1 broken.
[GameContext] [Encounter] Subroutine 2 broken.
[GameContext] Condition not met — ability has no effect.
[GameContext] [Movement] Runner approaches the server root.
[GameContext] [Success] Run successful on R&D!
[GameContext] [Debug/gain_on_success] run_modifiers at success: { "overclock_credits": 0, "concerto_credits": 0, "bad_pub_credits": 0 }
[GameContext] [Breach] Runner breaches R&D.
[GameContext] [Access] Runner accesses: Bigger Picture
[GameContext] [End] Run ended successfully.
[GameContext] Party Animal draws Carnivore.
[GameContext] Party Animal draws DZMZ Optimizer.
[GameContext] Faster than Thought draws Bigger Picture.
[GameContext] === Faster than Thought Turn 4 begins. Credits: 8, Clicks: 3 ===
[GameContext] Faster than Thought installs Oracle Thinktank in Server 0.
[GameContext] Faster than Thought advances Oracle Thinktank (1 counters).
[GameContext] Faster than Thought advances Oracle Thinktank (2 counters).
[GameContext] === Party Animal Turn 5 begins. Credits: 0, Clicks: 4 ===
[GameContext] Party Animal gains 1 credit. (1 total)
[GameContext] Party Animal gains 1 credit. (2 total)
[GameContext] --- Run on Server 0 begins ---
[GameContext] [Initiation] Run declared on Server 0.
[GameContext] [Approach] Runner approaches unrezzed ice (position 0).
[GameContext] [Approach] Corp declines to rez. Runner passes unrezzed ice.
[GameContext] [Movement] Runner approaches the server root.
[GameContext] [Success] Run successful on Server 0!
[GameContext] [Debug/gain_on_success] run_modifiers at success: {  }
[GameContext] [Breach] Runner breaches Server 0.
[GameContext] [Access] Runner accesses: Oracle Thinktank
[GameContext] [Access] Runner steals Oracle Thinktank! (1 agenda points)
[GameContext] Party Animal takes 1 tag(s). (1 total)
[GameContext] [End] Run ended successfully.
[GameContext] --- Run on HQ begins ---
[GameContext] [Initiation] Run declared on HQ.
[GameContext] [Approach] Runner approaches unrezzed ice (position 0).
[CorpRunAI] AI: Ping — rez_cost=2  tax/enc=5.0  enc=3.0  LTV=15.0
[GameContext] [Rez] Corp rezzes Ping for 2 credits.
[GameContext] Party Animal takes 1 tag(s). (2 total)
[GameContext] [Encounter] Runner encounters Ping.
[GameContext] Run ended.
[GameContext] [Encounter] Run ended by subroutine.
[GameContext] Condition not met — ability has no effect.
[GameContext] [End] Run ended unsuccessfully.
[GameContext] Faster than Thought draws Retribution.
[GameContext] === Faster than Thought Turn 5 begins. Credits: 4, Clicks: 3 ===
[GameContext] [MCTS] slow search: 476 ms (100 iterations, depth 3)
[GameContext] Corp chooses the effect of this card...
[GameContext] Modal: executing 'Drain: remove any number of tags (Runner loses 5cr each, Corp gains)'.
[GameContext] Bigger Picture: Removed 2 tag(s) from Party Animal. (0 remaining)
[GameContext] Bigger Picture: Party Animal loses 2 credits. Faster than Thought gains 2 credits.
[GameContext] Synapse Global: Faster than Thought declines to install.
[GameContext] Faster than Thought plays Bigger Picture.
[GameContext] [MCTS] slow search: 443 ms (100 iterations, depth 3)
[GameContext] Faster than Thought draws Funhouse.
[GameContext] [MCTS] slow search: 649 ms (100 iterations, depth 3)
[GameContext] Faster than Thought gains 1 credit. (7 total)
[GameContext] === Party Animal Turn 6 begins. Credits: 0, Clicks: 4 ===
[GameContext] Party Animal gains 1 credit. (1 total)
[GameContext] Party Animal gains 1 credit. (2 total)
[GameContext] Party Animal gains 1 credit. (3 total)
[GameContext] Party Animal gains 1 credit. (4 total)
[GameContext] Faster than Thought draws Jaguarundi.
[GameContext] === Faster than Thought Turn 6 begins. Credits: 7, Clicks: 3 ===
[GameContext] [MCTS] slow search: 812 ms (100 iterations, depth 3)
[heartbeat] game 6/10 — turn 6, time 214s
[GameContext] Faster than Thought pays 1 credit(s) to install ice.
[GameContext] Faster than Thought installs Jaguarundi in R&D.
[GameContext] [MCTS] slow search: 554 ms (100 iterations, depth 3)
[GameContext] Faster than Thought gains 1 credit. (7 total)
[GameContext] [MCTS] slow search: 647 ms (100 iterations, depth 3)
[GameContext] Faster than Thought gains 1 credit. (8 total)
[GameContext] === Party Animal Turn 7 begins. Credits: 4, Clicks: 4 ===
[GameContext] Party Animal gains 1 credit. (5 total)
[GameContext] Party Animal gains 1 credit. (6 total)
[GameContext] Party Animal gains 1 credit. (7 total)
[GameContext] Party Animal gains 1 credit. (8 total)
[GameContext] Faster than Thought draws IP Enforcement.
[GameContext] === Faster than Thought Turn 7 begins. Credits: 8, Clicks: 3 ===
[GameContext] [MCTS] slow search: 792 ms (100 iterations, depth 3)
[GameContext] Faster than Thought pays 1 credit(s) to install ice.
[GameContext] Faster than Thought installs Funhouse in HQ.
[GameContext] [MCTS] slow search: 533 ms (100 iterations, depth 3)
[GameContext] Faster than Thought gains 1 credit. (8 total)
[GameContext] [MCTS] slow search: 534 ms (100 iterations, depth 3)
[GameContext] Faster than Thought gains 1 credit. (9 total)
[heartbeat] game 6/10 — turn 7, time 219s
[GameContext] === Party Animal Turn 8 begins. Credits: 8, Clicks: 4 ===
[GameContext] --- Run on R&D begins ---
[GameContext] [Initiation] Run declared on R&D.
[GameContext] [Approach] Runner approaches unrezzed ice (position 0).
[CorpRunAI] AI: Jaguarundi — rez_cost=4  tax/enc=9.0  enc=3.0  LTV=27.0
[GameContext] [Rez] Corp rezzes Jaguarundi for 4 credits.
[GameContext] [Encounter] Runner encounters Jaguarundi.
[GameContext] Party Animal takes 1 tag(s). (1 total)
[GameContext] Runner takes 1 core damage.
[GameContext]   Trashed from grip: fermenter
[GameContext] 1 card(s) trashed from Party Animal's grip.
[GameContext] Party Animal's maximum hand size permanently reduced to 4 (core damage total: 1).
[GameContext] Condition not met — ability has no effect.
[GameContext] [Approach] Runner approaches Knowledge Seeker (position 1).
[GameContext] [Encounter] Runner encounters Knowledge Seeker.
[GameContext] [Encounter] Buzzsaw boosted  +3 str (now 6). Cost: 2 cr.
[GameContext] [Encounter] Buzzsaw breaks 'Place 1 virus counter on Knowledge Seeker.' for 1 cr.
[GameContext] [Encounter] Buzzsaw breaks 'Look at the top 4 cards of R&D and arrange them in any order.' for 1 cr.
[GameContext] [Encounter] Buzzsaw breaks 'End the run.' for 1 cr.
[GameContext] [Encounter] Subroutine 0 broken.
[GameContext] [Encounter] Subroutine 1 broken.
[GameContext] [Encounter] Subroutine 2 broken.
[GameContext] Condition not met — ability has no effect.
[GameContext] [Movement] Runner approaches the server root.
[GameContext] [Success] Run successful on R&D!
[GameContext] [Debug/gain_on_success] run_modifiers at success: { "overclock_credits": 0, "concerto_credits": 0, "bad_pub_credits": 0 }
[GameContext] [Breach] Runner breaches R&D.
[GameContext] [Access] Runner accesses: Cloud Eater
[GameContext] [End] Run ended successfully.
[GameContext] Party Animal removes 1 tag (0 remaining). [paid 2cr]
[GameContext] Synapse Global: Faster than Thought declines to install.
[GameContext] Party Animal gains 1 credit. (2 total)
[GameContext] Party Animal gains 1 credit. (3 total)
[GameContext] Faster than Thought draws Cloud Eater.
[GameContext] === Faster than Thought Turn 8 begins. Credits: 5, Clicks: 3 ===
[GameContext] [MCTS] slow search: 689 ms (100 iterations, depth 3)
[GameContext] Faster than Thought gains 1 credit. (6 total)
[GameContext] [MCTS] slow search: 802 ms (100 iterations, depth 3)
[GameContext] Faster than Thought pays 2 credit(s) to install ice.
[GameContext] Faster than Thought installs Cloud Eater in R&D.
[GameContext] [MCTS] slow search: 568 ms (100 iterations, depth 3)
[GameContext] Faster than Thought gains 1 credit. (5 total)
[GameContext] === Party Animal Turn 9 begins. Credits: 3, Clicks: 4 ===
[GameContext] Party Animal gains 1 credit. (4 total)
[GameContext] Party Animal gains 1 credit. (5 total)
[GameContext] Party Animal gains 1 credit. (6 total)
[GameContext] Party Animal gains 1 credit. (7 total)
[GameContext] Faster than Thought draws Behold!.
[GameContext] === Faster than Thought Turn 9 begins. Credits: 5, Clicks: 3 ===
[GameContext] [MCTS] slow search: 723 ms (100 iterations, depth 3)
[GameContext] Faster than Thought installs Behold! in Server 1.
[heartbeat] game 6/10 — turn 9, time 224s
[GameContext] [MCTS] slow search: 601 ms (100 iterations, depth 3)
[GameContext] Faster than Thought gains 1 credit. (6 total)
[GameContext] [MCTS] slow search: 648 ms (100 iterations, depth 3)
[GameContext] Faster than Thought gains 1 credit. (7 total)
[GameContext] === Party Animal Turn 10 begins. Credits: 7, Clicks: 4 ===
[GameContext] Party Animal gains 1 credit. (8 total)
[GameContext] Party Animal gains 1 credit. (9 total)
[GameContext] Party Animal gains 1 credit. (10 total)
[GameContext] Party Animal gains 1 credit. (11 total)
[GameContext] Faster than Thought draws Measured Response.
[GameContext] === Faster than Thought Turn 10 begins. Credits: 7, Clicks: 3 ===
[GameContext] Faster than Thought rezzes Behold! for 0 cr.
[GameContext] [MCTS] slow search: 599 ms (100 iterations, depth 3)
[GameContext] Faster than Thought gains 1 credit. (8 total)
[GameContext] [MCTS] slow search: 574 ms (100 iterations, depth 3)
[GameContext] Faster than Thought installs Behold! in Server 0.
[GameContext] [MCTS] slow search: 712 ms (100 iterations, depth 3)
[GameContext] Faster than Thought gains 1 credit. (9 total)
[heartbeat] game 6/10 — turn 10, time 229s
[GameContext] === Party Animal Turn 11 begins. Credits: 11, Clicks: 4 ===
[GameContext] Party Animal gains 1 credit. (12 total)
[GameContext] Party Animal gains 1 credit. (13 total)
[GameContext] Party Animal gains 1 credit. (14 total)
[GameContext] Party Animal gains 1 credit. (15 total)
[GameContext] Faster than Thought draws Embedded Reporting.
[GameContext] === Faster than Thought Turn 11 begins. Credits: 9, Clicks: 3 ===
[GameContext] Faster than Thought rezzes Behold! for 0 cr.
[GameContext] [MCTS] slow search: 993 ms (100 iterations, depth 3)
[GameContext] Faster than Thought gains 1 credit. (10 total)
[GameContext] [MCTS] slow search: 906 ms (100 iterations, depth 3)
[GameContext] Faster than Thought gains 1 credit. (11 total)
[GameContext] [MCTS] slow search: 894 ms (100 iterations, depth 3)
[GameContext] Faster than Thought gains 1 credit. (12 total)
[GameContext] === Party Animal Turn 12 begins. Credits: 15, Clicks: 4 ===
[GameContext] Party Animal gains 1 credit. (16 total)
[GameContext] Party Animal gains 1 credit. (17 total)
[GameContext] Party Animal gains 1 credit. (18 total)
[GameContext] Party Animal gains 1 credit. (19 total)
[GameContext] Faster than Thought draws Cloud Eater.
[GameContext] === Faster than Thought Turn 12 begins. Credits: 12, Clicks: 3 ===
[GameContext] [MCTS] slow search: 1204 ms (100 iterations, depth 3)
[heartbeat] game 6/10 — turn 12, time 235s
[GameContext] Faster than Thought installs Embedded Reporting in Server 2.
[GameContext] [MCTS] slow search: 1192 ms (100 iterations, depth 3)
[GameContext] Faster than Thought advances Embedded Reporting (1 counters).
[GameContext] [MCTS] slow search: 1098 ms (100 iterations, depth 3)
[GameContext] Faster than Thought installs Cloud Eater in Server 2.
[GameContext] === Party Animal Turn 13 begins. Credits: 19, Clicks: 4 ===
[GameContext] --- Run on Server 2 begins ---
[GameContext] [Initiation] Run declared on Server 2.
[GameContext] [Approach] Runner approaches unrezzed ice (position 0).
[CorpRunAI] AI: Cloud Eater — rez_cost=10  tax/enc=14.0  enc=2.5  LTV=35.0
[CorpRunAI] AI: deferring Cloud Eater (pri=7.00) — saving for Cloud Eater on rd (pri=10.50)
[GameContext] [Approach] Corp declines to rez. Runner passes unrezzed ice.
[GameContext] [Movement] Runner approaches the server root.
[GameContext] [Success] Run successful on Server 2!
[GameContext] [Debug/gain_on_success] run_modifiers at success: {  }
[GameContext] [Breach] Runner breaches Server 2.
[GameContext] [Access] Runner accesses: Embedded Reporting
[GameContext] [Access] Runner steals Embedded Reporting! (2 agenda points)
[GameContext] [End] Run ended successfully.
[GameContext] Party Animal gains 1 credit. (20 total)
[GameContext] Party Animal gains 1 credit. (21 total)
[GameContext] Party Animal gains 1 credit. (22 total)
[GameContext] Faster than Thought draws N-Pot.
[GameContext] === Faster than Thought Turn 13 begins. Credits: 11, Clicks: 3 ===
[GameContext] [MCTS] slow search: 854 ms (100 iterations, depth 3)
[GameContext] Faster than Thought draws Spin Doctor.
[GameContext] [MCTS] slow search: 892 ms (100 iterations, depth 3)
[GameContext] Faster than Thought installs Spin Doctor in Server 2.
[heartbeat] game 6/10 — turn 13, time 241s
[GameContext] [MCTS] slow search: 987 ms (100 iterations, depth 3)
[GameContext] Faster than Thought pays 2 credit(s) to install ice.
[GameContext] Faster than Thought installs N-Pot in HQ.
[GameContext] === Party Animal Turn 14 begins. Credits: 22, Clicks: 4 ===
[GameContext] Party Animal gains 1 credit. (23 total)
[GameContext] Party Animal gains 1 credit. (24 total)
[GameContext] Party Animal gains 1 credit. (25 total)
[GameContext] Party Animal gains 1 credit. (26 total)
[GameContext] Faster than Thought draws N-Pot.
[GameContext] === Faster than Thought Turn 14 begins. Credits: 9, Clicks: 3 ===
[GameContext] Faster than Thought draws 2 card(s).
[GameContext] Faster than Thought rezzes Spin Doctor for 0 cr.
[GameContext] [MCTS] slow search: 1213 ms (100 iterations, depth 3)
[GameContext] Faster than Thought installs Jaguarundi in Server 3.
[GameContext] [MCTS] slow search: 1139 ms (100 iterations, depth 3)
[GameContext] Condition not met — ability has no effect.
[GameContext] Faster than Thought plays IP Enforcement.
[heartbeat] game 6/10 — turn 14, time 246s
[GameContext] [MCTS] slow search: 1141 ms (100 iterations, depth 3)
[GameContext] Faster than Thought installs Doomscroll in Server 4.
[GameContext] === Party Animal Turn 15 begins. Credits: 26, Clicks: 4 ===
[GameContext] Party Animal gains 1 credit. (27 total)
[GameContext] Party Animal gains 1 credit. (28 total)
[GameContext] Party Animal gains 1 credit. (29 total)
[GameContext] Party Animal gains 1 credit. (30 total)
[GameContext] Faster than Thought draws Ping.
[GameContext] === Faster than Thought Turn 15 begins. Credits: 9, Clicks: 3 ===
[GameContext] [MCTS] slow search: 1150 ms (100 iterations, depth 3)
[GameContext] Spin Doctor: shuffled 2 card(s) from Archives into R&D.
[GameContext] Spin Doctor is trashed.
[GameContext] [MCTS] slow search: 1077 ms (100 iterations, depth 3)
[GameContext] Faster than Thought installs Ping in Server 5.
[GameContext] [MCTS] slow search: 909 ms (100 iterations, depth 3)
[GameContext] Faster than Thought gains 1 credit. (10 total)
[heartbeat] game 6/10 — turn 15, time 251s
[GameContext] === Party Animal Turn 16 begins. Credits: 30, Clicks: 4 ===
[GameContext] Party Animal gains 1 credit. (31 total)
[GameContext] Party Animal gains 1 credit. (32 total)
[GameContext] Party Animal gains 1 credit. (33 total)
[GameContext] Party Animal gains 1 credit. (34 total)
[GameContext] Faster than Thought draws Bigger Picture.
[GameContext] === Faster than Thought Turn 16 begins. Credits: 10, Clicks: 3 ===
[GameContext] [MCTS] slow search: 1119 ms (100 iterations, depth 3)
[GameContext] Faster than Thought gains 1 credit. (11 total)
[GameContext] [MCTS] slow search: 1085 ms (100 iterations, depth 3)
[GameContext] Faster than Thought installs Regolith Mining License in Server 2.
[GameContext] [MCTS] slow search: 929 ms (100 iterations, depth 3)
[GameContext] Faster than Thought gains 1 credit. (12 total)
[GameContext] === Party Animal Turn 17 begins. Credits: 34, Clicks: 4 ===
[GameContext] Party Animal gains 1 credit. (35 total)
[GameContext] Party Animal gains 1 credit. (36 total)
[GameContext] Party Animal gains 1 credit. (37 total)
[GameContext] Party Animal gains 1 credit. (38 total)
[GameContext] Faster than Thought draws Regolith Mining License.
[GameContext] === Faster than Thought Turn 17 begins. Credits: 12, Clicks: 3 ===
[GameContext] Placed 15 credits counter(s) on Regolith Mining License.
[GameContext] Faster than Thought rezzes Regolith Mining License for 2 cr.
[GameContext] [MCTS] slow search: 1077 ms (100 iterations, depth 3)
[heartbeat] game 6/10 — turn 17, time 257s
[GameContext] Faster than Thought gains 1 credit. (11 total)
[GameContext] [MCTS] slow search: 1104 ms (100 iterations, depth 3)
[GameContext] Faster than Thought installs N-Pot in Server 6.
[GameContext] [MCTS] slow search: 992 ms (100 iterations, depth 3)
[GameContext] Faster than Thought takes 3 cr from Regolith Mining License (12 remaining).
[GameContext] === Party Animal Turn 18 begins. Credits: 38, Clicks: 4 ===
[GameContext] Party Animal gains 1 credit. (39 total)
[GameContext] Party Animal gains 1 credit. (40 total)
[GameContext] Party Animal gains 1 credit. (41 total)
[GameContext] Party Animal gains 1 credit. (42 total)
[GameContext] Faster than Thought draws N-Pot.
[GameContext] === Faster than Thought Turn 18 begins. Credits: 14, Clicks: 3 ===
[GameContext] [MCTS] slow search: 1380 ms (100 iterations, depth 3)
[GameContext] Faster than Thought gains 1 credit. (15 total)
[heartbeat] game 6/10 — turn 18, time 262s
[GameContext] [MCTS] slow search: 1482 ms (100 iterations, depth 3)
[GameContext] Condition not met — ability has no effect.
[GameContext] Faster than Thought plays Retribution.
[GameContext] [MCTS] slow search: 1180 ms (100 iterations, depth 3)
[GameContext] Faster than Thought gains 1 credit. (15 total)
[GameContext] === Party Animal Turn 19 begins. Credits: 42, Clicks: 4 ===
[GameContext] Party Animal gains 1 credit. (43 total)
[GameContext] Party Animal gains 1 credit. (44 total)
[GameContext] Party Animal gains 1 credit. (45 total)
[GameContext] Party Animal gains 1 credit. (46 total)
[GameContext] Faster than Thought draws Hedge Fund.
[GameContext] === Faster than Thought Turn 19 begins. Credits: 15, Clicks: 3 ===
[GameContext] Faster than Thought draws Regolith Mining License.
[GameContext] Faster than Thought installs N-Pot in Server 7.
[GameContext] Corp chooses the effect of this card...
[GameContext] Modal: executing 'Drain: remove any number of tags (Runner loses 5cr each, Corp gains)'.
[GameContext] Bigger Picture: Runner has no tags to remove.
[GameContext] Faster than Thought plays Bigger Picture.
[heartbeat] game 6/10 — turn 19, time 267s
[GameContext] === Party Animal Turn 20 begins. Credits: 46, Clicks: 4 ===
[GameContext] Party Animal gains 1 credit. (47 total)
[GameContext] Party Animal gains 1 credit. (48 total)
[GameContext] Party Animal gains 1 credit. (49 total)
[GameContext] Party Animal gains 1 credit. (50 total)
[GameContext] Faster than Thought draws Doomscroll.
[GameContext] === Faster than Thought Turn 20 begins. Credits: 15, Clicks: 3 ===
[GameContext] Faster than Thought draws Retribution.
[GameContext] Faster than Thought installs Regolith Mining License in Server 8.
[GameContext] Faster than Thought installs Doomscroll in Server 9.
[GameContext] === Party Animal Turn 21 begins. Credits: 50, Clicks: 4 ===
[GameContext] Party Animal gains 1 credit. (51 total)
[GameContext] Party Animal gains 1 credit. (52 total)
[GameContext] Party Animal gains 1 credit. (53 total)
[GameContext] Party Animal gains 1 credit. (54 total)
[GameContext] Faster than Thought draws Measured Response.
[GameContext] === Faster than Thought Turn 21 begins. Credits: 15, Clicks: 3 ===
[GameContext] Placed 15 credits counter(s) on Regolith Mining License.
[GameContext] Faster than Thought rezzes Regolith Mining License for 2 cr.
[GameContext] Faster than Thought takes 3 cr from Regolith Mining License (9 remaining).
[GameContext] Faster than Thought draws IP Enforcement.
[GameContext] Condition not met — ability has no effect.
[GameContext] Faster than Thought plays Retribution.
[GameContext] === Party Animal Turn 22 begins. Credits: 54, Clicks: 4 ===
[GameContext] Party Animal gains 1 credit. (55 total)
[GameContext] Party Animal gains 1 credit. (56 total)
[GameContext] Party Animal gains 1 credit. (57 total)
[GameContext] Party Animal gains 1 credit. (58 total)
[GameContext] Faster than Thought draws Spin Doctor.
[GameContext] === Faster than Thought Turn 22 begins. Credits: 15, Clicks: 3 ===
[GameContext] Condition not met — ability has no effect.
[GameContext] Faster than Thought plays IP Enforcement.
[GameContext] Faster than Thought draws Knowledge Seeker.
[GameContext] [MCTS] slow search: 200 ms (100 iterations, depth 3)
[GameContext] Faster than Thought draws Embedded Reporting.
[heartbeat] game 6/10 — turn 22, time 272s
[GameContext] Faster than Thought discards Measured Response to hand limit.
[GameContext] Faster than Thought discards Hedge Fund to hand limit.
[GameContext] === Party Animal Turn 23 begins. Credits: 58, Clicks: 4 ===
[GameContext] Party Animal gains 1 credit. (59 total)
[GameContext] Party Animal gains 1 credit. (60 total)
[GameContext] Party Animal gains 1 credit. (61 total)
[GameContext] Party Animal gains 1 credit. (62 total)
[GameContext] Faster than Thought draws Funhouse.
[GameContext] === Faster than Thought Turn 23 begins. Credits: 15, Clicks: 3 ===
[GameContext] Faster than Thought installs Embedded Reporting in Server 4.
[GameContext] [MCTS] slow search: 229 ms (100 iterations, depth 3)
[GameContext] Faster than Thought advances Embedded Reporting (1 counters).
[GameContext] [MCTS] slow search: 211 ms (100 iterations, depth 3)
[GameContext] Faster than Thought advances Embedded Reporting (2 counters).
[GameContext] === Party Animal Turn 24 begins. Credits: 62, Clicks: 4 ===
[GameContext] Party Animal gains 1 credit. (63 total)
[GameContext] Party Animal gains 1 credit. (64 total)
[GameContext] Party Animal gains 1 credit. (65 total)
[GameContext] --- Run on Server 4 begins ---
[GameContext] [Initiation] Run declared on Server 4.
[GameContext] [Approach] Runner approaches unrezzed ice (position 0).
[CorpRunAI] AI: Doomscroll — rez_cost=3  tax/enc=11.0  enc=2.5  LTV=27.5
[GameContext] [Rez] Corp rezzes Doomscroll for 3 credits.
[GameContext] [Encounter] Runner encounters Doomscroll.
[GameContext] Party Animal takes 1 tag(s). (1 total)
[GameContext] Runner takes 1 net damage.
[GameContext]   Trashed from grip: dzmz_optimizer
[GameContext] 1 card(s) trashed from Party Animal's grip.
[GameContext] Subroutine condition not met — no effect.
[GameContext] Condition not met — ability has no effect.
[GameContext] [Movement] Runner approaches the server root.
[GameContext] [Success] Run successful on Server 4!
[GameContext] [Debug/gain_on_success] run_modifiers at success: {  }
[GameContext] [Breach] Runner breaches Server 4.
[GameContext] [Access] Runner accesses: Embedded Reporting
[GameContext] [Access] Runner steals Embedded Reporting! (2 agenda points)
[GameContext] [End] Run ended successfully.
[GameContext] Faster than Thought draws Send a Message.
[GameContext] === Faster than Thought Turn 24 begins. Credits: 10, Clicks: 3 ===
[GameContext] Faster than Thought installs Send a Message in Server 5.
[GameContext] Faster than Thought advances Send a Message (1 counters).
[GameContext] Faster than Thought advances Send a Message (2 counters).
[GameContext] === Party Animal Turn 25 begins. Credits: 65, Clicks: 4 ===
[GameContext] --- Run on Server 5 begins ---
[GameContext] [Initiation] Run declared on Server 5.
[GameContext] [Approach] Runner approaches unrezzed ice (position 0).
[CorpRunAI] AI: Ping — rez_cost=2  tax/enc=5.0  enc=2.5  LTV=12.5
[GameContext] [Rez] Corp rezzes Ping for 2 credits.
[GameContext] Party Animal takes 1 tag(s). (2 total)
[GameContext] [Encounter] Runner encounters Ping.
[GameContext] Run ended.
[GameContext] [Encounter] Run ended by subroutine.
[GameContext] Condition not met — ability has no effect.
[GameContext] [End] Run ended unsuccessfully.
[GameContext] Party Animal removes 1 tag (1 remaining). [paid 2cr]
[GameContext] Synapse Global: Faster than Thought declines to install.
[GameContext] Party Animal removes 1 tag (0 remaining). [paid 2cr]
[GameContext] Party Animal draws Wildcat Strike.
[GameContext] Faster than Thought draws Hedge Fund.
[GameContext] === Faster than Thought Turn 25 begins. Credits: 6, Clicks: 3 ===
[GameContext] [MCTS] Scoring line detected — executing: Advance send_a_message
[GameContext] Faster than Thought advances Send a Message (3 counters).
[GameContext] [MCTS] Scoring line detected — executing: Advance send_a_message
[GameContext] Faster than Thought advances Send a Message (4 counters).
[heartbeat] game 6/10 — turn 25, time 277s
[GameContext] [MCTS] Scoring line detected — executing: Advance send_a_message
[GameContext] Faster than Thought advances Send a Message (5 counters).
[GameContext] Faster than Thought scores Send a Message! (3 agenda points)
[GameContext] Rezzed N-Pot for free.
[GameContext] Faster than Thought discards Measured Response to hand limit.
[GameContext] === Party Animal Turn 26 begins. Credits: 61, Clicks: 4 ===
[GameContext] Party Animal gains 1 credit. (62 total)
[GameContext] Party Animal gains 1 credit. (63 total)
[GameContext] Corp chooses the effect of this card...
[GameContext] [Wildcat Strike] Corp denies credits by default.
[GameContext] Modal: executing 'Runner gains 4 credits'.
[GameContext] Party Animal gains 4 credits.
[GameContext] Party Animal plays Wildcat Strike.
[GameContext] Party Animal draws Cookbook.
[GameContext] Faster than Thought draws Ping.
[GameContext] === Faster than Thought Turn 26 begins. Credits: 3, Clicks: 3 ===
[GameContext] Faster than Thought installs Funhouse in Server 10.
[GameContext] Faster than Thought takes 3 cr from Regolith Mining License (12 remaining).
[GameContext] Faster than Thought gains 9 credits.
[GameContext] Faster than Thought plays Hedge Fund.
[GameContext] === Party Animal Turn 27 begins. Credits: 65, Clicks: 4 ===
[GameContext] Party Animal gains 1 credit. (66 total)
[GameContext] Party Animal gains 1 credit. (67 total)
[GameContext] Party Animal gains 1 credit. (68 total)
[GameContext] Party Animal gains 1 credit. (69 total)
[GameContext] Faster than Thought draws Bigger Picture.
[GameContext] === Faster than Thought Turn 27 begins. Credits: 10, Clicks: 3 ===
[GameContext] Faster than Thought installs Ping in Server 11.
[GameContext] Faster than Thought takes 3 cr from Regolith Mining License (9 remaining).
[GameContext] Faster than Thought takes 3 cr from Regolith Mining License (6 remaining).
[GameContext] === Party Animal Turn 28 begins. Credits: 69, Clicks: 4 ===
[GameContext] Party Animal gains 1 credit. (70 total)
[GameContext] Party Animal gains 1 credit. (71 total)
[GameContext] Party Animal gains 1 credit. (72 total)
[GameContext] Party Animal gains 1 credit. (73 total)
[GameContext] Faster than Thought draws Hedge Fund.
[GameContext] === Faster than Thought Turn 28 begins. Credits: 16, Clicks: 3 ===
[GameContext] Faster than Thought draws Send a Message.
[GameContext] Faster than Thought installs Send a Message in Server 5.
[heartbeat] game 6/10 — turn 28, time 282s
[GameContext] Faster than Thought advances Send a Message (1 counters).
[GameContext] === Party Animal Turn 29 begins. Credits: 73, Clicks: 4 ===
[GameContext] Party Animal gains 1 credit. (74 total)
[GameContext] Party Animal gains 1 credit. (75 total)
[GameContext] Party Animal gains 1 credit. (76 total)
[GameContext] Party Animal gains 1 credit. (77 total)
[GameContext] Faster than Thought draws Embedded Reporting.
[GameContext] === Faster than Thought Turn 29 begins. Credits: 15, Clicks: 3 ===
[GameContext] Faster than Thought installs Embedded Reporting in Server 6.
[GameContext] Faster than Thought advances Embedded Reporting (1 counters).
[GameContext] Faster than Thought advances Embedded Reporting (2 counters).
[GameContext] === Party Animal Turn 30 begins. Credits: 77, Clicks: 4 ===
[GameContext] --- Run on Server 6 begins ---
[GameContext] [Initiation] Run declared on Server 6.
[GameContext] [Approach] Runner approaches unrezzed ice (position 0).
[CorpRunAI] AI: N-Pot — rez_cost=4  tax/enc=5.0  enc=2.5  LTV=12.5
[CorpRunAI] AI: deferring N-Pot (pri=6.25) — saving for Cloud Eater on rd (pri=10.50)
[GameContext] [Approach] Corp declines to rez. Runner passes unrezzed ice.
[GameContext] [Movement] Runner approaches the server root.
[GameContext] [Success] Run successful on Server 6!
[GameContext] [Debug/gain_on_success] run_modifiers at success: {  }
[GameContext] [Breach] Runner breaches Server 6.
[GameContext] [Access] Runner accesses: Embedded Reporting
[GameContext] [Access] Runner steals Embedded Reporting! (2 agenda points)
[GameContext] Runner wins by stealing agendas!
[GameContext] [End] Run ended successfully.
[GameContext] Game over — Party Animal wins. Party Animal stole enough agendas to win
  [  6/ 10]  RUNNER    Party Animal stole enough agendas to win  30 turns
[GameContext] Faster than Thought draws Jaguarundi.
[GameContext] === Faster than Thought Turn 1 begins. Credits: 5, Clicks: 3 ===
[GameContext] [MCTS] slow search: 525 ms (100 iterations, depth 3)
[GameContext] Faster than Thought installs Jaguarundi in R&D.
[GameContext] [MCTS] slow search: 537 ms (100 iterations, depth 3)
[GameContext] Faster than Thought installs Jaguarundi in HQ.
[GameContext] [MCTS] slow search: 494 ms (100 iterations, depth 3)
[GameContext] Faster than Thought installs Ping in Server 0.
[heartbeat] game 7/10 — turn 1, time 287s
[GameContext] === Party Animal Turn 2 begins. Credits: 5, Clicks: 4 ===
[GameContext] Party Animal gains 9 credits.
[GameContext] Party Animal plays Sure Gamble.
[GameContext] --- Run on R&D begins ---
[GameContext] [Initiation] Run declared on R&D.
[GameContext] [Approach] Runner approaches unrezzed ice (position 0).
[CorpRunAI] AI: rezzing Jaguarundi would breach credit floor — holding.
[GameContext] [Approach] Corp declines to rez. Runner passes unrezzed ice.
[GameContext] [Movement] Runner approaches the server root.
[GameContext] [Success] Run successful on R&D!
[GameContext] [Debug/gain_on_success] run_modifiers at success: {  }
[GameContext] [Breach] Runner breaches R&D.
[GameContext] [Access] Runner accesses: N-Pot
[GameContext] [End] Run ended successfully.
[GameContext] --- Run on HQ begins ---
[GameContext] [Initiation] Run declared on HQ.
[GameContext] [Approach] Runner approaches unrezzed ice (position 0).
[CorpRunAI] AI: rezzing Jaguarundi would breach credit floor — holding.
[GameContext] [Approach] Corp declines to rez. Runner passes unrezzed ice.
[GameContext] [Movement] Runner approaches the server root.
[GameContext] [Success] Run successful on HQ!
[GameContext] [Debug/gain_on_success] run_modifiers at success: {  }
[GameContext] [Breach] Runner breaches HQ.
[GameContext] [Access] Runner accesses: Funhouse
[GameContext] [End] Run ended successfully.
[GameContext] Party Animal gains 9 credits.
[GameContext] Party Animal plays Sure Gamble.
[GameContext] Faster than Thought draws N-Pot.
[GameContext] === Faster than Thought Turn 2 begins. Credits: 5, Clicks: 3 ===
[GameContext] [MCTS] slow search: 428 ms (100 iterations, depth 3)
[GameContext] Faster than Thought gains 1 credit. (6 total)
[GameContext] [MCTS] slow search: 530 ms (100 iterations, depth 3)
[GameContext] Faster than Thought gains 9 credits.
[GameContext] Faster than Thought plays Hedge Fund.
[GameContext] [MCTS] slow search: 443 ms (100 iterations, depth 3)
[GameContext] Faster than Thought draws Spin Doctor.
[GameContext] === Party Animal Turn 3 begins. Credits: 13, Clicks: 4 ===
[GameContext] --- Run on R&D begins ---
[GameContext] [Initiation] Run declared on R&D.
[GameContext] [Approach] Runner approaches unrezzed ice (position 0).
[CorpRunAI] AI: Jaguarundi — rez_cost=4  tax/enc=9.0  enc=3.0  LTV=27.0
[GameContext] [Rez] Corp rezzes Jaguarundi for 4 credits.
[GameContext] [Encounter] Runner encounters Jaguarundi.
[GameContext] Party Animal takes 1 tag(s). (1 total)
[GameContext] Runner takes 1 core damage.
[GameContext]   Trashed from grip: fermenter
[GameContext] 1 card(s) trashed from Party Animal's grip.
[GameContext] Party Animal's maximum hand size permanently reduced to 4 (core damage total: 1).
[GameContext] [Movement] Runner approaches the server root.
[GameContext] [Success] Run successful on R&D!
[GameContext] [Debug/gain_on_success] run_modifiers at success: {  }
[GameContext] [Breach] Runner breaches R&D.
[GameContext] [Access] Runner accesses: Oracle Thinktank
[GameContext] [Access] Runner steals Oracle Thinktank! (1 agenda points)
[GameContext] Party Animal takes 1 tag(s). (2 total)
[GameContext] [End] Run ended successfully.
[GameContext] --- Run on HQ begins ---
[GameContext] [Initiation] Run declared on HQ.
[GameContext] [Approach] Runner approaches unrezzed ice (position 0).
[CorpRunAI] AI: Jaguarundi — rez_cost=4  tax/enc=9.0  enc=3.0  LTV=27.0
[GameContext] [Rez] Corp rezzes Jaguarundi for 4 credits.
[GameContext] [Encounter] Runner encounters Jaguarundi.
[GameContext] Party Animal takes 1 tag(s). (3 total)
[GameContext] Runner takes 1 core damage.
[GameContext]   Trashed from grip: leech
[GameContext] 1 card(s) trashed from Party Animal's grip.
[GameContext] Party Animal's maximum hand size permanently reduced to 3 (core damage total: 2).
[GameContext] [Movement] Runner approaches the server root.
[GameContext] [Success] Run successful on HQ!
[GameContext] [Debug/gain_on_success] run_modifiers at success: {  }
[GameContext] [Breach] Runner breaches HQ.
[GameContext] [Access] Runner accesses: Spin Doctor
[GameContext] [Access] Runner may trash Spin Doctor for 2 credits (Runner has 13 total).
[GameContext] [Access] Runner trashes Spin Doctor.
[GameContext] [End] Run ended successfully.
[GameContext] Party Animal removes 1 tag (2 remaining). [paid 2cr]
[GameContext] Synapse Global: Faster than Thought declines to install.
[GameContext] Party Animal removes 1 tag (1 remaining). [paid 2cr]
[GameContext] Faster than Thought draws Behold!.
[GameContext] === Faster than Thought Turn 3 begins. Credits: 2, Clicks: 3 ===
[GameContext] [MCTS] slow search: 744 ms (100 iterations, depth 3)
[GameContext] Faster than Thought gains 1 credit. (3 total)
[GameContext] [MCTS] slow search: 769 ms (100 iterations, depth 3)
[GameContext] Faster than Thought gains 1 credit. (4 total)
[heartbeat] game 7/10 — turn 3, time 292s
[GameContext] [MCTS] slow search: 747 ms (100 iterations, depth 3)
[GameContext] Faster than Thought gains 1 credit. (5 total)
[GameContext] === Party Animal Turn 4 begins. Credits: 7, Clicks: 4 ===
[GameContext] Party Animal removes 1 tag (0 remaining). [paid 2cr]
[GameContext] Synapse Global: Faster than Thought declines to install.
[GameContext] Party Animal draws Botulus.
[GameContext] Party Animal draws Wildcat Strike.
[GameContext] Party Animal draws Fermenter.
[GameContext] Party Animal discards Wildcat Strike to hand limit. (3 cards remaining)
[GameContext] Faster than Thought draws Embedded Reporting.
[GameContext] === Faster than Thought Turn 4 begins. Credits: 5, Clicks: 3 ===
[GameContext] [MCTS] slow search: 755 ms (100 iterations, depth 3)
[GameContext] Faster than Thought installs Embedded Reporting in Server 0.
[GameContext] [MCTS] slow search: 763 ms (100 iterations, depth 3)
[GameContext] Faster than Thought advances Embedded Reporting (1 counters).
[GameContext] [MCTS] slow search: 764 ms (100 iterations, depth 3)
[GameContext] Faster than Thought advances Embedded Reporting (2 counters).
[heartbeat] game 7/10 — turn 4, time 297s
[GameContext] === Party Animal Turn 5 begins. Credits: 5, Clicks: 4 ===
[GameContext] --- Run on Server 0 begins ---
[GameContext] [Initiation] Run declared on Server 0.
[GameContext] [Approach] Runner approaches unrezzed ice (position 0).
[CorpRunAI] AI: Ping — rez_cost=2  tax/enc=5.0  enc=2.5  LTV=12.5
[GameContext] [Rez] Corp rezzes Ping for 2 credits.
[GameContext] Party Animal takes 1 tag(s). (1 total)
[GameContext] [Encounter] Runner encounters Ping.
[GameContext] Run ended.
[GameContext] [Encounter] Run ended by subroutine.
[GameContext] [End] Run ended unsuccessfully.
[GameContext] Party Animal removes 1 tag (0 remaining). [paid 2cr]
[GameContext] Synapse Global: Faster than Thought declines to install.
[GameContext] Party Animal draws Verbal Plasticity.
[GameContext] Party Animal draws Cleaver.
[GameContext] Party Animal discards Verbal Plasticity to hand limit. (3 cards remaining)
[GameContext] Party Animal discards Carnivore to hand limit. (3 cards remaining)
[GameContext] Faster than Thought draws Behold!.
[GameContext] === Faster than Thought Turn 5 begins. Credits: 1, Clicks: 3 ===
[GameContext] [MCTS] Scoring line detected — executing: Advance embedded_reporting
[GameContext] Faster than Thought advances Embedded Reporting (3 counters).
[GameContext] Faster than Thought scores Embedded Reporting! (2 agenda points)
[GameContext] Faster than Thought places 2 agenda counter(s) on Embedded Reporting (Dividends 2 + 0 excess).
[GameContext] [MCTS] slow search: 933 ms (100 iterations, depth 3)
[GameContext] Faster than Thought gains 1 credit. (1 total)
[GameContext] [MCTS] slow search: 940 ms (100 iterations, depth 3)
[GameContext] Faster than Thought pays 1 credit(s) to install ice.
[GameContext] Faster than Thought installs Funhouse in R&D.
[GameContext] === Party Animal Turn 6 begins. Credits: 3, Clicks: 4 ===
[GameContext] Party Animal draws Carmen.
[GameContext] Party Animal draws Buzzsaw.
[GameContext] Party Animal draws Cookbook.
Player install: card is: Cleaver and charged cost is: 3
[GameContext] Party Animal installs Cleaver. [MU: 1/4 used]
[GameContext] Party Animal discards Cookbook to hand limit. (3 cards remaining)
[GameContext] Party Animal discards Fermenter to hand limit. (3 cards remaining)
[GameContext] Faster than Thought draws Bigger Picture.
[GameContext] === Faster than Thought Turn 6 begins. Credits: 0, Clicks: 3 ===
[GameContext] [MCTS] slow search: 820 ms (100 iterations, depth 3)
[GameContext] Faster than Thought gains 1 credit. (1 total)
[GameContext] [MCTS] slow search: 814 ms (100 iterations, depth 3)
[GameContext] Faster than Thought pays 1 credit(s) to install ice.
[GameContext] Faster than Thought installs N-Pot in HQ.
[heartbeat] game 7/10 — turn 6, time 303s
[GameContext] [MCTS] slow search: 680 ms (100 iterations, depth 3)
[GameContext] Faster than Thought gains 1 credit. (1 total)
[GameContext] === Party Animal Turn 7 begins. Credits: 0, Clicks: 4 ===
[GameContext] Party Animal gains 1 credit. (1 total)
[GameContext] Party Animal gains 1 credit. (2 total)
[GameContext] Party Animal gains 1 credit. (3 total)
[GameContext] Party Animal gains 1 credit. (4 total)
[GameContext] Faster than Thought draws Knowledge Seeker.
[GameContext] === Faster than Thought Turn 7 begins. Credits: 1, Clicks: 3 ===
[GameContext] [MCTS] slow search: 953 ms (100 iterations, depth 3)
[GameContext] Corp chooses the effect of this card...
[GameContext] Modal: executing 'Drain: remove any number of tags (Runner loses 5cr each, Corp gains)'.
[GameContext] Bigger Picture: Runner has no tags to remove.
[GameContext] Faster than Thought plays Bigger Picture.
[GameContext] [MCTS] slow search: 870 ms (100 iterations, depth 3)
[GameContext] Faster than Thought gains 1 credit. (2 total)
[GameContext] [MCTS] slow search: 882 ms (100 iterations, depth 3)
[GameContext] Faster than Thought gains 1 credit. (3 total)
[heartbeat] game 7/10 — turn 7, time 308s
[GameContext] === Party Animal Turn 8 begins. Credits: 4, Clicks: 4 ===
Player install: card is: Buzzsaw and charged cost is: 4
[GameContext] Party Animal installs Buzzsaw. [MU: 2/4 used]
[GameContext] Party Animal draws DZMZ Optimizer.
[GameContext] Party Animal gains 1 credit. (1 total)
[GameContext] Party Animal gains 1 credit. (2 total)
[GameContext] Faster than Thought draws Cloud Eater.
[GameContext] === Faster than Thought Turn 8 begins. Credits: 3, Clicks: 3 ===
[GameContext] [MCTS] slow search: 980 ms (100 iterations, depth 3)
[GameContext] Faster than Thought pays 2 credit(s) to install ice.
[GameContext] Faster than Thought installs Cloud Eater in R&D.
[GameContext] [MCTS] slow search: 799 ms (100 iterations, depth 3)
[GameContext] Faster than Thought gains 1 credit. (2 total)
[GameContext] [MCTS] slow search: 828 ms (100 iterations, depth 3)
[GameContext] Faster than Thought gains 1 credit. (3 total)
[GameContext] === Party Animal Turn 9 begins. Credits: 2, Clicks: 4 ===
[GameContext] Party Animal gains 1 credit. (3 total)
[GameContext] Party Animal gains 1 credit. (4 total)
[GameContext] Party Animal gains 1 credit. (5 total)
Player install: card is: Carmen and charged cost is: 5
[GameContext] Party Animal installs Carmen. [MU: 3/4 used]
[GameContext] Faster than Thought draws Send a Message.
[GameContext] === Faster than Thought Turn 9 begins. Credits: 3, Clicks: 3 ===
[GameContext] Faster than Thought installs Send a Message in Server 0.
[GameContext] Faster than Thought advances Send a Message (1 counters).
[heartbeat] game 7/10 — turn 9, time 313s
[GameContext] [MCTS] slow search: 235 ms (100 iterations, depth 3)
[GameContext] Faster than Thought pays 1 credit(s) to install ice.
[GameContext] Faster than Thought installs Knowledge Seeker in Server 0.
[GameContext] === Party Animal Turn 10 begins. Credits: 0, Clicks: 4 ===
[GameContext] Party Animal gains 1 credit. (1 total)
[GameContext] Party Animal gains 1 credit. (2 total)
[GameContext] --- Run on Server 0 begins ---
[GameContext] [Initiation] Run declared on Server 0.
[GameContext] [Approach] Runner approaches unrezzed ice (position 0).
[GameContext] [Approach] Corp declines to rez. Runner passes unrezzed ice.
[GameContext] [Approach] Runner approaches Ping (position 1).
[GameContext] [Encounter] Runner encounters Ping.
[GameContext] [Encounter] Cleaver breaks 'End the run.' for 1 cr.
[GameContext] [Encounter] Subroutine 0 broken.
[GameContext] [Movement] Runner approaches the server root.
[GameContext] [Success] Run successful on Server 0!
[GameContext] [Debug/gain_on_success] run_modifiers at success: { "overclock_credits": 0, "concerto_credits": 0, "bad_pub_credits": 0 }
[GameContext] [Breach] Runner breaches Server 0.
[GameContext] [Access] Runner accesses: Send a Message
[GameContext] [Access] Runner steals Send a Message! (3 agenda points)
[GameContext] Rezzed N-Pot for free.
[GameContext] [End] Run ended successfully.
[GameContext] Party Animal draws Verbal Plasticity.
[GameContext] Faster than Thought draws Spin Doctor.
[GameContext] === Faster than Thought Turn 10 begins. Credits: 1, Clicks: 3 ===
[GameContext] Faster than Thought gains 1 credit. (2 total)
[GameContext] Faster than Thought gains 1 credit. (3 total)
[GameContext] Faster than Thought gains 1 credit. (4 total)
[GameContext] === Party Animal Turn 11 begins. Credits: 1, Clicks: 4 ===
[GameContext] Party Animal gains 1 credit. (2 total)
[GameContext] Party Animal gains 1 credit. (3 total)
[GameContext] Party Animal gains 1 credit. (4 total)
[GameContext] Party Animal gains 1 credit. (5 total)
[GameContext] Faster than Thought draws Oracle Thinktank.
[GameContext] === Faster than Thought Turn 11 begins. Credits: 4, Clicks: 3 ===
[GameContext] Faster than Thought installs Oracle Thinktank in Server 0.
[GameContext] Faster than Thought advances Oracle Thinktank (1 counters).
[GameContext] Faster than Thought advances Oracle Thinktank (2 counters).
[GameContext] === Party Animal Turn 12 begins. Credits: 5, Clicks: 4 ===
[GameContext] --- Run on Server 0 begins ---
[GameContext] [Initiation] Run declared on Server 0.
[GameContext] [Approach] Runner approaches unrezzed ice (position 0).
[GameContext] [Approach] Corp declines to rez. Runner passes unrezzed ice.
[GameContext] [Approach] Runner approaches Ping (position 1).
[GameContext] [Encounter] Runner encounters Ping.
[GameContext] [Encounter] Cleaver breaks 'End the run.' for 1 cr.
[GameContext] [Encounter] Subroutine 0 broken.
[GameContext] [Movement] Runner approaches the server root.
[GameContext] [Success] Run successful on Server 0!
[GameContext] [Debug/gain_on_success] run_modifiers at success: { "overclock_credits": 0, "concerto_credits": 0, "bad_pub_credits": 0 }
[GameContext] [Breach] Runner breaches Server 0.
[GameContext] [Access] Runner accesses: Oracle Thinktank
[GameContext] [Access] Runner steals Oracle Thinktank! (1 agenda points)
[GameContext] Party Animal takes 1 tag(s). (1 total)
[GameContext] [End] Run ended successfully.
[GameContext] --- Run on R&D begins ---
[GameContext] [Initiation] Run declared on R&D.
[GameContext] [Approach] Runner approaches unrezzed ice (position 0).
[GameContext] [Approach] Corp declines to rez. Runner passes unrezzed ice.
[GameContext] [Approach] Runner approaches unrezzed ice (position 1).
[GameContext] [Approach] Corp declines to rez. Runner passes unrezzed ice.
[GameContext] [Approach] Runner approaches Jaguarundi (position 2).
[GameContext] [Encounter] Runner encounters Jaguarundi.
[GameContext] [Jaguarundi] Runner takes 1 tag. (2 total)
[GameContext] [Encounter] Carmen boosted  +3 str (now 5). Cost: 1 cr.
[GameContext] [Encounter] Carmen breaks 'Give the Runner 1 tag.' for 1 cr.
[GameContext] [Encounter] Carmen breaks 'If the Runner is tagged, do 1 core damage.' for 1 cr.
[GameContext] [Encounter] Subroutine 0 broken.
[GameContext] [Encounter] Subroutine 1 broken.
[GameContext] [Movement] Runner approaches the server root.
[GameContext] [Success] Run successful on R&D!
[GameContext] [Debug/gain_on_success] run_modifiers at success: { "overclock_credits": 0, "concerto_credits": 0, "bad_pub_credits": 0 }
[GameContext] [Breach] Runner breaches R&D.
[GameContext] [Access] Runner accesses: Hedge Fund
[GameContext] [End] Run ended successfully.
[GameContext] Party Animal gains 1 credit. (2 total)
[GameContext] Party Animal removes 1 tag (1 remaining). [paid 2cr]
[GameContext] Synapse Global: Faster than Thought declines to install.
[GameContext] Faster than Thought draws Hedge Fund.
[GameContext] === Faster than Thought Turn 12 begins. Credits: 2, Clicks: 3 ===
[GameContext] Faster than Thought installs Spin Doctor in Server 1.
[heartbeat] game 7/10 — turn 12, time 318s
[GameContext] Faster than Thought gains 1 credit. (3 total)
[GameContext] Faster than Thought gains 1 credit. (4 total)
[GameContext] === Party Animal Turn 13 begins. Credits: 0, Clicks: 4 ===
[GameContext] Party Animal gains 1 credit. (1 total)
[GameContext] Party Animal gains 1 credit. (2 total)
[GameContext] Party Animal removes 1 tag (0 remaining). [paid 2cr]
[GameContext] Synapse Global: Faster than Thought declines to install.
[GameContext] Party Animal gains 1 credit. (1 total)
[GameContext] Faster than Thought draws Regolith Mining License.
[GameContext] === Faster than Thought Turn 13 begins. Credits: 4, Clicks: 3 ===
[GameContext] Faster than Thought draws 2 card(s).
[GameContext] Faster than Thought rezzes Spin Doctor for 0 cr.
[GameContext] Faster than Thought draws Retribution.
[GameContext] Faster than Thought draws Hedge Fund.
[GameContext] Faster than Thought pays 2 credit(s) to install ice.
[GameContext] Faster than Thought installs Ping in HQ.
[GameContext] Faster than Thought discards Retribution to hand limit.
[GameContext] Faster than Thought discards Hedge Fund to hand limit.
[GameContext] Faster than Thought discards Hedge Fund to hand limit.
[GameContext] === Party Animal Turn 14 begins. Credits: 1, Clicks: 4 ===
[GameContext] Party Animal gains 1 credit. (2 total)
[GameContext] Party Animal gains 1 credit. (3 total)
[GameContext] Party Animal gains 1 credit. (4 total)
[GameContext] --- Run on R&D begins ---
[GameContext] [Initiation] Run declared on R&D.
[GameContext] [Approach] Runner approaches unrezzed ice (position 0).
[GameContext] [Approach] Corp declines to rez. Runner passes unrezzed ice.
[GameContext] [Approach] Runner approaches unrezzed ice (position 1).
[GameContext] [Approach] Corp declines to rez. Runner passes unrezzed ice.
[GameContext] [Approach] Runner approaches Jaguarundi (position 2).
[GameContext] [Encounter] Runner encounters Jaguarundi.
[GameContext] [Jaguarundi] Runner takes 1 tag. (1 total)
[GameContext] [Encounter] Carmen boosted  +3 str (now 5). Cost: 1 cr.
[GameContext] [Encounter] Carmen breaks 'Give the Runner 1 tag.' for 1 cr.
[GameContext] [Encounter] Carmen breaks 'If the Runner is tagged, do 1 core damage.' for 1 cr.
[GameContext] [Encounter] Subroutine 0 broken.
[GameContext] [Encounter] Subroutine 1 broken.
[GameContext] [Movement] Runner approaches the server root.
[GameContext] [Success] Run successful on R&D!
[GameContext] [Debug/gain_on_success] run_modifiers at success: { "overclock_credits": 0, "concerto_credits": 0, "bad_pub_credits": 0 }
[GameContext] [Breach] Runner breaches R&D.
[GameContext] [Access] Runner accesses: Doomscroll
[GameContext] [End] Run ended successfully.
[GameContext] Faster than Thought draws Doomscroll.
[GameContext] === Faster than Thought Turn 14 begins. Credits: 2, Clicks: 3 ===
[GameContext] Faster than Thought installs Behold! in Server 2.
[GameContext] Faster than Thought installs Doomscroll in Server 3.
[GameContext] Spin Doctor: shuffled 2 card(s) from Archives into R&D.
[GameContext] Spin Doctor is trashed.
[GameContext] === Party Animal Turn 15 begins. Credits: 1, Clicks: 4 ===
[GameContext] Party Animal gains 1 credit. (2 total)
[GameContext] Party Animal gains 1 credit. (3 total)
[GameContext] Party Animal gains 1 credit. (4 total)
[GameContext] --- Run on R&D begins ---
[GameContext] [Initiation] Run declared on R&D.
[GameContext] [Approach] Runner approaches unrezzed ice (position 0).
[GameContext] [Approach] Corp declines to rez. Runner passes unrezzed ice.
[GameContext] [Approach] Runner approaches unrezzed ice (position 1).
[GameContext] [Approach] Corp declines to rez. Runner passes unrezzed ice.
[GameContext] [Approach] Runner approaches Jaguarundi (position 2).
[GameContext] [Encounter] Runner encounters Jaguarundi.
[GameContext] [Jaguarundi] Runner takes 1 tag. (2 total)
[GameContext] [Encounter] Carmen boosted  +3 str (now 5). Cost: 1 cr.
[GameContext] [Encounter] Carmen breaks 'Give the Runner 1 tag.' for 1 cr.
[GameContext] [Encounter] Carmen breaks 'If the Runner is tagged, do 1 core damage.' for 1 cr.
[GameContext] [Encounter] Subroutine 0 broken.
[GameContext] [Encounter] Subroutine 1 broken.
[GameContext] [Movement] Runner approaches the server root.
[GameContext] [Success] Run successful on R&D!
[GameContext] [Debug/gain_on_success] run_modifiers at success: { "overclock_credits": 0, "concerto_credits": 0, "bad_pub_credits": 0 }
[GameContext] [Breach] Runner breaches R&D.
[GameContext] [Access] Runner accesses: Cloud Eater
[GameContext] [End] Run ended successfully.
[GameContext] Faster than Thought draws Cloud Eater.
[GameContext] === Faster than Thought Turn 15 begins. Credits: 2, Clicks: 3 ===
[GameContext] Faster than Thought rezzes Behold! for 0 cr.
[GameContext] Faster than Thought installs Cloud Eater in Server 1.
[heartbeat] game 7/10 — turn 15, time 323s
[GameContext] Faster than Thought gains 1 credit. (3 total)
[GameContext] Faster than Thought gains 1 credit. (4 total)
[GameContext] === Party Animal Turn 16 begins. Credits: 1, Clicks: 4 ===
[GameContext] Party Animal gains 1 credit. (2 total)
[GameContext] Party Animal removes 1 tag (1 remaining). [paid 2cr]
[GameContext] Synapse Global: Faster than Thought declines to install.
[GameContext] Party Animal gains 1 credit. (1 total)
[GameContext] Party Animal gains 1 credit. (2 total)
[GameContext] Faster than Thought draws Send a Message.
[GameContext] === Faster than Thought Turn 16 begins. Credits: 4, Clicks: 3 ===
[GameContext] Faster than Thought installs Send a Message in Server 0.
[GameContext] Faster than Thought advances Send a Message (1 counters).
[GameContext] Faster than Thought advances Send a Message (2 counters).
[GameContext] === Party Animal Turn 17 begins. Credits: 2, Clicks: 4 ===
[GameContext] --- Run on Server 0 begins ---
[GameContext] [Initiation] Run declared on Server 0.
[GameContext] [Approach] Runner approaches unrezzed ice (position 0).
[GameContext] [Approach] Corp declines to rez. Runner passes unrezzed ice.
[GameContext] [Approach] Runner approaches Ping (position 1).
[GameContext] [Encounter] Runner encounters Ping.
[GameContext] [Encounter] Cleaver breaks 'End the run.' for 1 cr.
[GameContext] [Encounter] Subroutine 0 broken.
[GameContext] [Movement] Runner approaches the server root.
[GameContext] [Success] Run successful on Server 0!
[GameContext] [Debug/gain_on_success] run_modifiers at success: { "overclock_credits": 0, "concerto_credits": 0, "bad_pub_credits": 0 }
[GameContext] [Breach] Runner breaches Server 0.
[GameContext] [Access] Runner accesses: Send a Message
[GameContext] [Access] Runner steals Send a Message! (3 agenda points)
[GameContext] Rezzed Ping for free.
[GameContext] Runner wins by stealing agendas!
[GameContext] [End] Run ended successfully.
[GameContext] Game over — Party Animal wins. Party Animal stole enough agendas to win
  [  7/ 10]  RUNNER    Party Animal stole enough agendas to win  17 turns
[GameContext] Faster than Thought draws Knowledge Seeker.
[GameContext] === Faster than Thought Turn 1 begins. Credits: 5, Clicks: 3 ===
[GameContext] [MCTS] slow search: 328 ms (100 iterations, depth 3)
[GameContext] Faster than Thought gains 9 credits.
[GameContext] Faster than Thought plays Hedge Fund.
[GameContext] [MCTS] slow search: 332 ms (100 iterations, depth 3)
[GameContext] Faster than Thought installs Funhouse in R&D.
[GameContext] [MCTS] slow search: 316 ms (100 iterations, depth 3)
[GameContext] Faster than Thought installs Knowledge Seeker in HQ.
[heartbeat] game 8/10 — turn 1, time 328s
[GameContext] === Party Animal Turn 2 begins. Credits: 5, Clicks: 4 ===
[GameContext] --- Run on R&D begins ---
[GameContext] [Initiation] Run declared on R&D.
[GameContext] [Approach] Runner approaches unrezzed ice (position 0).
[CorpRunAI] AI: Funhouse — rez_cost=5  tax/enc=8.0  enc=3.0  LTV=24.0
[GameContext] [Rez] Corp rezzes Funhouse for 5 credits.
[GameContext] [Encounter] Runner encounters Funhouse.
[GameContext] Party Animal takes 1 tag(s) to continue the run (Funhouse). (1 total)
[GameContext] Party Animal takes 1 tag (did not pay 4 cr). (2 total)
[GameContext] [Movement] Runner approaches the server root.
[GameContext] [Success] Run successful on R&D!
[GameContext] [Debug/gain_on_success] run_modifiers at success: {  }
[GameContext] [Breach] Runner breaches R&D.
[GameContext] [Access] Runner accesses: Behold!
[GameContext] [Access] Runner may trash Behold! for 0 credits (Runner has 5 total).
[GameContext] [Access] Runner trashes Behold!.
[GameContext] [End] Run ended successfully.
[GameContext] --- Run on HQ begins ---
[GameContext] [Initiation] Run declared on HQ.
[GameContext] [Approach] Runner approaches unrezzed ice (position 0).
[GameContext] [Approach] Corp declines to rez. Runner passes unrezzed ice.
[GameContext] [Movement] Runner approaches the server root.
[GameContext] [Success] Run successful on HQ!
[GameContext] [Debug/gain_on_success] run_modifiers at success: {  }
[GameContext] [Breach] Runner breaches HQ.
[GameContext] [Access] Runner accesses: Spin Doctor
[GameContext] [Access] Runner may trash Spin Doctor for 2 credits (Runner has 5 total).
[GameContext] [Access] Runner trashes Spin Doctor.
[GameContext] [End] Run ended successfully.
[GameContext] Party Animal removes 1 tag (1 remaining). [paid 2cr]
[GameContext] Synapse Global: Faster than Thought declines to install.
[GameContext] Party Animal draws Buzzsaw.
[GameContext] Party Animal discards Smartware Distributor to hand limit. (5 cards remaining)
[GameContext] Faster than Thought draws Retribution.
[GameContext] === Faster than Thought Turn 2 begins. Credits: 4, Clicks: 3 ===
[GameContext] [MCTS] slow search: 293 ms (100 iterations, depth 3)
[GameContext] Faster than Thought draws Send a Message.
[GameContext] [MCTS] slow search: 442 ms (100 iterations, depth 3)
[GameContext] Faster than Thought gains 1 credit. (5 total)
[GameContext] [MCTS] slow search: 496 ms (100 iterations, depth 3)
[GameContext] Faster than Thought draws Bigger Picture.
[GameContext] === Party Animal Turn 3 begins. Credits: 1, Clicks: 4 ===
[GameContext] Party Animal gains 1 credit. (2 total)
[GameContext] --- Run on HQ begins ---
[GameContext] [Initiation] Run declared on HQ.
[GameContext] [Approach] Runner approaches unrezzed ice (position 0).
[CorpRunAI] AI: rezzing Knowledge Seeker would breach credit floor — holding.
[GameContext] [Approach] Corp declines to rez. Runner passes unrezzed ice.
[GameContext] [Movement] Runner approaches the server root.
[GameContext] [Success] Run successful on HQ!
[GameContext] [Debug/gain_on_success] run_modifiers at success: {  }
[GameContext] [Breach] Runner breaches HQ.
[GameContext] [Access] Runner accesses: Retribution
[GameContext] [End] Run ended successfully.
[GameContext] Party Animal removes 1 tag (0 remaining). [paid 2cr]
[GameContext] Synapse Global: Faster than Thought declines to install.
[GameContext] Party Animal draws Smartware Distributor.
[GameContext] Party Animal discards Smartware Distributor to hand limit. (5 cards remaining)
[GameContext] Faster than Thought draws Knowledge Seeker.
[GameContext] === Faster than Thought Turn 3 begins. Credits: 5, Clicks: 3 ===
[GameContext] [MCTS] slow search: 798 ms (100 iterations, depth 3)
[GameContext] Faster than Thought gains 9 credits.
[GameContext] Faster than Thought plays Hedge Fund.
[GameContext] [MCTS] slow search: 764 ms (100 iterations, depth 3)
[GameContext] Faster than Thought installs Knowledge Seeker in Server 0.
[heartbeat] game 8/10 — turn 3, time 333s
[GameContext] [MCTS] slow search: 721 ms (100 iterations, depth 3)
[GameContext] Faster than Thought gains 1 credit. (10 total)
[GameContext] === Party Animal Turn 4 begins. Credits: 0, Clicks: 4 ===
[GameContext] Party Animal draws Overclock.
[GameContext] Party Animal gains 1 credit. (1 total)
[GameContext] Run modifier set: overclock_credits = 5
[GameContext] --- Run on HQ begins ---
[GameContext] [Initiation] Run declared on HQ.
[GameContext] [Approach] Runner approaches unrezzed ice (position 0).
[CorpRunAI] AI: Knowledge Seeker — rez_cost=5  tax/enc=13.0  enc=3.0  LTV=39.0
[GameContext] [Rez] Corp rezzes Knowledge Seeker for 5 credits.
[GameContext] [Encounter] Runner encounters Knowledge Seeker.
[GameContext] Party Animal takes 1 tag(s) to continue the run (Funhouse). (1 total)
[GameContext] Knowledge Seeker: places 1 virus counter on itself (1 total).
[GameContext] Knowledge Seeker: Faster than Thought looks at top 4 card(s) of R&D.
[GameContext] Run ended.
[GameContext] [Encounter] Run ended by subroutine.
[GameContext] Condition not met — ability has no effect.
[GameContext] [End] Run ended unsuccessfully.
[GameContext] Overclock: 5 unspent credit(s) returned to the bank.
[GameContext] Party Animal plays Overclock.
[GameContext] Party Animal draws Leech.
[GameContext] Party Animal discards Verbal Plasticity to hand limit. (5 cards remaining)
[GameContext] Faster than Thought draws Send a Message.
[GameContext] === Faster than Thought Turn 4 begins. Credits: 5, Clicks: 3 ===
[GameContext] [MCTS] slow search: 813 ms (100 iterations, depth 3)
[GameContext] Faster than Thought installs Send a Message in Server 0.
[GameContext] [MCTS] slow search: 830 ms (100 iterations, depth 3)
[GameContext] Faster than Thought advances Send a Message (1 counters).
[GameContext] [MCTS] slow search: 890 ms (100 iterations, depth 3)
[GameContext] Faster than Thought draws Regolith Mining License.
[heartbeat] game 8/10 — turn 4, time 338s
[GameContext] === Party Animal Turn 5 begins. Credits: 0, Clicks: 4 ===
[GameContext] Party Animal gains 1 credit. (1 total)
[GameContext] Party Animal gains 1 credit. (2 total)
[GameContext] --- Run on Server 0 begins ---
[GameContext] [Initiation] Run declared on Server 0.
[GameContext] [Approach] Runner approaches unrezzed ice (position 0).
[GameContext] [Approach] Corp declines to rez. Runner passes unrezzed ice.
[GameContext] [Movement] Runner approaches the server root.
[GameContext] [Success] Run successful on Server 0!
[GameContext] [Debug/gain_on_success] run_modifiers at success: {  }
[GameContext] [Breach] Runner breaches Server 0.
[GameContext] [Access] Runner accesses: Send a Message
[GameContext] [Access] Runner steals Send a Message! (3 agenda points)
[GameContext] Rezzed Knowledge Seeker for free.
[GameContext] [End] Run ended successfully.
[GameContext] Party Animal removes 1 tag (0 remaining). [paid 2cr]
[GameContext] Synapse Global: Faster than Thought declines to install.
[GameContext] Faster than Thought draws Embedded Reporting.
[GameContext] === Faster than Thought Turn 5 begins. Credits: 4, Clicks: 3 ===
[GameContext] [MCTS] slow search: 884 ms (100 iterations, depth 3)
[GameContext] Corp chooses the effect of this card...
[GameContext] Modal: executing 'Drain: remove any number of tags (Runner loses 5cr each, Corp gains)'.
[GameContext] Bigger Picture: Runner has no tags to remove.
[GameContext] Faster than Thought plays Bigger Picture.
[GameContext] [MCTS] slow search: 821 ms (100 iterations, depth 3)
[GameContext] Faster than Thought installs Regolith Mining License in Server 1.
[GameContext] [MCTS] slow search: 836 ms (100 iterations, depth 3)
[GameContext] Condition not met — ability has no effect.
[GameContext] Faster than Thought plays Retribution.
[GameContext] === Party Animal Turn 6 begins. Credits: 0, Clicks: 4 ===
[GameContext] Party Animal draws Sure Gamble.
[GameContext] Party Animal draws Smartware Distributor.
[GameContext] Party Animal draws Sure Gamble.
[GameContext] Party Animal gains 1 credit. (1 total)
[GameContext] Party Animal discards Smartware Distributor to hand limit. (5 cards remaining)
[GameContext] Party Animal discards Wildcat Strike to hand limit. (5 cards remaining)
[GameContext] Party Animal discards Sure Gamble to hand limit. (5 cards remaining)
[GameContext] Faster than Thought draws Jaguarundi.
[GameContext] === Faster than Thought Turn 6 begins. Credits: 3, Clicks: 3 ===
[GameContext] Placed 15 credits counter(s) on Regolith Mining License.
[GameContext] Faster than Thought rezzes Regolith Mining License for 2 cr.
[GameContext] [MCTS] slow search: 767 ms (100 iterations, depth 3)
[heartbeat] game 8/10 — turn 6, time 343s
[GameContext] Faster than Thought installs Send a Message in Server 0.
[GameContext] [MCTS] slow search: 714 ms (100 iterations, depth 3)
[GameContext] Faster than Thought installs Embedded Reporting in Server 2.
[GameContext] [MCTS] slow search: 662 ms (100 iterations, depth 3)
[GameContext] Faster than Thought installs Jaguarundi in Server 2.
[GameContext] === Party Animal Turn 7 begins. Credits: 1, Clicks: 4 ===
[GameContext] --- Run on Server 2 begins ---
[GameContext] [Initiation] Run declared on Server 2.
[GameContext] [Approach] Runner approaches unrezzed ice (position 0).
[GameContext] [Approach] Corp declines to rez. Runner passes unrezzed ice.
[GameContext] [Movement] Runner approaches the server root.
[GameContext] [Success] Run successful on Server 2!
[GameContext] [Debug/gain_on_success] run_modifiers at success: {  }
[GameContext] [Breach] Runner breaches Server 2.
[GameContext] [Access] Runner accesses: Embedded Reporting
[GameContext] [Access] Runner steals Embedded Reporting! (2 agenda points)
[GameContext] [End] Run ended successfully.
[GameContext] Party Animal draws Cookbook.
[GameContext] Party Animal draws Botulus.
[GameContext] Party Animal draws Cleaver.
[GameContext] Party Animal discards Cookbook to hand limit. (5 cards remaining)
[GameContext] Party Animal discards Sure Gamble to hand limit. (5 cards remaining)
[GameContext] Party Animal discards DZMZ Optimizer to hand limit. (5 cards remaining)
[GameContext] Faster than Thought draws N-Pot.
[GameContext] === Faster than Thought Turn 7 begins. Credits: 1, Clicks: 3 ===
[GameContext] [MCTS] slow search: 536 ms (100 iterations, depth 3)
[GameContext] Faster than Thought advances Send a Message (1 counters).
[GameContext] [MCTS] slow search: 526 ms (100 iterations, depth 3)
[GameContext] Faster than Thought takes 3 cr from Regolith Mining License (12 remaining).
[GameContext] [MCTS] slow search: 635 ms (100 iterations, depth 3)
[GameContext] Faster than Thought advances Send a Message (2 counters).
[heartbeat] game 8/10 — turn 7, time 349s
[GameContext] === Party Animal Turn 8 begins. Credits: 1, Clicks: 4 ===
[GameContext] Party Animal gains 1 credit. (2 total)
[GameContext] Party Animal gains 1 credit. (3 total)
[GameContext] Party Animal gains 1 credit. (4 total)
Player install: card is: Buzzsaw and charged cost is: 4
[GameContext] Party Animal installs Buzzsaw. [MU: 1/4 used]
[GameContext] Faster than Thought draws Ping.
[GameContext] === Faster than Thought Turn 8 begins. Credits: 2, Clicks: 3 ===
[GameContext] [MCTS] slow search: 707 ms (100 iterations, depth 3)
[GameContext] Faster than Thought gains 1 credit. (3 total)
[GameContext] [MCTS] slow search: 747 ms (100 iterations, depth 3)
[GameContext] Faster than Thought advances Send a Message (3 counters).
[GameContext] [MCTS] slow search: 698 ms (100 iterations, depth 3)
[GameContext] Faster than Thought pays 1 credit(s) to install ice.
[GameContext] Faster than Thought installs Ping in Server 0.
[GameContext] === Party Animal Turn 9 begins. Credits: 0, Clicks: 4 ===
[GameContext] Party Animal gains 1 credit. (1 total)
[GameContext] Party Animal gains 1 credit. (2 total)
[GameContext] Party Animal gains 1 credit. (3 total)
[GameContext] --- Run on R&D begins ---
[GameContext] [Initiation] Run declared on R&D.
[GameContext] [Approach] Runner approaches Funhouse (position 0).
[GameContext] [Encounter] Runner encounters Funhouse.
[GameContext] Party Animal takes 1 tag(s) to continue the run (Funhouse). (1 total)
[GameContext] [Encounter] Buzzsaw boosted  +3 str (now 6). Cost: 2 cr.
[GameContext] [Encounter] Buzzsaw breaks 'Give the Runner 1 tag unless they pay 4[credit].' for 1 cr.
[GameContext] [Encounter] Subroutine 0 broken.
[GameContext] Condition not met — ability has no effect.
[GameContext] [Movement] Runner approaches the server root.
[GameContext] [Success] Run successful on R&D!
[GameContext] [Debug/gain_on_success] run_modifiers at success: { "overclock_credits": 0, "concerto_credits": 0, "bad_pub_credits": 0 }
[GameContext] [Breach] Runner breaches R&D.
[GameContext] [Access] Runner accesses: Behold!
[GameContext] [Access] Runner may trash Behold! for 0 credits (Runner has 0 total).
[GameContext] [Access] Runner trashes Behold!.
[GameContext] [End] Run ended successfully.
[GameContext] Faster than Thought draws Cloud Eater.
[GameContext] === Faster than Thought Turn 9 begins. Credits: 1, Clicks: 3 ===
[GameContext] [MCTS] slow search: 538 ms (100 iterations, depth 3)
[GameContext] Faster than Thought takes 3 cr from Regolith Mining License (9 remaining).
[GameContext] [MCTS] Scoring line detected — executing: Advance send_a_message
[GameContext] Faster than Thought advances Send a Message (4 counters).
[heartbeat] game 8/10 — turn 9, time 354s
[GameContext] [MCTS] Scoring line detected — executing: Advance send_a_message
[GameContext] Faster than Thought advances Send a Message (5 counters).
[GameContext] Faster than Thought scores Send a Message! (3 agenda points)
[GameContext] Rezzed Ping for free.
[GameContext] === Party Animal Turn 10 begins. Credits: 0, Clicks: 4 ===
[GameContext] Party Animal gains 1 credit. (1 total)
[GameContext] Party Animal gains 1 credit. (2 total)
[GameContext] Party Animal gains 1 credit. (3 total)
[GameContext] --- Run on R&D begins ---
[GameContext] [Initiation] Run declared on R&D.
[GameContext] [Approach] Runner approaches Funhouse (position 0).
[GameContext] [Encounter] Runner encounters Funhouse.
[GameContext] Party Animal takes 1 tag(s) to continue the run (Funhouse). (2 total)
[GameContext] [Encounter] Buzzsaw boosted  +3 str (now 6). Cost: 2 cr.
[GameContext] [Encounter] Buzzsaw breaks 'Give the Runner 1 tag unless they pay 4[credit].' for 1 cr.
[GameContext] [Encounter] Subroutine 0 broken.
[GameContext] Condition not met — ability has no effect.
[GameContext] [Movement] Runner approaches the server root.
[GameContext] [Success] Run successful on R&D!
[GameContext] [Debug/gain_on_success] run_modifiers at success: { "overclock_credits": 0, "concerto_credits": 0, "bad_pub_credits": 0 }
[GameContext] [Breach] Runner breaches R&D.
[GameContext] [Access] Runner accesses: Regolith Mining License
[GameContext] [Access] Runner may trash Regolith Mining License for 3 credits (Runner has 0 total).
[GameContext] [Access] Runner cannot afford to trash.
[GameContext] [End] Run ended successfully.
[GameContext] Faster than Thought draws Regolith Mining License.
[GameContext] === Faster than Thought Turn 10 begins. Credits: 2, Clicks: 3 ===
[GameContext] [MCTS] slow search: 431 ms (100 iterations, depth 3)
[GameContext] Faster than Thought pays 1 credit(s) to install ice.
[GameContext] Faster than Thought installs Cloud Eater in R&D.
[GameContext] [MCTS] slow search: 644 ms (100 iterations, depth 3)
[GameContext] Faster than Thought takes 3 cr from Regolith Mining License (6 remaining).
[GameContext] [MCTS] slow search: 688 ms (100 iterations, depth 3)
[GameContext] Faster than Thought takes 3 cr from Regolith Mining License (3 remaining).
[GameContext] === Party Animal Turn 11 begins. Credits: 0, Clicks: 4 ===
[GameContext] Party Animal gains 1 credit. (1 total)
[GameContext] Party Animal gains 1 credit. (2 total)
[GameContext] Party Animal gains 1 credit. (3 total)
Player install: card is: Cleaver and charged cost is: 3
[GameContext] Party Animal installs Cleaver. [MU: 2/4 used]
[GameContext] Faster than Thought draws Ping.
[GameContext] === Faster than Thought Turn 11 begins. Credits: 7, Clicks: 3 ===
[GameContext] [MCTS] slow search: 525 ms (100 iterations, depth 3)
[GameContext] Faster than Thought draws Behold!.
[heartbeat] game 8/10 — turn 11, time 359s
[GameContext] [MCTS] slow search: 848 ms (100 iterations, depth 3)
[GameContext] Faster than Thought pays 1 credit(s) to install ice.
[GameContext] Faster than Thought installs Ping in HQ.
[GameContext] [MCTS] slow search: 892 ms (100 iterations, depth 3)
[GameContext] Faster than Thought takes 3 cr from Regolith Mining License (0 remaining).
[GameContext] Regolith Mining License is trashed (empty).
[GameContext] === Party Animal Turn 12 begins. Credits: 0, Clicks: 4 ===
[GameContext] Party Animal gains 1 credit. (1 total)
[GameContext] Party Animal gains 1 credit. (2 total)
[GameContext] Party Animal removes 1 tag (1 remaining). [paid 2cr]
[GameContext] Synapse Global: Faster than Thought declines to install.
[GameContext] Party Animal draws Docklands Pass.
[GameContext] Faster than Thought draws Spin Doctor.
[GameContext] === Faster than Thought Turn 12 begins. Credits: 9, Clicks: 3 ===
[GameContext] [MCTS] slow search: 919 ms (100 iterations, depth 3)
[GameContext] Faster than Thought gains 1 credit. (10 total)
[GameContext] [MCTS] slow search: 952 ms (100 iterations, depth 3)
[GameContext] Faster than Thought gains 1 credit. (11 total)
[heartbeat] game 8/10 — turn 12, time 364s
[GameContext] [MCTS] slow search: 904 ms (100 iterations, depth 3)
[GameContext] Faster than Thought pays 2 credit(s) to install ice.
[GameContext] Faster than Thought installs N-Pot in R&D.
[GameContext] === Party Animal Turn 13 begins. Credits: 0, Clicks: 4 ===
[GameContext] Party Animal gains 1 credit. (1 total)
[GameContext] Party Animal gains 1 credit. (2 total)
[GameContext] Party Animal removes 1 tag (0 remaining). [paid 2cr]
[GameContext] Synapse Global: Faster than Thought declines to install.
[GameContext] Party Animal draws Botulus.
[GameContext] Faster than Thought draws IP Enforcement.
[GameContext] === Faster than Thought Turn 13 begins. Credits: 9, Clicks: 3 ===
[GameContext] [MCTS] slow search: 775 ms (100 iterations, depth 3)
[GameContext] Faster than Thought installs Spin Doctor in Server 0.
[GameContext] [MCTS] slow search: 562 ms (100 iterations, depth 3)
[GameContext] Faster than Thought gains 1 credit. (10 total)
[GameContext] [MCTS] slow search: 582 ms (100 iterations, depth 3)
[GameContext] Faster than Thought gains 1 credit. (11 total)
[GameContext] === Party Animal Turn 14 begins. Credits: 0, Clicks: 4 ===
[GameContext] Party Animal gains 1 credit. (1 total)
[GameContext] Party Animal gains 1 credit. (2 total)
[GameContext] Party Animal gains 1 credit. (3 total)
[GameContext] Party Animal gains 1 credit. (4 total)
[GameContext] Faster than Thought draws Measured Response.
[GameContext] === Faster than Thought Turn 14 begins. Credits: 11, Clicks: 3 ===
[GameContext] Faster than Thought draws 2 card(s).
[GameContext] Faster than Thought rezzes Spin Doctor for 0 cr.
[GameContext] [MCTS] slow search: 864 ms (100 iterations, depth 3)
[heartbeat] game 8/10 — turn 14, time 370s
[GameContext] Faster than Thought draws Ping.
[GameContext] [MCTS] slow search: 1445 ms (100 iterations, depth 3)
[GameContext] Faster than Thought draws Bigger Picture.
[GameContext] [MCTS] slow search: 1972 ms (100 iterations, depth 3)
[GameContext] Faster than Thought pays 2 credit(s) to install ice.
[GameContext] Faster than Thought installs Ping in HQ.
[GameContext] Faster than Thought discards IP Enforcement to hand limit.
[GameContext] Faster than Thought discards Bigger Picture to hand limit.
[GameContext] Faster than Thought discards Bigger Picture to hand limit.
[GameContext] === Party Animal Turn 15 begins. Credits: 4, Clicks: 4 ===
[GameContext] Party Animal gains 1 credit. (5 total)
[GameContext] Party Animal gains 1 credit. (6 total)
[GameContext] Party Animal gains 1 credit. (7 total)
[GameContext] Party Animal gains 1 credit. (8 total)
[GameContext] Faster than Thought draws Doomscroll.
[GameContext] === Faster than Thought Turn 15 begins. Credits: 9, Clicks: 3 ===
[GameContext] [MCTS] slow search: 1010 ms (100 iterations, depth 3)
[heartbeat] game 8/10 — turn 15, time 376s
[GameContext] Faster than Thought installs Doomscroll in Server 1.
[GameContext] [MCTS] slow search: 861 ms (100 iterations, depth 3)
[GameContext] Spin Doctor: shuffled 2 card(s) from Archives into R&D.
[GameContext] Spin Doctor is trashed.
[GameContext] [MCTS] slow search: 865 ms (100 iterations, depth 3)
[GameContext] Faster than Thought installs N-Pot in Server 3.
[GameContext] === Party Animal Turn 16 begins. Credits: 8, Clicks: 4 ===
[GameContext] --- Run on R&D begins ---
[GameContext] [Initiation] Run declared on R&D.
[GameContext] [Approach] Runner approaches unrezzed ice (position 0).
[CorpRunAI] AI: N-Pot — rez_cost=4  tax/enc=5.0  enc=3.0  LTV=15.0
[GameContext] [Rez] Corp rezzes N-Pot for 4 credits.
[GameContext] [Encounter] Runner encounters N-Pot.
[GameContext] Party Animal takes 1 tag(s) to continue the run (Funhouse). (1 total)
[GameContext] [Encounter] Buzzsaw boosted  +3 str (now 6). Cost: 2 cr.
[GameContext] [Encounter] Buzzsaw breaks 'End the run.' for 1 cr.
[GameContext] [Encounter] Buzzsaw breaks 'If the threat level is 2 or greater, end the run.' for 1 cr.
[GameContext] [Encounter] Buzzsaw breaks 'If the threat level is 4 or greater, end the run.' for 1 cr.
[GameContext] [Encounter] Subroutine 0 broken.
[GameContext] [Encounter] Subroutine 1 broken.
[GameContext] [Encounter] Subroutine 2 broken.
[GameContext] Condition not met — ability has no effect.
[GameContext] [Approach] Runner approaches unrezzed ice (position 1).
[GameContext] [Approach] Corp declines to rez. Runner passes unrezzed ice.
[GameContext] [Approach] Runner approaches Funhouse (position 2).
[GameContext] [Encounter] Runner encounters Funhouse.
[GameContext] Party Animal takes 1 tag(s) to continue the run (Funhouse). (2 total)
[GameContext] [Encounter] Buzzsaw boosted  +3 str (now 6). Cost: 2 cr.
[GameContext] [Encounter] Buzzsaw breaks 'Give the Runner 1 tag unless they pay 4[credit].' for 1 cr.
[GameContext] [Encounter] Subroutine 0 broken.
[GameContext] Condition not met — ability has no effect.
[GameContext] [Movement] Runner approaches the server root.
[GameContext] [Success] Run successful on R&D!
[GameContext] [Debug/gain_on_success] run_modifiers at success: { "overclock_credits": 0, "concerto_credits": 0, "bad_pub_credits": 0 }
[GameContext] [Breach] Runner breaches R&D.
[GameContext] [Access] Runner accesses: Jaguarundi
[GameContext] [End] Run ended successfully.
[GameContext] Party Animal gains 1 credit. (1 total)
[GameContext] Party Animal gains 1 credit. (2 total)
[GameContext] Party Animal removes 1 tag (1 remaining). [paid 2cr]
[GameContext] Synapse Global: Faster than Thought declines to install.
[GameContext] Faster than Thought draws Jaguarundi.
[GameContext] === Faster than Thought Turn 16 begins. Credits: 5, Clicks: 3 ===
[GameContext] [MCTS] slow search: 1083 ms (100 iterations, depth 3)
[GameContext] Party Animal takes 4 meat damage (did not pay 8 cr).
[GameContext] Runner takes 4 meat damage.
[GameContext]   Trashed from grip: botulus
[GameContext]   Trashed from grip: botulus
[GameContext]   Trashed from grip: leech
[GameContext]   Trashed from grip: docklands_pass
[GameContext] 4 card(s) trashed from Party Animal's grip.
[GameContext] Faster than Thought plays Measured Response.
[GameContext] [MCTS] slow search: 957 ms (100 iterations, depth 3)
[GameContext] Faster than Thought gains 1 credit. (1 total)
[heartbeat] game 8/10 — turn 16, time 381s
[GameContext] [MCTS] slow search: 928 ms (100 iterations, depth 3)
[GameContext] Faster than Thought gains 1 credit. (2 total)
[GameContext] === Party Animal Turn 17 begins. Credits: 0, Clicks: 4 ===
[GameContext] Party Animal gains 1 credit. (1 total)
[GameContext] Party Animal gains 1 credit. (2 total)
[GameContext] Party Animal removes 1 tag (0 remaining). [paid 2cr]
[GameContext] Synapse Global: Faster than Thought declines to install.
[GameContext] Party Animal draws Verbal Plasticity.
[GameContext] Faster than Thought draws Cloud Eater.
[GameContext] === Faster than Thought Turn 17 begins. Credits: 2, Clicks: 3 ===
[GameContext] [MCTS] slow search: 1217 ms (100 iterations, depth 3)
[GameContext] Faster than Thought installs Cloud Eater in Server 4.
[GameContext] [MCTS] slow search: 889 ms (100 iterations, depth 3)
[GameContext] Faster than Thought gains 1 credit. (3 total)
[GameContext] [MCTS] slow search: 916 ms (100 iterations, depth 3)
[GameContext] Faster than Thought gains 1 credit. (4 total)
[heartbeat] game 8/10 — turn 17, time 387s
[GameContext] === Party Animal Turn 18 begins. Credits: 0, Clicks: 4 ===
[GameContext] Party Animal draws DZMZ Optimizer.
[GameContext] Party Animal draws Carmen.
[GameContext] Party Animal draws Sure Gamble.
[GameContext] Party Animal gains 1 credit. (1 total)
[GameContext] Faster than Thought draws Hedge Fund.
[GameContext] === Faster than Thought Turn 18 begins. Credits: 4, Clicks: 3 ===
[GameContext] [MCTS] slow search: 955 ms (100 iterations, depth 3)
[GameContext] Faster than Thought gains 1 credit. (5 total)
[GameContext] [MCTS] slow search: 1085 ms (100 iterations, depth 3)
[GameContext] Faster than Thought gains 9 credits.
[GameContext] Faster than Thought plays Hedge Fund.
[GameContext] [MCTS] slow search: 907 ms (100 iterations, depth 3)
[GameContext] Faster than Thought gains 1 credit. (10 total)
[GameContext] === Party Animal Turn 19 begins. Credits: 1, Clicks: 4 ===
[GameContext] Party Animal gains 1 credit. (2 total)
[GameContext] Party Animal gains 1 credit. (3 total)
[GameContext] Party Animal gains 1 credit. (4 total)
[GameContext] Party Animal gains 1 credit. (5 total)
[GameContext] Faster than Thought draws Funhouse.
[GameContext] === Faster than Thought Turn 19 begins. Credits: 10, Clicks: 3 ===
[GameContext] [MCTS] slow search: 1195 ms (100 iterations, depth 3)
[heartbeat] game 8/10 — turn 19, time 393s
[GameContext] Faster than Thought installs Jaguarundi in Server 5.
[GameContext] [MCTS] slow search: 851 ms (100 iterations, depth 3)
[GameContext] Faster than Thought gains 1 credit. (11 total)
[GameContext] [MCTS] slow search: 930 ms (100 iterations, depth 3)
[GameContext] Faster than Thought gains 1 credit. (12 total)
[GameContext] === Party Animal Turn 20 begins. Credits: 5, Clicks: 4 ===
[GameContext] Party Animal gains 9 credits.
[GameContext] Party Animal plays Sure Gamble.
[GameContext] Party Animal gains 1 credit. (10 total)
[GameContext] --- Run on R&D begins ---
[GameContext] [Initiation] Run declared on R&D.
[GameContext] [Approach] Runner approaches N-Pot (position 0).
[GameContext] [Encounter] Runner encounters N-Pot.
[GameContext] Party Animal takes 1 tag(s) to continue the run (Funhouse). (1 total)
[GameContext] [Encounter] Buzzsaw boosted  +3 str (now 6). Cost: 2 cr.
[GameContext] [Encounter] Buzzsaw breaks 'End the run.' for 1 cr.
[GameContext] [Encounter] Buzzsaw breaks 'If the threat level is 2 or greater, end the run.' for 1 cr.
[GameContext] [Encounter] Buzzsaw breaks 'If the threat level is 4 or greater, end the run.' for 1 cr.
[GameContext] [Encounter] Subroutine 0 broken.
[GameContext] [Encounter] Subroutine 1 broken.
[GameContext] [Encounter] Subroutine 2 broken.
[GameContext] Condition not met — ability has no effect.
[GameContext] [Approach] Runner approaches unrezzed ice (position 1).
[GameContext] [Approach] Corp declines to rez. Runner passes unrezzed ice.
[GameContext] [Approach] Runner approaches Funhouse (position 2).
[GameContext] [Encounter] Runner encounters Funhouse.
[GameContext] Party Animal takes 1 tag(s) to continue the run (Funhouse). (2 total)
[GameContext] [Encounter] Buzzsaw boosted  +3 str (now 6). Cost: 2 cr.
[GameContext] [Encounter] Buzzsaw breaks 'Give the Runner 1 tag unless they pay 4[credit].' for 1 cr.
[GameContext] [Encounter] Subroutine 0 broken.
[GameContext] Condition not met — ability has no effect.
[GameContext] [Movement] Runner approaches the server root.
[GameContext] [Success] Run successful on R&D!
[GameContext] [Debug/gain_on_success] run_modifiers at success: { "overclock_credits": 0, "concerto_credits": 0, "bad_pub_credits": 0 }
[GameContext] [Breach] Runner breaches R&D.
[GameContext] [Access] Runner accesses: Embedded Reporting
[GameContext] [Access] Runner steals Embedded Reporting! (2 agenda points)
[GameContext] Runner wins by stealing agendas!
[GameContext] [End] Run ended successfully.
[GameContext] Game over — Party Animal wins. Party Animal stole enough agendas to win
  [  8/ 10]  RUNNER    Party Animal stole enough agendas to win  20 turns
[GameContext] Faster than Thought draws Regolith Mining License.
[GameContext] === Faster than Thought Turn 1 begins. Credits: 5, Clicks: 3 ===
[GameContext] [MCTS] slow search: 744 ms (100 iterations, depth 3)
[GameContext] Faster than Thought gains 1 credit. (6 total)
[GameContext] [MCTS] slow search: 755 ms (100 iterations, depth 3)
[GameContext] Faster than Thought installs Doomscroll in R&D.
[heartbeat] game 9/10 — turn 1, time 398s
[GameContext] [MCTS] slow search: 723 ms (100 iterations, depth 3)
[GameContext] Faster than Thought installs Knowledge Seeker in HQ.
[GameContext] === Party Animal Turn 2 begins. Credits: 5, Clicks: 4 ===
[GameContext] --- Run on HQ begins ---
[GameContext] [Initiation] Run declared on HQ.
[GameContext] [Approach] Runner approaches unrezzed ice (position 0).
[CorpRunAI] AI: rezzing Knowledge Seeker would breach credit floor — holding.
[GameContext] [Approach] Corp declines to rez. Runner passes unrezzed ice.
[GameContext] [Movement] Runner approaches the server root.
[GameContext] [Success] Run successful on HQ!
[GameContext] [Debug/gain_on_success] run_modifiers at success: {  }
[GameContext] [Breach] Runner breaches HQ.
[GameContext] [Access] Runner accesses: Behold!
[GameContext] [Access] Runner may trash Behold! for 0 credits (Runner has 5 total).
[GameContext] [Access] Runner trashes Behold!.
[GameContext] [End] Run ended successfully.
[GameContext] Run modifier set: overclock_credits = 5
[GameContext] --- Run on HQ begins ---
[GameContext] [Initiation] Run declared on HQ.
[GameContext] [Approach] Runner approaches unrezzed ice (position 0).
[CorpRunAI] AI: rezzing Knowledge Seeker would breach credit floor — holding.
[GameContext] [Approach] Corp declines to rez. Runner passes unrezzed ice.
[GameContext] [Movement] Runner approaches the server root.
[GameContext] [Success] Run successful on HQ!
[GameContext] [Debug/gain_on_success] run_modifiers at success: { "overclock_credits": 5, "run_event_active": 1 }
[GameContext] [Breach] Runner breaches HQ.
[GameContext] [Access] Runner accesses: Send a Message
[GameContext] [Access] Runner steals Send a Message! (3 agenda points)
[GameContext] Rezzed Knowledge Seeker for free.
[GameContext] [End] Run ended successfully.
[GameContext] Overclock: 5 unspent credit(s) returned to the bank.
[GameContext] Party Animal plays Overclock.
[GameContext] --- Run on R&D begins ---
[GameContext] [Initiation] Run declared on R&D.
[GameContext] [Approach] Runner approaches unrezzed ice (position 0).
[CorpRunAI] AI: Doomscroll — rez_cost=3  tax/enc=11.0  enc=3.0  LTV=33.0
[GameContext] [Rez] Corp rezzes Doomscroll for 3 credits.
[GameContext] [Encounter] Runner encounters Doomscroll.
[GameContext] Party Animal takes 1 tag(s). (1 total)
[GameContext] Runner takes 1 net damage.
[GameContext]   Trashed from grip: smartware_distributor
[GameContext] 1 card(s) trashed from Party Animal's grip.
[GameContext] Subroutine condition not met — no effect.
[GameContext] [Movement] Runner approaches the server root.
[GameContext] [Success] Run successful on R&D!
[GameContext] [Debug/gain_on_success] run_modifiers at success: {  }
[GameContext] [Breach] Runner breaches R&D.
[GameContext] [Access] Runner accesses: N-Pot
[GameContext] [End] Run ended successfully.
Player install: card is: Buzzsaw and charged cost is: 4
[GameContext] Party Animal installs Buzzsaw. [MU: 1/4 used]
[GameContext] Faster than Thought draws N-Pot.
[GameContext] === Faster than Thought Turn 2 begins. Credits: 3, Clicks: 3 ===
[GameContext] [MCTS] slow search: 326 ms (100 iterations, depth 3)
[GameContext] Faster than Thought installs N-Pot in Server 0.
[GameContext] [MCTS] slow search: 334 ms (100 iterations, depth 3)
[GameContext] Faster than Thought draws Spin Doctor.
[GameContext] [MCTS] slow search: 462 ms (100 iterations, depth 3)
[GameContext] Faster than Thought gains 1 credit. (4 total)
[GameContext] === Party Animal Turn 3 begins. Credits: 0, Clicks: 4 ===
[GameContext] Party Animal gains 1 credit. (1 total)
[GameContext] Party Animal gains 1 credit. (2 total)
[GameContext] Party Animal removes 1 tag (0 remaining). [paid 2cr]
[GameContext] Synapse Global: Faster than Thought declines to install.
[GameContext] Party Animal draws Wildcat Strike.
[GameContext] Faster than Thought draws Oracle Thinktank.
[GameContext] === Faster than Thought Turn 3 begins. Credits: 4, Clicks: 3 ===
[GameContext] [MCTS] slow search: 860 ms (100 iterations, depth 3)
[heartbeat] game 9/10 — turn 3, time 403s
[GameContext] Faster than Thought installs Oracle Thinktank in Server 0.
[GameContext] [MCTS] slow search: 778 ms (100 iterations, depth 3)
[GameContext] Faster than Thought advances Oracle Thinktank (1 counters).
[GameContext] [MCTS] slow search: 792 ms (100 iterations, depth 3)
[GameContext] Faster than Thought advances Oracle Thinktank (2 counters).
[GameContext] === Party Animal Turn 4 begins. Credits: 0, Clicks: 4 ===
[GameContext] Party Animal gains 1 credit. (1 total)
[GameContext] --- Run on Server 0 begins ---
[GameContext] [Initiation] Run declared on Server 0.
[GameContext] [Approach] Runner approaches unrezzed ice (position 0).
[GameContext] [Approach] Corp declines to rez. Runner passes unrezzed ice.
[GameContext] [Movement] Runner approaches the server root.
[GameContext] [Success] Run successful on Server 0!
[GameContext] [Debug/gain_on_success] run_modifiers at success: {  }
[GameContext] [Breach] Runner breaches Server 0.
[GameContext] [Access] Runner accesses: Oracle Thinktank
[GameContext] [Access] Runner steals Oracle Thinktank! (1 agenda points)
[GameContext] Party Animal takes 1 tag(s). (1 total)
[GameContext] [End] Run ended successfully.
[GameContext] Party Animal gains 1 credit. (2 total)
[GameContext] Party Animal removes 1 tag (0 remaining). [paid 2cr]
[GameContext] Synapse Global: Faster than Thought declines to install.
[GameContext] Faster than Thought draws Oracle Thinktank.
[GameContext] === Faster than Thought Turn 4 begins. Credits: 2, Clicks: 3 ===
[GameContext] [MCTS] slow search: 789 ms (100 iterations, depth 3)
[GameContext] Faster than Thought installs Oracle Thinktank in Server 0.
[GameContext] [MCTS] slow search: 777 ms (100 iterations, depth 3)
[GameContext] Faster than Thought advances Oracle Thinktank (1 counters).
[heartbeat] game 9/10 — turn 4, time 408s
[GameContext] [MCTS] slow search: 810 ms (100 iterations, depth 3)
[GameContext] Faster than Thought advances Oracle Thinktank (2 counters).
[GameContext] === Party Animal Turn 5 begins. Credits: 0, Clicks: 4 ===
[GameContext] Party Animal gains 1 credit. (1 total)
[GameContext] --- Run on Server 0 begins ---
[GameContext] [Initiation] Run declared on Server 0.
[GameContext] [Approach] Runner approaches unrezzed ice (position 0).
[GameContext] [Approach] Corp declines to rez. Runner passes unrezzed ice.
[GameContext] [Movement] Runner approaches the server root.
[GameContext] [Success] Run successful on Server 0!
[GameContext] [Debug/gain_on_success] run_modifiers at success: {  }
[GameContext] [Breach] Runner breaches Server 0.
[GameContext] [Access] Runner accesses: Oracle Thinktank
[GameContext] [Access] Runner steals Oracle Thinktank! (1 agenda points)
[GameContext] Party Animal takes 1 tag(s). (1 total)
[GameContext] [End] Run ended successfully.
[GameContext] Party Animal gains 1 credit. (2 total)
[GameContext] Party Animal removes 1 tag (0 remaining). [paid 2cr]
[GameContext] Synapse Global: Faster than Thought declines to install.
[GameContext] Faster than Thought draws Embedded Reporting.
[GameContext] === Faster than Thought Turn 5 begins. Credits: 0, Clicks: 3 ===
[GameContext] [MCTS] slow search: 791 ms (100 iterations, depth 3)
[GameContext] Faster than Thought installs Regolith Mining License in Server 0.
[GameContext] [MCTS] slow search: 539 ms (100 iterations, depth 3)
[GameContext] Faster than Thought draws Hedge Fund.
[GameContext] [MCTS] slow search: 675 ms (100 iterations, depth 3)
[GameContext] Faster than Thought gains 1 credit. (1 total)
[GameContext] === Party Animal Turn 6 begins. Credits: 0, Clicks: 4 ===
[GameContext] Party Animal draws Verbal Plasticity.
[GameContext] Party Animal draws Cleaver.
[GameContext] Party Animal gains 1 credit. (1 total)
[GameContext] Party Animal gains 1 credit. (2 total)
[GameContext] Faster than Thought draws Regolith Mining License.
[GameContext] === Faster than Thought Turn 6 begins. Credits: 1, Clicks: 3 ===
[GameContext] [MCTS] slow search: 771 ms (100 iterations, depth 3)
[heartbeat] game 9/10 — turn 6, time 413s
[GameContext] Faster than Thought gains 1 credit. (2 total)
[GameContext] [MCTS] slow search: 773 ms (100 iterations, depth 3)
[GameContext] Faster than Thought gains 1 credit. (3 total)
[GameContext] [MCTS] slow search: 752 ms (100 iterations, depth 3)
[GameContext] Faster than Thought gains 1 credit. (4 total)
[GameContext] === Party Animal Turn 7 begins. Credits: 2, Clicks: 4 ===
[GameContext] Corp chooses the effect of this card...
[GameContext] [Wildcat Strike] Corp denies draws — Runner gains credits instead.
[GameContext] Modal: executing 'Runner draws 4 cards'.
[GameContext] Party Animal draws 4 card(s).
[GameContext] Party Animal plays Wildcat Strike.
[GameContext] Party Animal gains 1 credit. (1 total)
[GameContext] Party Animal gains 1 credit. (2 total)
[GameContext] Party Animal gains 1 credit. (3 total)
[GameContext] Party Animal discards Verbal Plasticity to hand limit. (5 cards remaining)
[GameContext] Party Animal discards Wildcat Strike to hand limit. (5 cards remaining)
[GameContext] Party Animal discards Carnivore to hand limit. (5 cards remaining)
[GameContext] Faster than Thought draws Doomscroll.
[GameContext] === Faster than Thought Turn 7 begins. Credits: 4, Clicks: 3 ===
[GameContext] Placed 15 credits counter(s) on Regolith Mining License.
[GameContext] Faster than Thought rezzes Regolith Mining License for 2 cr.
[GameContext] [MCTS] slow search: 1182 ms (100 iterations, depth 3)
[GameContext] Faster than Thought installs Embedded Reporting in Server 1.
[GameContext] [MCTS] slow search: 1217 ms (100 iterations, depth 3)
[GameContext] Faster than Thought installs Doomscroll in Server 1.
[heartbeat] game 9/10 — turn 7, time 419s
[GameContext] [MCTS] slow search: 1048 ms (100 iterations, depth 3)
[GameContext] Faster than Thought advances Embedded Reporting (1 counters).
[GameContext] === Party Animal Turn 8 begins. Credits: 3, Clicks: 4 ===
[GameContext] --- Run on Server 1 begins ---
[GameContext] [Initiation] Run declared on Server 1.
[GameContext] [Approach] Runner approaches unrezzed ice (position 0).
[GameContext] [Approach] Corp declines to rez. Runner passes unrezzed ice.
[GameContext] [Movement] Runner approaches the server root.
[GameContext] [Success] Run successful on Server 1!
[GameContext] [Debug/gain_on_success] run_modifiers at success: {  }
[GameContext] [Breach] Runner breaches Server 1.
[GameContext] [Access] Runner accesses: Embedded Reporting
[GameContext] [Access] Runner steals Embedded Reporting! (2 agenda points)
[GameContext] Runner wins by stealing agendas!
[GameContext] [End] Run ended successfully.
[GameContext] Game over — Party Animal wins. Party Animal stole enough agendas to win
  [  9/ 10]  RUNNER    Party Animal stole enough agendas to win   8 turns
[GameContext] Faster than Thought draws Cloud Eater.
[GameContext] === Faster than Thought Turn 1 begins. Credits: 5, Clicks: 3 ===
[GameContext] [MCTS] slow search: 512 ms (100 iterations, depth 3)
[GameContext] Faster than Thought installs Cloud Eater in R&D.
[GameContext] [MCTS] slow search: 495 ms (100 iterations, depth 3)
[GameContext] Faster than Thought installs Knowledge Seeker in Server 0.
[GameContext] [MCTS] slow search: 521 ms (100 iterations, depth 3)
[GameContext] Faster than Thought installs Funhouse in HQ.
[GameContext] === Party Animal Turn 2 begins. Credits: 5, Clicks: 4 ===
[GameContext] --- Run on R&D begins ---
[GameContext] [Initiation] Run declared on R&D.
[GameContext] [Approach] Runner approaches unrezzed ice (position 0).
[GameContext] [Approach] Corp declines to rez. Runner passes unrezzed ice.
[GameContext] [Movement] Runner approaches the server root.
[GameContext] [Success] Run successful on R&D!
[GameContext] [Debug/gain_on_success] run_modifiers at success: {  }
[GameContext] [Breach] Runner breaches R&D.
[GameContext] [Access] Runner accesses: Oracle Thinktank
[GameContext] [Access] Runner steals Oracle Thinktank! (1 agenda points)
[GameContext] Party Animal takes 1 tag(s). (1 total)
[GameContext] [End] Run ended successfully.
[GameContext] --- Run on HQ begins ---
[GameContext] [Initiation] Run declared on HQ.
[GameContext] [Approach] Runner approaches unrezzed ice (position 0).
[CorpRunAI] AI: rezzing Funhouse would breach credit floor — holding.
[GameContext] [Approach] Corp declines to rez. Runner passes unrezzed ice.
[GameContext] [Movement] Runner approaches the server root.
[GameContext] [Success] Run successful on HQ!
[GameContext] [Debug/gain_on_success] run_modifiers at success: {  }
[GameContext] [Breach] Runner breaches HQ.
[GameContext] [Access] Runner accesses: Behold!
[GameContext] [Access] Runner may trash Behold! for 0 credits (Runner has 5 total).
[GameContext] [Access] Runner trashes Behold!.
[GameContext] [End] Run ended successfully.
[GameContext] Party Animal removes 1 tag (0 remaining). [paid 2cr]
[GameContext] Synapse Global: Faster than Thought declines to install.
[GameContext] Party Animal draws Overclock.
[GameContext] Party Animal discards Cookbook to hand limit. (5 cards remaining)
[GameContext] Faster than Thought draws N-Pot.
[GameContext] === Faster than Thought Turn 2 begins. Credits: 5, Clicks: 3 ===
[GameContext] [MCTS] slow search: 330 ms (100 iterations, depth 3)
[heartbeat] game 10/10 — turn 2, time 424s
[GameContext] Faster than Thought gains 1 credit. (6 total)
[GameContext] [MCTS] slow search: 356 ms (100 iterations, depth 3)
[GameContext] Faster than Thought gains 9 credits.
[GameContext] Faster than Thought plays Hedge Fund.
[GameContext] [MCTS] slow search: 350 ms (100 iterations, depth 3)
[GameContext] Faster than Thought draws Retribution.
[GameContext] === Party Animal Turn 3 begins. Credits: 3, Clicks: 4 ===
[GameContext] Run modifier set: overclock_credits = 5
[GameContext] --- Run on HQ begins ---
[GameContext] [Initiation] Run declared on HQ.
[GameContext] [Approach] Runner approaches unrezzed ice (position 0).
[CorpRunAI] AI: Funhouse — rez_cost=5  tax/enc=8.0  enc=3.0  LTV=24.0
[GameContext] [Rez] Corp rezzes Funhouse for 5 credits.
[GameContext] [Encounter] Runner encounters Funhouse.
[GameContext] Party Animal takes 1 tag(s) to continue the run (Funhouse). (1 total)
[GameContext] Party Animal takes 1 tag (did not pay 4 cr). (2 total)
[GameContext] [Movement] Runner approaches the server root.
[GameContext] [Success] Run successful on HQ!
[GameContext] [Debug/gain_on_success] run_modifiers at success: { "overclock_credits": 5, "run_event_active": 1 }
[GameContext] [Breach] Runner breaches HQ.
[GameContext] [Access] Runner accesses: N-Pot
[GameContext] [End] Run ended successfully.
[GameContext] Overclock: 5 unspent credit(s) returned to the bank.
[GameContext] Party Animal plays Overclock.
[GameContext] --- Run on R&D begins ---
[GameContext] [Initiation] Run declared on R&D.
[GameContext] [Approach] Runner approaches unrezzed ice (position 0).
[GameContext] [Approach] Corp declines to rez. Runner passes unrezzed ice.
[GameContext] [Movement] Runner approaches the server root.
[GameContext] [Success] Run successful on R&D!
[GameContext] [Debug/gain_on_success] run_modifiers at success: {  }
[GameContext] [Breach] Runner breaches R&D.
[GameContext] [Access] Runner accesses: Bigger Picture
[GameContext] [End] Run ended successfully.
[GameContext] Party Animal removes 1 tag (1 remaining). [paid 2cr]
[GameContext] Synapse Global: Faster than Thought declines to install.
[GameContext] Party Animal draws Verbal Plasticity.
[GameContext] Faster than Thought draws Bigger Picture.
[GameContext] === Faster than Thought Turn 3 begins. Credits: 5, Clicks: 3 ===
[GameContext] [MCTS] slow search: 502 ms (100 iterations, depth 3)
[GameContext] Corp chooses the effect of this card...
[GameContext] Modal: executing 'Drain: remove any number of tags (Runner loses 5cr each, Corp gains)'.
[GameContext] Bigger Picture: Removed 1 tag(s) from Party Animal. (0 remaining)
[GameContext] Bigger Picture: Party Animal loses 0 credits. Faster than Thought gains 0 credits.
[GameContext] Synapse Global: Faster than Thought declines to install.
[GameContext] Faster than Thought plays Bigger Picture.
[GameContext] [MCTS] slow search: 394 ms (100 iterations, depth 3)
[GameContext] Faster than Thought draws IP Enforcement.
[GameContext] [MCTS] slow search: 532 ms (100 iterations, depth 3)
[GameContext] Faster than Thought gains 1 credit. (6 total)
[GameContext] === Party Animal Turn 4 begins. Credits: 0, Clicks: 4 ===
[GameContext] Party Animal gains 1 credit. (1 total)
[GameContext] Party Animal gains 1 credit. (2 total)
[GameContext] --- Run on R&D begins ---
[GameContext] [Initiation] Run declared on R&D.
[GameContext] [Approach] Runner approaches unrezzed ice (position 0).
[GameContext] [Approach] Corp declines to rez. Runner passes unrezzed ice.
[GameContext] [Movement] Runner approaches the server root.
[GameContext] [Success] Run successful on R&D!
[GameContext] [Debug/gain_on_success] run_modifiers at success: {  }
[GameContext] [Breach] Runner breaches R&D.
[GameContext] [Access] Runner accesses: Bigger Picture
[GameContext] [End] Run ended successfully.
[GameContext] Party Animal draws Smartware Distributor.
[GameContext] Party Animal discards Smartware Distributor to hand limit. (5 cards remaining)
[GameContext] Faster than Thought draws Bigger Picture.
[GameContext] === Faster than Thought Turn 4 begins. Credits: 6, Clicks: 3 ===
[GameContext] [MCTS] slow search: 671 ms (100 iterations, depth 3)
[heartbeat] game 10/10 — turn 4, time 430s
[GameContext] Faster than Thought pays 1 credit(s) to install ice.
[GameContext] Faster than Thought installs N-Pot in R&D.
[GameContext] [MCTS] slow search: 464 ms (100 iterations, depth 3)
[GameContext] Faster than Thought gains 1 credit. (6 total)
[GameContext] [MCTS] slow search: 506 ms (100 iterations, depth 3)
[GameContext] Faster than Thought gains 1 credit. (7 total)
[GameContext] === Party Animal Turn 5 begins. Credits: 2, Clicks: 4 ===
[GameContext] Party Animal draws Carmen.
[GameContext] Corp chooses the effect of this card...
[GameContext] [Wildcat Strike] Corp denies draws — Runner gains credits instead.
[GameContext] Modal: executing 'Runner draws 4 cards'.
[GameContext] Party Animal draws 4 card(s).
[GameContext] Party Animal plays Wildcat Strike.
[GameContext] Party Animal gains 1 credit. (1 total)
[GameContext] Party Animal gains 1 credit. (2 total)
[GameContext] Party Animal discards Smartware Distributor to hand limit. (5 cards remaining)
[GameContext] Party Animal discards Cookbook to hand limit. (5 cards remaining)
[GameContext] Party Animal discards Verbal Plasticity to hand limit. (5 cards remaining)
[GameContext] Party Animal discards Sure Gamble to hand limit. (5 cards remaining)
[GameContext] Faster than Thought draws Ping.
[GameContext] === Faster than Thought Turn 5 begins. Credits: 7, Clicks: 3 ===
[GameContext] [MCTS] slow search: 653 ms (100 iterations, depth 3)
[GameContext] Faster than Thought pays 1 credit(s) to install ice.
[GameContext] Faster than Thought installs Ping in HQ.
[GameContext] [MCTS] slow search: 474 ms (100 iterations, depth 3)
[GameContext] Faster than Thought gains 1 credit. (7 total)
[GameContext] [MCTS] slow search: 501 ms (100 iterations, depth 3)
[GameContext] Faster than Thought gains 1 credit. (8 total)
[heartbeat] game 10/10 — turn 5, time 435s
[GameContext] === Party Animal Turn 6 begins. Credits: 2, Clicks: 4 ===
[GameContext] Party Animal draws Fermenter.
[GameContext] Party Animal gains 1 credit. (3 total)
[GameContext] Party Animal draws Leech.
[GameContext] Party Animal draws Fermenter.
[GameContext] Party Animal discards Sure Gamble to hand limit. (5 cards remaining)
[GameContext] Party Animal discards Docklands Pass to hand limit. (5 cards remaining)
[GameContext] Party Animal discards Carnivore to hand limit. (5 cards remaining)
[GameContext] Faster than Thought draws Ping.
[GameContext] === Faster than Thought Turn 6 begins. Credits: 8, Clicks: 3 ===
[GameContext] [MCTS] slow search: 681 ms (100 iterations, depth 3)
[GameContext] Faster than Thought gains 1 credit. (9 total)
[GameContext] [MCTS] slow search: 673 ms (100 iterations, depth 3)
[GameContext] Faster than Thought pays 2 credit(s) to install ice.
[GameContext] Faster than Thought installs Ping in R&D.
[GameContext] [MCTS] slow search: 514 ms (100 iterations, depth 3)
[GameContext] Faster than Thought gains 1 credit. (8 total)
[GameContext] === Party Animal Turn 7 begins. Credits: 3, Clicks: 4 ===
[GameContext] Party Animal gains 1 credit. (4 total)
[GameContext] Party Animal gains 1 credit. (5 total)
Player install: card is: Carmen and charged cost is: 5
[GameContext] Party Animal installs Carmen. [MU: 1/4 used]
[GameContext] Party Animal draws Smartware Distributor.
[GameContext] Faster than Thought draws Oracle Thinktank.
[GameContext] === Faster than Thought Turn 7 begins. Credits: 8, Clicks: 3 ===
[GameContext] [MCTS] slow search: 983 ms (100 iterations, depth 3)
[GameContext] Faster than Thought installs Oracle Thinktank in Server 0.
[GameContext] [MCTS] slow search: 971 ms (100 iterations, depth 3)
[GameContext] Faster than Thought advances Oracle Thinktank (1 counters).
[heartbeat] game 10/10 — turn 7, time 441s
[GameContext] [MCTS] slow search: 988 ms (100 iterations, depth 3)
[GameContext] Faster than Thought advances Oracle Thinktank (2 counters).
[GameContext] === Party Animal Turn 8 begins. Credits: 0, Clicks: 4 ===
[GameContext] Party Animal gains 1 credit. (1 total)
[GameContext] Party Animal gains 1 credit. (2 total)
[GameContext] --- Run on Server 0 begins ---
[GameContext] [Initiation] Run declared on Server 0.
[GameContext] [Approach] Runner approaches unrezzed ice (position 0).
[CorpRunAI] AI: Knowledge Seeker — rez_cost=5  tax/enc=13.0  enc=2.5  LTV=32.5
[CorpRunAI] AI: deferring Knowledge Seeker (pri=13.00) — saving for Ping on rd (pri=18.75)
[GameContext] [Approach] Corp declines to rez. Runner passes unrezzed ice.
[GameContext] [Movement] Runner approaches the server root.
[GameContext] [Success] Run successful on Server 0!
[GameContext] [Debug/gain_on_success] run_modifiers at success: {  }
[GameContext] [Breach] Runner breaches Server 0.
[GameContext] [Access] Runner accesses: Oracle Thinktank
[GameContext] [Access] Runner steals Oracle Thinktank! (1 agenda points)
[GameContext] Party Animal takes 1 tag(s). (1 total)
[GameContext] [End] Run ended successfully.
[GameContext] Party Animal removes 1 tag (0 remaining). [paid 2cr]
[GameContext] Synapse Global: Faster than Thought declines to install.
[GameContext] Faster than Thought draws Funhouse.
[GameContext] === Faster than Thought Turn 8 begins. Credits: 6, Clicks: 3 ===
[GameContext] [MCTS] slow search: 690 ms (100 iterations, depth 3)
[GameContext] Faster than Thought gains 1 credit. (7 total)
[GameContext] [MCTS] slow search: 667 ms (100 iterations, depth 3)
[GameContext] Faster than Thought installs Regolith Mining License in Server 0.
[GameContext] [MCTS] slow search: 568 ms (100 iterations, depth 3)
[GameContext] Faster than Thought installs Funhouse in Server 1.
[heartbeat] game 10/10 — turn 8, time 446s
[GameContext] === Party Animal Turn 9 begins. Credits: 0, Clicks: 4 ===
[GameContext] Party Animal gains 1 credit. (1 total)
[GameContext] Party Animal gains 1 credit. (2 total)
[GameContext] Party Animal gains 1 credit. (3 total)
[GameContext] Party Animal gains 1 credit. (4 total)
[GameContext] Faster than Thought draws Regolith Mining License.
[GameContext] === Faster than Thought Turn 9 begins. Credits: 7, Clicks: 3 ===
[GameContext] Placed 15 credits counter(s) on Regolith Mining License.
[GameContext] Faster than Thought rezzes Regolith Mining License for 2 cr.
[GameContext] [MCTS] slow search: 579 ms (100 iterations, depth 3)
[GameContext] Faster than Thought takes 3 cr from Regolith Mining License (12 remaining).
[GameContext] [MCTS] slow search: 578 ms (100 iterations, depth 3)
[GameContext] Faster than Thought takes 3 cr from Regolith Mining License (9 remaining).
[GameContext] [MCTS] slow search: 572 ms (100 iterations, depth 3)
[GameContext] Faster than Thought takes 3 cr from Regolith Mining License (6 remaining).
[GameContext] === Party Animal Turn 10 begins. Credits: 4, Clicks: 4 ===
[GameContext] Party Animal gains 1 credit. (5 total)
[GameContext] Party Animal gains 1 credit. (6 total)
[GameContext] Party Animal gains 1 credit. (7 total)
[GameContext] Party Animal gains 1 credit. (8 total)
[GameContext] Faster than Thought draws Embedded Reporting.
[GameContext] === Faster than Thought Turn 10 begins. Credits: 14, Clicks: 3 ===
[GameContext] [MCTS] slow search: 1238 ms (100 iterations, depth 3)
[GameContext] Faster than Thought installs Embedded Reporting in Server 1.
[GameContext] [MCTS] slow search: 1707 ms (100 iterations, depth 3)
[GameContext] Faster than Thought advances Embedded Reporting (1 counters).
[heartbeat] game 10/10 — turn 10, time 452s
[GameContext] [MCTS] slow search: 1226 ms (100 iterations, depth 3)
[GameContext] Faster than Thought advances Embedded Reporting (2 counters).
[GameContext] === Party Animal Turn 11 begins. Credits: 8, Clicks: 4 ===
[GameContext] --- Run on Server 1 begins ---
[GameContext] [Initiation] Run declared on Server 1.
[GameContext] [Approach] Runner approaches unrezzed ice (position 0).
[CorpRunAI] AI: Funhouse — rez_cost=5  tax/enc=8.0  enc=2.5  LTV=20.0
[CorpRunAI] AI: deferring Funhouse (pri=8.00) — saving for N-Pot on rd (pri=22.50)
[GameContext] [Approach] Corp declines to rez. Runner passes unrezzed ice.
[GameContext] [Movement] Runner approaches the server root.
[GameContext] [Success] Run successful on Server 1!
[GameContext] [Debug/gain_on_success] run_modifiers at success: {  }
[GameContext] [Breach] Runner breaches Server 1.
[GameContext] [Access] Runner accesses: Embedded Reporting
[GameContext] [Access] Runner steals Embedded Reporting! (2 agenda points)
[GameContext] [End] Run ended successfully.
[GameContext] Party Animal gains 1 credit. (9 total)
[GameContext] Party Animal gains 1 credit. (10 total)
[GameContext] Party Animal gains 1 credit. (11 total)
[GameContext] Faster than Thought draws Cloud Eater.
[GameContext] === Faster than Thought Turn 11 begins. Credits: 12, Clicks: 3 ===
[GameContext] [MCTS] slow search: 744 ms (100 iterations, depth 3)
[GameContext] Faster than Thought gains 1 credit. (13 total)
[GameContext] [MCTS] slow search: 701 ms (100 iterations, depth 3)
[GameContext] Faster than Thought takes 3 cr from Regolith Mining License (3 remaining).
[GameContext] [MCTS] slow search: 959 ms (100 iterations, depth 3)
[GameContext] Faster than Thought pays 2 credit(s) to install ice.
[GameContext] Faster than Thought installs Cloud Eater in HQ.
[heartbeat] game 10/10 — turn 11, time 457s
[GameContext] === Party Animal Turn 12 begins. Credits: 11, Clicks: 4 ===
[GameContext] Party Animal gains 1 credit. (12 total)
[GameContext] --- Run on R&D begins ---
[GameContext] [Initiation] Run declared on R&D.
[GameContext] [Approach] Runner approaches unrezzed ice (position 0).
[CorpRunAI] AI: Ping — rez_cost=2  tax/enc=5.0  enc=3.0  LTV=15.0
[GameContext] [Rez] Corp rezzes Ping for 2 credits.
[GameContext] Party Animal takes 1 tag(s). (1 total)
[GameContext] [Encounter] Runner encounters Ping.
[GameContext] Party Animal takes 1 tag(s) to continue the run (Funhouse). (2 total)
[GameContext] Run ended.
[GameContext] [Encounter] Run ended by subroutine.
[GameContext] [End] Run ended unsuccessfully.
[GameContext] Party Animal removes 1 tag (1 remaining). [paid 2cr]
[GameContext] Synapse Global: Faster than Thought declines to install.
[GameContext] Party Animal removes 1 tag (0 remaining). [paid 2cr]
[GameContext] Faster than Thought draws Cloud Eater.
[GameContext] === Faster than Thought Turn 12 begins. Credits: 12, Clicks: 3 ===
[GameContext] [MCTS] slow search: 791 ms (100 iterations, depth 3)
[GameContext] Faster than Thought takes 3 cr from Regolith Mining License (0 remaining).
[GameContext] Regolith Mining License is trashed (empty).
[GameContext] [MCTS] slow search: 819 ms (100 iterations, depth 3)
[GameContext] Faster than Thought draws Doomscroll.
[GameContext] [MCTS] slow search: 1337 ms (100 iterations, depth 3)
[GameContext] Faster than Thought installs Cloud Eater in Server 2.
[GameContext] === Party Animal Turn 13 begins. Credits: 8, Clicks: 4 ===
[GameContext] Party Animal gains 1 credit. (9 total)
[GameContext] Party Animal gains 1 credit. (10 total)
[GameContext] Party Animal gains 1 credit. (11 total)
[GameContext] Party Animal gains 1 credit. (12 total)
[GameContext] Faster than Thought draws Bigger Picture.
[GameContext] === Faster than Thought Turn 13 begins. Credits: 15, Clicks: 3 ===
[GameContext] [MCTS] slow search: 725 ms (100 iterations, depth 3)
[heartbeat] game 10/10 — turn 13, time 463s
[GameContext] Faster than Thought installs Doomscroll in Server 3.
[GameContext] [MCTS] slow search: 746 ms (100 iterations, depth 3)
[GameContext] Condition not met — ability has no effect.
[GameContext] Faster than Thought plays Retribution.
[GameContext] [MCTS] slow search: 597 ms (100 iterations, depth 3)
[GameContext] Faster than Thought gains 1 credit. (15 total)
[GameContext] === Party Animal Turn 14 begins. Credits: 12, Clicks: 4 ===
[GameContext] Party Animal gains 1 credit. (13 total)
[GameContext] Party Animal gains 1 credit. (14 total)
[GameContext] Party Animal gains 1 credit. (15 total)
[GameContext] Party Animal gains 1 credit. (16 total)
[GameContext] Faster than Thought draws IP Enforcement.
[GameContext] === Faster than Thought Turn 14 begins. Credits: 15, Clicks: 3 ===
[GameContext] [MCTS] slow search: 729 ms (100 iterations, depth 3)
[GameContext] Faster than Thought draws Jaguarundi.
[GameContext] [MCTS] slow search: 903 ms (100 iterations, depth 3)
[GameContext] Condition not met — ability has no effect.
[GameContext] Faster than Thought plays IP Enforcement.
[heartbeat] game 10/10 — turn 14, time 468s
[GameContext] [MCTS] slow search: 842 ms (100 iterations, depth 3)
[GameContext] Faster than Thought installs Jaguarundi in Server 4.
[GameContext] === Party Animal Turn 15 begins. Credits: 16, Clicks: 4 ===
[GameContext] Party Animal gains 1 credit. (17 total)
[GameContext] Party Animal gains 1 credit. (18 total)
Player install: card is: Fermenter and charged cost is: 1
[GameContext] Placed 1 virus counter(s) on Fermenter.
[GameContext] Party Animal installs Fermenter. [MU: 2/4 used]
[GameContext] Party Animal draws Verbal Plasticity.
[GameContext] Faster than Thought draws Retribution.
[GameContext] === Faster than Thought Turn 15 begins. Credits: 15, Clicks: 3 ===
[GameContext] [MCTS] slow search: 817 ms (100 iterations, depth 3)
[GameContext] Faster than Thought draws Jaguarundi.
[GameContext] [MCTS] slow search: 1042 ms (100 iterations, depth 3)
[GameContext] Corp chooses the effect of this card...
[GameContext] Modal: executing 'Drain: remove any number of tags (Runner loses 5cr each, Corp gains)'.
[GameContext] Bigger Picture: Runner has no tags to remove.
[GameContext] Faster than Thought plays Bigger Picture.
[GameContext] [MCTS] slow search: 971 ms (100 iterations, depth 3)
[GameContext] Faster than Thought installs Jaguarundi in Server 5.
[heartbeat] game 10/10 — turn 15, time 473s
[GameContext] === Party Animal Turn 16 begins. Credits: 17, Clicks: 4 ===
[GameContext] Placed 1 virus counter(s) on Fermenter.
[GameContext] Party Animal draws Carmen.
[GameContext] Party Animal draws Cleaver.
Player install: card is: Cleaver and charged cost is: 3
[GameContext] Party Animal installs Cleaver. [MU: 3/4 used]
[GameContext] --- Run on R&D begins ---
[GameContext] [Initiation] Run declared on R&D.
[GameContext] [Approach] Runner approaches Ping (position 0).
[GameContext] [Encounter] Runner encounters Ping.
[GameContext] Party Animal takes 1 tag(s) to continue the run (Funhouse). (1 total)
[GameContext] [Encounter] Cleaver breaks 'End the run.' for 1 cr.
[GameContext] [Encounter] Subroutine 0 broken.
[GameContext] [Approach] Runner approaches unrezzed ice (position 1).
[GameContext] [Approach] Corp declines to rez. Runner passes unrezzed ice.
[GameContext] [Approach] Runner approaches unrezzed ice (position 2).
[GameContext] [Approach] Corp declines to rez. Runner passes unrezzed ice.
[GameContext] [Movement] Runner approaches the server root.
[GameContext] [Success] Run successful on R&D!
[GameContext] [Debug/gain_on_success] run_modifiers at success: { "overclock_credits": 0, "concerto_credits": 0, "bad_pub_credits": 0 }
[GameContext] [Breach] Runner breaches R&D.
[GameContext] [Access] Runner accesses: Embedded Reporting
[GameContext] [Access] Runner steals Embedded Reporting! (2 agenda points)
[GameContext] [End] Run ended successfully.
[GameContext] Party Animal discards Smartware Distributor to hand limit. (5 cards remaining)
[GameContext] Faster than Thought draws Embedded Reporting.
[GameContext] === Faster than Thought Turn 16 begins. Credits: 15, Clicks: 3 ===
[GameContext] [MCTS] slow search: 1392 ms (100 iterations, depth 3)
[GameContext] Faster than Thought installs Embedded Reporting in Server 1.
[GameContext] [MCTS] slow search: 1427 ms (100 iterations, depth 3)
[GameContext] Faster than Thought advances Embedded Reporting (1 counters).
[GameContext] [MCTS] slow search: 1404 ms (100 iterations, depth 3)
[GameContext] Faster than Thought advances Embedded Reporting (2 counters).
[heartbeat] game 10/10 — turn 16, time 479s
[GameContext] === Party Animal Turn 17 begins. Credits: 13, Clicks: 4 ===
[GameContext] Placed 1 virus counter(s) on Fermenter.
[GameContext] Party Animal gains 1 credit. (14 total)
[GameContext] Party Animal gains 1 credit. (15 total)
[GameContext] Party Animal gains 1 credit. (16 total)
[GameContext] --- Run on Server 1 begins ---
[GameContext] [Initiation] Run declared on Server 1.
[GameContext] [Approach] Runner approaches unrezzed ice (position 0).
[CorpRunAI] AI: Funhouse — rez_cost=5  tax/enc=8.0  enc=2.5  LTV=20.0
[CorpRunAI] AI: deferring Funhouse (pri=8.00) — saving for N-Pot on rd (pri=22.50)
[GameContext] [Approach] Corp declines to rez. Runner passes unrezzed ice.
[GameContext] [Movement] Runner approaches the server root.
[GameContext] [Success] Run successful on Server 1!
[GameContext] [Debug/gain_on_success] run_modifiers at success: {  }
[GameContext] [Breach] Runner breaches Server 1.
[GameContext] [Access] Runner accesses: Embedded Reporting
[GameContext] [Access] Runner steals Embedded Reporting! (2 agenda points)
[GameContext] Runner wins by stealing agendas!
[GameContext] [End] Run ended successfully.
[GameContext] Game over — Party Animal wins. Party Animal stole enough agendas to win
  [ 10/ 10]  RUNNER    Party Animal stole enough agendas to win  17 turns

╔══════════════════════════════════════════════════════╗
║  BATCH SUMMARY  (10 games)                           
╠══════════════════════════════════════════════════════╣
║  Corp   wins :   3  ( 30.0%)                        
║  Runner wins :   7  ( 70.0%)                        
║  Draws       :   0  (  0.0%)                        
║  Avg turns   : 15.7                                  
╠══════════════════════════════════════════════════════╣
║  Win reasons:
║    "Party Animal" flatlined (empty grip)    1
║    Faster than Thought wins            2
║    Party Animal stole enough agendas to win    7
╚══════════════════════════════════════════════════════╝
