Godot Engine v4.6.2.stable.mono.official.71f334935 - https://godotengine.org

CardRegistry: loaded 2054 cards
SelfPlayRunner: loaded runner opponent 'runner_muslihat_cezve_revolver' — muslihat_multifarious_marketeer (49 cards)
SelfPlayRunner: loaded corp opponent 'hb_midnight_glacier' — haas_bioroid_precision_design (37 cards)
╔══════════════════════════════════════════════════════╗
║     NETRUNNER SELF-PLAY — BATCH MODE ( 10 games)     ║
╚══════════════════════════════════════════════════════╝
AbilityRegistry: loaded definitions for 630 cards
[GameContext] Precision Design draws Hedge Fund.
[GameContext] === Precision Design Turn 1 begins. Credits: 5, Clicks: 3 ===
[GameContext] [MCTS] slow search: 314 ms (100 iterations, depth 3)
[DecisionLogger] user data dir : C:/Users/jnsno/AppData/Roaming/Godot/app_userdata/Netrunner Solo
[DecisionLogger] logs dir      : C:/Users/jnsno/AppData/Roaming/Godot/app_userdata/Netrunner Solo/logs
[DecisionLogger] opening       : C:/Users/jnsno/AppData/Roaming/Godot/app_userdata/Netrunner Solo/logs/corp_ai_20260620_210210.log
[DecisionLogger] log file ready.
[GameContext] Precision Design installs Maskirovka in R&D.
[GameContext] Precision Design gains 6 credits.
[GameContext] Precision Design plays Extract.
[GameContext] Precision Design gains 9 credits.
[GameContext] Precision Design plays Hedge Fund.
[GameContext] === Multifarious Marketeer Turn 2 begins. Credits: 5, Clicks: 4 ===
[GameContext] MuslihaT: Multifarious Marketeer peeks at the top of their stack.
[GameContext] MuslihaT: top card is not an icebreaker or run event — not revealed.
[GameContext] Run modifier set: gain_on_success = 6
[GameContext] --- Run on HQ begins ---
[GameContext] [Initiation] Run declared on HQ.
[GameContext] [Initiation] No ice protecting server — proceeding to root.
[GameContext] [Movement] Runner approaches the server root.
[GameContext] [Success] Run successful on HQ!
[GameContext] [Debug/gain_on_success] run_modifiers at success: { "gain_on_success": 6, "run_event_active": 1 }
[GameContext] Multifarious Marketeer gains 6 cr (run successful).
[GameContext] [Breach] Runner breaches HQ.
[GameContext] [Access] Runner accesses: Extract
[GameContext] [End] Run ended successfully.
[GameContext] Multifarious Marketeer plays Clean Getaway.
[GameContext] --- Run on R&D begins ---
[GameContext] [Initiation] Run declared on R&D.
[GameContext] [Approach] Runner approaches unrezzed ice (position 0).
[CorpRunAI] AI: Maskirovka — rez_cost=3  tax/enc=9.0  enc=3.0  LTV=27.0
[GameContext] [Rez] Corp rezzes Maskirovka for 3 credits.
[GameContext] [Encounter] Runner encounters Maskirovka.
[GameContext] Precision Design gains 2 credits.
[GameContext] Run ended.
[GameContext] [Encounter] Run ended by subroutine.
[GameContext] [End] Run ended unsuccessfully.
[GameContext] Run modifier set: transfer_of_wealth_on_success = 1
[GameContext] --- Run on HQ begins ---
[GameContext] [Initiation] Run declared on HQ.
[GameContext] [Initiation] No ice protecting server — proceeding to root.
[GameContext] [Movement] Runner approaches the server root.
[GameContext] [Success] Run successful on HQ!
[GameContext] [Debug/gain_on_success] run_modifiers at success: { "transfer_of_wealth_on_success": 1, "run_event_active": 1 }
[GameContext] Transfer of Wealth: Multifarious Marketeer takes 1 tag (1 total).
[GameContext] Transfer of Wealth: Precision Design loses 3 cr; Multifarious Marketeer gains 6 cr.
[GameContext] [Breach] Runner breaches HQ.
[GameContext] [Access] Runner accesses: Government Subsidy
[GameContext] [End] Run ended successfully.
[GameContext] Multifarious Marketeer plays Transfer of Wealth.
[GameContext] --- Run on HQ begins ---
[GameContext] [Initiation] Run declared on HQ.
[GameContext] [Initiation] No ice protecting server — proceeding to root.
[GameContext] [Movement] Runner approaches the server root.
[GameContext] [Success] Run successful on HQ!
[GameContext] [Debug/gain_on_success] run_modifiers at success: {  }
[GameContext] [Breach] Runner breaches HQ.
[GameContext] [Access] Runner accesses: Government Subsidy
[GameContext] [End] Run ended successfully.
[GameContext] Precision Design draws Envelopment.
[GameContext] === Precision Design Turn 2 begins. Credits: 8, Clicks: 3 ===
[GameContext] [MCTS] slow search: 372 ms (100 iterations, depth 3)
[GameContext] Precision Design installs Envelopment in HQ.
[GameContext] [MCTS] slow search: 354 ms (100 iterations, depth 3)
[GameContext] Precision Design gains 1 credit. (9 total)
[heartbeat] game 1/10 — turn 2, time 5s
[GameContext] [MCTS] slow search: 362 ms (100 iterations, depth 3)
[GameContext] Precision Design gains 1 credit. (10 total)
[GameContext] === Multifarious Marketeer Turn 3 begins. Credits: 14, Clicks: 4 ===
[GameContext] MuslihaT: Multifarious Marketeer peeks at the top of their stack.
[GameContext] MuslihaT: top card is not an icebreaker or run event — not revealed.
[GameContext] --- Run on HQ begins ---
[GameContext] [Initiation] Run declared on HQ.
[GameContext] [Approach] Runner approaches unrezzed ice (position 0).
[CorpRunAI] AI: Envelopment — rez_cost=5  tax/enc=9.0  enc=3.0  LTV=27.0
[GameContext] [Rez] Corp rezzes Envelopment for 5 credits.
[GameContext] Placed 4 power counter(s) on Envelopment.
[GameContext] [Encounter] Runner encounters Envelopment.
[GameContext] [Encounter] Envelopment: 4 dynamic ETR sub(s) from power counters.
[GameContext] Run ended.
[GameContext] [Encounter] Run ended by subroutine.
[GameContext] [End] Run ended unsuccessfully.
Player install: card is: Revolver and charged cost is: 2
[GameContext] Placed 6 power counter(s) on Revolver.
[GameContext] Multifarious Marketeer installs Revolver. [MU: 1/4 used]
[GameContext] Multifarious Marketeer removes 1 tag (0 remaining). [paid 2cr]
[GameContext] Multifarious Marketeer draws Carmen.
[GameContext] Precision Design draws Élivágar Bifurcation.
[GameContext] === Precision Design Turn 3 begins. Credits: 5, Clicks: 3 ===
[GameContext] [MCTS] slow search: 378 ms (100 iterations, depth 3)
[GameContext] Precision Design gains 6 credits.
[GameContext] Precision Design plays Extract.
[GameContext] [MCTS] slow search: 426 ms (100 iterations, depth 3)
[GameContext] Precision Design gains 1 credit. (9 total)
[GameContext] [MCTS] slow search: 398 ms (100 iterations, depth 3)
[GameContext] Precision Design gains 1 credit. (10 total)
[GameContext] === Multifarious Marketeer Turn 4 begins. Credits: 10, Clicks: 4 ===
[GameContext] MuslihaT: Multifarious Marketeer peeks at the top of their stack.
[GameContext] MuslihaT: top card is not an icebreaker or run event — not revealed.
[GameContext] Multifarious Marketeer draws Overclock.
[GameContext] Run modifier set: overclock_credits = 5
[GameContext] --- Run on HQ begins ---
[GameContext] [Initiation] Run declared on HQ.
[GameContext] [Approach] Runner approaches Envelopment (position 0).
[GameContext] [Encounter] Runner encounters Envelopment.
[GameContext] [Encounter] Envelopment: 4 dynamic ETR sub(s) from power counters.
[GameContext] Run ended.
[GameContext] [Encounter] Run ended by subroutine.
[GameContext] [End] Run ended unsuccessfully.
[GameContext] Overclock: 5 unspent credit(s) returned to the bank.
[GameContext] Multifarious Marketeer plays Overclock.
[GameContext] Multifarious Marketeer draws Clean Getaway.
[GameContext] Multifarious Marketeer draws Sure Gamble.
[GameContext] Precision Design draws Maskirovka.
[GameContext] === Precision Design Turn 4 begins. Credits: 10, Clicks: 3 ===
[GameContext] [MCTS] slow search: 412 ms (100 iterations, depth 3)
[GameContext] Precision Design gains 14 credits.
[GameContext] Precision Design plays Government Subsidy.
[GameContext] [MCTS] slow search: 420 ms (100 iterations, depth 3)
[GameContext] Precision Design installs Maskirovka in Server 0.
[heartbeat] game 1/10 — turn 4, time 10s
[GameContext] [MCTS] slow search: 374 ms (100 iterations, depth 3)
[GameContext] Precision Design installs Élivágar Bifurcation in Server 0.
[GameContext] === Multifarious Marketeer Turn 5 begins. Credits: 9, Clicks: 4 ===
[GameContext] MuslihaT: Multifarious Marketeer peeks at the top of their stack.
[GameContext] MuslihaT: top card is not an icebreaker or run event — not revealed.
[GameContext] --- Run on Server 0 begins ---
[GameContext] [Initiation] Run declared on Server 0.
[GameContext] [Approach] Runner approaches unrezzed ice (position 0).
[CorpRunAI] AI: Maskirovka — rez_cost=3  tax/enc=9.0  enc=2.5  LTV=22.5
[GameContext] [Rez] Corp rezzes Maskirovka for 3 credits.
[GameContext] [Encounter] Runner encounters Maskirovka.
[GameContext] Precision Design gains 2 credits.
[GameContext] Run ended.
[GameContext] [Encounter] Run ended by subroutine.
[GameContext] [End] Run ended unsuccessfully.
[GameContext] Run modifier set: gain_on_success = 6
[GameContext] --- Run on HQ begins ---
[GameContext] [Initiation] Run declared on HQ.
[GameContext] [Approach] Runner approaches Envelopment (position 0).
[GameContext] [Encounter] Runner encounters Envelopment.
[GameContext] [Encounter] Envelopment: 4 dynamic ETR sub(s) from power counters.
[GameContext] Run ended.
[GameContext] [Encounter] Run ended by subroutine.
[GameContext] [End] Run ended unsuccessfully.
[GameContext] Multifarious Marketeer plays Clean Getaway.
[GameContext] Multifarious Marketeer gains 9 credits.
[GameContext] Multifarious Marketeer plays Sure Gamble.
[GameContext] Multifarious Marketeer draws Boomerang.
[GameContext] Precision Design draws Ansel 1.0.
[GameContext] === Precision Design Turn 5 begins. Credits: 13, Clicks: 3 ===
[GameContext] [MCTS] Scoring line detected — executing: Advance elivagar_bifurcation
[GameContext] Precision Design advances Élivágar Bifurcation (1 counters).
[GameContext] [MCTS] Scoring line detected — executing: Advance elivagar_bifurcation
[GameContext] Precision Design advances Élivágar Bifurcation (2 counters).
[GameContext] Precision Design scores Élivágar Bifurcation! (1 agenda points)
[GameContext] Precision Design: Precision Design adds Extract from Archives to HQ.
[GameContext] [MCTS] slow search: 341 ms (100 iterations, depth 3)
[GameContext] Precision Design draws Élivágar Bifurcation.
[GameContext] === Multifarious Marketeer Turn 6 begins. Credits: 10, Clicks: 4 ===
[GameContext] MuslihaT: Multifarious Marketeer peeks at the top of their stack.
[GameContext] MuslihaT: top card is not an icebreaker or run event — not revealed.
[GameContext] Multifarious Marketeer draws Bravado.
[GameContext] --- Run on HQ begins ---
[GameContext] [Initiation] Run declared on HQ.
[GameContext] [Approach] Runner approaches Envelopment (position 0).
[GameContext] [Encounter] Runner encounters Envelopment.
[GameContext] [Encounter] Envelopment: 4 dynamic ETR sub(s) from power counters.
[GameContext] Run ended.
[GameContext] [Encounter] Run ended by subroutine.
[GameContext] [End] Run ended unsuccessfully.
[GameContext] [Bravado] Run unsuccessful — no bonus credits.
[GameContext] Multifarious Marketeer plays Bravado.
[GameContext] Multifarious Marketeer draws The Twinning.
[GameContext] Multifarious Marketeer gains 1 credit. (8 total)
[GameContext] Precision Design draws Extract.
[GameContext] === Precision Design Turn 6 begins. Credits: 11, Clicks: 3 ===
[GameContext] [MCTS] slow search: 488 ms (100 iterations, depth 3)
[GameContext] Precision Design pays 1 credit(s) to install ice.
[GameContext] Precision Design installs Ansel 1.0 in R&D.
[GameContext] [MCTS] slow search: 514 ms (100 iterations, depth 3)
[GameContext] Precision Design gains 14 credits.
[GameContext] Precision Design plays Government Subsidy.
[heartbeat] game 1/10 — turn 6, time 15s
[GameContext] [MCTS] slow search: 471 ms (100 iterations, depth 3)
[GameContext] Precision Design installs Élivágar Bifurcation in Server 0.
[GameContext] === Multifarious Marketeer Turn 7 begins. Credits: 8, Clicks: 4 ===
[GameContext] MuslihaT: Multifarious Marketeer peeks at the top of their stack.
[GameContext] MuslihaT: top card is not an icebreaker or run event — not revealed.
[GameContext] Multifarious Marketeer gains 1 credit. (9 total)
[GameContext] Multifarious Marketeer gains 1 credit. (10 total)
[GameContext] Multifarious Marketeer gains 1 credit. (11 total)
[GameContext] Multifarious Marketeer gains 1 credit. (12 total)
[GameContext] Precision Design draws Mavirus.
[GameContext] === Precision Design Turn 7 begins. Credits: 14, Clicks: 3 ===
[GameContext] [MCTS] Scoring line detected — executing: Advance elivagar_bifurcation
[GameContext] Precision Design advances Élivágar Bifurcation (1 counters).
[GameContext] [MCTS] Scoring line detected — executing: Advance elivagar_bifurcation
[GameContext] Precision Design advances Élivágar Bifurcation (2 counters).
[GameContext] Precision Design scores Élivágar Bifurcation! (1 agenda points)
[GameContext] Precision Design: Precision Design adds Hedge Fund from Archives to HQ.
[GameContext] [MCTS] slow search: 507 ms (100 iterations, depth 3)
[GameContext] Precision Design gains 1 credit. (13 total)
[GameContext] === Multifarious Marketeer Turn 8 begins. Credits: 12, Clicks: 4 ===
[GameContext] MuslihaT: Multifarious Marketeer peeks at the top of their stack.
[GameContext] MuslihaT: top card is not an icebreaker or run event — not revealed.
[GameContext] Multifarious Marketeer gains 1 credit. (13 total)
[GameContext] Multifarious Marketeer gains 1 credit. (14 total)
[GameContext] Multifarious Marketeer gains 1 credit. (15 total)
[GameContext] Multifarious Marketeer gains 1 credit. (16 total)
[GameContext] Precision Design draws Spin Doctor.
[GameContext] === Precision Design Turn 8 begins. Credits: 13, Clicks: 3 ===
[GameContext] [MCTS] slow search: 604 ms (100 iterations, depth 3)
[GameContext] Precision Design installs Mavirus in HQ.
[GameContext] [MCTS] slow search: 438 ms (100 iterations, depth 3)
[GameContext] Precision Design gains 1 credit. (14 total)
[GameContext] [MCTS] slow search: 473 ms (100 iterations, depth 3)
[GameContext] Precision Design gains 1 credit. (15 total)
[heartbeat] game 1/10 — turn 8, time 20s
[GameContext] === Multifarious Marketeer Turn 9 begins. Credits: 16, Clicks: 4 ===
[GameContext] MuslihaT: Multifarious Marketeer peeks at the top of their stack.
[GameContext] MuslihaT: top card is not an icebreaker or run event — not revealed.
[GameContext] Multifarious Marketeer gains 1 credit. (17 total)
[GameContext] Multifarious Marketeer gains 1 credit. (18 total)
[GameContext] Multifarious Marketeer gains 1 credit. (19 total)
[GameContext] Multifarious Marketeer gains 1 credit. (20 total)
[GameContext] Precision Design draws Echo.
[GameContext] === Precision Design Turn 9 begins. Credits: 15, Clicks: 3 ===
[GameContext] Precision Design rezzes Mavirus for 3 cr.
[GameContext] [MCTS] slow search: 603 ms (100 iterations, depth 3)
[GameContext] Precision Design pays 1 credit(s) to install ice.
[GameContext] Precision Design installs Echo in HQ.
[GameContext] [MCTS] slow search: 445 ms (100 iterations, depth 3)
[GameContext] Precision Design draws Hedge Fund.
[GameContext] [MCTS] slow search: 637 ms (100 iterations, depth 3)
[GameContext] Precision Design gains 9 credits.
[GameContext] Precision Design plays Hedge Fund.
[GameContext] === Multifarious Marketeer Turn 10 begins. Credits: 20, Clicks: 4 ===
[GameContext] MuslihaT: Multifarious Marketeer peeks at the top of their stack.
[GameContext] MuslihaT: top card is not an icebreaker or run event — not revealed.
Player install: card is: Cezve and charged cost is: 2
[GameContext] Multifarious Marketeer installs Cezve. [MU: 2/4 used]
[GameContext] Multifarious Marketeer draws Boomerang.
[GameContext] Multifarious Marketeer gains 1 credit. (19 total)
[GameContext] Multifarious Marketeer gains 1 credit. (20 total)
[GameContext] Precision Design draws Hedge Fund.
[GameContext] === Precision Design Turn 10 begins. Credits: 15, Clicks: 3 ===
[GameContext] [MCTS] slow search: 560 ms (100 iterations, depth 3)
[GameContext] Precision Design draws Envelopment.
[GameContext] [MCTS] slow search: 551 ms (100 iterations, depth 3)
[GameContext] Precision Design gains 6 credits.
[GameContext] Precision Design plays Extract.
[heartbeat] game 1/10 — turn 10, time 25s
[GameContext] [MCTS] slow search: 575 ms (100 iterations, depth 3)
[GameContext] Precision Design pays 2 credit(s) to install ice.
[GameContext] Precision Design installs Envelopment in R&D.
[GameContext] === Multifarious Marketeer Turn 11 begins. Credits: 20, Clicks: 4 ===
[GameContext] MuslihaT: Multifarious Marketeer peeks at the top of their stack.
[GameContext] MuslihaT: top card is not an icebreaker or run event — not revealed.
[GameContext] Cezve: recurring_credits refilled to 2.
Player install: card is: Carmen and charged cost is: 5
[GameContext] Multifarious Marketeer installs Carmen. [MU: 3/4 used]
[GameContext] Multifarious Marketeer draws Revolver.
[GameContext] Multifarious Marketeer draws Transfer of Wealth.
[GameContext] Run modifier set: transfer_of_wealth_on_success = 1
[GameContext] --- Run on HQ begins ---
[GameContext] [Initiation] Run declared on HQ.
[GameContext] [Approach] Runner approaches unrezzed ice (position 0).
[GameContext] [Approach] Corp declines to rez. Runner passes unrezzed ice.
[GameContext] [Approach] Runner approaches Envelopment (position 1).
[GameContext] [Encounter] Runner encounters Envelopment.
[GameContext] [Encounter] Envelopment: 4 dynamic ETR sub(s) from power counters.
[GameContext] Run ended.
[GameContext] [Encounter] Run ended by subroutine.
[GameContext] [End] Run ended unsuccessfully.
[GameContext] Multifarious Marketeer plays Transfer of Wealth.
[GameContext] Precision Design draws Spin Doctor.
[GameContext] === Precision Design Turn 11 begins. Credits: 16, Clicks: 3 ===
[GameContext] [MCTS] slow search: 549 ms (100 iterations, depth 3)
[GameContext] Precision Design draws Ivik.
[GameContext] [MCTS] slow search: 646 ms (100 iterations, depth 3)
[GameContext] Precision Design installs Spin Doctor in Server 1.
[GameContext] [MCTS] slow search: 636 ms (100 iterations, depth 3)
[GameContext] Precision Design pays 2 credit(s) to install ice.
[GameContext] Precision Design installs Ivik in HQ.
[GameContext] === Multifarious Marketeer Turn 12 begins. Credits: 15, Clicks: 4 ===
[GameContext] MuslihaT: Multifarious Marketeer peeks at the top of their stack.
[GameContext] MuslihaT: top card is not an icebreaker or run event — not revealed.
[GameContext] Multifarious Marketeer draws Red Team.
[GameContext] Multifarious Marketeer draws The Twinning.
[GameContext] Multifarious Marketeer draws Daily Casts.
[GameContext] Multifarious Marketeer gains 1 credit. (16 total)
[GameContext] Multifarious Marketeer discards Backstitching to hand limit. (5 cards remaining)
[GameContext] Multifarious Marketeer discards The Twinning to hand limit. (5 cards remaining)
[GameContext] Multifarious Marketeer discards The Twinning to hand limit. (5 cards remaining)
[GameContext] Precision Design draws Mavirus.
[GameContext] === Precision Design Turn 12 begins. Credits: 14, Clicks: 3 ===
[GameContext] Precision Design draws 2 card(s).
[GameContext] Precision Design rezzes Spin Doctor for 0 cr.
[GameContext] [MCTS] slow search: 1170 ms (100 iterations, depth 3)
[heartbeat] game 1/10 — turn 12, time 31s
[GameContext] Precision Design draws Ansel 1.0.
[GameContext] [MCTS] slow search: 1339 ms (100 iterations, depth 3)
[GameContext] Precision Design draws Echo.
[GameContext] [MCTS] slow search: 2137 ms (100 iterations, depth 3)
[GameContext] Precision Design installs Mavirus in HQ.
[GameContext] Precision Design discards Extract to hand limit.
[GameContext] Precision Design discards Hedge Fund to hand limit.
[GameContext] Precision Design discards Hedge Fund to hand limit.
[GameContext] === Multifarious Marketeer Turn 13 begins. Credits: 16, Clicks: 4 ===
[GameContext] MuslihaT: Multifarious Marketeer peeks at the top of their stack.
[GameContext] MuslihaT: top card is not an icebreaker or run event — not revealed.
[GameContext] Multifarious Marketeer draws Marjanah.
Player install: card is: Marjanah and charged cost is: 0
[GameContext] Multifarious Marketeer installs Marjanah. [MU: 4/4 used]
[GameContext] --- Run on R&D begins ---
[GameContext] [Initiation] Run declared on R&D.
[GameContext] [Approach] Runner approaches unrezzed ice (position 0).
[CorpRunAI] AI: Envelopment — rez_cost=5  tax/enc=6.0  enc=3.0  LTV=18.0
[GameContext] [Rez] Corp rezzes Envelopment for 5 credits.
[GameContext] Placed 4 power counter(s) on Envelopment.
[GameContext] [Encounter] Runner encounters Envelopment.
[GameContext] [Encounter] Envelopment: 4 dynamic ETR sub(s) from power counters.
[GameContext] Cezve: spends 2 Cezve recurring credit(s) (0 remaining).
[GameContext] [Encounter] Marjanah boosted ×4 +4 str (now 5). Cost: 4 cr.
[GameContext] [Encounter] Marjanah breaks 'End the run.' for 2 cr.
[GameContext] [Encounter] Marjanah breaks 'End the run.' for 2 cr.
[GameContext] [Encounter] Marjanah breaks 'End the run.' for 2 cr.
[GameContext] [Encounter] Marjanah breaks 'End the run.' for 2 cr.
[GameContext] [Encounter] Marjanah breaks 'Trash this ice.' for 2 cr.
[GameContext] [Encounter] Subroutine 0 broken.
[GameContext] [Encounter] Subroutine 1 broken.
[GameContext] [Encounter] Subroutine 2 broken.
[GameContext] [Encounter] Subroutine 3 broken.
[GameContext] [Encounter] Subroutine 4 broken.
[GameContext] Placed 1 power counter(s) on Marjanah.
[GameContext] [Approach] Runner approaches unrezzed ice (position 1).
[GameContext] [Approach] Corp declines to rez. Runner passes unrezzed ice.
[GameContext] Placed 1 power counter(s) on Marjanah.
[GameContext] [Approach] Runner approaches Maskirovka (position 2).
[GameContext] [Encounter] Runner encounters Maskirovka.
[GameContext] [Encounter] Marjanah breaks 'Gain 2[credit].' for 2 cr.
[GameContext] [Encounter] Marjanah breaks 'End the run.' for 2 cr.
[GameContext] [Encounter] Subroutine 0 broken.
[GameContext] [Encounter] Subroutine 1 broken.
[GameContext] Placed 1 power counter(s) on Marjanah.
[GameContext] [Movement] Runner approaches the server root.
[GameContext] [Success] Run successful on R&D!
[GameContext] [Debug/gain_on_success] run_modifiers at success: { "overclock_credits": 0, "concerto_credits": 0, "bad_pub_credits": 0 }
[GameContext] [Breach] Runner breaches R&D.
[GameContext] [Access] Runner accesses: Hákarl 1.0
[GameContext] [End] Run ended successfully.
[GameContext] Multifarious Marketeer draws Sure Gamble.
[GameContext] Multifarious Marketeer discards Daily Casts to hand limit. (5 cards remaining)
[GameContext] Precision Design draws Hákarl 1.0.
[GameContext] === Precision Design Turn 13 begins. Credits: 9, Clicks: 3 ===
[GameContext] Precision Design rezzes Mavirus for 3 cr.
[GameContext] [MCTS] slow search: 483 ms (100 iterations, depth 3)
[heartbeat] game 1/10 — turn 13, time 36s
[GameContext] Precision Design installs Ansel 1.0 in Server 2.
[GameContext] [MCTS] slow search: 736 ms (100 iterations, depth 3)
[GameContext] Precision Design installs Hákarl 1.0 in Server 3.
[GameContext] [MCTS] slow search: 730 ms (100 iterations, depth 3)
[GameContext] Spin Doctor: shuffled 2 card(s) from Archives into R&D.
[GameContext] Spin Doctor is trashed.
[GameContext] === Multifarious Marketeer Turn 14 begins. Credits: 0, Clicks: 4 ===
[GameContext] MuslihaT: Multifarious Marketeer peeks at the top of their stack.
[GameContext] MuslihaT: top card is not an icebreaker or run event — not revealed.
[GameContext] Cezve: recurring_credits refilled to 2.
[GameContext] Multifarious Marketeer draws Red Team.
[GameContext] Multifarious Marketeer draws Cezve.
[GameContext] Multifarious Marketeer draws Clean Getaway.
[GameContext] Multifarious Marketeer gains 1 credit. (1 total)
[GameContext] Multifarious Marketeer discards Red Team to hand limit. (5 cards remaining)
[GameContext] Multifarious Marketeer discards Red Team to hand limit. (5 cards remaining)
[GameContext] Multifarious Marketeer discards Clean Getaway to hand limit. (5 cards remaining)
[GameContext] Precision Design draws Government Subsidy.
[GameContext] === Precision Design Turn 14 begins. Credits: 6, Clicks: 3 ===
[GameContext] [MCTS] slow search: 711 ms (100 iterations, depth 3)
[GameContext] Precision Design gains 1 credit. (7 total)
[GameContext] [MCTS] slow search: 677 ms (100 iterations, depth 3)
[GameContext] Precision Design installs Spin Doctor in Server 2.
[heartbeat] game 1/10 — turn 14, time 41s
[GameContext] [MCTS] slow search: 434 ms (100 iterations, depth 3)
[GameContext] Precision Design gains 1 credit. (8 total)
[GameContext] === Multifarious Marketeer Turn 15 begins. Credits: 1, Clicks: 4 ===
[GameContext] MuslihaT: Multifarious Marketeer peeks at the top of their stack.
[GameContext] MuslihaT: top card is not an icebreaker or run event — not revealed.
[GameContext] Multifarious Marketeer draws Transfer of Wealth.
[GameContext] Run modifier set: transfer_of_wealth_on_success = 1
[GameContext] --- Run on HQ begins ---
[GameContext] [Initiation] Run declared on HQ.
[GameContext] [Approach] Runner approaches unrezzed ice (position 0).
[CorpRunAI] AI: rezzing Ivik would breach credit floor — holding.
[GameContext] [Approach] Corp declines to rez. Runner passes unrezzed ice.
[GameContext] Placed 1 power counter(s) on Marjanah.
[GameContext] [Approach] Runner approaches unrezzed ice (position 1).
[CorpRunAI] AI: rezzing Ivik would breach credit floor — holding.
[GameContext] [Approach] Corp declines to rez. Runner passes unrezzed ice.
[GameContext] Placed 1 power counter(s) on Marjanah.
[GameContext] [Approach] Runner approaches Envelopment (position 2).
[CorpRunAI] AI: rezzing Ivik would breach credit floor — holding.
[GameContext] [Encounter] Runner encounters Envelopment.
[GameContext] [Encounter] Envelopment: 4 dynamic ETR sub(s) from power counters.
[GameContext] [Encounter] Marjanah breaks 'End the run.' for 2 cr.
[GameContext] [Encounter] Marjanah breaks 'End the run.' for 2 cr.
[GameContext] [Encounter] Marjanah breaks 'End the run.' for 2 cr.
[GameContext] [Encounter] Marjanah breaks 'End the run.' for 2 cr.
[GameContext] [Encounter] Marjanah breaks 'Trash this ice.' for 2 cr.
[GameContext] [Encounter] Subroutine 0 broken.
[GameContext] [Encounter] Subroutine 1 broken.
[GameContext] [Encounter] Subroutine 2 broken.
[GameContext] [Encounter] Subroutine 3 broken.
[GameContext] [Encounter] Subroutine 4 broken.
[GameContext] Placed 1 power counter(s) on Marjanah.
[GameContext] [Movement] Runner approaches the server root.
[GameContext] [Success] Run successful on HQ!
[GameContext] [Debug/gain_on_success] run_modifiers at success: { "transfer_of_wealth_on_success": 1, "run_event_active": 1 }
[GameContext] Transfer of Wealth: Multifarious Marketeer takes 1 tag (1 total).
[GameContext] Transfer of Wealth: Precision Design loses 3 cr; Multifarious Marketeer gains 6 cr.
[GameContext] [Breach] Runner breaches HQ.
[GameContext] [Access] Runner accesses: Mavirus
[GameContext] [Mavirus] Rezzed — deals 1 net damage.
[GameContext] Runner takes 1 net damage.
[GameContext]   Trashed from grip: cezve
[GameContext] 1 card(s) trashed from Multifarious Marketeer's grip.
[GameContext] [Access] Runner may trash Mavirus for 0 credits (Runner has 7 total).
[GameContext] [Access] Runner accesses: Mavirus
[GameContext] [Mavirus] Rezzed — deals 1 net damage.
[GameContext] Runner takes 1 net damage.
[GameContext]   Trashed from grip: sure_gamble
[GameContext] 1 card(s) trashed from Multifarious Marketeer's grip.
[GameContext] [Access] Runner may trash Mavirus for 0 credits (Runner has 7 total).
[GameContext] [Access] Runner accesses: Echo
[GameContext] [End] Run ended successfully.
[GameContext] Multifarious Marketeer plays Transfer of Wealth.
[GameContext] --- Run on R&D begins ---
[GameContext] [Initiation] Run declared on R&D.
[GameContext] [Approach] Runner approaches Envelopment (position 0).
[GameContext] [Encounter] Runner encounters Envelopment.
[GameContext] [Encounter] Envelopment: 4 dynamic ETR sub(s) from power counters.
[GameContext] Cezve: spends 2 Cezve recurring credit(s) (0 remaining).
[GameContext] [Encounter] Marjanah breaks 'End the run.' for 2 cr.
[GameContext] [Encounter] Marjanah breaks 'End the run.' for 2 cr.
[GameContext] [Encounter] Marjanah breaks 'End the run.' for 2 cr.
[GameContext] [Encounter] Marjanah breaks 'End the run.' for 2 cr.
[GameContext] [Encounter] Subroutine 0 broken.
[GameContext] [Encounter] Subroutine 1 broken.
[GameContext] [Encounter] Subroutine 2 broken.
[GameContext] [Encounter] Subroutine 3 broken.
[GameContext] [Envelopment] is trashed.
[GameContext] Placed 1 power counter(s) on Marjanah.
[GameContext] [Approach] Runner approaches unrezzed ice (position 1).
[GameContext] [Approach] Corp declines to rez. Runner passes unrezzed ice.
[GameContext] Placed 1 power counter(s) on Marjanah.
[GameContext] [Approach] Runner approaches Maskirovka (position 2).
[GameContext] [Encounter] Runner encounters Maskirovka.
[GameContext] Precision Design gains 2 credits.
[GameContext] Run ended.
[GameContext] [Encounter] Run ended by subroutine.
[GameContext] [End] Run ended unsuccessfully.
[GameContext] Multifarious Marketeer draws The Class Act.
[GameContext] Precision Design draws Hákarl 1.0.
[GameContext] === Precision Design Turn 15 begins. Credits: 7, Clicks: 3 ===
[GameContext] Precision Design draws 2 card(s).
[GameContext] Precision Design rezzes Spin Doctor for 0 cr.
[GameContext] [MCTS] slow search: 608 ms (100 iterations, depth 3)
[GameContext] Precision Design installs Midnight-3 Arcology in Server 3.
[GameContext] [MCTS] slow search: 1282 ms (100 iterations, depth 3)
[GameContext] Precision Design advances Midnight-3 Arcology (1 counters).
[GameContext] [MCTS] slow search: 1427 ms (100 iterations, depth 3)
[GameContext] Precision Design advances Midnight-3 Arcology (2 counters).
[heartbeat] game 1/10 — turn 15, time 47s
[GameContext] Precision Design discards Government Subsidy to hand limit.
[GameContext] === Multifarious Marketeer Turn 16 begins. Credits: 1, Clicks: 4 ===
[GameContext] MuslihaT: Multifarious Marketeer peeks at the top of their stack.
[GameContext] MuslihaT: top card is not an icebreaker or run event — not revealed.
[GameContext] Cezve: recurring_credits refilled to 2.
[GameContext] Multifarious Marketeer gains 1 credit. (2 total)
[GameContext] --- Run on Server 3 begins ---
[GameContext] [Initiation] Run declared on Server 3.
[GameContext] [Approach] Runner approaches unrezzed ice (position 0).
[CorpRunAI] AI: Hákarl 1.0 — rez_cost=5  tax/enc=7.0  enc=2.5  LTV=17.5
[GameContext] [Rez] Corp rezzes Hákarl 1.0 for 5 credits.
[GameContext] [Encounter] Runner encounters Hákarl 1.0.
[GameContext] [Encounter] Marjanah breaks 'Do 1 core damage.' for 2 cr.
[GameContext] [Encounter] Subroutine 0 broken.
[GameContext] Run ended.
[GameContext] [Encounter] Run ended by subroutine.
[GameContext] [End] Run ended unsuccessfully.
[GameContext] Multifarious Marketeer draws Mutual Favor.
[GameContext] Multifarious Marketeer reveals and takes Carmen from their deck.
[GameContext] Multifarious Marketeer's deck is shuffled.
[GameContext] Multifarious Marketeer plays Mutual Favor.
[GameContext] Precision Design draws Spin Doctor.
[GameContext] === Precision Design Turn 16 begins. Credits: 0, Clicks: 3 ===
[GameContext] [MCTS] slow search: 1165 ms (100 iterations, depth 3)
[GameContext] Spin Doctor: shuffled 2 card(s) from Archives into R&D.
[GameContext] Spin Doctor is trashed.
[GameContext] [MCTS] slow search: 1446 ms (100 iterations, depth 3)
[GameContext] Precision Design gains 1 credit. (1 total)
[GameContext] [MCTS] slow search: 2037 ms (100 iterations, depth 3)
[GameContext] Precision Design advances Midnight-3 Arcology (3 counters).
[heartbeat] game 1/10 — turn 16, time 53s
[GameContext] Precision Design discards Spin Doctor to hand limit.
[GameContext] === Multifarious Marketeer Turn 17 begins. Credits: 0, Clicks: 4 ===
[GameContext] MuslihaT: Multifarious Marketeer peeks at the top of their stack.
[GameContext] MuslihaT: top card is not an icebreaker or run event — not revealed.
[GameContext] Multifarious Marketeer gains 1 credit. (1 total)
[GameContext] Multifarious Marketeer gains 1 credit. (2 total)
[GameContext] Multifarious Marketeer gains 1 credit. (3 total)
[GameContext] --- Run on Server 3 begins ---
[GameContext] [Initiation] Run declared on Server 3.
[GameContext] [Approach] Runner approaches Hákarl 1.0 (position 0).
[GameContext] [Encounter] Runner encounters Hákarl 1.0.
[GameContext] [Encounter] Marjanah breaks 'Do 1 core damage.' for 2 cr.
[GameContext] [Encounter] Subroutine 0 broken.
[GameContext] Run ended.
[GameContext] [Encounter] Run ended by subroutine.
[GameContext] [End] Run ended unsuccessfully.
[GameContext] Precision Design draws Trieste Model Bioroids.
[GameContext] === Precision Design Turn 17 begins. Credits: 0, Clicks: 3 ===
[GameContext] [MCTS] slow search: 1278 ms (100 iterations, depth 3)
[GameContext] Precision Design gains 1 credit. (1 total)
[GameContext] [MCTS] Scoring line detected — executing: Advance midnight_3_arcology
[GameContext] Precision Design advances Midnight-3 Arcology (4 counters).
[GameContext] Precision Design scores Midnight-3 Arcology! (2 agenda points)
[GameContext] Precision Design draws 3 card(s).
[GameContext] Precision Design skips the discard phase this turn.
[GameContext] Precision Design: Precision Design adds Extract from Archives to HQ.
[GameContext] [MCTS] slow search: 1875 ms (100 iterations, depth 3)
[GameContext] Precision Design gains 1 credit. (1 total)
[GameContext] Precision Design skips the discard phase this turn (Midnight-3 Arcology).
[GameContext] === Multifarious Marketeer Turn 18 begins. Credits: 1, Clicks: 4 ===
[GameContext] MuslihaT: Multifarious Marketeer peeks at the top of their stack.
[GameContext] MuslihaT: top card is not an icebreaker or run event — not revealed.
[GameContext] Multifarious Marketeer gains 1 credit. (2 total)
[GameContext] Multifarious Marketeer removes 1 tag (0 remaining). [paid 2cr]
[GameContext] Multifarious Marketeer draws Overclock.
[GameContext] Multifarious Marketeer draws Pinhole Threading.
[GameContext] Multifarious Marketeer discards The Class Act to hand limit. (5 cards remaining)
[GameContext] Multifarious Marketeer discards Overclock to hand limit. (5 cards remaining)
[heartbeat] game 1/10 — turn 18, time 58s
[GameContext] Precision Design draws Ivik.
[GameContext] === Precision Design Turn 18 begins. Credits: 1, Clicks: 3 ===
[GameContext] [MCTS] slow search: 1249 ms (100 iterations, depth 3)
[GameContext] Precision Design gains 1 credit. (2 total)
[GameContext] [MCTS] slow search: 1726 ms (100 iterations, depth 3)
[GameContext] Precision Design gains 1 credit. (3 total)
[GameContext] [MCTS] slow search: 1687 ms (100 iterations, depth 3)
[GameContext] Precision Design gains 6 credits.
[GameContext] Precision Design plays Extract.
[heartbeat] game 1/10 — turn 18, time 63s
[GameContext] Precision Design discards Extract to hand limit.
[GameContext] Precision Design discards Government Subsidy to hand limit.
[GameContext] Precision Design discards Regolith Mining License to hand limit.
[GameContext] Precision Design discards Trieste Model Bioroids to hand limit.
[GameContext] Precision Design discards Trieste Model Bioroids to hand limit.
[GameContext] === Multifarious Marketeer Turn 19 begins. Credits: 0, Clicks: 4 ===
[GameContext] MuslihaT: Multifarious Marketeer peeks at the top of their stack.
[GameContext] MuslihaT: top card is not an icebreaker or run event — not revealed.
[GameContext] Multifarious Marketeer gains 1 credit. (1 total)
[GameContext] Multifarious Marketeer plays Pinhole Threading.
[GameContext] Multifarious Marketeer draws Jailbreak.
[GameContext] Run modifier set: bonus_access = 1
[GameContext] --- Run on HQ begins ---
[GameContext] [Initiation] Run declared on HQ.
[GameContext] [Approach] Runner approaches unrezzed ice (position 0).
[GameContext] [Approach] Corp declines to rez. Runner passes unrezzed ice.
[GameContext] Placed 1 power counter(s) on Marjanah.
[GameContext] [Approach] Runner approaches unrezzed ice (position 1).
[GameContext] [Approach] Corp declines to rez. Runner passes unrezzed ice.
[GameContext] Placed 1 power counter(s) on Marjanah.
[GameContext] [Approach] Runner approaches Envelopment (position 2).
[GameContext] [Encounter] Runner encounters Envelopment.
[GameContext] [Encounter] Envelopment: 4 dynamic ETR sub(s) from power counters.
[GameContext] [Encounter] Marjanah breaks 'End the run.' for 2 cr.
[GameContext] [Encounter] Marjanah breaks 'End the run.' for 2 cr.
[GameContext] [Encounter] Marjanah breaks 'End the run.' for 2 cr.
[GameContext] [Encounter] Marjanah breaks 'End the run.' for 2 cr.
[GameContext] [Encounter] Marjanah breaks 'Trash this ice.' for 2 cr.
[GameContext] [Encounter] Subroutine 0 broken.
[GameContext] [Encounter] Subroutine 1 broken.
[GameContext] [Encounter] Subroutine 2 broken.
[GameContext] [Encounter] Subroutine 3 broken.
[GameContext] [Encounter] Subroutine 4 broken.
[GameContext] Placed 1 power counter(s) on Marjanah.
[GameContext] [Movement] Runner approaches the server root.
[GameContext] [Success] Run successful on HQ!
[GameContext] [Debug/gain_on_success] run_modifiers at success: { "bonus_access": 1, "run_event_active": 1 }
[GameContext] [Breach] Runner breaches HQ.
[GameContext] [Breach] Bonus access: 1 extra card(s).
[GameContext] [Access] Runner accesses: Mavirus
[GameContext] [Mavirus] Rezzed — deals 1 net damage.
[GameContext] Runner takes 1 net damage.
[GameContext]   Trashed from grip: carmen
[GameContext] 1 card(s) trashed from Multifarious Marketeer's grip.
[GameContext] [Access] Runner may trash Mavirus for 0 credits (Runner has 0 total).
[GameContext] [Access] Runner accesses: Mavirus
[GameContext] [Mavirus] Rezzed — deals 1 net damage.
[GameContext] Runner takes 1 net damage.
[GameContext]   Trashed from grip: boomerang
[GameContext] 1 card(s) trashed from Multifarious Marketeer's grip.
[GameContext] [Access] Runner may trash Mavirus for 0 credits (Runner has 0 total).
[GameContext] [Access] Runner accesses: Hákarl 1.0
[GameContext] [Access] Runner accesses: Maskirovka
[GameContext] [End] Run ended successfully.
[GameContext] Multifarious Marketeer plays Jailbreak.
[GameContext] Precision Design draws Regolith Mining License.
[GameContext] === Precision Design Turn 19 begins. Credits: 6, Clicks: 3 ===
[GameContext] [MCTS] slow search: 1058 ms (100 iterations, depth 3)
[GameContext] Precision Design draws Midnight-3 Arcology.
[GameContext] [MCTS] slow search: 1334 ms (100 iterations, depth 3)
[GameContext] Precision Design installs Midnight-3 Arcology in Server 3.
[GameContext] [MCTS] slow search: 1754 ms (100 iterations, depth 3)
[GameContext] Precision Design pays 1 credit(s) to install ice.
[GameContext] Precision Design installs Echo in Server 3.
[heartbeat] game 1/10 — turn 19, time 69s
[GameContext] === Multifarious Marketeer Turn 20 begins. Credits: 0, Clicks: 4 ===
[GameContext] MuslihaT: Multifarious Marketeer peeks at the top of their stack.
[GameContext] MuslihaT: top card is not an icebreaker or run event — not revealed.
[GameContext] Multifarious Marketeer draws Backstitching.
[GameContext] Multifarious Marketeer draws Marjanah.
[GameContext] Multifarious Marketeer draws No Free Lunch.
[GameContext] Multifarious Marketeer draws Cat's Cradle.
[GameContext] Multifarious Marketeer discards No Free Lunch to hand limit. (5 cards remaining)
[GameContext] Precision Design draws Hedge Fund.
[GameContext] === Precision Design Turn 20 begins. Credits: 5, Clicks: 3 ===
[GameContext] [MCTS] slow search: 1593 ms (100 iterations, depth 3)
[GameContext] Precision Design pays 2 credit(s) to install ice.
[GameContext] Precision Design installs Maskirovka in R&D.
[GameContext] [MCTS] slow search: 1393 ms (100 iterations, depth 3)
[GameContext] Precision Design draws Élivágar Bifurcation.
[GameContext] [MCTS] slow search: 1488 ms (100 iterations, depth 3)
[GameContext] Precision Design advances Midnight-3 Arcology (1 counters).
[heartbeat] game 1/10 — turn 20, time 75s
[GameContext] Precision Design discards Hedge Fund to hand limit.
[GameContext] === Multifarious Marketeer Turn 21 begins. Credits: 0, Clicks: 4 ===
[GameContext] MuslihaT: Multifarious Marketeer peeks at the top of their stack.
[GameContext] MuslihaT: top card is not an icebreaker or run event — not revealed.
[GameContext] Multifarious Marketeer draws Bravado.
[GameContext] Multifarious Marketeer draws Cezve.
[GameContext] Multifarious Marketeer draws Daily Casts.
[GameContext] Multifarious Marketeer gains 1 credit. (1 total)
[GameContext] Multifarious Marketeer discards Backstitching to hand limit. (5 cards remaining)
[GameContext] Multifarious Marketeer discards Daily Casts to hand limit. (5 cards remaining)
[GameContext] Multifarious Marketeer discards Bravado to hand limit. (5 cards remaining)
[GameContext] Precision Design draws Echo.
[GameContext] === Precision Design Turn 21 begins. Credits: 2, Clicks: 3 ===
[GameContext] [MCTS] slow search: 1137 ms (100 iterations, depth 3)
[GameContext] Precision Design advances Midnight-3 Arcology (2 counters).
[GameContext] [MCTS] slow search: 1136 ms (100 iterations, depth 3)
[GameContext] Precision Design installs Élivágar Bifurcation in Server 0.
[GameContext] [MCTS] slow search: 1355 ms (100 iterations, depth 3)
[GameContext] Precision Design advances Élivágar Bifurcation (1 counters).
[heartbeat] game 1/10 — turn 21, time 80s
[GameContext] === Multifarious Marketeer Turn 22 begins. Credits: 1, Clicks: 4 ===
[GameContext] MuslihaT: Multifarious Marketeer peeks at the top of their stack.
[GameContext] MuslihaT: top card is not an icebreaker or run event — not revealed.
[GameContext] Multifarious Marketeer gains 1 credit. (2 total)
[GameContext] Multifarious Marketeer gains 1 credit. (3 total)
[GameContext] Multifarious Marketeer gains 1 credit. (4 total)
[GameContext] --- Run on Server 3 begins ---
[GameContext] [Initiation] Run declared on Server 3.
[GameContext] [Approach] Runner approaches unrezzed ice (position 0).
[GameContext] [Approach] Corp declines to rez. Runner passes unrezzed ice.
[GameContext] Placed 1 power counter(s) on Marjanah.
[GameContext] [Approach] Runner approaches Hákarl 1.0 (position 1).
[GameContext] [Encounter] Runner encounters Hákarl 1.0.
[GameContext] [Encounter] Marjanah breaks 'Do 1 core damage.' for 2 cr.
[GameContext] [Encounter] Marjanah breaks 'End the run.' for 2 cr.
[GameContext] [Encounter] Subroutine 0 broken.
[GameContext] [Encounter] Subroutine 1 broken.
[GameContext] Placed 1 power counter(s) on Marjanah.
[GameContext] [Movement] Runner approaches the server root.
[GameContext] [Success] Run successful on Server 3!
[GameContext] [Debug/gain_on_success] run_modifiers at success: { "overclock_credits": 0, "concerto_credits": 0, "bad_pub_credits": 0 }
[GameContext] [Breach] Runner breaches Server 3.
[GameContext] [Access] Runner accesses: Midnight-3 Arcology
[GameContext] [Access] Runner steals Midnight-3 Arcology! (2 agenda points)
[GameContext] [End] Run ended successfully.
[GameContext] Precision Design deck is empty — Precision Design loses!
[GameContext] Game over — Multifarious Marketeer wins. Corp could not draw (empty R&D)
[GameContext] === Precision Design Turn 22 begins. Credits: 0, Clicks: 3 ===
  [  1/ 10]  RUNNER    Corp could not draw (empty R&D)   22 turns
[GameContext] Precision Design draws Élivágar Bifurcation.
[GameContext] === Precision Design Turn 1 begins. Credits: 5, Clicks: 3 ===
[GameContext] [MCTS] slow search: 514 ms (100 iterations, depth 3)
[GameContext] Precision Design installs Envelopment in HQ.
[GameContext] [MCTS] slow search: 518 ms (100 iterations, depth 3)
[GameContext] Precision Design installs Echo in R&D.
[GameContext] [MCTS] slow search: 456 ms (100 iterations, depth 3)
[GameContext] Precision Design installs Ansel 1.0 in Server 0.
[GameContext] === Multifarious Marketeer Turn 2 begins. Credits: 5, Clicks: 4 ===
[GameContext] MuslihaT: Multifarious Marketeer peeks at the top of their stack.
[GameContext] MuslihaT: Multifarious Marketeer declines.
[GameContext] Run modifier set: bonus_access = 1
[GameContext] --- Run on HQ begins ---
[GameContext] [Initiation] Run declared on HQ.
[GameContext] [Approach] Runner approaches unrezzed ice (position 0).
[CorpRunAI] AI: rezzing Envelopment would breach credit floor — holding.
[GameContext] [Approach] Corp declines to rez. Runner passes unrezzed ice.
[GameContext] [Movement] Runner approaches the server root.
[GameContext] [Success] Run successful on HQ!
[GameContext] [Debug/gain_on_success] run_modifiers at success: { "bonus_access": 1, "run_event_active": 1 }
[GameContext] [Breach] Runner breaches HQ.
[GameContext] [Breach] Bonus access: 1 extra card(s).
[GameContext] [Access] Runner accesses: Extract
[GameContext] [Access] Runner accesses: Hákarl 1.0
[GameContext] [End] Run ended successfully.
[GameContext] Multifarious Marketeer plays Jailbreak.
[GameContext] Run modifier set: gain_on_success = 6
[GameContext] --- Run on HQ begins ---
[GameContext] [Initiation] Run declared on HQ.
[GameContext] [Approach] Runner approaches unrezzed ice (position 0).
[CorpRunAI] AI: rezzing Envelopment would breach credit floor — holding.
[GameContext] [Approach] Corp declines to rez. Runner passes unrezzed ice.
[GameContext] [Movement] Runner approaches the server root.
[GameContext] [Success] Run successful on HQ!
[GameContext] [Debug/gain_on_success] run_modifiers at success: { "gain_on_success": 6, "run_event_active": 1 }
[GameContext] Multifarious Marketeer gains 6 cr (run successful).
[GameContext] [Breach] Runner breaches HQ.
[GameContext] [Access] Runner accesses: Élivágar Bifurcation
[GameContext] [Access] Runner steals Élivágar Bifurcation! (1 agenda points)
[GameContext] [End] Run ended successfully.
[GameContext] Multifarious Marketeer plays Clean Getaway.
[GameContext] --- Run on R&D begins ---
[GameContext] [Initiation] Run declared on R&D.
[GameContext] [Approach] Runner approaches unrezzed ice (position 0).
[GameContext] [Approach] Corp declines to rez. Runner passes unrezzed ice.
[GameContext] [Movement] Runner approaches the server root.
[GameContext] [Success] Run successful on R&D!
[GameContext] [Debug/gain_on_success] run_modifiers at success: {  }
[GameContext] [Breach] Runner breaches R&D.
[GameContext] [Access] Runner accesses: Midnight-3 Arcology
[GameContext] [Access] Runner steals Midnight-3 Arcology! (2 agenda points)
[GameContext] [End] Run ended successfully.
[GameContext] Run modifier set: transfer_of_wealth_on_success = 1
[GameContext] --- Run on HQ begins ---
[GameContext] [Initiation] Run declared on HQ.
[GameContext] [Approach] Runner approaches unrezzed ice (position 0).
[CorpRunAI] AI: rezzing Envelopment would breach credit floor — holding.
[GameContext] [Approach] Corp declines to rez. Runner passes unrezzed ice.
[GameContext] [Movement] Runner approaches the server root.
[GameContext] [Success] Run successful on HQ!
[GameContext] [Debug/gain_on_success] run_modifiers at success: { "transfer_of_wealth_on_success": 1, "run_event_active": 1 }
[GameContext] Transfer of Wealth: Multifarious Marketeer takes 1 tag (1 total).
[GameContext] Transfer of Wealth: Precision Design loses 3 cr; Multifarious Marketeer gains 6 cr.
[GameContext] [Breach] Runner breaches HQ.
[GameContext] [Access] Runner accesses: Hákarl 1.0
[GameContext] [End] Run ended successfully.
[GameContext] Multifarious Marketeer plays Transfer of Wealth.
[GameContext] Precision Design draws Ivik.
[GameContext] === Precision Design Turn 2 begins. Credits: 2, Clicks: 3 ===
[GameContext] [MCTS] slow search: 378 ms (100 iterations, depth 3)
[GameContext] Precision Design draws Spin Doctor.
[GameContext] [MCTS] slow search: 587 ms (100 iterations, depth 3)
[GameContext] Precision Design gains 1 credit. (3 total)
[heartbeat] game 2/10 — turn 2, time 85s
[GameContext] [MCTS] slow search: 644 ms (100 iterations, depth 3)
[GameContext] Precision Design gains 6 credits.
[GameContext] Precision Design plays Extract.
[GameContext] === Multifarious Marketeer Turn 3 begins. Credits: 14, Clicks: 4 ===
[GameContext] MuslihaT: Multifarious Marketeer peeks at the top of their stack.
[GameContext] MuslihaT: Multifarious Marketeer declines.
[GameContext] --- Run on R&D begins ---
[GameContext] [Initiation] Run declared on R&D.
[GameContext] [Approach] Runner approaches unrezzed ice (position 0).
[GameContext] [Approach] Corp declines to rez. Runner passes unrezzed ice.
[GameContext] [Movement] Runner approaches the server root.
[GameContext] [Success] Run successful on R&D!
[GameContext] [Debug/gain_on_success] run_modifiers at success: {  }
[GameContext] [Breach] Runner breaches R&D.
[GameContext] [Access] Runner accesses: Extract
[GameContext] [End] Run ended successfully.
[GameContext] --- Run on HQ begins ---
[GameContext] [Initiation] Run declared on HQ.
[GameContext] [Approach] Runner approaches unrezzed ice (position 0).
[CorpRunAI] AI: rezzing Envelopment would breach credit floor — holding.
[GameContext] [Approach] Corp declines to rez. Runner passes unrezzed ice.
[GameContext] [Movement] Runner approaches the server root.
[GameContext] [Success] Run successful on HQ!
[GameContext] [Debug/gain_on_success] run_modifiers at success: {  }
[GameContext] [Breach] Runner breaches HQ.
[GameContext] [Access] Runner accesses: Ivik
[GameContext] [End] Run ended successfully.
[GameContext] Multifarious Marketeer removes 1 tag (0 remaining). [paid 2cr]
[GameContext] Multifarious Marketeer draws Transfer of Wealth.
[GameContext] Precision Design draws Extract.
[GameContext] === Precision Design Turn 3 begins. Credits: 6, Clicks: 3 ===
[GameContext] [MCTS] slow search: 511 ms (100 iterations, depth 3)
[GameContext] Precision Design gains 6 credits.
[GameContext] Precision Design plays Extract.
[GameContext] [MCTS] slow search: 381 ms (100 iterations, depth 3)
[GameContext] Precision Design draws Ansel 1.0.
[GameContext] [MCTS] slow search: 668 ms (100 iterations, depth 3)
[GameContext] Precision Design gains 1 credit. (10 total)
[GameContext] === Multifarious Marketeer Turn 4 begins. Credits: 12, Clicks: 4 ===
[GameContext] MuslihaT: Multifarious Marketeer peeks at the top of their stack.
[GameContext] MuslihaT: Multifarious Marketeer declines.
[GameContext] --- Run on R&D begins ---
[GameContext] [Initiation] Run declared on R&D.
[GameContext] [Approach] Runner approaches unrezzed ice (position 0).
[GameContext] [Approach] Corp declines to rez. Runner passes unrezzed ice.
[GameContext] [Movement] Runner approaches the server root.
[GameContext] [Success] Run successful on R&D!
[GameContext] [Debug/gain_on_success] run_modifiers at success: {  }
[GameContext] [Breach] Runner breaches R&D.
[GameContext] [Access] Runner accesses: Hedge Fund
[GameContext] [End] Run ended successfully.
[GameContext] Run modifier set: transfer_of_wealth_on_success = 1
[GameContext] --- Run on HQ begins ---
[GameContext] [Initiation] Run declared on HQ.
[GameContext] [Approach] Runner approaches unrezzed ice (position 0).
[CorpRunAI] AI: Envelopment — rez_cost=5  tax/enc=9.0  enc=3.0  LTV=27.0
[GameContext] [Rez] Corp rezzes Envelopment for 5 credits.
[GameContext] Placed 4 power counter(s) on Envelopment.
[GameContext] [Encounter] Runner encounters Envelopment.
[GameContext] [Encounter] Envelopment: 4 dynamic ETR sub(s) from power counters.
[GameContext] Run ended.
[GameContext] [Encounter] Run ended by subroutine.
[GameContext] [End] Run ended unsuccessfully.
[GameContext] Multifarious Marketeer plays Transfer of Wealth.
[GameContext] Multifarious Marketeer draws Cezve.
[GameContext] Multifarious Marketeer draws Mutual Favor.
[GameContext] Precision Design draws Hedge Fund.
[GameContext] === Precision Design Turn 4 begins. Credits: 5, Clicks: 3 ===
[GameContext] [MCTS] slow search: 732 ms (100 iterations, depth 3)
[heartbeat] game 2/10 — turn 4, time 90s
[GameContext] Precision Design gains 1 credit. (6 total)
[GameContext] [MCTS] slow search: 732 ms (100 iterations, depth 3)
[GameContext] Precision Design gains 9 credits.
[GameContext] Precision Design plays Hedge Fund.
[GameContext] [MCTS] slow search: 607 ms (100 iterations, depth 3)
[GameContext] Precision Design gains 1 credit. (11 total)
[GameContext] === Multifarious Marketeer Turn 5 begins. Credits: 12, Clicks: 4 ===
[GameContext] MuslihaT: Multifarious Marketeer peeks at the top of their stack.
[GameContext] MuslihaT: Multifarious Marketeer declines.
[GameContext] --- Run on R&D begins ---
[GameContext] [Initiation] Run declared on R&D.
[GameContext] [Approach] Runner approaches unrezzed ice (position 0).
[GameContext] [Approach] Corp declines to rez. Runner passes unrezzed ice.
[GameContext] [Movement] Runner approaches the server root.
[GameContext] [Success] Run successful on R&D!
[GameContext] [Debug/gain_on_success] run_modifiers at success: {  }
[GameContext] [Breach] Runner breaches R&D.
[GameContext] [Access] Runner accesses: Midnight-3 Arcology
[GameContext] [Access] Runner steals Midnight-3 Arcology! (2 agenda points)
[GameContext] [End] Run ended successfully.
[GameContext] Multifarious Marketeer reveals and takes Revolver from their deck.
[GameContext] Multifarious Marketeer's deck is shuffled.
[GameContext] Multifarious Marketeer plays Mutual Favor.
Player install: card is: Revolver and charged cost is: 2
[GameContext] Placed 6 power counter(s) on Revolver.
[GameContext] Multifarious Marketeer installs Revolver. [MU: 1/4 used]
[GameContext] Multifarious Marketeer draws Carmen.
[GameContext] Precision Design draws Mavirus.
[GameContext] === Precision Design Turn 5 begins. Credits: 11, Clicks: 3 ===
[GameContext] [MCTS] slow search: 866 ms (100 iterations, depth 3)
[GameContext] Precision Design gains 1 credit. (12 total)
[GameContext] [MCTS] slow search: 892 ms (100 iterations, depth 3)
[GameContext] Precision Design pays 1 credit(s) to install ice.
[GameContext] Precision Design installs Ansel 1.0 in HQ.
[heartbeat] game 2/10 — turn 5, time 95s
[GameContext] [MCTS] slow search: 619 ms (100 iterations, depth 3)
[GameContext] Precision Design gains 1 credit. (12 total)
[GameContext] === Multifarious Marketeer Turn 6 begins. Credits: 10, Clicks: 4 ===
[GameContext] MuslihaT: Multifarious Marketeer peeks at the top of their stack.
[GameContext] MuslihaT: top card is not an icebreaker or run event — not revealed.
[GameContext] --- Run on R&D begins ---
[GameContext] [Initiation] Run declared on R&D.
[GameContext] [Approach] Runner approaches unrezzed ice (position 0).
[GameContext] [Approach] Corp declines to rez. Runner passes unrezzed ice.
[GameContext] [Movement] Runner approaches the server root.
[GameContext] [Success] Run successful on R&D!
[GameContext] [Debug/gain_on_success] run_modifiers at success: {  }
[GameContext] [Breach] Runner breaches R&D.
[GameContext] [Access] Runner accesses: Echo
[GameContext] [End] Run ended successfully.
[GameContext] Multifarious Marketeer draws Bravado.
[GameContext] --- Run on HQ begins ---
[GameContext] [Initiation] Run declared on HQ.
[GameContext] [Approach] Runner approaches unrezzed ice (position 0).
[CorpRunAI] AI: Ansel 1.0 — rez_cost=6  tax/enc=3.0  enc=3.0  LTV=9.0
[GameContext] [Rez] Corp rezzes Ansel 1.0 for 6 credits.
[GameContext] [Encounter] Runner encounters Ansel 1.0.
[GameContext] No valid Multifarious Marketeer cards to trash.
[GameContext] Precision Design installs Ivik from HQ on HQ (ignoring costs).
[GameContext] Run ended.
[GameContext] [Encounter] Run ended by subroutine.
[GameContext] [End] Run ended unsuccessfully.
[GameContext] [Bravado] Run unsuccessful — no bonus credits.
[GameContext] Multifarious Marketeer plays Bravado.
[GameContext] Multifarious Marketeer draws Sure Gamble.
[GameContext] Precision Design draws Echo.
[GameContext] === Precision Design Turn 6 begins. Credits: 6, Clicks: 3 ===
[GameContext] [MCTS] slow search: 693 ms (100 iterations, depth 3)
[GameContext] Precision Design gains 1 credit. (7 total)
[GameContext] [MCTS] slow search: 670 ms (100 iterations, depth 3)
[GameContext] Precision Design gains 1 credit. (8 total)
[GameContext] [MCTS] slow search: 635 ms (100 iterations, depth 3)
[GameContext] Precision Design gains 1 credit. (9 total)
[GameContext] === Multifarious Marketeer Turn 7 begins. Credits: 7, Clicks: 4 ===
[GameContext] MuslihaT: Multifarious Marketeer peeks at the top of their stack.
[GameContext] MuslihaT: top card is not an icebreaker or run event — not revealed.
[GameContext] Multifarious Marketeer gains 9 credits.
[GameContext] Multifarious Marketeer plays Sure Gamble.
[GameContext] --- Run on R&D begins ---
[GameContext] [Initiation] Run declared on R&D.
[GameContext] [Approach] Runner approaches unrezzed ice (position 0).
[GameContext] [Approach] Corp declines to rez. Runner passes unrezzed ice.
[GameContext] [Movement] Runner approaches the server root.
[GameContext] [Success] Run successful on R&D!
[GameContext] [Debug/gain_on_success] run_modifiers at success: {  }
[GameContext] [Breach] Runner breaches R&D.
[GameContext] [Access] Runner accesses: Trieste Model Bioroids
[GameContext] [Access] Runner may trash Trieste Model Bioroids for 3 credits (Runner has 11 total).
[GameContext] [Access] Runner trashes Trieste Model Bioroids.
[GameContext] [End] Run ended successfully.
[GameContext] Multifarious Marketeer draws Red Team.
[GameContext] Multifarious Marketeer gains 1 credit. (9 total)
[GameContext] Precision Design draws Mavirus.
[GameContext] === Precision Design Turn 7 begins. Credits: 9, Clicks: 3 ===
[GameContext] [MCTS] slow search: 787 ms (100 iterations, depth 3)
[heartbeat] game 2/10 — turn 7, time 100s
[GameContext] Precision Design gains 1 credit. (10 total)
[GameContext] [MCTS] slow search: 780 ms (100 iterations, depth 3)
[GameContext] Precision Design installs Mavirus in Server 1.
[GameContext] [MCTS] slow search: 761 ms (100 iterations, depth 3)
[GameContext] Precision Design gains 1 credit. (11 total)
[GameContext] === Multifarious Marketeer Turn 8 begins. Credits: 9, Clicks: 4 ===
[GameContext] MuslihaT: Multifarious Marketeer peeks at the top of their stack.
[GameContext] MuslihaT: top card is not an icebreaker or run event — not revealed.
[GameContext] --- Run on R&D begins ---
[GameContext] [Initiation] Run declared on R&D.
[GameContext] [Approach] Runner approaches unrezzed ice (position 0).
[GameContext] [Approach] Corp declines to rez. Runner passes unrezzed ice.
[GameContext] [Movement] Runner approaches the server root.
[GameContext] [Success] Run successful on R&D!
[GameContext] [Debug/gain_on_success] run_modifiers at success: {  }
[GameContext] [Breach] Runner breaches R&D.
[GameContext] [Access] Runner accesses: Trieste Model Bioroids
[GameContext] [Access] Runner may trash Trieste Model Bioroids for 3 credits (Runner has 9 total).
[GameContext] [Access] Runner trashes Trieste Model Bioroids.
[GameContext] [End] Run ended successfully.
[GameContext] Multifarious Marketeer gains 1 credit. (7 total)
[GameContext] Multifarious Marketeer gains 1 credit. (8 total)
[GameContext] Multifarious Marketeer gains 1 credit. (9 total)
[GameContext] Precision Design draws Regolith Mining License.
[GameContext] === Precision Design Turn 8 begins. Credits: 11, Clicks: 3 ===
[GameContext] Precision Design rezzes Mavirus for 3 cr.
[GameContext] [MCTS] slow search: 1095 ms (100 iterations, depth 3)
[GameContext] Precision Design installs Mavirus in R&D.
[GameContext] [MCTS] slow search: 770 ms (100 iterations, depth 3)
[GameContext] Precision Design gains 1 credit. (9 total)
[heartbeat] game 2/10 — turn 8, time 105s
[GameContext] [MCTS] slow search: 873 ms (100 iterations, depth 3)
[GameContext] Precision Design gains 1 credit. (10 total)
[GameContext] === Multifarious Marketeer Turn 9 begins. Credits: 9, Clicks: 4 ===
[GameContext] MuslihaT: Multifarious Marketeer peeks at the top of their stack.
[GameContext] MuslihaT: top card is not an icebreaker or run event — not revealed.
[GameContext] --- Run on R&D begins ---
[GameContext] [Initiation] Run declared on R&D.
[GameContext] [Rez] Corp rezzes Mavirus for 3 credits.
[GameContext] [Approach] Runner approaches unrezzed ice (position 0).
[GameContext] [Approach] Corp declines to rez. Runner passes unrezzed ice.
[GameContext] [Movement] Runner approaches the server root.
[GameContext] [Success] Run successful on R&D!
[GameContext] [Debug/gain_on_success] run_modifiers at success: {  }
[GameContext] [Breach] Runner breaches R&D.
[GameContext] [Access] Runner accesses: Mavirus
[GameContext] [Mavirus] Rezzed — deals 1 net damage.
[GameContext] Runner takes 1 net damage.
[GameContext]   Trashed from grip: carmen
[GameContext] 1 card(s) trashed from Multifarious Marketeer's grip.
[GameContext] [Access] Runner may trash Mavirus for 0 credits (Runner has 9 total).
[GameContext] [Access] Runner accesses: Maskirovka
[GameContext] [End] Run ended successfully.
[GameContext] Multifarious Marketeer draws Marjanah.
Player install: card is: Marjanah and charged cost is: 0
[GameContext] Multifarious Marketeer installs Marjanah. [MU: 2/4 used]
[GameContext] Multifarious Marketeer draws Red Team.
[GameContext] Precision Design draws Maskirovka.
[GameContext] === Precision Design Turn 9 begins. Credits: 7, Clicks: 3 ===
[GameContext] Precision Design pays 1 credit(s) to install ice.
[GameContext] Precision Design installs Echo in R&D.
[GameContext] Precision Design gains 1 credit. (7 total)
[GameContext] Precision Design gains 1 credit. (8 total)
[GameContext] === Multifarious Marketeer Turn 10 begins. Credits: 9, Clicks: 4 ===
[GameContext] MuslihaT: Multifarious Marketeer peeks at the top of their stack.
[GameContext] MuslihaT: top card is not an icebreaker or run event — not revealed.
[GameContext] --- Run on R&D begins ---
[GameContext] [Initiation] Run declared on R&D.
[GameContext] [Approach] Runner approaches unrezzed ice (position 0).
[GameContext] [Approach] Corp declines to rez. Runner passes unrezzed ice.
[GameContext] Placed 1 power counter(s) on Marjanah.
[GameContext] [Approach] Runner approaches unrezzed ice (position 1).
[GameContext] [Approach] Corp declines to rez. Runner passes unrezzed ice.
[GameContext] Placed 1 power counter(s) on Marjanah.
[GameContext] [Movement] Runner approaches the server root.
[GameContext] [Success] Run successful on R&D!
[GameContext] [Debug/gain_on_success] run_modifiers at success: {  }
[GameContext] [Breach] Runner breaches R&D.
[GameContext] [Access] Runner accesses: Mavirus
[GameContext] [Mavirus] Rezzed — deals 1 net damage.
[GameContext] Runner takes 1 net damage.
[GameContext]   Trashed from grip: cezve
[GameContext] 1 card(s) trashed from Multifarious Marketeer's grip.
[GameContext] [Access] Runner may trash Mavirus for 0 credits (Runner has 9 total).
[GameContext] [Access] Runner accesses: Ivik
[GameContext] [End] Run ended successfully.
[GameContext] Multifarious Marketeer draws Boomerang.
[GameContext] Multifarious Marketeer gains 1 credit. (10 total)
[GameContext] Multifarious Marketeer gains 1 credit. (11 total)
[GameContext] Precision Design draws Ivik.
[GameContext] === Precision Design Turn 10 begins. Credits: 8, Clicks: 3 ===
[GameContext] Precision Design gains 1 credit. (9 total)
[GameContext] Precision Design gains 1 credit. (10 total)
[GameContext] Precision Design pays 2 credit(s) to install ice.
[GameContext] Precision Design installs Hákarl 1.0 in R&D.
[heartbeat] game 2/10 — turn 10, time 110s
[GameContext] === Multifarious Marketeer Turn 11 begins. Credits: 11, Clicks: 4 ===
[GameContext] MuslihaT: Multifarious Marketeer peeks at the top of their stack.
[GameContext] MuslihaT: top card is not an icebreaker or run event — not revealed.
[GameContext] --- Run on R&D begins ---
[GameContext] [Initiation] Run declared on R&D.
[GameContext] [Approach] Runner approaches unrezzed ice (position 0).
[CorpRunAI] AI: Hákarl 1.0 — rez_cost=5  tax/enc=7.0  enc=3.0  LTV=21.0
[GameContext] [Rez] Corp rezzes Hákarl 1.0 for 5 credits.
[GameContext] [Encounter] Runner encounters Hákarl 1.0.
[GameContext] [Encounter] Marjanah boosted  +1 str (now 4). Cost: 1 cr.
[GameContext] [Encounter] Marjanah breaks 'Do 1 core damage.' for 2 cr.
[GameContext] [Encounter] Marjanah breaks 'End the run.' for 2 cr.
[GameContext] [Encounter] Subroutine 0 broken.
[GameContext] [Encounter] Subroutine 1 broken.
[GameContext] Placed 1 power counter(s) on Marjanah.
[GameContext] [Approach] Runner approaches unrezzed ice (position 1).
[GameContext] [Approach] Corp declines to rez. Runner passes unrezzed ice.
[GameContext] Placed 1 power counter(s) on Marjanah.
[GameContext] [Approach] Runner approaches unrezzed ice (position 2).
[GameContext] [Approach] Corp declines to rez. Runner passes unrezzed ice.
[GameContext] Placed 1 power counter(s) on Marjanah.
[GameContext] [Movement] Runner approaches the server root.
[GameContext] [Success] Run successful on R&D!
[GameContext] [Debug/gain_on_success] run_modifiers at success: { "overclock_credits": 0, "concerto_credits": 0, "bad_pub_credits": 0 }
[GameContext] [Breach] Runner breaches R&D.
[GameContext] [Access] Runner accesses: Mavirus
[GameContext] [Mavirus] Rezzed — deals 1 net damage.
[GameContext] Runner takes 1 net damage.
[GameContext]   Trashed from grip: boomerang
[GameContext] 1 card(s) trashed from Multifarious Marketeer's grip.
[GameContext] [Access] Runner may trash Mavirus for 0 credits (Runner has 6 total).
[GameContext] [Access] Runner accesses: Hedge Fund
[GameContext] [End] Run ended successfully.
[GameContext] Multifarious Marketeer draws Daily Casts.
[GameContext] Multifarious Marketeer gains 1 credit. (7 total)
[GameContext] Multifarious Marketeer gains 1 credit. (8 total)
[GameContext] Precision Design draws Hedge Fund.
[GameContext] === Precision Design Turn 11 begins. Credits: 3, Clicks: 3 ===
[GameContext] Precision Design gains 1 credit. (4 total)
[GameContext] Precision Design gains 1 credit. (5 total)
[GameContext] Precision Design gains 9 credits.
[GameContext] Precision Design plays Hedge Fund.
[GameContext] === Multifarious Marketeer Turn 12 begins. Credits: 8, Clicks: 4 ===
[GameContext] MuslihaT: Multifarious Marketeer peeks at the top of their stack.
[GameContext] MuslihaT: top card is not an icebreaker or run event — not revealed.
[GameContext] Multifarious Marketeer gains 1 credit. (9 total)
[GameContext] Multifarious Marketeer gains 1 credit. (10 total)
[GameContext] Multifarious Marketeer gains 1 credit. (11 total)
[GameContext] Multifarious Marketeer gains 1 credit. (12 total)
[GameContext] Precision Design draws Hákarl 1.0.
[GameContext] === Precision Design Turn 12 begins. Credits: 9, Clicks: 3 ===
[GameContext] [MCTS] slow search: 992 ms (100 iterations, depth 3)
[GameContext] Precision Design gains 1 credit. (10 total)
[GameContext] [MCTS] slow search: 927 ms (100 iterations, depth 3)
[GameContext] Precision Design installs Spin Doctor in Server 0.
[GameContext] [MCTS] slow search: 834 ms (100 iterations, depth 3)
[GameContext] Precision Design installs Maskirovka in Server 2.
[heartbeat] game 2/10 — turn 12, time 116s
[GameContext] === Multifarious Marketeer Turn 13 begins. Credits: 12, Clicks: 4 ===
[GameContext] MuslihaT: Multifarious Marketeer peeks at the top of their stack.
[GameContext] MuslihaT: top card is not an icebreaker or run event — not revealed.
[GameContext] Multifarious Marketeer gains 1 credit. (13 total)
[GameContext] --- Run on R&D begins ---
[GameContext] [Initiation] Run declared on R&D.
[GameContext] [Approach] Runner approaches Hákarl 1.0 (position 0).
[GameContext] [Encounter] Runner encounters Hákarl 1.0.
[GameContext] [Encounter] Marjanah breaks 'Do 1 core damage.' for 2 cr.
[GameContext] [Encounter] Marjanah breaks 'End the run.' for 2 cr.
[GameContext] [Encounter] Subroutine 0 broken.
[GameContext] [Encounter] Subroutine 1 broken.
[GameContext] Placed 1 power counter(s) on Marjanah.
[GameContext] [Approach] Runner approaches unrezzed ice (position 1).
[GameContext] [Approach] Corp declines to rez. Runner passes unrezzed ice.
[GameContext] Placed 1 power counter(s) on Marjanah.
[GameContext] [Approach] Runner approaches unrezzed ice (position 2).
[GameContext] [Approach] Corp declines to rez. Runner passes unrezzed ice.
[GameContext] Placed 1 power counter(s) on Marjanah.
[GameContext] [Movement] Runner approaches the server root.
[GameContext] [Success] Run successful on R&D!
[GameContext] [Debug/gain_on_success] run_modifiers at success: { "overclock_credits": 0, "concerto_credits": 0, "bad_pub_credits": 0 }
[GameContext] [Breach] Runner breaches R&D.
[GameContext] [Access] Runner accesses: Mavirus
[GameContext] [Mavirus] Rezzed — deals 1 net damage.
[GameContext] Runner takes 1 net damage.
[GameContext]   Trashed from grip: daily_casts
[GameContext] 1 card(s) trashed from Multifarious Marketeer's grip.
[GameContext] [Access] Runner may trash Mavirus for 0 credits (Runner has 9 total).
[GameContext] [Access] Runner accesses: Extract
[GameContext] [End] Run ended successfully.
[GameContext] Multifarious Marketeer draws Pinhole Threading.
[GameContext] Multifarious Marketeer plays Pinhole Threading.
[GameContext] Precision Design draws Extract.
[GameContext] === Precision Design Turn 13 begins. Credits: 10, Clicks: 3 ===
[GameContext] Precision Design draws 2 card(s).
[GameContext] Precision Design rezzes Spin Doctor for 0 cr.
[GameContext] Precision Design installs Élivágar Bifurcation in Server 2.
[GameContext] [MCTS] Scoring line detected — executing: Advance elivagar_bifurcation
[GameContext] Precision Design advances Élivágar Bifurcation (1 counters).
[GameContext] [MCTS] Scoring line detected — executing: Advance elivagar_bifurcation
[GameContext] Precision Design advances Élivágar Bifurcation (2 counters).
[GameContext] Precision Design scores Élivágar Bifurcation! (1 agenda points)
[GameContext] Precision Design: Precision Design adds Extract from Archives to HQ.
[GameContext] Precision Design discards Extract to hand limit.
[GameContext] === Multifarious Marketeer Turn 14 begins. Credits: 8, Clicks: 4 ===
[GameContext] MuslihaT: Multifarious Marketeer peeks at the top of their stack.
[GameContext] MuslihaT: top card is not an icebreaker or run event — not revealed.
[GameContext] Multifarious Marketeer draws Cezve.
[GameContext] Multifarious Marketeer gains 1 credit. (9 total)
[GameContext] Multifarious Marketeer gains 1 credit. (10 total)
[GameContext] Multifarious Marketeer gains 1 credit. (11 total)
[GameContext] Precision Design draws Government Subsidy.
[GameContext] === Precision Design Turn 14 begins. Credits: 8, Clicks: 3 ===
[GameContext] [MCTS] slow search: 885 ms (100 iterations, depth 3)
[GameContext] Precision Design gains 6 credits.
[GameContext] Precision Design plays Extract.
[GameContext] [MCTS] slow search: 1101 ms (100 iterations, depth 3)
[GameContext] Precision Design draws Hákarl 1.0.
[heartbeat] game 2/10 — turn 14, time 121s
[GameContext] [MCTS] slow search: 1581 ms (100 iterations, depth 3)
[GameContext] Precision Design gains 14 credits.
[GameContext] Precision Design plays Government Subsidy.
[GameContext] === Multifarious Marketeer Turn 15 begins. Credits: 11, Clicks: 4 ===
[GameContext] MuslihaT: Multifarious Marketeer peeks at the top of their stack.
[GameContext] MuslihaT: top card is not an icebreaker or run event — not revealed.
[GameContext] Multifarious Marketeer gains 1 credit. (12 total)
[GameContext] Multifarious Marketeer gains 1 credit. (13 total)
[GameContext] Multifarious Marketeer gains 1 credit. (14 total)
[GameContext] Multifarious Marketeer gains 1 credit. (15 total)
[GameContext] Precision Design draws Envelopment.
[GameContext] === Precision Design Turn 15 begins. Credits: 15, Clicks: 3 ===
[GameContext] Precision Design installs Echo in Server 3.
[GameContext] Precision Design draws Spin Doctor.
[GameContext] Precision Design draws Élivágar Bifurcation.
[GameContext] Precision Design discards Spin Doctor to hand limit.
[GameContext] Precision Design discards Regolith Mining License to hand limit.
[GameContext] === Multifarious Marketeer Turn 16 begins. Credits: 15, Clicks: 4 ===
[GameContext] MuslihaT: Multifarious Marketeer peeks at the top of their stack.
[GameContext] MuslihaT: top card is not an icebreaker or run event — not revealed.
[GameContext] --- Run on R&D begins ---
[GameContext] [Initiation] Run declared on R&D.
[GameContext] [Approach] Runner approaches Hákarl 1.0 (position 0).
[GameContext] [Encounter] Runner encounters Hákarl 1.0.
[GameContext] [Encounter] Marjanah breaks 'Do 1 core damage.' for 2 cr.
[GameContext] [Encounter] Marjanah breaks 'End the run.' for 2 cr.
[GameContext] [Encounter] Subroutine 0 broken.
[GameContext] [Encounter] Subroutine 1 broken.
[GameContext] Placed 1 power counter(s) on Marjanah.
[GameContext] [Approach] Runner approaches unrezzed ice (position 1).
[GameContext] [Approach] Corp declines to rez. Runner passes unrezzed ice.
[GameContext] Placed 1 power counter(s) on Marjanah.
[GameContext] [Approach] Runner approaches unrezzed ice (position 2).
[GameContext] [Approach] Corp declines to rez. Runner passes unrezzed ice.
[GameContext] Placed 1 power counter(s) on Marjanah.
[GameContext] [Movement] Runner approaches the server root.
[GameContext] [Success] Run successful on R&D!
[GameContext] [Debug/gain_on_success] run_modifiers at success: { "overclock_credits": 0, "concerto_credits": 0, "bad_pub_credits": 0 }
[GameContext] [Breach] Runner breaches R&D.
[GameContext] [Access] Runner accesses: Mavirus
[GameContext] [Mavirus] Rezzed — deals 1 net damage.
[GameContext] Runner takes 1 net damage.
[GameContext]   Trashed from grip: no_free_lunch
[GameContext] 1 card(s) trashed from Multifarious Marketeer's grip.
[GameContext] [Access] Runner may trash Mavirus for 0 credits (Runner has 11 total).
[GameContext] [Access] Runner accesses: Government Subsidy
[GameContext] [End] Run ended successfully.
[GameContext] Multifarious Marketeer draws Boomerang.
[GameContext] Multifarious Marketeer gains 1 credit. (12 total)
[GameContext] Multifarious Marketeer gains 1 credit. (13 total)
[GameContext] Precision Design draws Government Subsidy.
[GameContext] === Precision Design Turn 16 begins. Credits: 15, Clicks: 3 ===
[GameContext] Precision Design installs Élivágar Bifurcation in Server 2.
[GameContext] [MCTS] Scoring line detected — executing: Advance elivagar_bifurcation
[GameContext] Precision Design advances Élivágar Bifurcation (1 counters).
[GameContext] [MCTS] Scoring line detected — executing: Advance elivagar_bifurcation
[GameContext] Precision Design advances Élivágar Bifurcation (2 counters).
[GameContext] Precision Design scores Élivágar Bifurcation! (1 agenda points)
[GameContext] Precision Design: Precision Design adds Extract from Archives to HQ.
[heartbeat] game 2/10 — turn 16, time 126s
[GameContext] Precision Design discards Extract to hand limit.
[GameContext] === Multifarious Marketeer Turn 17 begins. Credits: 13, Clicks: 4 ===
[GameContext] MuslihaT: Multifarious Marketeer peeks at the top of their stack.
[GameContext] MuslihaT: top card is not an icebreaker or run event — not revealed.
[GameContext] Multifarious Marketeer gains 1 credit. (14 total)
[GameContext] Multifarious Marketeer gains 1 credit. (15 total)
[GameContext] --- Run on R&D begins ---
[GameContext] [Initiation] Run declared on R&D.
[GameContext] [Approach] Runner approaches Hákarl 1.0 (position 0).
[GameContext] [Encounter] Runner encounters Hákarl 1.0.
[GameContext] [Encounter] Marjanah breaks 'Do 1 core damage.' for 2 cr.
[GameContext] [Encounter] Marjanah breaks 'End the run.' for 2 cr.
[GameContext] [Encounter] Subroutine 0 broken.
[GameContext] [Encounter] Subroutine 1 broken.
[GameContext] Placed 1 power counter(s) on Marjanah.
[GameContext] [Approach] Runner approaches unrezzed ice (position 1).
[GameContext] [Approach] Corp declines to rez. Runner passes unrezzed ice.
[GameContext] Placed 1 power counter(s) on Marjanah.
[GameContext] [Approach] Runner approaches unrezzed ice (position 2).
[GameContext] [Approach] Corp declines to rez. Runner passes unrezzed ice.
[GameContext] Placed 1 power counter(s) on Marjanah.
[GameContext] [Movement] Runner approaches the server root.
[GameContext] [Success] Run successful on R&D!
[GameContext] [Debug/gain_on_success] run_modifiers at success: { "overclock_credits": 0, "concerto_credits": 0, "bad_pub_credits": 0 }
[GameContext] [Breach] Runner breaches R&D.
[GameContext] [Access] Runner accesses: Mavirus
[GameContext] [Mavirus] Rezzed — deals 1 net damage.
[GameContext] Runner takes 1 net damage.
[GameContext]   Trashed from grip: boomerang
[GameContext] 1 card(s) trashed from Multifarious Marketeer's grip.
[GameContext] [Access] Runner may trash Mavirus for 0 credits (Runner has 11 total).
[GameContext] [Access] Runner accesses: Maskirovka
[GameContext] [End] Run ended successfully.
[GameContext] Multifarious Marketeer draws Overclock.
[GameContext] Precision Design draws Maskirovka.
[GameContext] === Precision Design Turn 17 begins. Credits: 13, Clicks: 3 ===
[GameContext] Precision Design draws Maskirovka.
[GameContext] Precision Design draws Hedge Fund.
[GameContext] Spin Doctor: shuffled 2 card(s) from Archives into R&D.
[GameContext] Spin Doctor is trashed.
[GameContext] Precision Design discards Hedge Fund to hand limit.
[GameContext] Precision Design discards Government Subsidy to hand limit.
[GameContext] Precision Design discards Maskirovka to hand limit.
[GameContext] === Multifarious Marketeer Turn 18 begins. Credits: 11, Clicks: 4 ===
[GameContext] MuslihaT: Multifarious Marketeer peeks at the top of their stack.
[GameContext] MuslihaT: top card is not an icebreaker or run event — not revealed.
[GameContext] Run modifier set: overclock_credits = 5
[GameContext] --- Run on HQ begins ---
[GameContext] [Initiation] Run declared on HQ.
[GameContext] [Approach] Runner approaches unrezzed ice (position 0).
[CorpRunAI] AI: Ivik — rez_cost=7  tax/enc=8.0  enc=3.0  LTV=24.0
[GameContext] [Rez] Corp rezzes Ivik for 7 credits.
[GameContext] [Encounter] Runner encounters Ivik.
[GameContext] [Encounter] Marjanah breaks 'Do 2 net damage.' for 2 cr.
[GameContext] [Encounter] Marjanah breaks 'End the run.' for 2 cr.
[GameContext] [Encounter] Subroutine 0 broken.
[GameContext] [Encounter] Subroutine 1 broken.
[GameContext] Placed 1 power counter(s) on Marjanah.
[GameContext] [Approach] Runner approaches Ansel 1.0 (position 1).
[GameContext] [Encounter] Runner encounters Ansel 1.0.
[GameContext] No valid Multifarious Marketeer cards to trash.
[GameContext] Precision Design installs Ivik from HQ on HQ (ignoring costs).
[GameContext] Run ended.
[GameContext] [Encounter] Run ended by subroutine.
[GameContext] [End] Run ended unsuccessfully.
[GameContext] Overclock: 1 unspent credit(s) returned to the bank.
[GameContext] Multifarious Marketeer plays Overclock.
[GameContext] Multifarious Marketeer gains 1 credit. (11 total)
[GameContext] --- Run on R&D begins ---
[GameContext] [Initiation] Run declared on R&D.
[GameContext] [Approach] Runner approaches Hákarl 1.0 (position 0).
[GameContext] [Encounter] Runner encounters Hákarl 1.0.
[GameContext] [Encounter] Marjanah breaks 'Do 1 core damage.' for 2 cr.
[GameContext] [Encounter] Marjanah breaks 'End the run.' for 2 cr.
[GameContext] [Encounter] Subroutine 0 broken.
[GameContext] [Encounter] Subroutine 1 broken.
[GameContext] Placed 1 power counter(s) on Marjanah.
[GameContext] [Approach] Runner approaches unrezzed ice (position 1).
[GameContext] [Approach] Corp declines to rez. Runner passes unrezzed ice.
[GameContext] Placed 1 power counter(s) on Marjanah.
[GameContext] [Approach] Runner approaches unrezzed ice (position 2).
[GameContext] [Approach] Corp declines to rez. Runner passes unrezzed ice.
[GameContext] Placed 1 power counter(s) on Marjanah.
[GameContext] [Movement] Runner approaches the server root.
[GameContext] [Success] Run successful on R&D!
[GameContext] [Debug/gain_on_success] run_modifiers at success: { "overclock_credits": 0, "concerto_credits": 0, "bad_pub_credits": 0 }
[GameContext] [Breach] Runner breaches R&D.
[GameContext] [Access] Runner accesses: Mavirus
[GameContext] [Mavirus] Rezzed — deals 1 net damage.
[GameContext] Runner takes 1 net damage.
[GameContext]   Trashed from grip: red_team
[GameContext] 1 card(s) trashed from Multifarious Marketeer's grip.
[GameContext] [Access] Runner may trash Mavirus for 0 credits (Runner has 7 total).
[GameContext] [Access] Runner accesses: Regolith Mining License
[GameContext] [Access] Runner may trash Regolith Mining License for 3 credits (Runner has 7 total).
[GameContext] [Access] Runner trashes Regolith Mining License.
[GameContext] [End] Run ended successfully.
[GameContext] Multifarious Marketeer draws Daily Casts.
[GameContext] Precision Design draws Spin Doctor.
[GameContext] === Precision Design Turn 18 begins. Credits: 6, Clicks: 3 ===
[GameContext] Precision Design gains 1 credit. (7 total)
[GameContext] Precision Design installs Maskirovka in Server 4.
[GameContext] Precision Design gains 1 credit. (8 total)
[GameContext] === Multifarious Marketeer Turn 19 begins. Credits: 4, Clicks: 4 ===
[GameContext] MuslihaT: Multifarious Marketeer peeks at the top of their stack.
[GameContext] MuslihaT: top card is not an icebreaker or run event — not revealed.
[GameContext] Multifarious Marketeer draws The Twinning.
[GameContext] Multifarious Marketeer gains 1 credit. (5 total)
[GameContext] Multifarious Marketeer gains 1 credit. (6 total)
[GameContext] Multifarious Marketeer gains 1 credit. (7 total)
[GameContext] Precision Design draws Hedge Fund.
[GameContext] === Precision Design Turn 19 begins. Credits: 8, Clicks: 3 ===
[GameContext] [MCTS] slow search: 982 ms (100 iterations, depth 3)
[heartbeat] game 2/10 — turn 19, time 131s
[GameContext] Precision Design gains 9 credits.
[GameContext] Precision Design plays Hedge Fund.
[GameContext] [MCTS] slow search: 785 ms (100 iterations, depth 3)
[GameContext] Precision Design gains 1 credit. (13 total)
[GameContext] [MCTS] slow search: 868 ms (100 iterations, depth 3)
[GameContext] Precision Design gains 1 credit. (14 total)
[GameContext] === Multifarious Marketeer Turn 20 begins. Credits: 7, Clicks: 4 ===
[GameContext] MuslihaT: Multifarious Marketeer peeks at the top of their stack.
[GameContext] MuslihaT: top card is not an icebreaker or run event — not revealed.
[GameContext] Multifarious Marketeer gains 1 credit. (8 total)
[GameContext] Multifarious Marketeer gains 1 credit. (9 total)
[GameContext] Multifarious Marketeer gains 1 credit. (10 total)
[GameContext] Multifarious Marketeer gains 1 credit. (11 total)
[GameContext] Precision Design draws Trieste Model Bioroids.
[GameContext] === Precision Design Turn 20 begins. Credits: 14, Clicks: 3 ===
[GameContext] [MCTS] slow search: 1374 ms (100 iterations, depth 3)
[GameContext] Precision Design gains 1 credit. (15 total)
[GameContext] [MCTS] slow search: 1331 ms (100 iterations, depth 3)
[GameContext] Precision Design gains 1 credit. (16 total)
[heartbeat] game 2/10 — turn 20, time 137s
[GameContext] [MCTS] slow search: 1382 ms (100 iterations, depth 3)
[GameContext] Precision Design gains 1 credit. (17 total)
[GameContext] === Multifarious Marketeer Turn 21 begins. Credits: 11, Clicks: 4 ===
[GameContext] MuslihaT: Multifarious Marketeer peeks at the top of their stack.
[GameContext] MuslihaT: top card is not an icebreaker or run event — not revealed.
[GameContext] Multifarious Marketeer gains 1 credit. (12 total)
[GameContext] Multifarious Marketeer gains 1 credit. (13 total)
[GameContext] Multifarious Marketeer gains 1 credit. (14 total)
[GameContext] Multifarious Marketeer gains 1 credit. (15 total)
[GameContext] Precision Design deck is empty — Precision Design loses!
[GameContext] Game over — Multifarious Marketeer wins. Corp could not draw (empty R&D)
[GameContext] === Precision Design Turn 21 begins. Credits: 17, Clicks: 3 ===
  [  2/ 10]  RUNNER    Corp could not draw (empty R&D)   21 turns
[GameContext] Precision Design draws Extract.
[GameContext] === Precision Design Turn 1 begins. Credits: 5, Clicks: 3 ===
[GameContext] [MCTS] slow search: 417 ms (100 iterations, depth 3)
[GameContext] Precision Design gains 6 credits.
[GameContext] Precision Design plays Extract.
[GameContext] [MCTS] slow search: 419 ms (100 iterations, depth 3)
[GameContext] Precision Design installs Maskirovka in HQ.
[GameContext] [MCTS] slow search: 374 ms (100 iterations, depth 3)
[GameContext] Precision Design installs Maskirovka in R&D.
[GameContext] === Multifarious Marketeer Turn 2 begins. Credits: 5, Clicks: 4 ===
[GameContext] MuslihaT: Multifarious Marketeer peeks at the top of their stack.
[GameContext] MuslihaT: top card is not an icebreaker or run event — not revealed.
[GameContext] --- Run on R&D begins ---
[GameContext] [Initiation] Run declared on R&D.
[GameContext] [Approach] Runner approaches unrezzed ice (position 0).
[CorpRunAI] AI: Maskirovka — rez_cost=3  tax/enc=9.0  enc=3.0  LTV=27.0
[GameContext] [Rez] Corp rezzes Maskirovka for 3 credits.
[GameContext] [Encounter] Runner encounters Maskirovka.
[GameContext] Precision Design gains 2 credits.
[GameContext] Run ended.
[GameContext] [Encounter] Run ended by subroutine.
[GameContext] [End] Run ended unsuccessfully.
[GameContext] Run modifier set: transfer_of_wealth_on_success = 1
[GameContext] --- Run on HQ begins ---
[GameContext] [Initiation] Run declared on HQ.
[GameContext] [Approach] Runner approaches unrezzed ice (position 0).
[CorpRunAI] AI: Maskirovka — rez_cost=3  tax/enc=9.0  enc=3.0  LTV=27.0
[GameContext] [Rez] Corp rezzes Maskirovka for 3 credits.
[GameContext] [Encounter] Runner encounters Maskirovka.
[GameContext] Precision Design gains 2 credits.
[GameContext] Run ended.
[GameContext] [Encounter] Run ended by subroutine.
[GameContext] [End] Run ended unsuccessfully.
[GameContext] Multifarious Marketeer plays Transfer of Wealth.
Player install: card is: Revolver and charged cost is: 2
[GameContext] Placed 6 power counter(s) on Revolver.
[GameContext] Multifarious Marketeer installs Revolver. [MU: 1/4 used]
Player install: card is: Cat's Cradle and charged cost is: 2
[GameContext] Multifarious Marketeer installs Cat's Cradle. [MU: 2/4 used]
[GameContext] Precision Design draws Government Subsidy.
[GameContext] === Precision Design Turn 2 begins. Credits: 6, Clicks: 3 ===
[GameContext] [MCTS] slow search: 507 ms (100 iterations, depth 3)
[heartbeat] game 3/10 — turn 2, time 143s
[GameContext] Precision Design gains 1 credit. (7 total)
[GameContext] [MCTS] slow search: 540 ms (100 iterations, depth 3)
[GameContext] Precision Design installs Mavirus in HQ.
[GameContext] [MCTS] slow search: 490 ms (100 iterations, depth 3)
[GameContext] Precision Design gains 1 credit. (8 total)
[GameContext] === Multifarious Marketeer Turn 3 begins. Credits: 1, Clicks: 4 ===
[GameContext] MuslihaT: Multifarious Marketeer peeks at the top of their stack.
[GameContext] MuslihaT: top card is not an icebreaker or run event — not revealed.
[GameContext] Multifarious Marketeer draws Daily Casts.
[GameContext] Multifarious Marketeer draws Clean Getaway.
[GameContext] Multifarious Marketeer draws Overclock.
[GameContext] Run modifier set: overclock_credits = 5
[GameContext] --- Run on HQ begins ---
[GameContext] [Initiation] Run declared on HQ.
[GameContext] [Rez] Corp rezzes Mavirus for 3 credits.
[GameContext] [Approach] Runner approaches Maskirovka (position 0).
[GameContext] [Encounter] Runner encounters Maskirovka.
[GameContext] Precision Design gains 2 credits.
[GameContext] Run ended.
[GameContext] [Encounter] Run ended by subroutine.
[GameContext] [End] Run ended unsuccessfully.
[GameContext] Overclock: 5 unspent credit(s) returned to the bank.
[GameContext] Multifarious Marketeer plays Overclock.
[GameContext] Precision Design draws Ansel 1.0.
[GameContext] === Precision Design Turn 3 begins. Credits: 7, Clicks: 3 ===
[GameContext] [MCTS] slow search: 454 ms (100 iterations, depth 3)
[GameContext] Precision Design gains 1 credit. (8 total)
[GameContext] [MCTS] slow search: 477 ms (100 iterations, depth 3)
[GameContext] Precision Design draws Hákarl 1.0.
[GameContext] [MCTS] slow search: 494 ms (100 iterations, depth 3)
[GameContext] Precision Design installs Ansel 1.0 in Server 0.
[heartbeat] game 3/10 — turn 3, time 148s
[GameContext] === Multifarious Marketeer Turn 4 begins. Credits: 0, Clicks: 4 ===
[GameContext] MuslihaT: Multifarious Marketeer peeks at the top of their stack.
[GameContext] MuslihaT: top card is not an icebreaker or run event — not revealed.
[GameContext] Multifarious Marketeer draws Mutual Favor.
[GameContext] Multifarious Marketeer reveals and takes Cat's Cradle from their deck.
[GameContext] Multifarious Marketeer's deck is shuffled.
[GameContext] Multifarious Marketeer plays Mutual Favor.
[GameContext] Multifarious Marketeer draws The Twinning.
[GameContext] Multifarious Marketeer draws Pinhole Threading.
[GameContext] Multifarious Marketeer discards No Free Lunch to hand limit. (5 cards remaining)
[GameContext] Multifarious Marketeer discards Backstitching to hand limit. (5 cards remaining)
[GameContext] Precision Design draws Spin Doctor.
[GameContext] === Precision Design Turn 4 begins. Credits: 8, Clicks: 3 ===
[GameContext] [MCTS] slow search: 634 ms (100 iterations, depth 3)
[GameContext] Precision Design gains 1 credit. (9 total)
[GameContext] [MCTS] slow search: 704 ms (100 iterations, depth 3)
[GameContext] Precision Design gains 1 credit. (10 total)
[GameContext] [MCTS] slow search: 708 ms (100 iterations, depth 3)
[GameContext] Precision Design installs Midnight-3 Arcology in Server 0.
[GameContext] === Multifarious Marketeer Turn 5 begins. Credits: 0, Clicks: 4 ===
[GameContext] MuslihaT: Multifarious Marketeer peeks at the top of their stack.
[GameContext] MuslihaT: Multifarious Marketeer declines.
[GameContext] Multifarious Marketeer gains 1 credit. (1 total)
[GameContext] Multifarious Marketeer plays Pinhole Threading.
[GameContext] Multifarious Marketeer draws Transfer of Wealth.
[GameContext] Run modifier set: transfer_of_wealth_on_success = 1
[GameContext] --- Run on HQ begins ---
[GameContext] [Initiation] Run declared on HQ.
[GameContext] [Approach] Runner approaches Maskirovka (position 0).
[GameContext] [Encounter] Runner encounters Maskirovka.
[GameContext] Precision Design gains 2 credits.
[GameContext] Run ended.
[GameContext] [Encounter] Run ended by subroutine.
[GameContext] [End] Run ended unsuccessfully.
[GameContext] Multifarious Marketeer plays Transfer of Wealth.
[GameContext] Precision Design draws Ivik.
[GameContext] === Precision Design Turn 5 begins. Credits: 12, Clicks: 3 ===
[GameContext] [MCTS] slow search: 711 ms (100 iterations, depth 3)
[GameContext] Precision Design advances Midnight-3 Arcology (1 counters).
[GameContext] [MCTS] slow search: 715 ms (100 iterations, depth 3)
[GameContext] Precision Design advances Midnight-3 Arcology (2 counters).
[heartbeat] game 3/10 — turn 5, time 153s
[GameContext] [MCTS] slow search: 713 ms (100 iterations, depth 3)
[GameContext] Precision Design advances Midnight-3 Arcology (3 counters).
[GameContext] === Multifarious Marketeer Turn 6 begins. Credits: 0, Clicks: 4 ===
[GameContext] MuslihaT: Multifarious Marketeer peeks at the top of their stack.
[GameContext] MuslihaT: Multifarious Marketeer declines.
[GameContext] Multifarious Marketeer draws The Class Act.
[GameContext] Multifarious Marketeer draws Red Team.
[GameContext] Multifarious Marketeer draws Cezve.
[GameContext] Multifarious Marketeer draws Mutual Favor.
[GameContext] Multifarious Marketeer discards Daily Casts to hand limit. (5 cards remaining)
[GameContext] Multifarious Marketeer discards The Twinning to hand limit. (5 cards remaining)
[GameContext] Multifarious Marketeer discards The Class Act to hand limit. (5 cards remaining)
[GameContext] Precision Design draws Regolith Mining License.
[GameContext] === Precision Design Turn 6 begins. Credits: 9, Clicks: 3 ===
[GameContext] [MCTS] Scoring line detected — executing: Advance midnight_3_arcology
[GameContext] Precision Design advances Midnight-3 Arcology (4 counters).
[GameContext] Precision Design scores Midnight-3 Arcology! (2 agenda points)
[GameContext] Precision Design draws 3 card(s).
[GameContext] Precision Design skips the discard phase this turn.
[GameContext] Precision Design: Precision Design adds Extract from Archives to HQ.
[GameContext] [MCTS] slow search: 1114 ms (100 iterations, depth 3)
[GameContext] Precision Design installs Élivágar Bifurcation in Server 0.
[GameContext] [MCTS] slow search: 1069 ms (100 iterations, depth 3)
[GameContext] Precision Design advances Élivágar Bifurcation (1 counters).
[heartbeat] game 3/10 — turn 6, time 158s
[GameContext] Precision Design skips the discard phase this turn (Midnight-3 Arcology).
[GameContext] === Multifarious Marketeer Turn 7 begins. Credits: 0, Clicks: 4 ===
[GameContext] MuslihaT: Multifarious Marketeer peeks at the top of their stack.
[GameContext] MuslihaT: Multifarious Marketeer declines.
[GameContext] Multifarious Marketeer reveals and takes Carmen from their deck.
[GameContext] Multifarious Marketeer's deck is shuffled.
[GameContext] Multifarious Marketeer plays Mutual Favor.
[GameContext] Multifarious Marketeer gains 1 credit. (1 total)
[GameContext] Multifarious Marketeer gains 1 credit. (2 total)
[GameContext] --- Run on Server 0 begins ---
[GameContext] [Initiation] Run declared on Server 0.
[GameContext] [Approach] Runner approaches unrezzed ice (position 0).
[CorpRunAI] AI: Ansel 1.0 — rez_cost=6  tax/enc=3.0  enc=2.5  LTV=7.5
[GameContext] [Rez] Corp rezzes Ansel 1.0 for 6 credits.
[GameContext] [Encounter] Runner encounters Ansel 1.0.
[GameContext] No valid Multifarious Marketeer cards to trash.
[GameContext] Precision Design installs Ivik from HQ on Server 0 (ignoring costs).
[GameContext] Run ended.
[GameContext] [Encounter] Run ended by subroutine.
[GameContext] [End] Run ended unsuccessfully.
[GameContext] Precision Design draws Hedge Fund.
[GameContext] === Precision Design Turn 7 begins. Credits: 1, Clicks: 3 ===
[GameContext] [MCTS] Scoring line detected — executing: Advance elivagar_bifurcation
[GameContext] Precision Design advances Élivágar Bifurcation (2 counters).
[GameContext] Precision Design scores Élivágar Bifurcation! (1 agenda points)
[GameContext] Archives is empty — Precision Design has nothing to fetch.
[GameContext] [MCTS] slow search: 881 ms (100 iterations, depth 3)
[GameContext] Precision Design installs Mavirus in HQ.
[GameContext] [MCTS] slow search: 781 ms (100 iterations, depth 3)
[GameContext] Precision Design gains 1 credit. (1 total)
[GameContext] Precision Design discards Extract to hand limit.
[GameContext] Precision Design discards Extract to hand limit.
[GameContext] Precision Design discards Hedge Fund to hand limit.
[GameContext] === Multifarious Marketeer Turn 8 begins. Credits: 2, Clicks: 4 ===
[GameContext] MuslihaT: Multifarious Marketeer peeks at the top of their stack.
[GameContext] MuslihaT: top card is not an icebreaker or run event — not revealed.
[GameContext] Multifarious Marketeer draws Cezve.
[GameContext] Multifarious Marketeer gains 1 credit. (3 total)
[GameContext] Multifarious Marketeer draws Mutual Favor.
[GameContext] Multifarious Marketeer reveals and takes Carmen from their deck.
[GameContext] Multifarious Marketeer's deck is shuffled.
[GameContext] Multifarious Marketeer plays Mutual Favor.
[GameContext] Multifarious Marketeer discards Red Team to hand limit. (5 cards remaining)
[GameContext] Multifarious Marketeer discards Clean Getaway to hand limit. (5 cards remaining)
[GameContext] Precision Design draws Echo.
[GameContext] === Precision Design Turn 8 begins. Credits: 1, Clicks: 3 ===
[GameContext] [MCTS] slow search: 462 ms (100 iterations, depth 3)
[GameContext] Precision Design installs Hákarl 1.0 in Server 1.
[GameContext] [MCTS] slow search: 493 ms (100 iterations, depth 3)
[GameContext] Precision Design installs Regolith Mining License in Server 0.
[heartbeat] game 3/10 — turn 8, time 163s
[GameContext] [MCTS] slow search: 420 ms (100 iterations, depth 3)
[GameContext] Precision Design gains 1 credit. (2 total)
[GameContext] === Multifarious Marketeer Turn 9 begins. Credits: 3, Clicks: 4 ===
[GameContext] MuslihaT: Multifarious Marketeer peeks at the top of their stack.
[GameContext] MuslihaT: top card is not an icebreaker or run event — not revealed.
[GameContext] Multifarious Marketeer draws Marjanah.
Player install: card is: Marjanah and charged cost is: 0
[GameContext] Multifarious Marketeer installs Marjanah. [MU: 3/4 used]
[GameContext] Multifarious Marketeer draws Revolver.
[GameContext] Multifarious Marketeer draws Red Team.
[GameContext] Multifarious Marketeer discards Red Team to hand limit. (5 cards remaining)
[GameContext] Multifarious Marketeer discards Cat's Cradle to hand limit. (5 cards remaining)
[GameContext] Precision Design draws Hedge Fund.
[GameContext] === Precision Design Turn 9 begins. Credits: 2, Clicks: 3 ===
[GameContext] Placed 15 credits counter(s) on Regolith Mining License.
[GameContext] Precision Design rezzes Regolith Mining License for 2 cr.
[GameContext] Precision Design takes 3 cr from Regolith Mining License (12 remaining).
[GameContext] [MCTS] slow search: 358 ms (100 iterations, depth 3)
[GameContext] Precision Design takes 3 cr from Regolith Mining License (9 remaining).
[GameContext] [MCTS] slow search: 490 ms (100 iterations, depth 3)
[GameContext] Precision Design gains 9 credits.
[GameContext] Precision Design plays Hedge Fund.
[GameContext] === Multifarious Marketeer Turn 10 begins. Credits: 3, Clicks: 4 ===
[GameContext] MuslihaT: Multifarious Marketeer peeks at the top of their stack.
[GameContext] MuslihaT: top card is not an icebreaker or run event — not revealed.
[GameContext] Multifarious Marketeer draws Clean Getaway.
[GameContext] Run modifier set: gain_on_success = 6
[GameContext] --- Run on HQ begins ---
[GameContext] [Initiation] Run declared on HQ.
[GameContext] [Rez] Corp rezzes Mavirus for 3 credits.
[GameContext] [Approach] Runner approaches Maskirovka (position 0).
[GameContext] [Encounter] Runner encounters Maskirovka.
[GameContext] Precision Design gains 2 credits.
[GameContext] Run ended.
[GameContext] [Encounter] Run ended by subroutine.
[GameContext] [End] Run ended unsuccessfully.
[GameContext] Multifarious Marketeer plays Clean Getaway.
[GameContext] Multifarious Marketeer draws Boomerang.
[GameContext] Multifarious Marketeer draws Jailbreak.
[GameContext] Multifarious Marketeer discards Jailbreak to hand limit. (5 cards remaining)
[GameContext] Multifarious Marketeer discards Boomerang to hand limit. (5 cards remaining)
[GameContext] Precision Design draws Élivágar Bifurcation.
[GameContext] === Precision Design Turn 10 begins. Credits: 9, Clicks: 3 ===
[GameContext] [MCTS] slow search: 365 ms (100 iterations, depth 3)
[GameContext] Precision Design installs Élivágar Bifurcation in Server 1.
[GameContext] [MCTS] Scoring line detected — executing: Advance elivagar_bifurcation
[GameContext] Precision Design advances Élivágar Bifurcation (1 counters).
[GameContext] [MCTS] Scoring line detected — executing: Advance elivagar_bifurcation
[GameContext] Precision Design advances Élivágar Bifurcation (2 counters).
[GameContext] Precision Design scores Élivágar Bifurcation! (1 agenda points)
[GameContext] Precision Design: Precision Design adds Extract from Archives to HQ.
[heartbeat] game 3/10 — turn 10, time 168s
[GameContext] === Multifarious Marketeer Turn 11 begins. Credits: 0, Clicks: 4 ===
[GameContext] MuslihaT: Multifarious Marketeer peeks at the top of their stack.
[GameContext] MuslihaT: top card is not an icebreaker or run event — not revealed.
[GameContext] Multifarious Marketeer draws Sure Gamble.
[GameContext] Multifarious Marketeer draws Transfer of Wealth.
[GameContext] Run modifier set: transfer_of_wealth_on_success = 1
[GameContext] --- Run on HQ begins ---
[GameContext] [Initiation] Run declared on HQ.
[GameContext] [Approach] Runner approaches Maskirovka (position 0).
[GameContext] [Encounter] Runner encounters Maskirovka.
[GameContext] Precision Design gains 2 credits.
[GameContext] Run ended.
[GameContext] [Encounter] Run ended by subroutine.
[GameContext] [End] Run ended unsuccessfully.
[GameContext] Multifarious Marketeer plays Transfer of Wealth.
[GameContext] Multifarious Marketeer draws Jailbreak.
[GameContext] Multifarious Marketeer discards Jailbreak to hand limit. (5 cards remaining)
[GameContext] Multifarious Marketeer discards Sure Gamble to hand limit. (5 cards remaining)
[GameContext] Precision Design draws Hákarl 1.0.
[GameContext] === Precision Design Turn 11 begins. Credits: 9, Clicks: 3 ===
[GameContext] [MCTS] slow search: 399 ms (100 iterations, depth 3)
[GameContext] Precision Design pays 1 credit(s) to install ice.
[GameContext] Precision Design installs Echo in R&D.
[GameContext] [MCTS] slow search: 460 ms (100 iterations, depth 3)
[GameContext] Precision Design takes 3 cr from Regolith Mining License (6 remaining).
[GameContext] [MCTS] slow search: 575 ms (100 iterations, depth 3)
[GameContext] Precision Design pays 1 credit(s) to install ice.
[GameContext] Precision Design installs Hákarl 1.0 in HQ.
[GameContext] === Multifarious Marketeer Turn 12 begins. Credits: 0, Clicks: 4 ===
[GameContext] MuslihaT: Multifarious Marketeer peeks at the top of their stack.
[GameContext] MuslihaT: top card is not an icebreaker or run event — not revealed.
[GameContext] Multifarious Marketeer draws Red Team.
[GameContext] Multifarious Marketeer draws Cezve.
[GameContext] Multifarious Marketeer draws Daily Casts.
[GameContext] Multifarious Marketeer gains 1 credit. (1 total)
[GameContext] Multifarious Marketeer discards Daily Casts to hand limit. (5 cards remaining)
[GameContext] Multifarious Marketeer discards Red Team to hand limit. (5 cards remaining)
[GameContext] Multifarious Marketeer discards Cezve to hand limit. (5 cards remaining)
[GameContext] Precision Design draws Echo.
[GameContext] === Precision Design Turn 12 begins. Credits: 10, Clicks: 3 ===
[GameContext] [MCTS] slow search: 550 ms (100 iterations, depth 3)
[GameContext] Precision Design takes 3 cr from Regolith Mining License (3 remaining).
[GameContext] [MCTS] slow search: 514 ms (100 iterations, depth 3)
[GameContext] Precision Design pays 2 credit(s) to install ice.
[GameContext] Precision Design installs Echo in HQ.
[heartbeat] game 3/10 — turn 12, time 173s
[GameContext] [MCTS] slow search: 500 ms (100 iterations, depth 3)
[GameContext] Precision Design takes 3 cr from Regolith Mining License (0 remaining).
[GameContext] Regolith Mining License is trashed (empty).
[GameContext] === Multifarious Marketeer Turn 13 begins. Credits: 1, Clicks: 4 ===
[GameContext] MuslihaT: Multifarious Marketeer peeks at the top of their stack.
[GameContext] MuslihaT: top card is not an icebreaker or run event — not revealed.
[GameContext] Multifarious Marketeer draws Daily Casts.
[GameContext] Multifarious Marketeer draws No Free Lunch.
[GameContext] Multifarious Marketeer draws Bravado.
[GameContext] Multifarious Marketeer gains 1 credit. (2 total)
[GameContext] Multifarious Marketeer discards No Free Lunch to hand limit. (5 cards remaining)
[GameContext] Multifarious Marketeer discards Daily Casts to hand limit. (5 cards remaining)
[GameContext] Multifarious Marketeer discards Bravado to hand limit. (5 cards remaining)
[GameContext] Precision Design draws Ansel 1.0.
[GameContext] === Precision Design Turn 13 begins. Credits: 14, Clicks: 3 ===
[GameContext] [MCTS] slow search: 498 ms (100 iterations, depth 3)
[GameContext] Precision Design pays 2 credit(s) to install ice.
[GameContext] Precision Design installs Ansel 1.0 in R&D.
[GameContext] [MCTS] slow search: 336 ms (100 iterations, depth 3)
[GameContext] Precision Design draws Echo.
[GameContext] [MCTS] slow search: 482 ms (100 iterations, depth 3)
[GameContext] Precision Design gains 6 credits.
[GameContext] Precision Design plays Extract.
[GameContext] === Multifarious Marketeer Turn 14 begins. Credits: 2, Clicks: 4 ===
[GameContext] MuslihaT: Multifarious Marketeer peeks at the top of their stack.
[GameContext] MuslihaT: top card is not an icebreaker or run event — not revealed.
[GameContext] Multifarious Marketeer draws Marjanah.
[GameContext] Multifarious Marketeer gains 1 credit. (3 total)
[GameContext] Multifarious Marketeer draws The Twinning.
[GameContext] Multifarious Marketeer draws Bravado.
[GameContext] Multifarious Marketeer discards The Twinning to hand limit. (5 cards remaining)
[GameContext] Multifarious Marketeer discards Bravado to hand limit. (5 cards remaining)
[GameContext] Multifarious Marketeer discards Marjanah to hand limit. (5 cards remaining)
[GameContext] Precision Design draws Élivágar Bifurcation.
[GameContext] === Precision Design Turn 14 begins. Credits: 15, Clicks: 3 ===
[GameContext] [MCTS] slow search: 605 ms (100 iterations, depth 3)
[GameContext] Precision Design installs Élivágar Bifurcation in Server 0.
[GameContext] [MCTS] Scoring line detected — executing: Advance elivagar_bifurcation
[GameContext] Precision Design advances Élivágar Bifurcation (1 counters).
[heartbeat] game 3/10 — turn 14, time 178s
[GameContext] [MCTS] Scoring line detected — executing: Advance elivagar_bifurcation
[GameContext] Precision Design advances Élivágar Bifurcation (2 counters).
[GameContext] Precision Design scores Élivágar Bifurcation! (1 agenda points)
[GameContext] Precision Design: Precision Design adds Extract from Archives to HQ.
[GameContext] === Multifarious Marketeer Turn 15 begins. Credits: 3, Clicks: 4 ===
[GameContext] MuslihaT: Multifarious Marketeer peeks at the top of their stack.
[GameContext] MuslihaT: top card is not an icebreaker or run event — not revealed.
[GameContext] Multifarious Marketeer draws Pinhole Threading.
[GameContext] Multifarious Marketeer plays Pinhole Threading.
[GameContext] Multifarious Marketeer draws Sure Gamble.
[GameContext] Multifarious Marketeer draws Pinhole Threading.
[GameContext] Multifarious Marketeer discards Pinhole Threading to hand limit. (5 cards remaining)
[GameContext] Multifarious Marketeer discards Sure Gamble to hand limit. (5 cards remaining)
[GameContext] Precision Design draws Spin Doctor.
[GameContext] === Precision Design Turn 15 begins. Credits: 13, Clicks: 3 ===
[GameContext] [MCTS] slow search: 611 ms (100 iterations, depth 3)
[GameContext] Precision Design gains 6 credits.
[GameContext] Precision Design plays Extract.
[GameContext] [MCTS] slow search: 550 ms (100 iterations, depth 3)
[GameContext] Precision Design draws Trieste Model Bioroids.
[GameContext] [MCTS] slow search: 1002 ms (100 iterations, depth 3)
[GameContext] Precision Design draws Spin Doctor.
[GameContext] Precision Design discards Government Subsidy to hand limit.
[GameContext] Precision Design discards Government Subsidy to hand limit.
[GameContext] === Multifarious Marketeer Turn 16 begins. Credits: 2, Clicks: 4 ===
[GameContext] MuslihaT: Multifarious Marketeer peeks at the top of their stack.
[GameContext] MuslihaT: top card is not an icebreaker or run event — not revealed.
[GameContext] Multifarious Marketeer draws Boomerang.
[GameContext] Multifarious Marketeer gains 1 credit. (3 total)
[GameContext] Multifarious Marketeer draws The Class Act.
[GameContext] Multifarious Marketeer draws Backstitching.
[GameContext] Multifarious Marketeer discards Backstitching to hand limit. (5 cards remaining)
[GameContext] Multifarious Marketeer discards The Class Act to hand limit. (5 cards remaining)
[GameContext] Multifarious Marketeer discards Boomerang to hand limit. (5 cards remaining)
[GameContext] Precision Design draws Midnight-3 Arcology.
[GameContext] === Precision Design Turn 16 begins. Credits: 16, Clicks: 3 ===
[GameContext] [MCTS] slow search: 250 ms (100 iterations, depth 3)
[GameContext] Precision Design installs Midnight-3 Arcology in Server 0.
[heartbeat] game 3/10 — turn 16, time 183s
[GameContext] [MCTS] slow search: 252 ms (100 iterations, depth 3)
[GameContext] Precision Design advances Midnight-3 Arcology (1 counters).
[GameContext] [MCTS] slow search: 259 ms (100 iterations, depth 3)
[GameContext] Precision Design advances Midnight-3 Arcology (2 counters).
[GameContext] === Multifarious Marketeer Turn 17 begins. Credits: 3, Clicks: 4 ===
[GameContext] MuslihaT: Multifarious Marketeer peeks at the top of their stack.
[GameContext] MuslihaT: top card is not an icebreaker or run event — not revealed.
[GameContext] Multifarious Marketeer draws Sure Gamble.
[GameContext] Multifarious Marketeer gains 1 credit. (4 total)
[GameContext] Multifarious Marketeer gains 1 credit. (5 total)
[GameContext] Multifarious Marketeer gains 9 credits.
[GameContext] Multifarious Marketeer plays Sure Gamble.
[GameContext] Precision Design draws Hedge Fund.
[GameContext] === Precision Design Turn 17 begins. Credits: 14, Clicks: 3 ===
[GameContext] [MCTS] Scoring line detected — executing: Advance midnight_3_arcology
[GameContext] Precision Design advances Midnight-3 Arcology (3 counters).
[GameContext] [MCTS] Scoring line detected — executing: Advance midnight_3_arcology
[GameContext] Precision Design advances Midnight-3 Arcology (4 counters).
[GameContext] Precision Design scores Midnight-3 Arcology! (2 agenda points)
[GameContext] Precision Design draws 3 card(s).
[GameContext] Precision Design skips the discard phase this turn.
[GameContext] Precision Design: Precision Design adds Hedge Fund from Archives to HQ.
[GameContext] Game over — Precision Design wins. Precision Design scored 7 agenda points
[GameContext] Precision Design skips the discard phase this turn (Midnight-3 Arcology).
  [  3/ 10]  CORP      Precision Design scored 7 agenda points  17 turns
[GameContext] Precision Design draws Hákarl 1.0.
[GameContext] === Precision Design Turn 1 begins. Credits: 5, Clicks: 3 ===
[GameContext] [MCTS] slow search: 550 ms (100 iterations, depth 3)
[GameContext] Precision Design installs Hákarl 1.0 in Server 0.
[GameContext] [MCTS] slow search: 506 ms (100 iterations, depth 3)
[GameContext] Precision Design gains 1 credit. (6 total)
[GameContext] [MCTS] slow search: 623 ms (100 iterations, depth 3)
[GameContext] Precision Design installs Envelopment in R&D.
[heartbeat] game 4/10 — turn 1, time 188s
[GameContext] === Multifarious Marketeer Turn 2 begins. Credits: 5, Clicks: 4 ===
[GameContext] MuslihaT: Multifarious Marketeer peeks at the top of their stack.
[GameContext] MuslihaT: Multifarious Marketeer declines.
[GameContext] --- Run on R&D begins ---
[GameContext] [Initiation] Run declared on R&D.
[GameContext] [Approach] Runner approaches unrezzed ice (position 0).
[CorpRunAI] AI: rezzing Envelopment would breach credit floor — holding.
[GameContext] [Approach] Corp declines to rez. Runner passes unrezzed ice.
[GameContext] [Movement] Runner approaches the server root.
[GameContext] [Success] Run successful on R&D!
[GameContext] [Debug/gain_on_success] run_modifiers at success: {  }
[GameContext] [Breach] Runner breaches R&D.
[GameContext] [Access] Runner accesses: Spin Doctor
[GameContext] [Access] Runner may trash Spin Doctor for 2 credits (Runner has 5 total).
[GameContext] [Access] Runner trashes Spin Doctor.
[GameContext] [End] Run ended successfully.
[GameContext] --- Run on HQ begins ---
[GameContext] [Initiation] Run declared on HQ.
[GameContext] [Initiation] No ice protecting server — proceeding to root.
[GameContext] [Movement] Runner approaches the server root.
[GameContext] [Success] Run successful on HQ!
[GameContext] [Debug/gain_on_success] run_modifiers at success: {  }
[GameContext] [Breach] Runner breaches HQ.
[GameContext] [Access] Runner accesses: Hedge Fund
[GameContext] [End] Run ended successfully.
Player install: card is: Marjanah and charged cost is: 0
[GameContext] Multifarious Marketeer installs Marjanah. [MU: 1/4 used]
Player install: card is: Revolver and charged cost is: 2
[GameContext] Placed 6 power counter(s) on Revolver.
[GameContext] Multifarious Marketeer installs Revolver. [MU: 2/4 used]
[GameContext] Precision Design draws Ivik.
[GameContext] === Precision Design Turn 2 begins. Credits: 6, Clicks: 3 ===
[GameContext] [MCTS] slow search: 371 ms (100 iterations, depth 3)
[GameContext] Precision Design installs Ivik in HQ.
[GameContext] [MCTS] slow search: 352 ms (100 iterations, depth 3)
[GameContext] Precision Design installs Élivágar Bifurcation in Server 0.
[GameContext] [MCTS] slow search: 344 ms (100 iterations, depth 3)
[GameContext] Precision Design advances Élivágar Bifurcation (1 counters).
[GameContext] === Multifarious Marketeer Turn 3 begins. Credits: 1, Clicks: 4 ===
[GameContext] MuslihaT: Multifarious Marketeer peeks at the top of their stack.
[GameContext] MuslihaT: Multifarious Marketeer declines.
[GameContext] Multifarious Marketeer gains 1 credit. (2 total)
[GameContext] --- Run on Server 0 begins ---
[GameContext] [Initiation] Run declared on Server 0.
[GameContext] [Approach] Runner approaches unrezzed ice (position 0).
[CorpRunAI] AI: Hákarl 1.0 — rez_cost=5  tax/enc=7.0  enc=2.5  LTV=17.5
[GameContext] [Rez] Corp rezzes Hákarl 1.0 for 5 credits.
[GameContext] [Encounter] Runner encounters Hákarl 1.0.
[GameContext] Runner takes 1 core damage.
[GameContext]   Trashed from grip: the_class_act
[GameContext] 1 card(s) trashed from Multifarious Marketeer's grip.
[GameContext] Multifarious Marketeer's maximum hand size permanently reduced to 4 (core damage total: 1).
[GameContext] Run ended.
[GameContext] [Encounter] Run ended by subroutine.
[GameContext] [End] Run ended unsuccessfully.
[GameContext] --- Run on R&D begins ---
[GameContext] [Initiation] Run declared on R&D.
[GameContext] [Approach] Runner approaches unrezzed ice (position 0).
[GameContext] [Approach] Corp declines to rez. Runner passes unrezzed ice.
[GameContext] Placed 1 power counter(s) on Marjanah.
[GameContext] [Movement] Runner approaches the server root.
[GameContext] [Success] Run successful on R&D!
[GameContext] [Debug/gain_on_success] run_modifiers at success: {  }
[GameContext] [Breach] Runner breaches R&D.
[GameContext] [Access] Runner accesses: Echo
[GameContext] [End] Run ended successfully.
[GameContext] --- Run on HQ begins ---
[GameContext] [Initiation] Run declared on HQ.
[GameContext] [Approach] Runner approaches unrezzed ice (position 0).
[GameContext] [Approach] Corp declines to rez. Runner passes unrezzed ice.
[GameContext] Placed 1 power counter(s) on Marjanah.
[GameContext] [Movement] Runner approaches the server root.
[GameContext] [Success] Run successful on HQ!
[GameContext] [Debug/gain_on_success] run_modifiers at success: {  }
[GameContext] [Breach] Runner breaches HQ.
[GameContext] [Access] Runner accesses: Trieste Model Bioroids
[GameContext] [Access] Runner may trash Trieste Model Bioroids for 3 credits (Runner has 2 total).
[GameContext] [Access] Runner cannot afford to trash.
[GameContext] [End] Run ended successfully.
[GameContext] Precision Design draws Echo.
[GameContext] === Precision Design Turn 3 begins. Credits: 0, Clicks: 3 ===
[GameContext] Precision Design gains 1 credit. (1 total)
[GameContext] [MCTS] Scoring line detected — executing: Advance elivagar_bifurcation
[GameContext] Precision Design advances Élivágar Bifurcation (2 counters).
[GameContext] Precision Design scores Élivágar Bifurcation! (1 agenda points)
[GameContext] Precision Design: Precision Design adds Spin Doctor from Archives to HQ.
[GameContext] [MCTS] slow search: 630 ms (100 iterations, depth 3)
[GameContext] Precision Design gains 1 credit. (1 total)
[heartbeat] game 4/10 — turn 3, time 193s
[GameContext] === Multifarious Marketeer Turn 4 begins. Credits: 2, Clicks: 4 ===
[GameContext] MuslihaT: Multifarious Marketeer peeks at the top of their stack.
[GameContext] MuslihaT: Multifarious Marketeer declines.
[GameContext] --- Run on R&D begins ---
[GameContext] [Initiation] Run declared on R&D.
[GameContext] [Approach] Runner approaches unrezzed ice (position 0).
[GameContext] [Approach] Corp declines to rez. Runner passes unrezzed ice.
[GameContext] Placed 1 power counter(s) on Marjanah.
[GameContext] [Movement] Runner approaches the server root.
[GameContext] [Success] Run successful on R&D!
[GameContext] [Debug/gain_on_success] run_modifiers at success: {  }
[GameContext] [Breach] Runner breaches R&D.
[GameContext] [Access] Runner accesses: Echo
[GameContext] [End] Run ended successfully.
[GameContext] --- Run on HQ begins ---
[GameContext] [Initiation] Run declared on HQ.
[GameContext] [Approach] Runner approaches unrezzed ice (position 0).
[GameContext] [Approach] Corp declines to rez. Runner passes unrezzed ice.
[GameContext] Placed 1 power counter(s) on Marjanah.
[GameContext] [Movement] Runner approaches the server root.
[GameContext] [Success] Run successful on HQ!
[GameContext] [Debug/gain_on_success] run_modifiers at success: {  }
[GameContext] [Breach] Runner breaches HQ.
[GameContext] [Access] Runner accesses: Spin Doctor
[GameContext] [Access] Runner may trash Spin Doctor for 2 credits (Runner has 2 total).
[GameContext] [Access] Runner trashes Spin Doctor.
[GameContext] [End] Run ended successfully.
[GameContext] Multifarious Marketeer draws Sure Gamble.
[GameContext] Multifarious Marketeer draws Transfer of Wealth.
[GameContext] Precision Design draws Echo.
[GameContext] === Precision Design Turn 4 begins. Credits: 1, Clicks: 3 ===
[GameContext] [MCTS] slow search: 571 ms (100 iterations, depth 3)
[GameContext] Precision Design pays 1 credit(s) to install ice.
[GameContext] Precision Design installs Echo in R&D.
[GameContext] [MCTS] slow search: 427 ms (100 iterations, depth 3)
[GameContext] Precision Design gains 1 credit. (1 total)
[GameContext] [MCTS] slow search: 406 ms (100 iterations, depth 3)
[GameContext] Precision Design gains 1 credit. (2 total)
[GameContext] === Multifarious Marketeer Turn 5 begins. Credits: 0, Clicks: 4 ===
[GameContext] MuslihaT: Multifarious Marketeer peeks at the top of their stack.
[GameContext] MuslihaT: Multifarious Marketeer declines.
[GameContext] Run modifier set: transfer_of_wealth_on_success = 1
[GameContext] --- Run on HQ begins ---
[GameContext] [Initiation] Run declared on HQ.
[GameContext] [Approach] Runner approaches unrezzed ice (position 0).
[GameContext] [Approach] Corp declines to rez. Runner passes unrezzed ice.
[GameContext] Placed 1 power counter(s) on Marjanah.
[GameContext] [Movement] Runner approaches the server root.
[GameContext] [Success] Run successful on HQ!
[GameContext] [Debug/gain_on_success] run_modifiers at success: { "transfer_of_wealth_on_success": 1, "run_event_active": 1 }
[GameContext] Transfer of Wealth: Multifarious Marketeer takes 1 tag (1 total).
[GameContext] Transfer of Wealth: Precision Design loses 2 cr; Multifarious Marketeer gains 4 cr.
[GameContext] [Breach] Runner breaches HQ.
[GameContext] [Access] Runner accesses: Echo
[GameContext] [End] Run ended successfully.
[GameContext] Multifarious Marketeer plays Transfer of Wealth.
[GameContext] --- Run on R&D begins ---
[GameContext] [Initiation] Run declared on R&D.
[GameContext] [Approach] Runner approaches unrezzed ice (position 0).
[GameContext] [Approach] Corp declines to rez. Runner passes unrezzed ice.
[GameContext] Placed 1 power counter(s) on Marjanah.
[GameContext] [Approach] Runner approaches unrezzed ice (position 1).
[GameContext] [Approach] Corp declines to rez. Runner passes unrezzed ice.
[GameContext] Placed 1 power counter(s) on Marjanah.
[GameContext] [Movement] Runner approaches the server root.
[GameContext] [Success] Run successful on R&D!
[GameContext] [Debug/gain_on_success] run_modifiers at success: {  }
[GameContext] [Breach] Runner breaches R&D.
[GameContext] [Access] Runner accesses: Regolith Mining License
[GameContext] [Access] Runner may trash Regolith Mining License for 3 credits (Runner has 4 total).
[GameContext] [Access] Runner trashes Regolith Mining License.
[GameContext] [End] Run ended successfully.
[GameContext] --- Run on HQ begins ---
[GameContext] [Initiation] Run declared on HQ.
[GameContext] [Approach] Runner approaches unrezzed ice (position 0).
[GameContext] [Approach] Corp declines to rez. Runner passes unrezzed ice.
[GameContext] Placed 1 power counter(s) on Marjanah.
[GameContext] [Movement] Runner approaches the server root.
[GameContext] [Success] Run successful on HQ!
[GameContext] [Debug/gain_on_success] run_modifiers at success: {  }
[GameContext] [Breach] Runner breaches HQ.
[GameContext] [Access] Runner accesses: Echo
[GameContext] [End] Run ended successfully.
[GameContext] Multifarious Marketeer draws Daily Casts.
[GameContext] Precision Design draws Hákarl 1.0.
[GameContext] === Precision Design Turn 5 begins. Credits: 0, Clicks: 3 ===
[GameContext] [MCTS] slow search: 594 ms (100 iterations, depth 3)
[GameContext] Precision Design gains 1 credit. (1 total)
[GameContext] [MCTS] slow search: 606 ms (100 iterations, depth 3)
[GameContext] Precision Design pays 1 credit(s) to install ice.
[GameContext] Precision Design installs Echo in HQ.
[heartbeat] game 4/10 — turn 5, time 198s
[GameContext] [MCTS] slow search: 496 ms (100 iterations, depth 3)
[GameContext] Precision Design gains 1 credit. (1 total)
[GameContext] === Multifarious Marketeer Turn 6 begins. Credits: 1, Clicks: 4 ===
[GameContext] MuslihaT: Multifarious Marketeer peeks at the top of their stack.
[GameContext] MuslihaT: Multifarious Marketeer declines.
[GameContext] Multifarious Marketeer gains 1 credit. (2 total)
[GameContext] --- Run on R&D begins ---
[GameContext] [Initiation] Run declared on R&D.
[GameContext] [Approach] Runner approaches unrezzed ice (position 0).
[GameContext] [Approach] Corp declines to rez. Runner passes unrezzed ice.
[GameContext] Placed 1 power counter(s) on Marjanah.
[GameContext] [Approach] Runner approaches unrezzed ice (position 1).
[GameContext] [Approach] Corp declines to rez. Runner passes unrezzed ice.
[GameContext] Placed 1 power counter(s) on Marjanah.
[GameContext] [Movement] Runner approaches the server root.
[GameContext] [Success] Run successful on R&D!
[GameContext] [Debug/gain_on_success] run_modifiers at success: {  }
[GameContext] [Breach] Runner breaches R&D.
[GameContext] [Access] Runner accesses: Extract
[GameContext] [End] Run ended successfully.
[GameContext] --- Run on HQ begins ---
[GameContext] [Initiation] Run declared on HQ.
[GameContext] [Approach] Runner approaches unrezzed ice (position 0).
[GameContext] [Approach] Corp declines to rez. Runner passes unrezzed ice.
[GameContext] Placed 1 power counter(s) on Marjanah.
[GameContext] [Approach] Runner approaches unrezzed ice (position 1).
[GameContext] [Approach] Corp declines to rez. Runner passes unrezzed ice.
[GameContext] Placed 1 power counter(s) on Marjanah.
[GameContext] [Movement] Runner approaches the server root.
[GameContext] [Success] Run successful on HQ!
[GameContext] [Debug/gain_on_success] run_modifiers at success: {  }
[GameContext] [Breach] Runner breaches HQ.
[GameContext] [Access] Runner accesses: Trieste Model Bioroids
[GameContext] [Access] Runner may trash Trieste Model Bioroids for 3 credits (Runner has 2 total).
[GameContext] [Access] Runner cannot afford to trash.
[GameContext] [End] Run ended successfully.
[GameContext] Multifarious Marketeer removes 1 tag (0 remaining). [paid 2cr]
[GameContext] Precision Design draws Extract.
[GameContext] === Precision Design Turn 6 begins. Credits: 1, Clicks: 3 ===
[GameContext] [MCTS] slow search: 413 ms (100 iterations, depth 3)
[GameContext] Precision Design gains 1 credit. (2 total)
[GameContext] [MCTS] slow search: 440 ms (100 iterations, depth 3)
[GameContext] Precision Design gains 1 credit. (3 total)
[GameContext] [MCTS] slow search: 446 ms (100 iterations, depth 3)
[GameContext] Precision Design gains 6 credits.
[GameContext] Precision Design plays Extract.
[GameContext] === Multifarious Marketeer Turn 7 begins. Credits: 0, Clicks: 4 ===
[GameContext] MuslihaT: Multifarious Marketeer peeks at the top of their stack.
[GameContext] MuslihaT: Multifarious Marketeer declines.
[GameContext] Multifarious Marketeer gains 1 credit. (1 total)
[GameContext] Multifarious Marketeer gains 1 credit. (2 total)
[GameContext] Multifarious Marketeer gains 1 credit. (3 total)
[GameContext] Multifarious Marketeer gains 1 credit. (4 total)
[GameContext] Precision Design draws Extract.
[GameContext] === Precision Design Turn 7 begins. Credits: 6, Clicks: 3 ===
[GameContext] [MCTS] slow search: 670 ms (100 iterations, depth 3)
[GameContext] Precision Design gains 6 credits.
[GameContext] Precision Design plays Extract.
[GameContext] [MCTS] slow search: 585 ms (100 iterations, depth 3)
[GameContext] Precision Design draws Regolith Mining License.
[heartbeat] game 4/10 — turn 7, time 204s
[GameContext] [MCTS] slow search: 857 ms (100 iterations, depth 3)
[GameContext] Precision Design gains 9 credits.
[GameContext] Precision Design plays Hedge Fund.
[GameContext] === Multifarious Marketeer Turn 8 begins. Credits: 4, Clicks: 4 ===
[GameContext] MuslihaT: Multifarious Marketeer peeks at the top of their stack.
[GameContext] MuslihaT: Multifarious Marketeer declines.
[GameContext] Multifarious Marketeer gains 1 credit. (5 total)
[GameContext] Multifarious Marketeer gains 9 credits.
[GameContext] Multifarious Marketeer plays Sure Gamble.
[GameContext] --- Run on R&D begins ---
[GameContext] [Initiation] Run declared on R&D.
[GameContext] [Approach] Runner approaches unrezzed ice (position 0).
[GameContext] [Approach] Corp declines to rez. Runner passes unrezzed ice.
[GameContext] Placed 1 power counter(s) on Marjanah.
[GameContext] [Approach] Runner approaches unrezzed ice (position 1).
[GameContext] [Approach] Corp declines to rez. Runner passes unrezzed ice.
[GameContext] Placed 1 power counter(s) on Marjanah.
[GameContext] [Movement] Runner approaches the server root.
[GameContext] [Success] Run successful on R&D!
[GameContext] [Debug/gain_on_success] run_modifiers at success: {  }
[GameContext] [Breach] Runner breaches R&D.
[GameContext] [Access] Runner accesses: Ansel 1.0
[GameContext] [End] Run ended successfully.
[GameContext] --- Run on HQ begins ---
[GameContext] [Initiation] Run declared on HQ.
[GameContext] [Approach] Runner approaches unrezzed ice (position 0).
[GameContext] [Approach] Corp declines to rez. Runner passes unrezzed ice.
[GameContext] Placed 1 power counter(s) on Marjanah.
[GameContext] [Approach] Runner approaches unrezzed ice (position 1).
[GameContext] [Approach] Corp declines to rez. Runner passes unrezzed ice.
[GameContext] Placed 1 power counter(s) on Marjanah.
[GameContext] [Movement] Runner approaches the server root.
[GameContext] [Success] Run successful on HQ!
[GameContext] [Debug/gain_on_success] run_modifiers at success: {  }
[GameContext] [Breach] Runner breaches HQ.
[GameContext] [Access] Runner accesses: Trieste Model Bioroids
[GameContext] [Access] Runner may trash Trieste Model Bioroids for 3 credits (Runner has 9 total).
[GameContext] [Access] Runner trashes Trieste Model Bioroids.
[GameContext] [End] Run ended successfully.
[GameContext] Precision Design draws Ansel 1.0.
[GameContext] === Precision Design Turn 8 begins. Credits: 13, Clicks: 3 ===
[GameContext] [MCTS] slow search: 419 ms (100 iterations, depth 3)
[GameContext] Precision Design draws Ansel 1.0.
[GameContext] [MCTS] slow search: 689 ms (100 iterations, depth 3)
[GameContext] Precision Design pays 2 credit(s) to install ice.
[GameContext] Precision Design installs Ansel 1.0 in R&D.
[GameContext] [MCTS] slow search: 598 ms (100 iterations, depth 3)
[GameContext] Precision Design gains 1 credit. (12 total)
[GameContext] === Multifarious Marketeer Turn 9 begins. Credits: 6, Clicks: 4 ===
[GameContext] MuslihaT: Multifarious Marketeer peeks at the top of their stack.
[GameContext] MuslihaT: Multifarious Marketeer declines.
[GameContext] Multifarious Marketeer gains 1 credit. (7 total)
[GameContext] Multifarious Marketeer gains 1 credit. (8 total)
[GameContext] --- Run on HQ begins ---
[GameContext] [Initiation] Run declared on HQ.
[GameContext] [Approach] Runner approaches unrezzed ice (position 0).
[GameContext] [Approach] Corp declines to rez. Runner passes unrezzed ice.
[GameContext] Placed 1 power counter(s) on Marjanah.
[GameContext] [Approach] Runner approaches unrezzed ice (position 1).
[GameContext] [Approach] Corp declines to rez. Runner passes unrezzed ice.
[GameContext] Placed 1 power counter(s) on Marjanah.
[GameContext] [Movement] Runner approaches the server root.
[GameContext] [Success] Run successful on HQ!
[GameContext] [Debug/gain_on_success] run_modifiers at success: {  }
[GameContext] [Breach] Runner breaches HQ.
[GameContext] [Access] Runner accesses: Hákarl 1.0
[GameContext] [End] Run ended successfully.
[GameContext] Multifarious Marketeer draws The Class Act.
[GameContext] Precision Design draws Hedge Fund.
[GameContext] === Precision Design Turn 9 begins. Credits: 12, Clicks: 3 ===
[GameContext] [MCTS] slow search: 867 ms (100 iterations, depth 3)
[heartbeat] game 4/10 — turn 9, time 209s
[GameContext] Precision Design draws Hedge Fund.
[GameContext] [MCTS] slow search: 698 ms (100 iterations, depth 3)
[GameContext] Precision Design pays 2 credit(s) to install ice.
[GameContext] Precision Design installs Hákarl 1.0 in HQ.
[GameContext] [MCTS] slow search: 682 ms (100 iterations, depth 3)
[GameContext] Precision Design gains 9 credits.
[GameContext] Precision Design plays Hedge Fund.
[GameContext] === Multifarious Marketeer Turn 10 begins. Credits: 8, Clicks: 4 ===
[GameContext] MuslihaT: Multifarious Marketeer peeks at the top of their stack.
[GameContext] MuslihaT: Multifarious Marketeer declines.
[GameContext] Multifarious Marketeer gains 1 credit. (9 total)
[GameContext] Multifarious Marketeer gains 1 credit. (10 total)
[GameContext] Multifarious Marketeer gains 1 credit. (11 total)
[GameContext] Multifarious Marketeer gains 1 credit. (12 total)
[GameContext] Precision Design draws Spin Doctor.
[GameContext] === Precision Design Turn 10 begins. Credits: 14, Clicks: 3 ===
[GameContext] [MCTS] slow search: 747 ms (100 iterations, depth 3)
[GameContext] Precision Design draws Government Subsidy.
[GameContext] [MCTS] slow search: 643 ms (100 iterations, depth 3)
[GameContext] Precision Design installs Regolith Mining License in Server 1.
[GameContext] [MCTS] slow search: 751 ms (100 iterations, depth 3)
[GameContext] Precision Design installs Ansel 1.0 in Server 2.
[heartbeat] game 4/10 — turn 10, time 215s
[GameContext] === Multifarious Marketeer Turn 11 begins. Credits: 12, Clicks: 4 ===
[GameContext] MuslihaT: Multifarious Marketeer peeks at the top of their stack.
[GameContext] MuslihaT: Multifarious Marketeer declines.
[GameContext] --- Run on R&D begins ---
[GameContext] [Initiation] Run declared on R&D.
[GameContext] [Approach] Runner approaches unrezzed ice (position 0).
[CorpRunAI] AI: Ansel 1.0 — rez_cost=6  tax/enc=3.0  enc=3.0  LTV=9.0
[CorpRunAI] AI: deferring Ansel 1.0 (pri=3.75) — saving for Hákarl 1.0 on hq (pri=8.40)
[GameContext] [Approach] Corp declines to rez. Runner passes unrezzed ice.
[GameContext] Placed 1 power counter(s) on Marjanah.
[GameContext] [Approach] Runner approaches unrezzed ice (position 1).
[CorpRunAI] AI: Ansel 1.0 — rez_cost=6  tax/enc=3.0  enc=3.0  LTV=9.0
[CorpRunAI] AI: deferring Ansel 1.0 (pri=3.75) — saving for Hákarl 1.0 on hq (pri=8.40)
[GameContext] [Approach] Corp declines to rez. Runner passes unrezzed ice.
[GameContext] Placed 1 power counter(s) on Marjanah.
[GameContext] [Approach] Runner approaches unrezzed ice (position 2).
[CorpRunAI] AI: Ansel 1.0 — rez_cost=6  tax/enc=3.0  enc=3.0  LTV=9.0
[CorpRunAI] AI: deferring Ansel 1.0 (pri=3.75) — saving for Hákarl 1.0 on hq (pri=8.40)
[GameContext] [Approach] Corp declines to rez. Runner passes unrezzed ice.
[GameContext] Placed 1 power counter(s) on Marjanah.
[GameContext] [Movement] Runner approaches the server root.
[GameContext] [Success] Run successful on R&D!
[GameContext] [Debug/gain_on_success] run_modifiers at success: {  }
[GameContext] [Breach] Runner breaches R&D.
[GameContext] [Access] Runner accesses: Midnight-3 Arcology
[GameContext] [Access] Runner steals Midnight-3 Arcology! (2 agenda points)
[GameContext] [End] Run ended successfully.
[GameContext] --- Run on HQ begins ---
[GameContext] [Initiation] Run declared on HQ.
[GameContext] [Approach] Runner approaches unrezzed ice (position 0).
[CorpRunAI] AI: Hákarl 1.0 — rez_cost=5  tax/enc=7.0  enc=3.0  LTV=21.0
[GameContext] [Rez] Corp rezzes Hákarl 1.0 for 5 credits.
[GameContext] [Encounter] Runner encounters Hákarl 1.0.
[GameContext] [Encounter] Marjanah breaks 'Do 1 core damage.' for 2 cr.
[GameContext] [Encounter] Marjanah breaks 'End the run.' for 2 cr.
[GameContext] [Encounter] Subroutine 0 broken.
[GameContext] [Encounter] Subroutine 1 broken.
[GameContext] Placed 1 power counter(s) on Marjanah.
[GameContext] [Approach] Runner approaches unrezzed ice (position 1).
[GameContext] [Approach] Corp declines to rez. Runner passes unrezzed ice.
[GameContext] Placed 1 power counter(s) on Marjanah.
[GameContext] [Approach] Runner approaches unrezzed ice (position 2).
[GameContext] [Approach] Corp declines to rez. Runner passes unrezzed ice.
[GameContext] Placed 1 power counter(s) on Marjanah.
[GameContext] [Movement] Runner approaches the server root.
[GameContext] [Success] Run successful on HQ!
[GameContext] [Debug/gain_on_success] run_modifiers at success: { "overclock_credits": 0, "concerto_credits": 0, "bad_pub_credits": 0 }
[GameContext] [Breach] Runner breaches HQ.
[GameContext] [Access] Runner accesses: Hedge Fund
[GameContext] [End] Run ended successfully.
[GameContext] Multifarious Marketeer gains 1 credit. (9 total)
[GameContext] Multifarious Marketeer gains 1 credit. (10 total)
[GameContext] Precision Design draws Maskirovka.
[GameContext] === Precision Design Turn 11 begins. Credits: 9, Clicks: 3 ===
[GameContext] Placed 15 credits counter(s) on Regolith Mining License.
[GameContext] Precision Design rezzes Regolith Mining License for 2 cr.
[GameContext] [MCTS] slow search: 329 ms (100 iterations, depth 3)
[GameContext] Precision Design takes 3 cr from Regolith Mining License (12 remaining).
[GameContext] [MCTS] slow search: 306 ms (100 iterations, depth 3)
[GameContext] Precision Design gains 1 credit. (11 total)
[GameContext] [MCTS] slow search: 288 ms (100 iterations, depth 3)
[GameContext] Precision Design gains 9 credits.
[GameContext] Precision Design plays Hedge Fund.
[GameContext] === Multifarious Marketeer Turn 12 begins. Credits: 10, Clicks: 4 ===
[GameContext] MuslihaT: Multifarious Marketeer peeks at the top of their stack.
[GameContext] MuslihaT: Multifarious Marketeer declines.
[GameContext] Multifarious Marketeer gains 1 credit. (11 total)
[GameContext] Multifarious Marketeer gains 1 credit. (12 total)
[GameContext] --- Run on R&D begins ---
[GameContext] [Initiation] Run declared on R&D.
[GameContext] [Approach] Runner approaches unrezzed ice (position 0).
[CorpRunAI] AI: Ansel 1.0 — rez_cost=6  tax/enc=3.0  enc=3.0  LTV=9.0
[CorpRunAI] AI: deferring Ansel 1.0 (pri=3.75) — saving for Ivik on hq (pri=6.86)
[GameContext] [Approach] Corp declines to rez. Runner passes unrezzed ice.
[GameContext] Placed 1 power counter(s) on Marjanah.
[GameContext] [Approach] Runner approaches unrezzed ice (position 1).
[CorpRunAI] AI: Ansel 1.0 — rez_cost=6  tax/enc=3.0  enc=3.0  LTV=9.0
[CorpRunAI] AI: deferring Ansel 1.0 (pri=3.75) — saving for Ivik on hq (pri=6.86)
[GameContext] [Approach] Corp declines to rez. Runner passes unrezzed ice.
[GameContext] Placed 1 power counter(s) on Marjanah.
[GameContext] [Approach] Runner approaches unrezzed ice (position 2).
[CorpRunAI] AI: Ansel 1.0 — rez_cost=6  tax/enc=3.0  enc=3.0  LTV=9.0
[CorpRunAI] AI: deferring Ansel 1.0 (pri=3.75) — saving for Ivik on hq (pri=6.86)
[GameContext] [Approach] Corp declines to rez. Runner passes unrezzed ice.
[GameContext] Placed 1 power counter(s) on Marjanah.
[GameContext] [Movement] Runner approaches the server root.
[GameContext] [Success] Run successful on R&D!
[GameContext] [Debug/gain_on_success] run_modifiers at success: {  }
[GameContext] [Breach] Runner breaches R&D.
[GameContext] [Access] Runner accesses: Mavirus
[GameContext] [Access] Runner may trash Mavirus for 0 credits (Runner has 12 total).
[GameContext] [End] Run ended successfully.
[GameContext] Multifarious Marketeer gains 1 credit. (13 total)
[GameContext] Precision Design draws Mavirus.
[GameContext] === Precision Design Turn 12 begins. Credits: 15, Clicks: 3 ===
[GameContext] [MCTS] slow search: 294 ms (100 iterations, depth 3)
[GameContext] Precision Design draws Hákarl 1.0.
[GameContext] [MCTS] slow search: 324 ms (100 iterations, depth 3)
[GameContext] Precision Design installs Trieste Model Bioroids in Server 3.
[GameContext] [MCTS] slow search: 384 ms (100 iterations, depth 3)
[GameContext] Precision Design installs Mavirus in HQ.
[heartbeat] game 4/10 — turn 12, time 220s
[GameContext] === Multifarious Marketeer Turn 13 begins. Credits: 13, Clicks: 4 ===
[GameContext] MuslihaT: Multifarious Marketeer peeks at the top of their stack.
[GameContext] MuslihaT: Multifarious Marketeer declines.
[GameContext] --- Run on R&D begins ---
[GameContext] [Initiation] Run declared on R&D.
[GameContext] [Approach] Runner approaches unrezzed ice (position 0).
[CorpRunAI] AI: Ansel 1.0 — rez_cost=6  tax/enc=3.0  enc=3.0  LTV=9.0
[CorpRunAI] AI: deferring Ansel 1.0 (pri=3.75) — saving for Ivik on hq (pri=6.86)
[GameContext] [Approach] Corp declines to rez. Runner passes unrezzed ice.
[GameContext] Placed 1 power counter(s) on Marjanah.
[GameContext] [Approach] Runner approaches unrezzed ice (position 1).
[CorpRunAI] AI: Ansel 1.0 — rez_cost=6  tax/enc=3.0  enc=3.0  LTV=9.0
[CorpRunAI] AI: deferring Ansel 1.0 (pri=3.75) — saving for Ivik on hq (pri=6.86)
[GameContext] [Approach] Corp declines to rez. Runner passes unrezzed ice.
[GameContext] Placed 1 power counter(s) on Marjanah.
[GameContext] [Approach] Runner approaches unrezzed ice (position 2).
[CorpRunAI] AI: Ansel 1.0 — rez_cost=6  tax/enc=3.0  enc=3.0  LTV=9.0
[CorpRunAI] AI: deferring Ansel 1.0 (pri=3.75) — saving for Ivik on hq (pri=6.86)
[GameContext] [Approach] Corp declines to rez. Runner passes unrezzed ice.
[GameContext] Placed 1 power counter(s) on Marjanah.
[GameContext] [Movement] Runner approaches the server root.
[GameContext] [Success] Run successful on R&D!
[GameContext] [Debug/gain_on_success] run_modifiers at success: {  }
[GameContext] [Breach] Runner breaches R&D.
[GameContext] [Access] Runner accesses: Midnight-3 Arcology
[GameContext] [Access] Runner steals Midnight-3 Arcology! (2 agenda points)
[GameContext] [End] Run ended successfully.
[GameContext] Multifarious Marketeer gains 1 credit. (14 total)
[GameContext] Multifarious Marketeer gains 1 credit. (15 total)
[GameContext] --- Run on HQ begins ---
[GameContext] [Initiation] Run declared on HQ.
[GameContext] [Rez] Corp rezzes Mavirus for 3 credits.
[GameContext] [Approach] Runner approaches Hákarl 1.0 (position 0).
[GameContext] [Encounter] Runner encounters Hákarl 1.0.
[GameContext] [Encounter] Marjanah breaks 'Do 1 core damage.' for 2 cr.
[GameContext] [Encounter] Marjanah breaks 'End the run.' for 2 cr.
[GameContext] [Encounter] Subroutine 0 broken.
[GameContext] [Encounter] Subroutine 1 broken.
[GameContext] Placed 1 power counter(s) on Marjanah.
[GameContext] [Approach] Runner approaches unrezzed ice (position 1).
[GameContext] [Approach] Corp declines to rez. Runner passes unrezzed ice.
[GameContext] Placed 1 power counter(s) on Marjanah.
[GameContext] [Approach] Runner approaches unrezzed ice (position 2).
[GameContext] [Approach] Corp declines to rez. Runner passes unrezzed ice.
[GameContext] Placed 1 power counter(s) on Marjanah.
[GameContext] [Movement] Runner approaches the server root.
[GameContext] [Success] Run successful on HQ!
[GameContext] [Debug/gain_on_success] run_modifiers at success: { "overclock_credits": 0, "concerto_credits": 0, "bad_pub_credits": 0 }
[GameContext] [Breach] Runner breaches HQ.
[GameContext] [Access] Runner accesses: Mavirus
[GameContext] [Mavirus] Rezzed — deals 1 net damage.
[GameContext] Runner takes 1 net damage.
[GameContext]   Trashed from grip: the_twinning
[GameContext] 1 card(s) trashed from Multifarious Marketeer's grip.
[GameContext] [Access] Runner may trash Mavirus for 0 credits (Runner has 11 total).
[GameContext] [Access] Runner accesses: Government Subsidy
[GameContext] [End] Run ended successfully.
[GameContext] Precision Design draws Élivágar Bifurcation.
[GameContext] === Precision Design Turn 13 begins. Credits: 12, Clicks: 3 ===
[GameContext] [Trieste Model Bioroids] Runner cannot use card abilities to break subs on Hákarl 1.0.
[GameContext] Precision Design rezzes Trieste Model Bioroids for 2 cr.
[GameContext] Precision Design installs Élivágar Bifurcation in Server 0.
[GameContext] [MCTS] Scoring line detected — executing: Advance elivagar_bifurcation
[GameContext] Precision Design advances Élivágar Bifurcation (1 counters).
[GameContext] [MCTS] Scoring line detected — executing: Advance elivagar_bifurcation
[GameContext] Precision Design advances Élivágar Bifurcation (2 counters).
[GameContext] Precision Design scores Élivágar Bifurcation! (1 agenda points)
[GameContext] Precision Design: Precision Design adds Spin Doctor from Archives to HQ.
[GameContext] === Multifarious Marketeer Turn 14 begins. Credits: 11, Clicks: 4 ===
[GameContext] MuslihaT: Multifarious Marketeer peeks at the top of their stack.
[GameContext] MuslihaT: Multifarious Marketeer declines.
[GameContext] --- Run on R&D begins ---
[GameContext] [Initiation] Run declared on R&D.
[GameContext] [Approach] Runner approaches unrezzed ice (position 0).
[CorpRunAI] AI: rezzing Ansel 1.0 would breach credit floor — holding.
[GameContext] [Approach] Corp declines to rez. Runner passes unrezzed ice.
[GameContext] Placed 1 power counter(s) on Marjanah.
[GameContext] [Approach] Runner approaches unrezzed ice (position 1).
[CorpRunAI] AI: rezzing Ansel 1.0 would breach credit floor — holding.
[GameContext] [Approach] Corp declines to rez. Runner passes unrezzed ice.
[GameContext] Placed 1 power counter(s) on Marjanah.
[GameContext] [Approach] Runner approaches unrezzed ice (position 2).
[CorpRunAI] AI: rezzing Ansel 1.0 would breach credit floor — holding.
[GameContext] [Approach] Corp declines to rez. Runner passes unrezzed ice.
[GameContext] Placed 1 power counter(s) on Marjanah.
[GameContext] [Movement] Runner approaches the server root.
[GameContext] [Success] Run successful on R&D!
[GameContext] [Debug/gain_on_success] run_modifiers at success: {  }
[GameContext] [Breach] Runner breaches R&D.
[GameContext] [Access] Runner accesses: Echo
[GameContext] [End] Run ended successfully.
[GameContext] Multifarious Marketeer gains 1 credit. (12 total)
[GameContext] Multifarious Marketeer gains 1 credit. (13 total)
[GameContext] --- Run on HQ begins ---
[GameContext] [Initiation] Run declared on HQ.
[GameContext] [Approach] Runner approaches Hákarl 1.0 (position 0).
[GameContext] [Encounter] Runner encounters Hákarl 1.0.
[GameContext] [Trieste Model Bioroids] Runner card abilities cannot break subs on Hákarl 1.0.
[GameContext] Runner takes 1 core damage.
[GameContext]   Trashed from grip: the_class_act
[GameContext] 1 card(s) trashed from Multifarious Marketeer's grip.
[GameContext] Multifarious Marketeer's maximum hand size permanently reduced to 3 (core damage total: 2).
[GameContext] Run ended.
[GameContext] [Encounter] Run ended by subroutine.
[GameContext] [End] Run ended unsuccessfully.
[GameContext] Precision Design draws Echo.
[GameContext] === Precision Design Turn 14 begins. Credits: 8, Clicks: 3 ===
[GameContext] Precision Design installs Hákarl 1.0 in Server 4.
[GameContext] Precision Design takes 3 cr from Regolith Mining License (9 remaining).
[GameContext] Precision Design gains 14 credits.
[GameContext] Precision Design plays Government Subsidy.
[GameContext] === Multifarious Marketeer Turn 15 begins. Credits: 13, Clicks: 4 ===
[GameContext] MuslihaT: Multifarious Marketeer peeks at the top of their stack.
[GameContext] MuslihaT: Multifarious Marketeer declines.
[GameContext] --- Run on R&D begins ---
[GameContext] [Initiation] Run declared on R&D.
[GameContext] [Approach] Runner approaches unrezzed ice (position 0).
[CorpRunAI] AI: Ansel 1.0 — rez_cost=6  tax/enc=3.0  enc=3.0  LTV=9.0
[CorpRunAI] AI: deferring Ansel 1.0 (pri=3.75) — saving for Ivik on hq (pri=6.86)
[GameContext] [Approach] Corp declines to rez. Runner passes unrezzed ice.
[GameContext] Placed 1 power counter(s) on Marjanah.
[GameContext] [Approach] Runner approaches unrezzed ice (position 1).
[CorpRunAI] AI: Ansel 1.0 — rez_cost=6  tax/enc=3.0  enc=3.0  LTV=9.0
[CorpRunAI] AI: deferring Ansel 1.0 (pri=3.75) — saving for Ivik on hq (pri=6.86)
[GameContext] [Approach] Corp declines to rez. Runner passes unrezzed ice.
[GameContext] Placed 1 power counter(s) on Marjanah.
[GameContext] [Approach] Runner approaches unrezzed ice (position 2).
[CorpRunAI] AI: Ansel 1.0 — rez_cost=6  tax/enc=3.0  enc=3.0  LTV=9.0
[CorpRunAI] AI: deferring Ansel 1.0 (pri=3.75) — saving for Ivik on hq (pri=6.86)
[GameContext] [Approach] Corp declines to rez. Runner passes unrezzed ice.
[GameContext] Placed 1 power counter(s) on Marjanah.
[GameContext] [Movement] Runner approaches the server root.
[GameContext] [Success] Run successful on R&D!
[GameContext] [Debug/gain_on_success] run_modifiers at success: {  }
[GameContext] [Breach] Runner breaches R&D.
[GameContext] [Access] Runner accesses: Élivágar Bifurcation
[GameContext] [Access] Runner steals Élivágar Bifurcation! (1 agenda points)
[GameContext] [End] Run ended successfully.
[GameContext] Multifarious Marketeer gains 1 credit. (14 total)
[GameContext] Multifarious Marketeer gains 1 credit. (15 total)
[GameContext] --- Run on HQ begins ---
[GameContext] [Initiation] Run declared on HQ.
[GameContext] [Approach] Runner approaches Hákarl 1.0 (position 0).
[GameContext] [Encounter] Runner encounters Hákarl 1.0.
[GameContext] [Encounter] Marjanah breaks 'Do 1 core damage.' for 2 cr.
[GameContext] [Encounter] Marjanah breaks 'End the run.' for 2 cr.
[GameContext] [Encounter] Subroutine 0 broken.
[GameContext] [Encounter] Subroutine 1 broken.
[GameContext] Placed 1 power counter(s) on Marjanah.
[GameContext] [Approach] Runner approaches unrezzed ice (position 1).
[GameContext] [Approach] Corp declines to rez. Runner passes unrezzed ice.
[GameContext] Placed 1 power counter(s) on Marjanah.
[GameContext] [Approach] Runner approaches unrezzed ice (position 2).
[GameContext] [Approach] Corp declines to rez. Runner passes unrezzed ice.
[GameContext] Placed 1 power counter(s) on Marjanah.
[GameContext] [Movement] Runner approaches the server root.
[GameContext] [Success] Run successful on HQ!
[GameContext] [Debug/gain_on_success] run_modifiers at success: { "overclock_credits": 0, "concerto_credits": 0, "bad_pub_credits": 0 }
[GameContext] [Breach] Runner breaches HQ.
[GameContext] [Access] Runner accesses: Mavirus
[GameContext] [Mavirus] Rezzed — deals 1 net damage.
[GameContext] Runner takes 1 net damage.
[GameContext]   Trashed from grip: daily_casts
[GameContext] 1 card(s) trashed from Multifarious Marketeer's grip.
[GameContext] [Access] Runner may trash Mavirus for 0 credits (Runner has 11 total).
[GameContext] [Access] Runner accesses: Spin Doctor
[GameContext] [Access] Runner may trash Spin Doctor for 2 credits (Runner has 11 total).
[GameContext] [Access] Runner trashes Spin Doctor.
[GameContext] [End] Run ended successfully.
[GameContext] Precision Design draws Ivik.
[GameContext] === Precision Design Turn 15 begins. Credits: 15, Clicks: 3 ===
[GameContext] Precision Design installs Maskirovka in Server 5.
[GameContext] Precision Design draws Envelopment.
[heartbeat] game 4/10 — turn 15, time 225s
[GameContext] Precision Design gains 1 credit. (16 total)
[GameContext] === Multifarious Marketeer Turn 16 begins. Credits: 9, Clicks: 4 ===
[GameContext] MuslihaT: Multifarious Marketeer peeks at the top of their stack.
[GameContext] MuslihaT: Multifarious Marketeer declines.
[GameContext] Multifarious Marketeer draws No Free Lunch.
[GameContext] Multifarious Marketeer draws Revolver.
[GameContext] Multifarious Marketeer draws Boomerang.
[GameContext] Multifarious Marketeer draws Jailbreak.
[GameContext] Multifarious Marketeer discards No Free Lunch to hand limit. (3 cards remaining)
[GameContext] Multifarious Marketeer discards Daily Casts to hand limit. (3 cards remaining)
[GameContext] Precision Design draws Government Subsidy.
[GameContext] === Precision Design Turn 16 begins. Credits: 16, Clicks: 3 ===
[GameContext] [MCTS] slow search: 1414 ms (100 iterations, depth 3)
[GameContext] Precision Design draws Spin Doctor.
[GameContext] [MCTS] slow search: 1225 ms (100 iterations, depth 3)
[GameContext] Precision Design installs Spin Doctor in Server 2.
[GameContext] [MCTS] slow search: 1386 ms (100 iterations, depth 3)
[GameContext] Precision Design installs Echo in Server 6.
[heartbeat] game 4/10 — turn 16, time 231s
[GameContext] === Multifarious Marketeer Turn 17 begins. Credits: 9, Clicks: 4 ===
[GameContext] MuslihaT: Multifarious Marketeer peeks at the top of their stack.
[GameContext] MuslihaT: Multifarious Marketeer declines.
[GameContext] Run modifier set: bonus_access = 1
[GameContext] --- Run on HQ begins ---
[GameContext] [Initiation] Run declared on HQ.
[GameContext] [Approach] Runner approaches Hákarl 1.0 (position 0).
[GameContext] [Encounter] Runner encounters Hákarl 1.0.
[GameContext] [Encounter] Marjanah breaks 'Do 1 core damage.' for 2 cr.
[GameContext] [Encounter] Marjanah breaks 'End the run.' for 2 cr.
[GameContext] [Encounter] Subroutine 0 broken.
[GameContext] [Encounter] Subroutine 1 broken.
[GameContext] Placed 1 power counter(s) on Marjanah.
[GameContext] [Approach] Runner approaches unrezzed ice (position 1).
[GameContext] [Approach] Corp declines to rez. Runner passes unrezzed ice.
[GameContext] Placed 1 power counter(s) on Marjanah.
[GameContext] [Approach] Runner approaches unrezzed ice (position 2).
[GameContext] [Approach] Corp declines to rez. Runner passes unrezzed ice.
[GameContext] Placed 1 power counter(s) on Marjanah.
[GameContext] [Movement] Runner approaches the server root.
[GameContext] [Success] Run successful on HQ!
[GameContext] [Debug/gain_on_success] run_modifiers at success: { "bonus_access": 1, "run_event_active": 1, "overclock_credits": 0, "concerto_credits": 0, "bad_pub_credits": 0 }
[GameContext] [Breach] Runner breaches HQ.
[GameContext] [Breach] Bonus access: 1 extra card(s).
[GameContext] [Access] Runner accesses: Mavirus
[GameContext] [Mavirus] Rezzed — deals 1 net damage.
[GameContext] Runner takes 1 net damage.
[GameContext]   Trashed from grip: boomerang
[GameContext] 1 card(s) trashed from Multifarious Marketeer's grip.
[GameContext] [Access] Runner may trash Mavirus for 0 credits (Runner has 5 total).
[GameContext] [Access] Runner accesses: Envelopment
[GameContext] [Access] Runner accesses: Government Subsidy
[GameContext] [End] Run ended successfully.
[GameContext] Multifarious Marketeer plays Jailbreak.
[GameContext] Multifarious Marketeer draws The Twinning.
[GameContext] Multifarious Marketeer draws Pinhole Threading.
[GameContext] Multifarious Marketeer plays Pinhole Threading.
[GameContext] Precision Design draws Maskirovka.
[GameContext] === Precision Design Turn 17 begins. Credits: 16, Clicks: 3 ===
[GameContext] Precision Design draws 2 card(s).
[GameContext] Precision Design rezzes Spin Doctor for 0 cr.
[GameContext] [MCTS] slow search: 1985 ms (100 iterations, depth 3)
[GameContext] Precision Design installs Envelopment in Server 7.
[GameContext] [MCTS] slow search: 1933 ms (100 iterations, depth 3)
[GameContext] Precision Design installs Spin Doctor in Server 4.
[heartbeat] game 4/10 — turn 17, time 236s
[GameContext] [MCTS] slow search: 2069 ms (100 iterations, depth 3)
[GameContext] Precision Design installs Ivik in Server 8.
[GameContext] === Multifarious Marketeer Turn 18 begins. Credits: 4, Clicks: 4 ===
[GameContext] MuslihaT: Multifarious Marketeer peeks at the top of their stack.
[GameContext] MuslihaT: Multifarious Marketeer declines.
[GameContext] Multifarious Marketeer draws Marjanah.
[GameContext] Multifarious Marketeer draws Sure Gamble.
[GameContext] Multifarious Marketeer gains 1 credit. (5 total)
[GameContext] Multifarious Marketeer gains 9 credits.
[GameContext] Multifarious Marketeer plays Sure Gamble.
[GameContext] Precision Design draws Mavirus.
[GameContext] === Precision Design Turn 18 begins. Credits: 16, Clicks: 3 ===
[GameContext] Precision Design deck empty — cannot draw.
[GameContext] Precision Design draws 0 card(s).
[GameContext] Precision Design rezzes Spin Doctor for 0 cr.
[GameContext] [◆ Unique] Duplicate Spin Doctor trashed (cannot be prevented).
[GameContext] [MCTS] slow search: 1895 ms (100 iterations, depth 3)
[GameContext] Precision Design installs Mavirus in Server 9.
[heartbeat] game 4/10 — turn 18, time 241s
[GameContext] [MCTS] slow search: 1673 ms (100 iterations, depth 3)
[GameContext] Precision Design gains 1 credit. (17 total)
[GameContext] [MCTS] slow search: 1700 ms (100 iterations, depth 3)
[GameContext] Precision Design gains 1 credit. (18 total)
[GameContext] === Multifarious Marketeer Turn 19 begins. Credits: 9, Clicks: 4 ===
[GameContext] MuslihaT: Multifarious Marketeer peeks at the top of their stack.
[GameContext] MuslihaT: Multifarious Marketeer declines.
[GameContext] Multifarious Marketeer draws Red Team.
[GameContext] Multifarious Marketeer draws Jailbreak.
[GameContext] Run modifier set: bonus_access = 1
[GameContext] --- Run on HQ begins ---
[GameContext] [Initiation] Run declared on HQ.
[GameContext] [Approach] Runner approaches Hákarl 1.0 (position 0).
[GameContext] [Encounter] Runner encounters Hákarl 1.0.
[GameContext] [Encounter] Marjanah breaks 'Do 1 core damage.' for 2 cr.
[GameContext] [Encounter] Marjanah breaks 'End the run.' for 2 cr.
[GameContext] [Encounter] Subroutine 0 broken.
[GameContext] [Encounter] Subroutine 1 broken.
[GameContext] Placed 1 power counter(s) on Marjanah.
[GameContext] [Approach] Runner approaches unrezzed ice (position 1).
[GameContext] [Approach] Corp declines to rez. Runner passes unrezzed ice.
[GameContext] Placed 1 power counter(s) on Marjanah.
[GameContext] [Approach] Runner approaches unrezzed ice (position 2).
[GameContext] [Approach] Corp declines to rez. Runner passes unrezzed ice.
[GameContext] Placed 1 power counter(s) on Marjanah.
[GameContext] [Movement] Runner approaches the server root.
[GameContext] [Success] Run successful on HQ!
[GameContext] [Debug/gain_on_success] run_modifiers at success: { "bonus_access": 1, "run_event_active": 1, "overclock_credits": 0, "concerto_credits": 0, "bad_pub_credits": 0 }
[GameContext] [Breach] Runner breaches HQ.
[GameContext] [Breach] Bonus access: 1 extra card(s).
[GameContext] [Access] Runner accesses: Mavirus
[GameContext] [Mavirus] Rezzed — deals 1 net damage.
[GameContext] Runner takes 1 net damage.
[GameContext]   Trashed from grip: red_team
[GameContext] 1 card(s) trashed from Multifarious Marketeer's grip.
[GameContext] [Access] Runner may trash Mavirus for 0 credits (Runner has 5 total).
[GameContext] [Access] Runner accesses: Maskirovka
[GameContext] [Access] Runner accesses: Maskirovka
[GameContext] [End] Run ended successfully.
[GameContext] Multifarious Marketeer plays Jailbreak.
[GameContext] Multifarious Marketeer draws Cezve.
[GameContext] Multifarious Marketeer discards The Twinning to hand limit. (3 cards remaining)
[GameContext] Precision Design deck is empty — Precision Design loses!
[GameContext] Game over — Multifarious Marketeer wins. Corp could not draw (empty R&D)
[GameContext] === Precision Design Turn 19 begins. Credits: 18, Clicks: 3 ===
[GameContext] Precision Design rezzes Mavirus for 3 cr.
  [  4/ 10]  RUNNER    Corp could not draw (empty R&D)   19 turns
[GameContext] Precision Design draws Mavirus.
[GameContext] === Precision Design Turn 1 begins. Credits: 5, Clicks: 3 ===
[GameContext] [MCTS] slow search: 594 ms (100 iterations, depth 3)
[heartbeat] game 5/10 — turn 1, time 246s
[GameContext] Precision Design installs Envelopment in R&D.
[GameContext] [MCTS] slow search: 499 ms (100 iterations, depth 3)
[GameContext] Precision Design installs Echo in Server 0.
[GameContext] [MCTS] slow search: 540 ms (100 iterations, depth 3)
[GameContext] Precision Design installs Echo in HQ.
[GameContext] === Multifarious Marketeer Turn 2 begins. Credits: 5, Clicks: 4 ===
[GameContext] MuslihaT: Multifarious Marketeer peeks at the top of their stack.
[GameContext] MuslihaT: top card is not an icebreaker or run event — not revealed.
[GameContext] Run modifier set: overclock_credits = 5
[GameContext] --- Run on HQ begins ---
[GameContext] [Initiation] Run declared on HQ.
[GameContext] [Approach] Runner approaches unrezzed ice (position 0).
[GameContext] [Approach] Corp declines to rez. Runner passes unrezzed ice.
[GameContext] [Movement] Runner approaches the server root.
[GameContext] [Success] Run successful on HQ!
[GameContext] [Debug/gain_on_success] run_modifiers at success: { "overclock_credits": 5, "run_event_active": 1 }
[GameContext] [Breach] Runner breaches HQ.
[GameContext] [Access] Runner accesses: Regolith Mining License
[GameContext] [Access] Runner may trash Regolith Mining License for 3 credits (Runner has 9 total).
[GameContext] [Access] Runner trashes Regolith Mining License.
[GameContext] [End] Run ended successfully.
[GameContext] Overclock: 2 unspent credit(s) returned to the bank.
[GameContext] Multifarious Marketeer plays Overclock.
[GameContext] Run modifier set: bonus_access = 1
[GameContext] --- Run on HQ begins ---
[GameContext] [Initiation] Run declared on HQ.
[GameContext] [Approach] Runner approaches unrezzed ice (position 0).
[GameContext] [Approach] Corp declines to rez. Runner passes unrezzed ice.
[GameContext] [Movement] Runner approaches the server root.
[GameContext] [Success] Run successful on HQ!
[GameContext] [Debug/gain_on_success] run_modifiers at success: { "bonus_access": 1, "run_event_active": 1 }
[GameContext] [Breach] Runner breaches HQ.
[GameContext] [Breach] Bonus access: 1 extra card(s).
[GameContext] [Access] Runner accesses: Mavirus
[GameContext] [Access] Runner may trash Mavirus for 0 credits (Runner has 4 total).
[GameContext] [Access] Runner accesses: Regolith Mining License
[GameContext] [Access] Runner may trash Regolith Mining License for 3 credits (Runner has 4 total).
[GameContext] [Access] Runner trashes Regolith Mining License.
[GameContext] [End] Run ended successfully.
[GameContext] Multifarious Marketeer plays Jailbreak.
[GameContext] Multifarious Marketeer gains 1 credit. (2 total)
[GameContext] --- Run on R&D begins ---
[GameContext] [Initiation] Run declared on R&D.
[GameContext] [Approach] Runner approaches unrezzed ice (position 0).
[CorpRunAI] AI: rezzing Envelopment would breach credit floor — holding.
[GameContext] [Approach] Corp declines to rez. Runner passes unrezzed ice.
[GameContext] [Movement] Runner approaches the server root.
[GameContext] [Success] Run successful on R&D!
[GameContext] [Debug/gain_on_success] run_modifiers at success: {  }
[GameContext] [Breach] Runner breaches R&D.
[GameContext] [Access] Runner accesses: Midnight-3 Arcology
[GameContext] [Access] Runner steals Midnight-3 Arcology! (2 agenda points)
[GameContext] [End] Run ended successfully.
[GameContext] Precision Design draws Spin Doctor.
[GameContext] === Precision Design Turn 2 begins. Credits: 5, Clicks: 3 ===
[GameContext] [MCTS] slow search: 350 ms (100 iterations, depth 3)
[GameContext] Precision Design draws Mavirus.
[GameContext] [MCTS] slow search: 479 ms (100 iterations, depth 3)
[GameContext] Precision Design draws Hedge Fund.
[GameContext] [MCTS] slow search: 535 ms (100 iterations, depth 3)
[GameContext] Precision Design gains 9 credits.
[GameContext] Precision Design plays Hedge Fund.
[heartbeat] game 5/10 — turn 2, time 251s
[GameContext] === Multifarious Marketeer Turn 3 begins. Credits: 2, Clicks: 4 ===
[GameContext] MuslihaT: Multifarious Marketeer peeks at the top of their stack.
[GameContext] MuslihaT: top card is not an icebreaker or run event — not revealed.
[GameContext] Multifarious Marketeer gains 1 credit. (3 total)
[GameContext] --- Run on R&D begins ---
[GameContext] [Initiation] Run declared on R&D.
[GameContext] [Approach] Runner approaches unrezzed ice (position 0).
[CorpRunAI] AI: Envelopment — rez_cost=5  tax/enc=9.0  enc=3.0  LTV=27.0
[GameContext] [Rez] Corp rezzes Envelopment for 5 credits.
[GameContext] Placed 4 power counter(s) on Envelopment.
[GameContext] [Encounter] Runner encounters Envelopment.
[GameContext] [Encounter] Envelopment: 4 dynamic ETR sub(s) from power counters.
[GameContext] Run ended.
[GameContext] [Encounter] Run ended by subroutine.
[GameContext] [End] Run ended unsuccessfully.
[GameContext] --- Run on HQ begins ---
[GameContext] [Initiation] Run declared on HQ.
[GameContext] [Approach] Runner approaches unrezzed ice (position 0).
[GameContext] [Approach] Corp declines to rez. Runner passes unrezzed ice.
[GameContext] [Movement] Runner approaches the server root.
[GameContext] [Success] Run successful on HQ!
[GameContext] [Debug/gain_on_success] run_modifiers at success: {  }
[GameContext] [Breach] Runner breaches HQ.
[GameContext] [Access] Runner accesses: Mavirus
[GameContext] [Access] Runner may trash Mavirus for 0 credits (Runner has 3 total).
[GameContext] [End] Run ended successfully.
[GameContext] Multifarious Marketeer draws Boomerang.
[GameContext] Precision Design draws Extract.
[GameContext] === Precision Design Turn 3 begins. Credits: 4, Clicks: 3 ===
[GameContext] [MCTS] slow search: 508 ms (100 iterations, depth 3)
[GameContext] Precision Design gains 6 credits.
[GameContext] Precision Design plays Extract.
[GameContext] [MCTS] slow search: 444 ms (100 iterations, depth 3)
[GameContext] Precision Design draws Hákarl 1.0.
[GameContext] [MCTS] slow search: 667 ms (100 iterations, depth 3)
[GameContext] Precision Design gains 1 credit. (8 total)
[GameContext] === Multifarious Marketeer Turn 4 begins. Credits: 3, Clicks: 4 ===
[GameContext] MuslihaT: Multifarious Marketeer peeks at the top of their stack.
[GameContext] MuslihaT: top card is not an icebreaker or run event — not revealed.
[GameContext] --- Run on HQ begins ---
[GameContext] [Initiation] Run declared on HQ.
[GameContext] [Approach] Runner approaches unrezzed ice (position 0).
[GameContext] [Approach] Corp declines to rez. Runner passes unrezzed ice.
[GameContext] [Movement] Runner approaches the server root.
[GameContext] [Success] Run successful on HQ!
[GameContext] [Debug/gain_on_success] run_modifiers at success: {  }
[GameContext] [Breach] Runner breaches HQ.
[GameContext] [Access] Runner accesses: Hákarl 1.0
[GameContext] [End] Run ended successfully.
[GameContext] Multifarious Marketeer gains 1 credit. (4 total)
[GameContext] Multifarious Marketeer gains 1 credit. (5 total)
[GameContext] Conditional install cost applies: Carmen costs 3¢ this turn.
Player install: card is: Carmen and charged cost is: 3
[GameContext] Multifarious Marketeer installs Carmen. [MU: 1/4 used]
[GameContext] Precision Design draws Echo.
[GameContext] === Precision Design Turn 4 begins. Credits: 8, Clicks: 3 ===
[GameContext] [MCTS] slow search: 966 ms (100 iterations, depth 3)
[GameContext] Precision Design gains 1 credit. (9 total)
[GameContext] [MCTS] slow search: 888 ms (100 iterations, depth 3)
[GameContext] Precision Design gains 1 credit. (10 total)
[heartbeat] game 5/10 — turn 4, time 256s
[GameContext] [MCTS] slow search: 906 ms (100 iterations, depth 3)
[GameContext] Precision Design installs Mavirus in HQ.
[GameContext] === Multifarious Marketeer Turn 5 begins. Credits: 2, Clicks: 4 ===
[GameContext] MuslihaT: Multifarious Marketeer peeks at the top of their stack.
[GameContext] MuslihaT: top card is not an icebreaker or run event — not revealed.
[GameContext] Multifarious Marketeer gains 1 credit. (3 total)
[GameContext] --- Run on HQ begins ---
[GameContext] [Initiation] Run declared on HQ.
[GameContext] [Rez] Corp rezzes Mavirus for 3 credits.
[GameContext] [Approach] Runner approaches unrezzed ice (position 0).
[GameContext] [Approach] Corp declines to rez. Runner passes unrezzed ice.
[GameContext] [Movement] Runner approaches the server root.
[GameContext] [Success] Run successful on HQ!
[GameContext] [Debug/gain_on_success] run_modifiers at success: {  }
[GameContext] [Breach] Runner breaches HQ.
[GameContext] [Access] Runner accesses: Mavirus
[GameContext] [Mavirus] Rezzed — deals 1 net damage.
[GameContext] Runner takes 1 net damage.
[GameContext]   Trashed from grip: boomerang
[GameContext] 1 card(s) trashed from Multifarious Marketeer's grip.
[GameContext] [Access] Runner may trash Mavirus for 0 credits (Runner has 3 total).
[GameContext] [Access] Runner accesses: Echo
[GameContext] [End] Run ended successfully.
[GameContext] Multifarious Marketeer draws Cezve.
[GameContext] Multifarious Marketeer draws Carmen.
[GameContext] Precision Design draws Spin Doctor.
[GameContext] === Precision Design Turn 5 begins. Credits: 7, Clicks: 3 ===
[GameContext] [MCTS] slow search: 870 ms (100 iterations, depth 3)
[GameContext] Precision Design gains 1 credit. (8 total)
[GameContext] [MCTS] slow search: 846 ms (100 iterations, depth 3)
[GameContext] Precision Design installs Mavirus in Server 1.
[GameContext] [MCTS] slow search: 954 ms (100 iterations, depth 3)
[GameContext] Precision Design gains 1 credit. (9 total)
[heartbeat] game 5/10 — turn 5, time 262s
[GameContext] === Multifarious Marketeer Turn 6 begins. Credits: 3, Clicks: 4 ===
[GameContext] MuslihaT: Multifarious Marketeer peeks at the top of their stack.
[GameContext] MuslihaT: top card is not an icebreaker or run event — not revealed.
[GameContext] --- Run on HQ begins ---
[GameContext] [Initiation] Run declared on HQ.
[GameContext] [Approach] Runner approaches unrezzed ice (position 0).
[GameContext] [Approach] Corp declines to rez. Runner passes unrezzed ice.
[GameContext] [Movement] Runner approaches the server root.
[GameContext] [Success] Run successful on HQ!
[GameContext] [Debug/gain_on_success] run_modifiers at success: {  }
[GameContext] [Breach] Runner breaches HQ.
[GameContext] [Access] Runner accesses: Mavirus
[GameContext] [Mavirus] Rezzed — deals 1 net damage.
[GameContext] Runner takes 1 net damage.
[GameContext]   Trashed from grip: carmen
[GameContext] 1 card(s) trashed from Multifarious Marketeer's grip.
[GameContext] [Access] Runner may trash Mavirus for 0 credits (Runner has 3 total).
[GameContext] [Access] Runner accesses: Echo
[GameContext] [End] Run ended successfully.
[GameContext] Multifarious Marketeer draws The Class Act.
[GameContext] Multifarious Marketeer draws Cat's Cradle.
Player install: card is: Cat's Cradle and charged cost is: 2
[GameContext] Multifarious Marketeer installs Cat's Cradle. [MU: 2/4 used]
[GameContext] Precision Design draws Government Subsidy.
[GameContext] === Precision Design Turn 6 begins. Credits: 9, Clicks: 3 ===
[GameContext] Precision Design rezzes Mavirus for 3 cr.
[GameContext] [MCTS] slow search: 896 ms (100 iterations, depth 3)
[GameContext] Precision Design pays 1 credit(s) to install ice.
[GameContext] Precision Design installs Hákarl 1.0 in HQ.
[GameContext] [MCTS] slow search: 525 ms (100 iterations, depth 3)
[GameContext] Precision Design gains 1 credit. (6 total)
[GameContext] [MCTS] slow search: 605 ms (100 iterations, depth 3)
[GameContext] Precision Design gains 1 credit. (7 total)
[GameContext] === Multifarious Marketeer Turn 7 begins. Credits: 1, Clicks: 4 ===
[GameContext] MuslihaT: Multifarious Marketeer peeks at the top of their stack.
[GameContext] MuslihaT: top card is not an icebreaker or run event — not revealed.
[GameContext] Multifarious Marketeer gains 1 credit. (2 total)
[GameContext] Multifarious Marketeer gains 1 credit. (3 total)
[GameContext] Multifarious Marketeer gains 1 credit. (4 total)
[GameContext] --- Run on HQ begins ---
[GameContext] [Initiation] Run declared on HQ.
[GameContext] [Approach] Runner approaches unrezzed ice (position 0).
[CorpRunAI] AI: rezzing Hákarl 1.0 would breach credit floor — holding.
[GameContext] [Approach] Corp declines to rez. Runner passes unrezzed ice.
[GameContext] [Approach] Runner approaches unrezzed ice (position 1).
[CorpRunAI] AI: rezzing Hákarl 1.0 would breach credit floor — holding.
[GameContext] [Approach] Corp declines to rez. Runner passes unrezzed ice.
[GameContext] [Movement] Runner approaches the server root.
[GameContext] [Success] Run successful on HQ!
[GameContext] [Debug/gain_on_success] run_modifiers at success: {  }
[GameContext] [Breach] Runner breaches HQ.
[GameContext] [Access] Runner accesses: Mavirus
[GameContext] [Mavirus] Rezzed — deals 1 net damage.
[GameContext] Runner takes 1 net damage.
[GameContext]   Trashed from grip: the_class_act
[GameContext] 1 card(s) trashed from Multifarious Marketeer's grip.
[GameContext] [Access] Runner may trash Mavirus for 0 credits (Runner has 4 total).
[GameContext] [Access] Runner accesses: Spin Doctor
[GameContext] [Access] Runner may trash Spin Doctor for 2 credits (Runner has 4 total).
[GameContext] [Access] Runner trashes Spin Doctor.
[GameContext] [End] Run ended successfully.
[GameContext] Precision Design draws Maskirovka.
[GameContext] === Precision Design Turn 7 begins. Credits: 7, Clicks: 3 ===
[GameContext] [MCTS] slow search: 659 ms (100 iterations, depth 3)
[GameContext] Precision Design gains 1 credit. (8 total)
[heartbeat] game 5/10 — turn 7, time 267s
[GameContext] [MCTS] slow search: 664 ms (100 iterations, depth 3)
[GameContext] Precision Design gains 1 credit. (9 total)
[GameContext] [MCTS] slow search: 649 ms (100 iterations, depth 3)
[GameContext] Precision Design gains 1 credit. (10 total)
[GameContext] === Multifarious Marketeer Turn 8 begins. Credits: 2, Clicks: 4 ===
[GameContext] MuslihaT: Multifarious Marketeer peeks at the top of their stack.
[GameContext] MuslihaT: top card is not an icebreaker or run event — not revealed.
[GameContext] Multifarious Marketeer draws Overclock.
[GameContext] Run modifier set: overclock_credits = 5
[GameContext] --- Run on HQ begins ---
[GameContext] [Initiation] Run declared on HQ.
[GameContext] [Approach] Runner approaches unrezzed ice (position 0).
[CorpRunAI] AI: Hákarl 1.0 — rez_cost=5  tax/enc=10.0  enc=3.0  LTV=30.0
[GameContext] [Rez] Corp rezzes Hákarl 1.0 for 5 credits.
[GameContext] [Encounter] Runner encounters Hákarl 1.0.
[GameContext] Runner takes 1 core damage.
[GameContext]   Trashed from grip: cezve
[GameContext] 1 card(s) trashed from Multifarious Marketeer's grip.
[GameContext] Multifarious Marketeer's maximum hand size permanently reduced to 4 (core damage total: 1).
[GameContext] Run ended.
[GameContext] [Encounter] Run ended by subroutine.
[GameContext] [End] Run ended unsuccessfully.
[GameContext] Overclock: 5 unspent credit(s) returned to the bank.
[GameContext] Multifarious Marketeer plays Overclock.
[GameContext] Multifarious Marketeer draws Daily Casts.
[GameContext] Multifarious Marketeer draws Daily Casts.
[GameContext] Precision Design draws Maskirovka.
[GameContext] === Precision Design Turn 8 begins. Credits: 5, Clicks: 3 ===
[GameContext] [MCTS] slow search: 844 ms (100 iterations, depth 3)
[GameContext] Precision Design pays 1 credit(s) to install ice.
[GameContext] Precision Design installs Maskirovka in R&D.
[GameContext] [MCTS] slow search: 553 ms (100 iterations, depth 3)
[GameContext] Precision Design gains 1 credit. (5 total)
[GameContext] [MCTS] slow search: 624 ms (100 iterations, depth 3)
[GameContext] Precision Design gains 1 credit. (6 total)
[heartbeat] game 5/10 — turn 8, time 272s
[GameContext] === Multifarious Marketeer Turn 9 begins. Credits: 1, Clicks: 4 ===
[GameContext] MuslihaT: Multifarious Marketeer peeks at the top of their stack.
[GameContext] MuslihaT: top card is not an icebreaker or run event — not revealed.
[GameContext] Multifarious Marketeer gains 1 credit. (2 total)
[GameContext] Multifarious Marketeer gains 1 credit. (3 total)
[GameContext] Multifarious Marketeer gains 1 credit. (4 total)
[GameContext] Multifarious Marketeer gains 1 credit. (5 total)
[GameContext] Precision Design draws Extract.
[GameContext] === Precision Design Turn 9 begins. Credits: 6, Clicks: 3 ===
[GameContext] [MCTS] slow search: 854 ms (100 iterations, depth 3)
[GameContext] Precision Design gains 6 credits.
[GameContext] Precision Design plays Extract.
[GameContext] [MCTS] slow search: 600 ms (100 iterations, depth 3)
[GameContext] Precision Design gains 1 credit. (10 total)
[GameContext] [MCTS] slow search: 674 ms (100 iterations, depth 3)
[GameContext] Precision Design gains 1 credit. (11 total)
[GameContext] === Multifarious Marketeer Turn 10 begins. Credits: 5, Clicks: 4 ===
[GameContext] MuslihaT: Multifarious Marketeer peeks at the top of their stack.
[GameContext] MuslihaT: top card is not an icebreaker or run event — not revealed.
[GameContext] Multifarious Marketeer gains 1 credit. (6 total)
[GameContext] Multifarious Marketeer gains 1 credit. (7 total)
[GameContext] Multifarious Marketeer gains 1 credit. (8 total)
[GameContext] Multifarious Marketeer gains 1 credit. (9 total)
[GameContext] Precision Design draws Ansel 1.0.
[GameContext] === Precision Design Turn 10 begins. Credits: 11, Clicks: 3 ===
[GameContext] [MCTS] slow search: 887 ms (100 iterations, depth 3)
[GameContext] Precision Design gains 1 credit. (12 total)
[heartbeat] game 5/10 — turn 10, time 277s
[GameContext] [MCTS] slow search: 873 ms (100 iterations, depth 3)
[GameContext] Precision Design pays 2 credit(s) to install ice.
[GameContext] Precision Design installs Ansel 1.0 in HQ.
[GameContext] [MCTS] slow search: 678 ms (100 iterations, depth 3)
[GameContext] Precision Design gains 1 credit. (11 total)
[GameContext] === Multifarious Marketeer Turn 11 begins. Credits: 9, Clicks: 4 ===
[GameContext] MuslihaT: Multifarious Marketeer peeks at the top of their stack.
[GameContext] MuslihaT: top card is not an icebreaker or run event — not revealed.
[GameContext] Multifarious Marketeer gains 1 credit. (10 total)
[GameContext] Multifarious Marketeer gains 1 credit. (11 total)
[GameContext] Multifarious Marketeer gains 1 credit. (12 total)
[GameContext] Multifarious Marketeer gains 1 credit. (13 total)
[GameContext] Precision Design draws Spin Doctor.
[GameContext] === Precision Design Turn 11 begins. Credits: 11, Clicks: 3 ===
[GameContext] [MCTS] slow search: 933 ms (100 iterations, depth 3)
[GameContext] Precision Design pays 2 credit(s) to install ice.
[GameContext] Precision Design installs Maskirovka in R&D.
[GameContext] [MCTS] slow search: 596 ms (100 iterations, depth 3)
[GameContext] Precision Design gains 1 credit. (10 total)
[heartbeat] game 5/10 — turn 11, time 282s
[GameContext] [MCTS] slow search: 646 ms (100 iterations, depth 3)
[GameContext] Precision Design gains 1 credit. (11 total)
[GameContext] === Multifarious Marketeer Turn 12 begins. Credits: 13, Clicks: 4 ===
[GameContext] MuslihaT: Multifarious Marketeer peeks at the top of their stack.
[GameContext] MuslihaT: top card is not an icebreaker or run event — not revealed.
[GameContext] Multifarious Marketeer gains 1 credit. (14 total)
[GameContext] Multifarious Marketeer gains 1 credit. (15 total)
[GameContext] Multifarious Marketeer gains 1 credit. (16 total)
[GameContext] Multifarious Marketeer gains 1 credit. (17 total)
[GameContext] Precision Design draws Trieste Model Bioroids.
[GameContext] === Precision Design Turn 12 begins. Credits: 11, Clicks: 3 ===
[GameContext] [MCTS] slow search: 938 ms (100 iterations, depth 3)
[GameContext] Precision Design draws Hedge Fund.
[GameContext] [MCTS] slow search: 878 ms (100 iterations, depth 3)
[GameContext] Precision Design gains 9 credits.
[GameContext] Precision Design plays Hedge Fund.
[GameContext] [MCTS] slow search: 879 ms (100 iterations, depth 3)
[GameContext] Precision Design installs Echo in Server 2.
[heartbeat] game 5/10 — turn 12, time 287s
[GameContext] === Multifarious Marketeer Turn 13 begins. Credits: 17, Clicks: 4 ===
[GameContext] MuslihaT: Multifarious Marketeer peeks at the top of their stack.
[GameContext] MuslihaT: top card is not an icebreaker or run event — not revealed.
[GameContext] Multifarious Marketeer gains 1 credit. (18 total)
[GameContext] Multifarious Marketeer gains 1 credit. (19 total)
[GameContext] Multifarious Marketeer gains 1 credit. (20 total)
[GameContext] Multifarious Marketeer gains 1 credit. (21 total)
[GameContext] Precision Design draws Élivágar Bifurcation.
[GameContext] === Precision Design Turn 13 begins. Credits: 15, Clicks: 3 ===
[GameContext] [MCTS] slow search: 1864 ms (100 iterations, depth 3)
[GameContext] Precision Design gains 1 credit. (16 total)
[GameContext] [MCTS] slow search: 2089 ms (100 iterations, depth 3)
[GameContext] Precision Design installs Élivágar Bifurcation in Server 2.
[GameContext] [MCTS] slow search: 2019 ms (100 iterations, depth 3)
[GameContext] Precision Design advances Élivágar Bifurcation (1 counters).
[heartbeat] game 5/10 — turn 13, time 294s
[GameContext] === Multifarious Marketeer Turn 14 begins. Credits: 21, Clicks: 4 ===
[GameContext] MuslihaT: Multifarious Marketeer peeks at the top of their stack.
[GameContext] MuslihaT: top card is not an icebreaker or run event — not revealed.
[GameContext] --- Run on Server 2 begins ---
[GameContext] [Initiation] Run declared on Server 2.
[GameContext] [Approach] Runner approaches unrezzed ice (position 0).
[GameContext] [Approach] Corp declines to rez. Runner passes unrezzed ice.
[GameContext] [Movement] Runner approaches the server root.
[GameContext] [Success] Run successful on Server 2!
[GameContext] [Debug/gain_on_success] run_modifiers at success: {  }
[GameContext] [Breach] Runner breaches Server 2.
[GameContext] [Access] Runner accesses: Élivágar Bifurcation
[GameContext] [Access] Runner steals Élivágar Bifurcation! (1 agenda points)
[GameContext] [End] Run ended successfully.
[GameContext] Multifarious Marketeer gains 1 credit. (22 total)
[GameContext] Multifarious Marketeer gains 1 credit. (23 total)
[GameContext] Multifarious Marketeer gains 1 credit. (24 total)
[GameContext] Precision Design draws Midnight-3 Arcology.
[GameContext] === Precision Design Turn 14 begins. Credits: 15, Clicks: 3 ===
[GameContext] [MCTS] slow search: 2020 ms (100 iterations, depth 3)
[GameContext] Precision Design installs Midnight-3 Arcology in Server 0.
[GameContext] [MCTS] slow search: 2000 ms (100 iterations, depth 3)
[GameContext] Precision Design advances Midnight-3 Arcology (1 counters).
[heartbeat] game 5/10 — turn 14, time 299s
[GameContext] [MCTS] slow search: 1939 ms (100 iterations, depth 3)
[GameContext] Precision Design advances Midnight-3 Arcology (2 counters).
[GameContext] === Multifarious Marketeer Turn 15 begins. Credits: 24, Clicks: 4 ===
[GameContext] MuslihaT: Multifarious Marketeer peeks at the top of their stack.
[GameContext] MuslihaT: top card is not an icebreaker or run event — not revealed.
[GameContext] Multifarious Marketeer gains 1 credit. (25 total)
[GameContext] Multifarious Marketeer gains 1 credit. (26 total)
[GameContext] Multifarious Marketeer gains 1 credit. (27 total)
[GameContext] --- Run on Server 0 begins ---
[GameContext] [Initiation] Run declared on Server 0.
[GameContext] [Approach] Runner approaches unrezzed ice (position 0).
[GameContext] [Approach] Corp declines to rez. Runner passes unrezzed ice.
[GameContext] [Movement] Runner approaches the server root.
[GameContext] [Success] Run successful on Server 0!
[GameContext] [Debug/gain_on_success] run_modifiers at success: {  }
[GameContext] [Breach] Runner breaches Server 0.
[GameContext] [Access] Runner accesses: Midnight-3 Arcology
[GameContext] [Access] Runner steals Midnight-3 Arcology! (2 agenda points)
[GameContext] [End] Run ended successfully.
[GameContext] Precision Design draws Trieste Model Bioroids.
[GameContext] === Precision Design Turn 15 begins. Credits: 13, Clicks: 3 ===
[GameContext] [MCTS] slow search: 977 ms (100 iterations, depth 3)
[GameContext] Precision Design installs Spin Doctor in Server 1.
[GameContext] [MCTS] slow search: 731 ms (100 iterations, depth 3)
[GameContext] Precision Design gains 1 credit. (14 total)
[heartbeat] game 5/10 — turn 15, time 304s
[GameContext] [MCTS] slow search: 690 ms (100 iterations, depth 3)
[GameContext] Precision Design gains 1 credit. (15 total)
[GameContext] === Multifarious Marketeer Turn 16 begins. Credits: 27, Clicks: 4 ===
[GameContext] MuslihaT: Multifarious Marketeer peeks at the top of their stack.
[GameContext] MuslihaT: top card is not an icebreaker or run event — not revealed.
[GameContext] Multifarious Marketeer gains 1 credit. (28 total)
[GameContext] Multifarious Marketeer gains 1 credit. (29 total)
[GameContext] Multifarious Marketeer gains 1 credit. (30 total)
[GameContext] Multifarious Marketeer gains 1 credit. (31 total)
[GameContext] Precision Design draws Hedge Fund.
[GameContext] === Precision Design Turn 16 begins. Credits: 15, Clicks: 3 ===
[GameContext] Precision Design draws 2 card(s).
[GameContext] Precision Design rezzes Spin Doctor for 0 cr.
[GameContext] Precision Design installs Trieste Model Bioroids in Server 0.
[GameContext] Precision Design installs Ansel 1.0 in Server 3.
[GameContext] Precision Design installs Hákarl 1.0 in Server 4.
[GameContext] === Multifarious Marketeer Turn 17 begins. Credits: 31, Clicks: 4 ===
[GameContext] MuslihaT: Multifarious Marketeer peeks at the top of their stack.
[GameContext] MuslihaT: top card is not an icebreaker or run event — not revealed.
[GameContext] Multifarious Marketeer gains 1 credit. (32 total)
[GameContext] Multifarious Marketeer gains 1 credit. (33 total)
[GameContext] Multifarious Marketeer gains 1 credit. (34 total)
[GameContext] Multifarious Marketeer gains 1 credit. (35 total)
[GameContext] Precision Design draws Envelopment.
[GameContext] === Precision Design Turn 17 begins. Credits: 15, Clicks: 3 ===
[GameContext] [Trieste Model Bioroids] Runner cannot use card abilities to break subs on Hákarl 1.0.
[GameContext] Precision Design rezzes Trieste Model Bioroids for 2 cr.
[GameContext] Precision Design installs Trieste Model Bioroids in Server 2.
[GameContext] Precision Design gains 1 credit. (14 total)
[GameContext] Precision Design gains 1 credit. (15 total)
[GameContext] === Multifarious Marketeer Turn 18 begins. Credits: 35, Clicks: 4 ===
[GameContext] MuslihaT: Multifarious Marketeer peeks at the top of their stack.
[GameContext] MuslihaT: top card is not an icebreaker or run event — not revealed.
[GameContext] Multifarious Marketeer gains 1 credit. (36 total)
[GameContext] Multifarious Marketeer gains 1 credit. (37 total)
[GameContext] Multifarious Marketeer gains 1 credit. (38 total)
[GameContext] Multifarious Marketeer gains 1 credit. (39 total)
[GameContext] Precision Design draws Extract.
[GameContext] === Precision Design Turn 18 begins. Credits: 15, Clicks: 3 ===
[GameContext] [Trieste Model Bioroids] Runner cannot use card abilities to break subs on Hákarl 1.0.
[GameContext] Precision Design rezzes Trieste Model Bioroids for 2 cr.
[GameContext] Precision Design installs Spin Doctor in Server 4.
[heartbeat] game 5/10 — turn 18, time 309s
[GameContext] Precision Design gains 1 credit. (14 total)
[GameContext] Precision Design gains 1 credit. (15 total)
[GameContext] === Multifarious Marketeer Turn 19 begins. Credits: 39, Clicks: 4 ===
[GameContext] MuslihaT: Multifarious Marketeer peeks at the top of their stack.
[GameContext] MuslihaT: top card is not an icebreaker or run event — not revealed.
[GameContext] Multifarious Marketeer gains 1 credit. (40 total)
[GameContext] Multifarious Marketeer gains 1 credit. (41 total)
[GameContext] Multifarious Marketeer gains 1 credit. (42 total)
[GameContext] Multifarious Marketeer gains 1 credit. (43 total)
[GameContext] Precision Design draws Ivik.
[GameContext] === Precision Design Turn 19 begins. Credits: 15, Clicks: 3 ===
[GameContext] Precision Design draws 2 card(s).
[GameContext] Precision Design rezzes Spin Doctor for 0 cr.
[GameContext] [◆ Unique] Duplicate Spin Doctor trashed (cannot be prevented).
[GameContext] Precision Design installs Élivágar Bifurcation in Server 3.
[GameContext] [MCTS] Scoring line detected — executing: Advance elivagar_bifurcation
[GameContext] Precision Design advances Élivágar Bifurcation (1 counters).
[GameContext] [MCTS] Scoring line detected — executing: Advance elivagar_bifurcation
[GameContext] Precision Design advances Élivágar Bifurcation (2 counters).
[GameContext] Precision Design scores Élivágar Bifurcation! (1 agenda points)
[GameContext] Precision Design: Precision Design adds Regolith Mining License from Archives to HQ.
[GameContext] Precision Design discards Extract to hand limit.
[GameContext] Precision Design discards Hedge Fund to hand limit.
[GameContext] === Multifarious Marketeer Turn 20 begins. Credits: 43, Clicks: 4 ===
[GameContext] MuslihaT: Multifarious Marketeer peeks at the top of their stack.
[GameContext] MuslihaT: top card is not an icebreaker or run event — not revealed.
[GameContext] Multifarious Marketeer gains 1 credit. (44 total)
[GameContext] Multifarious Marketeer gains 1 credit. (45 total)
[GameContext] Multifarious Marketeer gains 1 credit. (46 total)
[GameContext] Multifarious Marketeer gains 1 credit. (47 total)
[GameContext] Precision Design draws Maskirovka.
[GameContext] === Precision Design Turn 20 begins. Credits: 13, Clicks: 3 ===
[GameContext] Precision Design gains 14 credits.
[GameContext] Precision Design plays Government Subsidy.
[GameContext] Precision Design draws Hákarl 1.0.
[GameContext] Precision Design draws Élivágar Bifurcation.
[GameContext] Precision Design discards Government Subsidy to hand limit.
[GameContext] Precision Design discards Regolith Mining License to hand limit.
[GameContext] === Multifarious Marketeer Turn 21 begins. Credits: 47, Clicks: 4 ===
[GameContext] MuslihaT: Multifarious Marketeer peeks at the top of their stack.
[GameContext] MuslihaT: top card is not an icebreaker or run event — not revealed.
[GameContext] Multifarious Marketeer gains 1 credit. (48 total)
[GameContext] Multifarious Marketeer gains 1 credit. (49 total)
[GameContext] Multifarious Marketeer gains 1 credit. (50 total)
[GameContext] Multifarious Marketeer gains 1 credit. (51 total)
[GameContext] Precision Design draws Ivik.
[GameContext] === Precision Design Turn 21 begins. Credits: 17, Clicks: 3 ===
[GameContext] [MCTS] slow search: 1584 ms (100 iterations, depth 3)
[heartbeat] game 5/10 — turn 21, time 315s
[GameContext] Spin Doctor: shuffled 2 card(s) from Archives into R&D.
[GameContext] Spin Doctor is trashed.
[GameContext] Precision Design installs Élivágar Bifurcation in Server 3.
[GameContext] Precision Design advances Élivágar Bifurcation (1 counters).
[GameContext] === Multifarious Marketeer Turn 22 begins. Credits: 51, Clicks: 4 ===
[GameContext] MuslihaT: Multifarious Marketeer peeks at the top of their stack.
[GameContext] MuslihaT: top card is not an icebreaker or run event — not revealed.
[GameContext] Multifarious Marketeer gains 1 credit. (52 total)
[GameContext] Multifarious Marketeer gains 1 credit. (53 total)
[GameContext] Multifarious Marketeer gains 1 credit. (54 total)
[GameContext] --- Run on Server 3 begins ---
[GameContext] [Initiation] Run declared on Server 3.
[GameContext] [Approach] Runner approaches unrezzed ice (position 0).
[CorpRunAI] AI: Ansel 1.0 — rez_cost=6  tax/enc=4.0  enc=2.5  LTV=10.0
[GameContext] [Rez] Corp rezzes Ansel 1.0 for 6 credits.
[GameContext] [Encounter] Runner encounters Ansel 1.0.
[GameContext] [Encounter] Carmen boosted  +3 str (now 5). Cost: 1 cr.
[GameContext] [Encounter] Carmen breaks 'Trash 1 installed resource or connection.' for 1 cr.
[GameContext] [Encounter] Carmen breaks 'You may install 1 piece of ice from HQ in the outermost position protecting this server, ignoring all costs.' for 1 cr.
[GameContext] [Encounter] Carmen breaks 'End the run.' for 1 cr.
[GameContext] [Encounter] Subroutine 0 broken.
[GameContext] [Encounter] Subroutine 1 broken.
[GameContext] [Encounter] Subroutine 2 broken.
[GameContext] [Movement] Runner approaches the server root.
[GameContext] [Success] Run successful on Server 3!
[GameContext] [Debug/gain_on_success] run_modifiers at success: { "overclock_credits": 0, "concerto_credits": 0, "bad_pub_credits": 0 }
[GameContext] [Breach] Runner breaches Server 3.
[GameContext] [Access] Runner accesses: Élivágar Bifurcation
[GameContext] [Access] Runner steals Élivágar Bifurcation! (1 agenda points)
[GameContext] [End] Run ended successfully.
[GameContext] Precision Design draws Hedge Fund.
[GameContext] === Precision Design Turn 22 begins. Credits: 10, Clicks: 3 ===
[GameContext] Precision Design installs Envelopment in Server 5.
[GameContext] Precision Design gains 1 credit. (11 total)
[GameContext] Precision Design gains 9 credits.
[GameContext] Precision Design plays Hedge Fund.
[GameContext] === Multifarious Marketeer Turn 23 begins. Credits: 50, Clicks: 4 ===
[GameContext] MuslihaT: Multifarious Marketeer peeks at the top of their stack.
[GameContext] MuslihaT: top card is not an icebreaker or run event — not revealed.
[GameContext] Multifarious Marketeer gains 1 credit. (51 total)
[GameContext] Multifarious Marketeer gains 1 credit. (52 total)
[GameContext] Multifarious Marketeer gains 1 credit. (53 total)
[GameContext] Multifarious Marketeer gains 1 credit. (54 total)
[GameContext] Precision Design draws Regolith Mining License.
[GameContext] === Precision Design Turn 23 begins. Credits: 15, Clicks: 3 ===
[GameContext] [MCTS] slow search: 1405 ms (100 iterations, depth 3)
[GameContext] Precision Design gains 1 credit. (16 total)
[heartbeat] game 5/10 — turn 23, time 320s
[GameContext] [MCTS] slow search: 1393 ms (100 iterations, depth 3)
[GameContext] Precision Design gains 1 credit. (17 total)
[GameContext] [MCTS] slow search: 1416 ms (100 iterations, depth 3)
[GameContext] Precision Design gains 1 credit. (18 total)
[GameContext] === Multifarious Marketeer Turn 24 begins. Credits: 54, Clicks: 4 ===
[GameContext] MuslihaT: Multifarious Marketeer peeks at the top of their stack.
[GameContext] MuslihaT: top card is not an icebreaker or run event — not revealed.
[GameContext] Multifarious Marketeer gains 1 credit. (55 total)
[GameContext] Multifarious Marketeer gains 1 credit. (56 total)
[GameContext] Multifarious Marketeer gains 1 credit. (57 total)
[GameContext] Multifarious Marketeer gains 1 credit. (58 total)
[GameContext] Precision Design deck is empty — Precision Design loses!
[GameContext] Game over — Multifarious Marketeer wins. Corp could not draw (empty R&D)
[GameContext] === Precision Design Turn 24 begins. Credits: 18, Clicks: 3 ===
  [  5/ 10]  RUNNER    Corp could not draw (empty R&D)   24 turns
[GameContext] Precision Design draws Echo.
[GameContext] === Precision Design Turn 1 begins. Credits: 5, Clicks: 3 ===
[GameContext] [MCTS] slow search: 396 ms (100 iterations, depth 3)
[GameContext] Precision Design installs Echo in R&D.
[GameContext] [MCTS] slow search: 433 ms (100 iterations, depth 3)
[GameContext] Precision Design installs Envelopment in Server 0.
[heartbeat] game 6/10 — turn 1, time 325s
[GameContext] [MCTS] slow search: 432 ms (100 iterations, depth 3)
[GameContext] Precision Design installs Echo in HQ.
[GameContext] === Multifarious Marketeer Turn 2 begins. Credits: 5, Clicks: 4 ===
[GameContext] MuslihaT: Multifarious Marketeer peeks at the top of their stack.
[GameContext] MuslihaT: top card is not an icebreaker or run event — not revealed.
[GameContext] --- Run on HQ begins ---
[GameContext] [Initiation] Run declared on HQ.
[GameContext] [Approach] Runner approaches unrezzed ice (position 0).
[GameContext] [Approach] Corp declines to rez. Runner passes unrezzed ice.
[GameContext] [Movement] Runner approaches the server root.
[GameContext] [Success] Run successful on HQ!
[GameContext] [Debug/gain_on_success] run_modifiers at success: { "run_event_active": 1 }
[GameContext] [Breach] Runner breaches HQ.
[GameContext] [Access] Runner accesses: Echo
[GameContext] [End] Run ended successfully.
[GameContext] Multifarious Marketeer gains 7 credits.
[GameContext] [Bravado] Multifarious Marketeer passed 1 ice — gains 7¢ total.
[GameContext] Multifarious Marketeer plays Bravado.
[GameContext] --- Run on R&D begins ---
[GameContext] [Initiation] Run declared on R&D.
[GameContext] [Approach] Runner approaches unrezzed ice (position 0).
[GameContext] [Approach] Corp declines to rez. Runner passes unrezzed ice.
[GameContext] [Movement] Runner approaches the server root.
[GameContext] [Success] Run successful on R&D!
[GameContext] [Debug/gain_on_success] run_modifiers at success: {  }
[GameContext] [Breach] Runner breaches R&D.
[GameContext] [Access] Runner accesses: Extract
[GameContext] [End] Run ended successfully.
[GameContext] --- Run on HQ begins ---
[GameContext] [Initiation] Run declared on HQ.
[GameContext] [Approach] Runner approaches unrezzed ice (position 0).
[GameContext] [Approach] Corp declines to rez. Runner passes unrezzed ice.
[GameContext] [Movement] Runner approaches the server root.
[GameContext] [Success] Run successful on HQ!
[GameContext] [Debug/gain_on_success] run_modifiers at success: {  }
[GameContext] [Breach] Runner breaches HQ.
[GameContext] [Access] Runner accesses: Echo
[GameContext] [End] Run ended successfully.
[GameContext] Multifarious Marketeer reveals and takes Cat's Cradle from their deck.
[GameContext] Multifarious Marketeer's deck is shuffled.
[GameContext] Multifarious Marketeer plays Mutual Favor.
[GameContext] Precision Design draws Extract.
[GameContext] === Precision Design Turn 2 begins. Credits: 5, Clicks: 3 ===
[GameContext] [MCTS] slow search: 376 ms (100 iterations, depth 3)
[GameContext] Precision Design gains 6 credits.
[GameContext] Precision Design plays Extract.
[GameContext] [MCTS] slow search: 432 ms (100 iterations, depth 3)
[GameContext] Precision Design draws Mavirus.
[GameContext] [MCTS] slow search: 475 ms (100 iterations, depth 3)
[GameContext] Precision Design gains 1 credit. (9 total)
[GameContext] === Multifarious Marketeer Turn 3 begins. Credits: 9, Clicks: 4 ===
[GameContext] MuslihaT: Multifarious Marketeer peeks at the top of their stack.
[GameContext] MuslihaT: top card is not an icebreaker or run event — not revealed.
[GameContext] --- Run on R&D begins ---
[GameContext] [Initiation] Run declared on R&D.
[GameContext] [Approach] Runner approaches unrezzed ice (position 0).
[GameContext] [Approach] Corp declines to rez. Runner passes unrezzed ice.
[GameContext] [Movement] Runner approaches the server root.
[GameContext] [Success] Run successful on R&D!
[GameContext] [Debug/gain_on_success] run_modifiers at success: {  }
[GameContext] [Breach] Runner breaches R&D.
[GameContext] [Access] Runner accesses: Élivágar Bifurcation
[GameContext] [Access] Runner steals Élivágar Bifurcation! (1 agenda points)
[GameContext] [End] Run ended successfully.
[GameContext] --- Run on HQ begins ---
[GameContext] [Initiation] Run declared on HQ.
[GameContext] [Approach] Runner approaches unrezzed ice (position 0).
[GameContext] [Approach] Corp declines to rez. Runner passes unrezzed ice.
[GameContext] [Movement] Runner approaches the server root.
[GameContext] [Success] Run successful on HQ!
[GameContext] [Debug/gain_on_success] run_modifiers at success: {  }
[GameContext] [Breach] Runner breaches HQ.
[GameContext] [Access] Runner accesses: Spin Doctor
[GameContext] [Access] Runner may trash Spin Doctor for 2 credits (Runner has 9 total).
[GameContext] [Access] Runner trashes Spin Doctor.
[GameContext] [End] Run ended successfully.
Player install: card is: Cat's Cradle and charged cost is: 2
[GameContext] Multifarious Marketeer installs Cat's Cradle. [MU: 1/4 used]
[GameContext] Multifarious Marketeer draws Clean Getaway.
[GameContext] Precision Design draws Midnight-3 Arcology.
[GameContext] === Precision Design Turn 3 begins. Credits: 9, Clicks: 3 ===
[GameContext] [MCTS] slow search: 462 ms (100 iterations, depth 3)
[GameContext] Precision Design gains 1 credit. (10 total)
[GameContext] [MCTS] slow search: 542 ms (100 iterations, depth 3)
[GameContext] Precision Design installs Midnight-3 Arcology in Server 0.
[heartbeat] game 6/10 — turn 3, time 331s
[GameContext] [MCTS] slow search: 581 ms (100 iterations, depth 3)
[GameContext] Precision Design advances Midnight-3 Arcology (1 counters).
[GameContext] === Multifarious Marketeer Turn 4 begins. Credits: 5, Clicks: 4 ===
[GameContext] MuslihaT: Multifarious Marketeer peeks at the top of their stack.
[GameContext] MuslihaT: top card is not an icebreaker or run event — not revealed.
[GameContext] --- Run on Server 0 begins ---
[GameContext] [Initiation] Run declared on Server 0.
[GameContext] [Approach] Runner approaches unrezzed ice (position 0).
[CorpRunAI] AI: Envelopment — rez_cost=5  tax/enc=9.0  enc=2.5  LTV=22.5
[GameContext] [Rez] Corp rezzes Envelopment for 5 credits.
[GameContext] Placed 4 power counter(s) on Envelopment.
[GameContext] [Encounter] Runner encounters Envelopment.
[GameContext] [Encounter] Envelopment: 4 dynamic ETR sub(s) from power counters.
[GameContext] Run ended.
[GameContext] [Encounter] Run ended by subroutine.
[GameContext] [End] Run ended unsuccessfully.
[GameContext] Run modifier set: gain_on_success = 6
[GameContext] --- Run on HQ begins ---
[GameContext] [Initiation] Run declared on HQ.
[GameContext] [Approach] Runner approaches unrezzed ice (position 0).
[GameContext] [Approach] Corp declines to rez. Runner passes unrezzed ice.
[GameContext] [Movement] Runner approaches the server root.
[GameContext] [Success] Run successful on HQ!
[GameContext] [Debug/gain_on_success] run_modifiers at success: { "gain_on_success": 6, "run_event_active": 1 }
[GameContext] Multifarious Marketeer gains 6 cr (run successful).
[GameContext] [Breach] Runner breaches HQ.
[GameContext] [Access] Runner accesses: Mavirus
[GameContext] [Access] Runner may trash Mavirus for 0 credits (Runner has 8 total).
[GameContext] [End] Run ended successfully.
[GameContext] Multifarious Marketeer plays Clean Getaway.
[GameContext] --- Run on R&D begins ---
[GameContext] [Initiation] Run declared on R&D.
[GameContext] [Approach] Runner approaches unrezzed ice (position 0).
[GameContext] [Approach] Corp declines to rez. Runner passes unrezzed ice.
[GameContext] [Movement] Runner approaches the server root.
[GameContext] [Success] Run successful on R&D!
[GameContext] [Debug/gain_on_success] run_modifiers at success: {  }
[GameContext] [Breach] Runner breaches R&D.
[GameContext] [Access] Runner accesses: Hedge Fund
[GameContext] [End] Run ended successfully.
[GameContext] --- Run on HQ begins ---
[GameContext] [Initiation] Run declared on HQ.
[GameContext] [Approach] Runner approaches unrezzed ice (position 0).
[GameContext] [Approach] Corp declines to rez. Runner passes unrezzed ice.
[GameContext] [Movement] Runner approaches the server root.
[GameContext] [Success] Run successful on HQ!
[GameContext] [Debug/gain_on_success] run_modifiers at success: {  }
[GameContext] [Breach] Runner breaches HQ.
[GameContext] [Access] Runner accesses: Government Subsidy
[GameContext] [End] Run ended successfully.
[GameContext] Precision Design draws Hedge Fund.
[GameContext] === Precision Design Turn 4 begins. Credits: 4, Clicks: 3 ===
[GameContext] [MCTS] Scoring line detected — executing: Advance midnight_3_arcology
[GameContext] Precision Design advances Midnight-3 Arcology (2 counters).
[GameContext] [MCTS] Scoring line detected — executing: Advance midnight_3_arcology
[GameContext] Precision Design advances Midnight-3 Arcology (3 counters).
[GameContext] [MCTS] Scoring line detected — executing: Advance midnight_3_arcology
[GameContext] Precision Design advances Midnight-3 Arcology (4 counters).
[GameContext] Precision Design scores Midnight-3 Arcology! (2 agenda points)
[GameContext] Precision Design draws 3 card(s).
[GameContext] Precision Design skips the discard phase this turn.
[GameContext] Precision Design: Precision Design adds Extract from Archives to HQ.
[GameContext] Precision Design skips the discard phase this turn (Midnight-3 Arcology).
[GameContext] === Multifarious Marketeer Turn 5 begins. Credits: 8, Clicks: 4 ===
[GameContext] MuslihaT: Multifarious Marketeer peeks at the top of their stack.
[GameContext] MuslihaT: top card is not an icebreaker or run event — not revealed.
[GameContext] --- Run on R&D begins ---
[GameContext] [Initiation] Run declared on R&D.
[GameContext] [Approach] Runner approaches unrezzed ice (position 0).
[GameContext] [Approach] Corp declines to rez. Runner passes unrezzed ice.
[GameContext] [Movement] Runner approaches the server root.
[GameContext] [Success] Run successful on R&D!
[GameContext] [Debug/gain_on_success] run_modifiers at success: {  }
[GameContext] [Breach] Runner breaches R&D.
[GameContext] [Access] Runner accesses: Regolith Mining License
[GameContext] [Access] Runner may trash Regolith Mining License for 3 credits (Runner has 8 total).
[GameContext] [Access] Runner trashes Regolith Mining License.
[GameContext] [End] Run ended successfully.
[GameContext] --- Run on HQ begins ---
[GameContext] [Initiation] Run declared on HQ.
[GameContext] [Approach] Runner approaches unrezzed ice (position 0).
[GameContext] [Approach] Corp declines to rez. Runner passes unrezzed ice.
[GameContext] [Movement] Runner approaches the server root.
[GameContext] [Success] Run successful on HQ!
[GameContext] [Debug/gain_on_success] run_modifiers at success: {  }
[GameContext] [Breach] Runner breaches HQ.
[GameContext] [Access] Runner accesses: Echo
[GameContext] [End] Run ended successfully.
[GameContext] Multifarious Marketeer draws Red Team.
[GameContext] Multifarious Marketeer draws Red Team.
[GameContext] Precision Design draws Spin Doctor.
[GameContext] === Precision Design Turn 5 begins. Credits: 1, Clicks: 3 ===
[GameContext] [MCTS] slow search: 932 ms (100 iterations, depth 3)
[GameContext] Precision Design installs Mavirus in Server 1.
[GameContext] [MCTS] slow search: 1080 ms (100 iterations, depth 3)
[GameContext] Precision Design gains 1 credit. (2 total)
[heartbeat] game 6/10 — turn 5, time 337s
[GameContext] [MCTS] slow search: 1122 ms (100 iterations, depth 3)
[GameContext] Precision Design pays 1 credit(s) to install ice.
[GameContext] Precision Design installs Echo in R&D.
[GameContext] Precision Design discards Extract to hand limit.
[GameContext] Precision Design discards Extract to hand limit.
[GameContext] === Multifarious Marketeer Turn 6 begins. Credits: 5, Clicks: 4 ===
[GameContext] MuslihaT: Multifarious Marketeer peeks at the top of their stack.
[GameContext] MuslihaT: top card is not an icebreaker or run event — not revealed.
[GameContext] --- Run on HQ begins ---
[GameContext] [Initiation] Run declared on HQ.
[GameContext] [Approach] Runner approaches unrezzed ice (position 0).
[GameContext] [Approach] Corp declines to rez. Runner passes unrezzed ice.
[GameContext] [Movement] Runner approaches the server root.
[GameContext] [Success] Run successful on HQ!
[GameContext] [Debug/gain_on_success] run_modifiers at success: {  }
[GameContext] [Breach] Runner breaches HQ.
[GameContext] [Access] Runner accesses: Spin Doctor
[GameContext] [Access] Runner may trash Spin Doctor for 2 credits (Runner has 5 total).
[GameContext] [Access] Runner trashes Spin Doctor.
[GameContext] [End] Run ended successfully.
[GameContext] --- Run on R&D begins ---
[GameContext] [Initiation] Run declared on R&D.
[GameContext] [Approach] Runner approaches unrezzed ice (position 0).
[GameContext] [Approach] Corp declines to rez. Runner passes unrezzed ice.
[GameContext] [Approach] Runner approaches unrezzed ice (position 1).
[GameContext] [Approach] Corp declines to rez. Runner passes unrezzed ice.
[GameContext] [Movement] Runner approaches the server root.
[GameContext] [Success] Run successful on R&D!
[GameContext] [Debug/gain_on_success] run_modifiers at success: {  }
[GameContext] [Breach] Runner breaches R&D.
[GameContext] [Access] Runner accesses: Hákarl 1.0
[GameContext] [End] Run ended successfully.
[GameContext] Multifarious Marketeer gains 1 credit. (4 total)
[GameContext] Multifarious Marketeer gains 1 credit. (5 total)
[GameContext] Precision Design draws Hákarl 1.0.
[GameContext] === Precision Design Turn 6 begins. Credits: 1, Clicks: 3 ===
[GameContext] [MCTS] slow search: 641 ms (100 iterations, depth 3)
[GameContext] Precision Design pays 1 credit(s) to install ice.
[GameContext] Precision Design installs Maskirovka in HQ.
[GameContext] [MCTS] slow search: 559 ms (100 iterations, depth 3)
[GameContext] Precision Design gains 1 credit. (1 total)
[GameContext] [MCTS] slow search: 555 ms (100 iterations, depth 3)
[GameContext] Precision Design gains 1 credit. (2 total)
[heartbeat] game 6/10 — turn 6, time 342s
[GameContext] === Multifarious Marketeer Turn 7 begins. Credits: 5, Clicks: 4 ===
[GameContext] MuslihaT: Multifarious Marketeer peeks at the top of their stack.
[GameContext] MuslihaT: top card is not an icebreaker or run event — not revealed.
[GameContext] --- Run on HQ begins ---
[GameContext] [Initiation] Run declared on HQ.
[GameContext] [Approach] Runner approaches unrezzed ice (position 0).
[GameContext] [Approach] Corp declines to rez. Runner passes unrezzed ice.
[GameContext] [Approach] Runner approaches unrezzed ice (position 1).
[GameContext] [Approach] Corp declines to rez. Runner passes unrezzed ice.
[GameContext] [Movement] Runner approaches the server root.
[GameContext] [Success] Run successful on HQ!
[GameContext] [Debug/gain_on_success] run_modifiers at success: {  }
[GameContext] [Breach] Runner breaches HQ.
[GameContext] [Access] Runner accesses: Ansel 1.0
[GameContext] [End] Run ended successfully.
[GameContext] --- Run on R&D begins ---
[GameContext] [Initiation] Run declared on R&D.
[GameContext] [Approach] Runner approaches unrezzed ice (position 0).
[CorpRunAI] AI: rezzing Echo would breach credit floor — holding.
[GameContext] [Approach] Corp declines to rez. Runner passes unrezzed ice.
[GameContext] [Approach] Runner approaches unrezzed ice (position 1).
[CorpRunAI] AI: rezzing Echo would breach credit floor — holding.
[GameContext] [Approach] Corp declines to rez. Runner passes unrezzed ice.
[GameContext] [Movement] Runner approaches the server root.
[GameContext] [Success] Run successful on R&D!
[GameContext] [Debug/gain_on_success] run_modifiers at success: {  }
[GameContext] [Breach] Runner breaches R&D.
[GameContext] [Access] Runner accesses: Hákarl 1.0
[GameContext] [End] Run ended successfully.
[GameContext] Multifarious Marketeer gains 1 credit. (6 total)
[GameContext] Multifarious Marketeer gains 1 credit. (7 total)
[GameContext] Precision Design draws Hákarl 1.0.
[GameContext] === Precision Design Turn 7 begins. Credits: 2, Clicks: 3 ===
[GameContext] [MCTS] slow search: 651 ms (100 iterations, depth 3)
[GameContext] Precision Design installs Ansel 1.0 in Server 2.
[GameContext] [MCTS] slow search: 546 ms (100 iterations, depth 3)
[GameContext] Precision Design gains 1 credit. (3 total)
[GameContext] [MCTS] slow search: 585 ms (100 iterations, depth 3)
[GameContext] Precision Design gains 1 credit. (4 total)
[GameContext] === Multifarious Marketeer Turn 8 begins. Credits: 7, Clicks: 4 ===
[GameContext] MuslihaT: Multifarious Marketeer peeks at the top of their stack.
[GameContext] MuslihaT: top card is not an icebreaker or run event — not revealed.
[GameContext] --- Run on R&D begins ---
[GameContext] [Initiation] Run declared on R&D.
[GameContext] [Approach] Runner approaches unrezzed ice (position 0).
[CorpRunAI] AI: rezzing Echo would breach credit floor — holding.
[GameContext] [Approach] Corp declines to rez. Runner passes unrezzed ice.
[GameContext] [Approach] Runner approaches unrezzed ice (position 1).
[CorpRunAI] AI: rezzing Echo would breach credit floor — holding.
[GameContext] [Approach] Corp declines to rez. Runner passes unrezzed ice.
[GameContext] [Movement] Runner approaches the server root.
[GameContext] [Success] Run successful on R&D!
[GameContext] [Debug/gain_on_success] run_modifiers at success: {  }
[GameContext] [Breach] Runner breaches R&D.
[GameContext] [Access] Runner accesses: Mavirus
[GameContext] [Access] Runner may trash Mavirus for 0 credits (Runner has 7 total).
[GameContext] [End] Run ended successfully.
[GameContext] --- Run on HQ begins ---
[GameContext] [Initiation] Run declared on HQ.
[GameContext] [Approach] Runner approaches unrezzed ice (position 0).
[CorpRunAI] AI: rezzing Maskirovka would breach credit floor — holding.
[GameContext] [Approach] Corp declines to rez. Runner passes unrezzed ice.
[GameContext] [Approach] Runner approaches unrezzed ice (position 1).
[CorpRunAI] AI: rezzing Maskirovka would breach credit floor — holding.
[GameContext] [Approach] Corp declines to rez. Runner passes unrezzed ice.
[GameContext] [Movement] Runner approaches the server root.
[GameContext] [Success] Run successful on HQ!
[GameContext] [Debug/gain_on_success] run_modifiers at success: {  }
[GameContext] [Breach] Runner breaches HQ.
[GameContext] [Access] Runner accesses: Hedge Fund
[GameContext] [End] Run ended successfully.
[GameContext] Multifarious Marketeer gains 1 credit. (8 total)
[GameContext] Multifarious Marketeer gains 1 credit. (9 total)
[GameContext] Precision Design draws Mavirus.
[GameContext] === Precision Design Turn 8 begins. Credits: 4, Clicks: 3 ===
[GameContext] Precision Design rezzes Mavirus for 3 cr.
[GameContext] [MCTS] slow search: 716 ms (100 iterations, depth 3)
[GameContext] Precision Design gains 1 credit. (2 total)
[GameContext] [MCTS] slow search: 711 ms (100 iterations, depth 3)
[GameContext] Precision Design installs Mavirus in HQ.
[heartbeat] game 6/10 — turn 8, time 347s
[GameContext] [MCTS] slow search: 601 ms (100 iterations, depth 3)
[GameContext] Precision Design gains 1 credit. (3 total)
[GameContext] === Multifarious Marketeer Turn 9 begins. Credits: 9, Clicks: 4 ===
[GameContext] MuslihaT: Multifarious Marketeer peeks at the top of their stack.
[GameContext] MuslihaT: top card is not an icebreaker or run event — not revealed.
[GameContext] --- Run on R&D begins ---
[GameContext] [Initiation] Run declared on R&D.
[GameContext] [Approach] Runner approaches unrezzed ice (position 0).
[CorpRunAI] AI: rezzing Echo would breach credit floor — holding.
[GameContext] [Approach] Corp declines to rez. Runner passes unrezzed ice.
[GameContext] [Approach] Runner approaches unrezzed ice (position 1).
[CorpRunAI] AI: rezzing Echo would breach credit floor — holding.
[GameContext] [Approach] Corp declines to rez. Runner passes unrezzed ice.
[GameContext] [Movement] Runner approaches the server root.
[GameContext] [Success] Run successful on R&D!
[GameContext] [Debug/gain_on_success] run_modifiers at success: {  }
[GameContext] [Breach] Runner breaches R&D.
[GameContext] [Access] Runner accesses: Ansel 1.0
[GameContext] [End] Run ended successfully.
[GameContext] --- Run on HQ begins ---
[GameContext] [Initiation] Run declared on HQ.
[GameContext] [Rez] Corp rezzes Mavirus for 3 credits.
[GameContext] [Approach] Runner approaches unrezzed ice (position 0).
[GameContext] [Approach] Corp declines to rez. Runner passes unrezzed ice.
[GameContext] [Approach] Runner approaches unrezzed ice (position 1).
[GameContext] [Approach] Corp declines to rez. Runner passes unrezzed ice.
[GameContext] [Movement] Runner approaches the server root.
[GameContext] [Success] Run successful on HQ!
[GameContext] [Debug/gain_on_success] run_modifiers at success: {  }
[GameContext] [Breach] Runner breaches HQ.
[GameContext] [Access] Runner accesses: Mavirus
[GameContext] [Mavirus] Rezzed — deals 1 net damage.
[GameContext] Runner takes 1 net damage.
[GameContext]   Trashed from grip: the_class_act
[GameContext] 1 card(s) trashed from Multifarious Marketeer's grip.
[GameContext] [Access] Runner may trash Mavirus for 0 credits (Runner has 9 total).
[GameContext] [Access] Runner accesses: Government Subsidy
[GameContext] [End] Run ended successfully.
[GameContext] Multifarious Marketeer draws Carmen.
[GameContext] Conditional install cost applies: Carmen costs 3¢ this turn.
Player install: card is: Carmen and charged cost is: 3
[GameContext] Multifarious Marketeer installs Carmen. [MU: 2/4 used]
[GameContext] Precision Design draws Ansel 1.0.
[GameContext] === Precision Design Turn 9 begins. Credits: 0, Clicks: 3 ===
[GameContext] [MCTS] slow search: 645 ms (100 iterations, depth 3)
[GameContext] Precision Design gains 1 credit. (1 total)
[GameContext] [MCTS] slow search: 729 ms (100 iterations, depth 3)
[GameContext] Precision Design installs Ansel 1.0 in Server 3.
[GameContext] [MCTS] slow search: 599 ms (100 iterations, depth 3)
[GameContext] Precision Design gains 1 credit. (2 total)
[GameContext] === Multifarious Marketeer Turn 10 begins. Credits: 6, Clicks: 4 ===
[GameContext] MuslihaT: Multifarious Marketeer peeks at the top of their stack.
[GameContext] MuslihaT: top card is not an icebreaker or run event — not revealed.
[GameContext] --- Run on HQ begins ---
[GameContext] [Initiation] Run declared on HQ.
[GameContext] [Approach] Runner approaches unrezzed ice (position 0).
[GameContext] [Approach] Corp declines to rez. Runner passes unrezzed ice.
[GameContext] [Approach] Runner approaches unrezzed ice (position 1).
[GameContext] [Approach] Corp declines to rez. Runner passes unrezzed ice.
[GameContext] [Movement] Runner approaches the server root.
[GameContext] [Success] Run successful on HQ!
[GameContext] [Debug/gain_on_success] run_modifiers at success: {  }
[GameContext] [Breach] Runner breaches HQ.
[GameContext] [Access] Runner accesses: Mavirus
[GameContext] [Mavirus] Rezzed — deals 1 net damage.
[GameContext] Runner takes 1 net damage.
[GameContext]   Trashed from grip: red_team
[GameContext] 1 card(s) trashed from Multifarious Marketeer's grip.
[GameContext] [Access] Runner may trash Mavirus for 0 credits (Runner has 6 total).
[GameContext] [Access] Runner accesses: Hákarl 1.0
[GameContext] [End] Run ended successfully.
[GameContext] --- Run on R&D begins ---
[GameContext] [Initiation] Run declared on R&D.
[GameContext] [Approach] Runner approaches unrezzed ice (position 0).
[CorpRunAI] AI: rezzing Echo would breach credit floor — holding.
[GameContext] [Approach] Corp declines to rez. Runner passes unrezzed ice.
[GameContext] [Approach] Runner approaches unrezzed ice (position 1).
[CorpRunAI] AI: rezzing Echo would breach credit floor — holding.
[GameContext] [Approach] Corp declines to rez. Runner passes unrezzed ice.
[GameContext] [Movement] Runner approaches the server root.
[GameContext] [Success] Run successful on R&D!
[GameContext] [Debug/gain_on_success] run_modifiers at success: {  }
[GameContext] [Breach] Runner breaches R&D.
[GameContext] [Access] Runner accesses: Hákarl 1.0
[GameContext] [End] Run ended successfully.
[GameContext] Multifarious Marketeer draws Pinhole Threading.
[GameContext] Multifarious Marketeer draws Jailbreak.
[GameContext] Precision Design draws Hákarl 1.0.
[GameContext] === Precision Design Turn 10 begins. Credits: 2, Clicks: 3 ===
[GameContext] [MCTS] slow search: 704 ms (100 iterations, depth 3)
[heartbeat] game 6/10 — turn 10, time 353s
[GameContext] Precision Design installs Hákarl 1.0 in Server 4.
[GameContext] [MCTS] slow search: 648 ms (100 iterations, depth 3)
[GameContext] Precision Design gains 1 credit. (3 total)
[GameContext] [MCTS] slow search: 690 ms (100 iterations, depth 3)
[GameContext] Precision Design gains 1 credit. (4 total)
[GameContext] === Multifarious Marketeer Turn 11 begins. Credits: 6, Clicks: 4 ===
[GameContext] MuslihaT: Multifarious Marketeer peeks at the top of their stack.
[GameContext] MuslihaT: top card is not an icebreaker or run event — not revealed.
[GameContext] Run modifier set: bonus_access = 1
[GameContext] --- Run on HQ begins ---
[GameContext] [Initiation] Run declared on HQ.
[GameContext] [Approach] Runner approaches unrezzed ice (position 0).
[CorpRunAI] AI: rezzing Maskirovka would breach credit floor — holding.
[GameContext] [Approach] Corp declines to rez. Runner passes unrezzed ice.
[GameContext] [Approach] Runner approaches unrezzed ice (position 1).
[CorpRunAI] AI: rezzing Maskirovka would breach credit floor — holding.
[GameContext] [Approach] Corp declines to rez. Runner passes unrezzed ice.
[GameContext] [Movement] Runner approaches the server root.
[GameContext] [Success] Run successful on HQ!
[GameContext] [Debug/gain_on_success] run_modifiers at success: { "bonus_access": 1, "run_event_active": 1 }
[GameContext] [Breach] Runner breaches HQ.
[GameContext] [Breach] Bonus access: 1 extra card(s).
[GameContext] [Access] Runner accesses: Mavirus
[GameContext] [Mavirus] Rezzed — deals 1 net damage.
[GameContext] Runner takes 1 net damage.
[GameContext]   Trashed from grip: cezve
[GameContext] 1 card(s) trashed from Multifarious Marketeer's grip.
[GameContext] [Access] Runner may trash Mavirus for 0 credits (Runner has 6 total).
[GameContext] [Access] Runner accesses: Hákarl 1.0
[GameContext] [Access] Runner accesses: Hedge Fund
[GameContext] [End] Run ended successfully.
[GameContext] Multifarious Marketeer plays Jailbreak.
[GameContext] --- Run on R&D begins ---
[GameContext] [Initiation] Run declared on R&D.
[GameContext] [Approach] Runner approaches unrezzed ice (position 0).
[CorpRunAI] AI: rezzing Echo would breach credit floor — holding.
[GameContext] [Approach] Corp declines to rez. Runner passes unrezzed ice.
[GameContext] [Approach] Runner approaches unrezzed ice (position 1).
[CorpRunAI] AI: rezzing Echo would breach credit floor — holding.
[GameContext] [Approach] Corp declines to rez. Runner passes unrezzed ice.
[GameContext] [Movement] Runner approaches the server root.
[GameContext] [Success] Run successful on R&D!
[GameContext] [Debug/gain_on_success] run_modifiers at success: {  }
[GameContext] [Breach] Runner breaches R&D.
[GameContext] [Access] Runner accesses: Government Subsidy
[GameContext] [End] Run ended successfully.
[GameContext] --- Run on HQ begins ---
[GameContext] [Initiation] Run declared on HQ.
[GameContext] [Approach] Runner approaches unrezzed ice (position 0).
[CorpRunAI] AI: rezzing Maskirovka would breach credit floor — holding.
[GameContext] [Approach] Corp declines to rez. Runner passes unrezzed ice.
[GameContext] [Approach] Runner approaches unrezzed ice (position 1).
[CorpRunAI] AI: rezzing Maskirovka would breach credit floor — holding.
[GameContext] [Approach] Corp declines to rez. Runner passes unrezzed ice.
[GameContext] [Movement] Runner approaches the server root.
[GameContext] [Success] Run successful on HQ!
[GameContext] [Debug/gain_on_success] run_modifiers at success: {  }
[GameContext] [Breach] Runner breaches HQ.
[GameContext] [Access] Runner accesses: Mavirus
[GameContext] [Mavirus] Rezzed — deals 1 net damage.
[GameContext] Runner takes 1 net damage.
[GameContext]   Trashed from grip: cezve
[GameContext] 1 card(s) trashed from Multifarious Marketeer's grip.
[GameContext] [Access] Runner may trash Mavirus for 0 credits (Runner has 6 total).
[GameContext] [Access] Runner accesses: Government Subsidy
[GameContext] [End] Run ended successfully.
[GameContext] Multifarious Marketeer draws Sure Gamble.
[GameContext] Precision Design draws Government Subsidy.
[GameContext] === Precision Design Turn 11 begins. Credits: 4, Clicks: 3 ===
[GameContext] [MCTS] slow search: 632 ms (100 iterations, depth 3)
[GameContext] Precision Design gains 1 credit. (5 total)
[GameContext] [MCTS] slow search: 806 ms (100 iterations, depth 3)
[GameContext] Precision Design gains 9 credits.
[GameContext] Precision Design plays Hedge Fund.
[heartbeat] game 6/10 — turn 11, time 358s
[GameContext] [MCTS] slow search: 764 ms (100 iterations, depth 3)
[GameContext] Precision Design gains 1 credit. (10 total)
[GameContext] === Multifarious Marketeer Turn 12 begins. Credits: 6, Clicks: 4 ===
[GameContext] MuslihaT: Multifarious Marketeer peeks at the top of their stack.
[GameContext] MuslihaT: top card is not an icebreaker or run event — not revealed.
[GameContext] Multifarious Marketeer gains 9 credits.
[GameContext] Multifarious Marketeer plays Sure Gamble.
[GameContext] --- Run on R&D begins ---
[GameContext] [Initiation] Run declared on R&D.
[GameContext] [Approach] Runner approaches unrezzed ice (position 0).
[GameContext] [Approach] Corp declines to rez. Runner passes unrezzed ice.
[GameContext] [Approach] Runner approaches unrezzed ice (position 1).
[GameContext] [Approach] Corp declines to rez. Runner passes unrezzed ice.
[GameContext] [Movement] Runner approaches the server root.
[GameContext] [Success] Run successful on R&D!
[GameContext] [Debug/gain_on_success] run_modifiers at success: {  }
[GameContext] [Breach] Runner breaches R&D.
[GameContext] [Access] Runner accesses: Ivik
[GameContext] [End] Run ended successfully.
[GameContext] --- Run on HQ begins ---
[GameContext] [Initiation] Run declared on HQ.
[GameContext] [Approach] Runner approaches unrezzed ice (position 0).
[CorpRunAI] AI: Maskirovka — rez_cost=3  tax/enc=9.0  enc=3.0  LTV=27.0
[GameContext] [Rez] Corp rezzes Maskirovka for 3 credits.
[GameContext] [Encounter] Runner encounters Maskirovka.
[GameContext] Precision Design gains 2 credits.
[GameContext] Run ended.
[GameContext] [Encounter] Run ended by subroutine.
[GameContext] [End] Run ended unsuccessfully.
[GameContext] Multifarious Marketeer draws Marjanah.
[GameContext] Precision Design draws Ivik.
[GameContext] === Precision Design Turn 12 begins. Credits: 9, Clicks: 3 ===
[GameContext] [MCTS] slow search: 926 ms (100 iterations, depth 3)
[GameContext] Precision Design pays 2 credit(s) to install ice.
[GameContext] Precision Design installs Ivik in R&D.
[GameContext] [MCTS] slow search: 655 ms (100 iterations, depth 3)
[GameContext] Precision Design gains 1 credit. (8 total)
[GameContext] [MCTS] slow search: 731 ms (100 iterations, depth 3)
[GameContext] Precision Design gains 1 credit. (9 total)
[heartbeat] game 6/10 — turn 12, time 363s
[GameContext] === Multifarious Marketeer Turn 13 begins. Credits: 10, Clicks: 4 ===
[GameContext] MuslihaT: Multifarious Marketeer peeks at the top of their stack.
[GameContext] MuslihaT: top card is not an icebreaker or run event — not revealed.
[GameContext] --- Run on R&D begins ---
[GameContext] [Initiation] Run declared on R&D.
[GameContext] [Approach] Runner approaches unrezzed ice (position 0).
[CorpRunAI] AI: rezzing Ivik would breach credit floor — holding.
[GameContext] [Approach] Corp declines to rez. Runner passes unrezzed ice.
[GameContext] [Approach] Runner approaches unrezzed ice (position 1).
[CorpRunAI] AI: rezzing Ivik would breach credit floor — holding.
[GameContext] [Approach] Corp declines to rez. Runner passes unrezzed ice.
[GameContext] [Approach] Runner approaches unrezzed ice (position 2).
[CorpRunAI] AI: rezzing Ivik would breach credit floor — holding.
[GameContext] [Approach] Corp declines to rez. Runner passes unrezzed ice.
[GameContext] [Movement] Runner approaches the server root.
[GameContext] [Success] Run successful on R&D!
[GameContext] [Debug/gain_on_success] run_modifiers at success: {  }
[GameContext] [Breach] Runner breaches R&D.
[GameContext] [Access] Runner accesses: Élivágar Bifurcation
[GameContext] [Access] Runner steals Élivágar Bifurcation! (1 agenda points)
[GameContext] [End] Run ended successfully.
Player install: card is: Marjanah and charged cost is: 0
[GameContext] Multifarious Marketeer installs Marjanah. [MU: 3/4 used]
[GameContext] --- Run on HQ begins ---
[GameContext] [Initiation] Run declared on HQ.
[GameContext] [Approach] Runner approaches Maskirovka (position 0).
[GameContext] [Encounter] Runner encounters Maskirovka.
[GameContext] [Encounter] Marjanah boosted ×2 +2 str (now 3). Cost: 2 cr.
[GameContext] [Encounter] Marjanah breaks 'Gain 2[credit].' for 2 cr.
[GameContext] [Encounter] Marjanah breaks 'End the run.' for 2 cr.
[GameContext] [Encounter] Subroutine 0 broken.
[GameContext] [Encounter] Subroutine 1 broken.
[GameContext] Placed 1 power counter(s) on Marjanah.
[GameContext] [Approach] Runner approaches unrezzed ice (position 1).
[GameContext] [Approach] Corp declines to rez. Runner passes unrezzed ice.
[GameContext] Placed 1 power counter(s) on Marjanah.
[GameContext] [Movement] Runner approaches the server root.
[GameContext] [Success] Run successful on HQ!
[GameContext] [Debug/gain_on_success] run_modifiers at success: { "overclock_credits": 0, "concerto_credits": 0, "bad_pub_credits": 0 }
[GameContext] [Breach] Runner breaches HQ.
[GameContext] [Access] Runner accesses: Mavirus
[GameContext] [Mavirus] Rezzed — deals 1 net damage.
[GameContext] Runner takes 1 net damage.
[GameContext]   Trashed from grip: red_team
[GameContext] 1 card(s) trashed from Multifarious Marketeer's grip.
[GameContext] [Access] Runner may trash Mavirus for 0 credits (Runner has 4 total).
[GameContext] [Access] Runner accesses: Government Subsidy
[GameContext] [End] Run ended successfully.
[GameContext] Multifarious Marketeer draws No Free Lunch.
[GameContext] Precision Design draws Élivágar Bifurcation.
[GameContext] === Precision Design Turn 13 begins. Credits: 9, Clicks: 3 ===
[GameContext] Precision Design installs Élivágar Bifurcation in Server 2.
[GameContext] [MCTS] Scoring line detected — executing: Advance elivagar_bifurcation
[GameContext] Precision Design advances Élivágar Bifurcation (1 counters).
[GameContext] [MCTS] Scoring line detected — executing: Advance elivagar_bifurcation
[GameContext] Precision Design advances Élivágar Bifurcation (2 counters).
[GameContext] Precision Design scores Élivágar Bifurcation! (1 agenda points)
[GameContext] Precision Design: Precision Design adds Spin Doctor from Archives to HQ.
[GameContext] === Multifarious Marketeer Turn 14 begins. Credits: 4, Clicks: 4 ===
[GameContext] MuslihaT: Multifarious Marketeer peeks at the top of their stack.
[GameContext] MuslihaT: top card is not an icebreaker or run event — not revealed.
[GameContext] Multifarious Marketeer plays Pinhole Threading.
[GameContext] Multifarious Marketeer gains 1 credit. (4 total)
[GameContext] Multifarious Marketeer gains 1 credit. (5 total)
[GameContext] --- Run on HQ begins ---
[GameContext] [Initiation] Run declared on HQ.
[GameContext] [Approach] Runner approaches Maskirovka (position 0).
[GameContext] [Encounter] Runner encounters Maskirovka.
[GameContext] [Encounter] Marjanah breaks 'Gain 2[credit].' for 2 cr.
[GameContext] [Encounter] Marjanah breaks 'End the run.' for 2 cr.
[GameContext] [Encounter] Subroutine 0 broken.
[GameContext] [Encounter] Subroutine 1 broken.
[GameContext] Placed 1 power counter(s) on Marjanah.
[GameContext] [Approach] Runner approaches unrezzed ice (position 1).
[GameContext] [Approach] Corp declines to rez. Runner passes unrezzed ice.
[GameContext] Placed 1 power counter(s) on Marjanah.
[GameContext] [Movement] Runner approaches the server root.
[GameContext] [Success] Run successful on HQ!
[GameContext] [Debug/gain_on_success] run_modifiers at success: { "overclock_credits": 0, "concerto_credits": 0, "bad_pub_credits": 0 }
[GameContext] [Breach] Runner breaches HQ.
[GameContext] [Access] Runner accesses: Mavirus
[GameContext] [Mavirus] Rezzed — deals 1 net damage.
[GameContext] Runner takes 1 net damage.
[GameContext]   Trashed from grip: no_free_lunch
[GameContext] 1 card(s) trashed from Multifarious Marketeer's grip.
[GameContext] [Access] Runner may trash Mavirus for 0 credits (Runner has 1 total).
[GameContext] [Access] Runner accesses: Government Subsidy
[GameContext] [End] Run ended successfully.
[GameContext] Game over — Precision Design wins. "Multifarious Marketeer" flatlined (empty grip)
  [  6/ 10]  CORP      "Multifarious Marketeer" flatlined (empty grip)  14 turns
[GameContext] Precision Design draws Regolith Mining License.
[GameContext] === Precision Design Turn 1 begins. Credits: 5, Clicks: 3 ===
[GameContext] [MCTS] slow search: 631 ms (100 iterations, depth 3)
[GameContext] Precision Design installs Élivágar Bifurcation in Server 0.
[GameContext] [MCTS] Scoring line detected — executing: Advance elivagar_bifurcation
[GameContext] Precision Design advances Élivágar Bifurcation (1 counters).
[GameContext] [MCTS] Scoring line detected — executing: Advance elivagar_bifurcation
[GameContext] Precision Design advances Élivágar Bifurcation (2 counters).
[GameContext] Precision Design scores Élivágar Bifurcation! (1 agenda points)
[GameContext] No rezzed installed cards to derez.
[GameContext] Archives is empty — Precision Design has nothing to fetch.
[GameContext] === Multifarious Marketeer Turn 2 begins. Credits: 5, Clicks: 4 ===
[GameContext] MuslihaT: Multifarious Marketeer peeks at the top of their stack.
[GameContext] MuslihaT: Multifarious Marketeer declines.
[GameContext] Run modifier set: bonus_access = 1
[GameContext] --- Run on HQ begins ---
[GameContext] [Initiation] Run declared on HQ.
[GameContext] [Initiation] No ice protecting server — proceeding to root.
[GameContext] [Movement] Runner approaches the server root.
[GameContext] [Success] Run successful on HQ!
[GameContext] [Debug/gain_on_success] run_modifiers at success: { "bonus_access": 1, "run_event_active": 1 }
[GameContext] [Breach] Runner breaches HQ.
[GameContext] [Breach] Bonus access: 1 extra card(s).
[GameContext] [Access] Runner accesses: Regolith Mining License
[GameContext] [Access] Runner may trash Regolith Mining License for 3 credits (Runner has 5 total).
[GameContext] [Access] Runner trashes Regolith Mining License.
[GameContext] [Access] Runner accesses: Midnight-3 Arcology
[GameContext] [Access] Runner steals Midnight-3 Arcology! (2 agenda points)
[GameContext] [End] Run ended successfully.
[GameContext] Multifarious Marketeer plays Jailbreak.
[GameContext] Run modifier set: transfer_of_wealth_on_success = 1
[GameContext] --- Run on HQ begins ---
[GameContext] [Initiation] Run declared on HQ.
[GameContext] [Initiation] No ice protecting server — proceeding to root.
[GameContext] [Movement] Runner approaches the server root.
[GameContext] [Success] Run successful on HQ!
[GameContext] [Debug/gain_on_success] run_modifiers at success: { "transfer_of_wealth_on_success": 1, "run_event_active": 1 }
[GameContext] Transfer of Wealth: Multifarious Marketeer takes 1 tag (1 total).
[GameContext] Transfer of Wealth: Precision Design loses 3 cr; Multifarious Marketeer gains 6 cr.
[GameContext] [Breach] Runner breaches HQ.
[GameContext] [Access] Runner accesses: Trieste Model Bioroids
[GameContext] [Access] Runner may trash Trieste Model Bioroids for 3 credits (Runner has 8 total).
[GameContext] [Access] Runner trashes Trieste Model Bioroids.
[GameContext] [End] Run ended successfully.
[GameContext] Multifarious Marketeer plays Transfer of Wealth.
[GameContext] Bravado: no iced server to run.
[GameContext] Multifarious Marketeer plays Bravado.
[GameContext] --- Run on R&D begins ---
[GameContext] [Initiation] Run declared on R&D.
[GameContext] [Initiation] No ice protecting server — proceeding to root.
[GameContext] [Movement] Runner approaches the server root.
[GameContext] [Success] Run successful on R&D!
[GameContext] [Debug/gain_on_success] run_modifiers at success: {  }
[GameContext] [Breach] Runner breaches R&D.
[GameContext] [Access] Runner accesses: Maskirovka
[GameContext] [End] Run ended successfully.
[GameContext] Precision Design draws Maskirovka.
[GameContext] === Precision Design Turn 2 begins. Credits: 0, Clicks: 3 ===
[GameContext] [MCTS] slow search: 313 ms (100 iterations, depth 3)
[GameContext] Precision Design installs Maskirovka in R&D.
[heartbeat] game 7/10 — turn 2, time 368s
[GameContext] [MCTS] slow search: 270 ms (100 iterations, depth 3)
[GameContext] Precision Design installs Hákarl 1.0 in HQ.
[GameContext] [MCTS] slow search: 265 ms (100 iterations, depth 3)
[GameContext] Precision Design gains 1 credit. (1 total)
[GameContext] === Multifarious Marketeer Turn 3 begins. Credits: 2, Clicks: 4 ===
[GameContext] MuslihaT: Multifarious Marketeer peeks at the top of their stack.
[GameContext] MuslihaT: Multifarious Marketeer declines.
[GameContext] --- Run on R&D begins ---
[GameContext] [Initiation] Run declared on R&D.
[GameContext] [Approach] Runner approaches unrezzed ice (position 0).
[GameContext] [Approach] Corp declines to rez. Runner passes unrezzed ice.
[GameContext] [Movement] Runner approaches the server root.
[GameContext] [Success] Run successful on R&D!
[GameContext] [Debug/gain_on_success] run_modifiers at success: {  }
[GameContext] [Breach] Runner breaches R&D.
[GameContext] [Access] Runner accesses: Hedge Fund
[GameContext] [End] Run ended successfully.
[GameContext] --- Run on HQ begins ---
[GameContext] [Initiation] Run declared on HQ.
[GameContext] [Approach] Runner approaches unrezzed ice (position 0).
[GameContext] [Approach] Corp declines to rez. Runner passes unrezzed ice.
[GameContext] [Movement] Runner approaches the server root.
[GameContext] [Success] Run successful on HQ!
[GameContext] [Debug/gain_on_success] run_modifiers at success: {  }
[GameContext] [Breach] Runner breaches HQ.
[GameContext] [Access] Runner accesses: Spin Doctor
[GameContext] [Access] Runner may trash Spin Doctor for 2 credits (Runner has 2 total).
[GameContext] [Access] Runner trashes Spin Doctor.
[GameContext] [End] Run ended successfully.
[GameContext] Multifarious Marketeer reveals and takes Carmen from their deck.
[GameContext] Multifarious Marketeer's deck is shuffled.
[GameContext] Multifarious Marketeer plays Mutual Favor.
[GameContext] Multifarious Marketeer draws Cat's Cradle.
[GameContext] Precision Design draws Hedge Fund.
[GameContext] === Precision Design Turn 3 begins. Credits: 1, Clicks: 3 ===
[GameContext] [MCTS] slow search: 247 ms (100 iterations, depth 3)
[GameContext] Precision Design draws Spin Doctor.
[GameContext] [MCTS] slow search: 279 ms (100 iterations, depth 3)
[GameContext] Precision Design draws Hákarl 1.0.
[GameContext] [MCTS] slow search: 383 ms (100 iterations, depth 3)
[GameContext] Precision Design gains 1 credit. (2 total)
[GameContext] === Multifarious Marketeer Turn 4 begins. Credits: 0, Clicks: 4 ===
[GameContext] MuslihaT: Multifarious Marketeer peeks at the top of their stack.
[GameContext] MuslihaT: Multifarious Marketeer declines.
[GameContext] Multifarious Marketeer gains 1 credit. (1 total)
[GameContext] --- Run on R&D begins ---
[GameContext] [Initiation] Run declared on R&D.
[GameContext] [Approach] Runner approaches unrezzed ice (position 0).
[GameContext] [Approach] Corp declines to rez. Runner passes unrezzed ice.
[GameContext] [Movement] Runner approaches the server root.
[GameContext] [Success] Run successful on R&D!
[GameContext] [Debug/gain_on_success] run_modifiers at success: {  }
[GameContext] [Breach] Runner breaches R&D.
[GameContext] [Access] Runner accesses: Spin Doctor
[GameContext] [Access] Runner may trash Spin Doctor for 2 credits (Runner has 1 total).
[GameContext] [Access] Runner cannot afford to trash.
[GameContext] [End] Run ended successfully.
[GameContext] --- Run on HQ begins ---
[GameContext] [Initiation] Run declared on HQ.
[GameContext] [Approach] Runner approaches unrezzed ice (position 0).
[GameContext] [Approach] Corp declines to rez. Runner passes unrezzed ice.
[GameContext] [Movement] Runner approaches the server root.
[GameContext] [Success] Run successful on HQ!
[GameContext] [Debug/gain_on_success] run_modifiers at success: {  }
[GameContext] [Breach] Runner breaches HQ.
[GameContext] [Access] Runner accesses: Hákarl 1.0
[GameContext] [End] Run ended successfully.
[GameContext] Multifarious Marketeer draws Clean Getaway.
[GameContext] Precision Design draws Spin Doctor.
[GameContext] === Precision Design Turn 4 begins. Credits: 2, Clicks: 3 ===
[GameContext] [MCTS] slow search: 494 ms (100 iterations, depth 3)
[GameContext] Precision Design installs Hákarl 1.0 in Server 0.
[GameContext] [MCTS] slow search: 397 ms (100 iterations, depth 3)
[GameContext] Precision Design gains 1 credit. (3 total)
[heartbeat] game 7/10 — turn 4, time 373s
[GameContext] [MCTS] slow search: 408 ms (100 iterations, depth 3)
[GameContext] Precision Design gains 1 credit. (4 total)
[GameContext] === Multifarious Marketeer Turn 5 begins. Credits: 1, Clicks: 4 ===
[GameContext] MuslihaT: Multifarious Marketeer peeks at the top of their stack.
[GameContext] MuslihaT: Multifarious Marketeer declines.
[GameContext] Multifarious Marketeer gains 1 credit. (2 total)
[GameContext] --- Run on R&D begins ---
[GameContext] [Initiation] Run declared on R&D.
[GameContext] [Approach] Runner approaches unrezzed ice (position 0).
[CorpRunAI] AI: rezzing Maskirovka would breach credit floor — holding.
[GameContext] [Approach] Corp declines to rez. Runner passes unrezzed ice.
[GameContext] [Movement] Runner approaches the server root.
[GameContext] [Success] Run successful on R&D!
[GameContext] [Debug/gain_on_success] run_modifiers at success: {  }
[GameContext] [Breach] Runner breaches R&D.
[GameContext] [Access] Runner accesses: Echo
[GameContext] [End] Run ended successfully.
[GameContext] Multifarious Marketeer gains 1 credit. (3 total)
[GameContext] Run modifier set: gain_on_success = 6
[GameContext] --- Run on HQ begins ---
[GameContext] [Initiation] Run declared on HQ.
[GameContext] [Approach] Runner approaches unrezzed ice (position 0).
[GameContext] [Approach] Corp declines to rez. Runner passes unrezzed ice.
[GameContext] [Movement] Runner approaches the server root.
[GameContext] [Success] Run successful on HQ!
[GameContext] [Debug/gain_on_success] run_modifiers at success: { "gain_on_success": 6, "run_event_active": 1 }
[GameContext] Multifarious Marketeer gains 6 cr (run successful).
[GameContext] [Breach] Runner breaches HQ.
[GameContext] [Access] Runner accesses: Hedge Fund
[GameContext] [End] Run ended successfully.
[GameContext] Multifarious Marketeer plays Clean Getaway.
[GameContext] Precision Design draws Echo.
[GameContext] === Precision Design Turn 5 begins. Credits: 4, Clicks: 3 ===
[GameContext] [MCTS] slow search: 459 ms (100 iterations, depth 3)
[GameContext] Precision Design gains 1 credit. (5 total)
[GameContext] [MCTS] slow search: 503 ms (100 iterations, depth 3)
[GameContext] Precision Design gains 9 credits.
[GameContext] Precision Design plays Hedge Fund.
[GameContext] [MCTS] slow search: 514 ms (100 iterations, depth 3)
[GameContext] Precision Design draws Extract.
[GameContext] === Multifarious Marketeer Turn 6 begins. Credits: 6, Clicks: 4 ===
[GameContext] MuslihaT: Multifarious Marketeer peeks at the top of their stack.
[GameContext] MuslihaT: Multifarious Marketeer declines.
[GameContext] --- Run on R&D begins ---
[GameContext] [Initiation] Run declared on R&D.
[GameContext] [Approach] Runner approaches unrezzed ice (position 0).
[CorpRunAI] AI: Maskirovka — rez_cost=3  tax/enc=9.0  enc=3.0  LTV=27.0
[GameContext] [Rez] Corp rezzes Maskirovka for 3 credits.
[GameContext] [Encounter] Runner encounters Maskirovka.
[GameContext] Precision Design gains 2 credits.
[GameContext] Run ended.
[GameContext] [Encounter] Run ended by subroutine.
[GameContext] [End] Run ended unsuccessfully.
[GameContext] --- Run on HQ begins ---
[GameContext] [Initiation] Run declared on HQ.
[GameContext] [Approach] Runner approaches unrezzed ice (position 0).
[CorpRunAI] AI: Hákarl 1.0 — rez_cost=5  tax/enc=10.0  enc=3.0  LTV=30.0
[GameContext] [Rez] Corp rezzes Hákarl 1.0 for 5 credits.
[GameContext] [Encounter] Runner encounters Hákarl 1.0.
[GameContext] Runner takes 1 core damage.
[GameContext]   Trashed from grip: the_class_act
[GameContext] 1 card(s) trashed from Multifarious Marketeer's grip.
[GameContext] Multifarious Marketeer's maximum hand size permanently reduced to 4 (core damage total: 1).
[GameContext] Run ended.
[GameContext] [Encounter] Run ended by subroutine.
[GameContext] [End] Run ended unsuccessfully.
Player install: card is: Cat's Cradle and charged cost is: 2
[GameContext] Multifarious Marketeer installs Cat's Cradle. [MU: 1/4 used]
[GameContext] Multifarious Marketeer removes 1 tag (0 remaining). [paid 2cr]
[GameContext] Precision Design draws Extract.
[GameContext] === Precision Design Turn 6 begins. Credits: 3, Clicks: 3 ===
[GameContext] [MCTS] slow search: 606 ms (100 iterations, depth 3)
[GameContext] Precision Design gains 1 credit. (4 total)
[heartbeat] game 7/10 — turn 6, time 378s
[GameContext] [MCTS] slow search: 618 ms (100 iterations, depth 3)
[GameContext] Precision Design gains 6 credits.
[GameContext] Precision Design plays Extract.
[GameContext] [MCTS] slow search: 602 ms (100 iterations, depth 3)
[GameContext] Precision Design gains 1 credit. (8 total)
[GameContext] === Multifarious Marketeer Turn 7 begins. Credits: 2, Clicks: 4 ===
[GameContext] MuslihaT: Multifarious Marketeer peeks at the top of their stack.
[GameContext] MuslihaT: Multifarious Marketeer declines.
[GameContext] Multifarious Marketeer draws Clean Getaway.
[GameContext] Multifarious Marketeer gains 1 credit. (3 total)
[GameContext] Run modifier set: gain_on_success = 6
[GameContext] --- Run on HQ begins ---
[GameContext] [Initiation] Run declared on HQ.
[GameContext] [Approach] Runner approaches Hákarl 1.0 (position 0).
[GameContext] [Encounter] Runner encounters Hákarl 1.0.
[GameContext] Runner takes 1 core damage.
[GameContext]   Trashed from grip: carmen
[GameContext] 1 card(s) trashed from Multifarious Marketeer's grip.
[GameContext] Multifarious Marketeer's maximum hand size permanently reduced to 3 (core damage total: 2).
[GameContext] Run ended.
[GameContext] [Encounter] Run ended by subroutine.
[GameContext] [End] Run ended unsuccessfully.
[GameContext] Multifarious Marketeer plays Clean Getaway.
[GameContext] Game over — Precision Design wins. "Multifarious Marketeer" flatlined (empty grip)
  [  7/ 10]  CORP      "Multifarious Marketeer" flatlined (empty grip)   7 turns
[GameContext] Precision Design draws Élivágar Bifurcation.
[GameContext] === Precision Design Turn 1 begins. Credits: 5, Clicks: 3 ===
[GameContext] [MCTS] slow search: 720 ms (100 iterations, depth 3)
[GameContext] Precision Design installs Maskirovka in R&D.
[GameContext] [MCTS] slow search: 723 ms (100 iterations, depth 3)
[GameContext] Precision Design installs Ivik in Server 0.
[GameContext] [MCTS] slow search: 730 ms (100 iterations, depth 3)
[GameContext] Precision Design installs Élivágar Bifurcation in Server 0.
[heartbeat] game 8/10 — turn 1, time 383s
[GameContext] === Multifarious Marketeer Turn 2 begins. Credits: 5, Clicks: 4 ===
[GameContext] MuslihaT: Multifarious Marketeer peeks at the top of their stack.
[GameContext] MuslihaT: top card is not an icebreaker or run event — not revealed.
[GameContext] --- Run on Server 0 begins ---
[GameContext] [Initiation] Run declared on Server 0.
[GameContext] [Approach] Runner approaches unrezzed ice (position 0).
[GameContext] [Approach] Corp declines to rez. Runner passes unrezzed ice.
[GameContext] [Movement] Runner approaches the server root.
[GameContext] [Success] Run successful on Server 0!
[GameContext] [Debug/gain_on_success] run_modifiers at success: {  }
[GameContext] [Breach] Runner breaches Server 0.
[GameContext] [Access] Runner accesses: Élivágar Bifurcation
[GameContext] [Access] Runner steals Élivágar Bifurcation! (1 agenda points)
[GameContext] [End] Run ended successfully.
[GameContext] Run modifier set: overclock_credits = 5
[GameContext] --- Run on HQ begins ---
[GameContext] [Initiation] Run declared on HQ.
[GameContext] [Initiation] No ice protecting server — proceeding to root.
[GameContext] [Movement] Runner approaches the server root.
[GameContext] [Success] Run successful on HQ!
[GameContext] [Debug/gain_on_success] run_modifiers at success: { "overclock_credits": 5, "run_event_active": 1 }
[GameContext] [Breach] Runner breaches HQ.
[GameContext] [Access] Runner accesses: Regolith Mining License
[GameContext] [Access] Runner may trash Regolith Mining License for 3 credits (Runner has 9 total).
[GameContext] [Access] Runner trashes Regolith Mining License.
[GameContext] [End] Run ended successfully.
[GameContext] Overclock: 2 unspent credit(s) returned to the bank.
[GameContext] Multifarious Marketeer plays Overclock.
[GameContext] Run modifier set: gain_on_success = 6
[GameContext] --- Run on HQ begins ---
[GameContext] [Initiation] Run declared on HQ.
[GameContext] [Initiation] No ice protecting server — proceeding to root.
[GameContext] [Movement] Runner approaches the server root.
[GameContext] [Success] Run successful on HQ!
[GameContext] [Debug/gain_on_success] run_modifiers at success: { "gain_on_success": 6, "run_event_active": 1 }
[GameContext] Multifarious Marketeer gains 6 cr (run successful).
[GameContext] [Breach] Runner breaches HQ.
[GameContext] [Access] Runner accesses: Trieste Model Bioroids
[GameContext] [Access] Runner may trash Trieste Model Bioroids for 3 credits (Runner has 7 total).
[GameContext] [Access] Runner trashes Trieste Model Bioroids.
[GameContext] [End] Run ended successfully.
[GameContext] Multifarious Marketeer plays Clean Getaway.
[GameContext] --- Run on R&D begins ---
[GameContext] [Initiation] Run declared on R&D.
[GameContext] [Approach] Runner approaches unrezzed ice (position 0).
[CorpRunAI] AI: Maskirovka — rez_cost=3  tax/enc=9.0  enc=3.0  LTV=27.0
[GameContext] [Rez] Corp rezzes Maskirovka for 3 credits.
[GameContext] [Encounter] Runner encounters Maskirovka.
[GameContext] Precision Design gains 2 credits.
[GameContext] Run ended.
[GameContext] [Encounter] Run ended by subroutine.
[GameContext] [End] Run ended unsuccessfully.
[GameContext] Precision Design draws Midnight-3 Arcology.
[GameContext] === Precision Design Turn 2 begins. Credits: 4, Clicks: 3 ===
[GameContext] [MCTS] slow search: 433 ms (100 iterations, depth 3)
[GameContext] Precision Design draws Élivágar Bifurcation.
[GameContext] [MCTS] slow search: 512 ms (100 iterations, depth 3)
[GameContext] Precision Design installs Envelopment in HQ.
[GameContext] [MCTS] slow search: 580 ms (100 iterations, depth 3)
[GameContext] Precision Design installs Midnight-3 Arcology in Server 0.
[GameContext] === Multifarious Marketeer Turn 3 begins. Credits: 4, Clicks: 4 ===
[GameContext] MuslihaT: Multifarious Marketeer peeks at the top of their stack.
[GameContext] MuslihaT: top card is not an icebreaker or run event — not revealed.
[GameContext] --- Run on Server 0 begins ---
[GameContext] [Initiation] Run declared on Server 0.
[GameContext] [Approach] Runner approaches unrezzed ice (position 0).
[GameContext] [Approach] Corp declines to rez. Runner passes unrezzed ice.
[GameContext] [Movement] Runner approaches the server root.
[GameContext] [Success] Run successful on Server 0!
[GameContext] [Debug/gain_on_success] run_modifiers at success: {  }
[GameContext] [Breach] Runner breaches Server 0.
[GameContext] [Access] Runner accesses: Midnight-3 Arcology
[GameContext] [Access] Runner steals Midnight-3 Arcology! (2 agenda points)
[GameContext] [End] Run ended successfully.
[GameContext] --- Run on HQ begins ---
[GameContext] [Initiation] Run declared on HQ.
[GameContext] [Approach] Runner approaches unrezzed ice (position 0).
[GameContext] [Approach] Corp declines to rez. Runner passes unrezzed ice.
[GameContext] [Movement] Runner approaches the server root.
[GameContext] [Success] Run successful on HQ!
[GameContext] [Debug/gain_on_success] run_modifiers at success: {  }
[GameContext] [Breach] Runner breaches HQ.
[GameContext] [Access] Runner accesses: Élivágar Bifurcation
[GameContext] [Access] Runner steals Élivágar Bifurcation! (1 agenda points)
[GameContext] [End] Run ended successfully.
[GameContext] Multifarious Marketeer draws Boomerang.
[GameContext] Multifarious Marketeer draws The Class Act.
[GameContext] Precision Design draws Government Subsidy.
[GameContext] === Precision Design Turn 3 begins. Credits: 4, Clicks: 3 ===
[GameContext] [MCTS] slow search: 284 ms (100 iterations, depth 3)
[GameContext] Precision Design draws Hákarl 1.0.
[GameContext] [MCTS] slow search: 334 ms (100 iterations, depth 3)
[GameContext] Precision Design draws Élivágar Bifurcation.
[GameContext] [MCTS] slow search: 411 ms (100 iterations, depth 3)
[GameContext] Precision Design gains 1 credit. (5 total)
[heartbeat] game 8/10 — turn 3, time 389s
[GameContext] === Multifarious Marketeer Turn 4 begins. Credits: 4, Clicks: 4 ===
[GameContext] MuslihaT: Multifarious Marketeer peeks at the top of their stack.
[GameContext] MuslihaT: top card is not an icebreaker or run event — not revealed.
[GameContext] --- Run on HQ begins ---
[GameContext] [Initiation] Run declared on HQ.
[GameContext] [Approach] Runner approaches unrezzed ice (position 0).
[CorpRunAI] AI: rezzing Envelopment would breach credit floor — holding.
[GameContext] [Approach] Corp declines to rez. Runner passes unrezzed ice.
[GameContext] [Movement] Runner approaches the server root.
[GameContext] [Success] Run successful on HQ!
[GameContext] [Debug/gain_on_success] run_modifiers at success: {  }
[GameContext] [Breach] Runner breaches HQ.
[GameContext] [Access] Runner accesses: Hákarl 1.0
[GameContext] [End] Run ended successfully.
[GameContext] Multifarious Marketeer draws Cezve.
[GameContext] Multifarious Marketeer draws Mutual Favor.
[GameContext] Multifarious Marketeer reveals and takes Marjanah from their deck.
[GameContext] Multifarious Marketeer's deck is shuffled.
[GameContext] Multifarious Marketeer plays Mutual Favor.
[GameContext] Multifarious Marketeer discards No Free Lunch to hand limit. (5 cards remaining)
[GameContext] Multifarious Marketeer discards Backstitching to hand limit. (5 cards remaining)
[GameContext] Precision Design draws Echo.
[GameContext] === Precision Design Turn 4 begins. Credits: 5, Clicks: 3 ===
[GameContext] [MCTS] slow search: 456 ms (100 iterations, depth 3)
[GameContext] Precision Design pays 1 credit(s) to install ice.
[GameContext] Precision Design installs Echo in R&D.
[GameContext] [MCTS] slow search: 412 ms (100 iterations, depth 3)
[GameContext] Precision Design draws Extract.
[GameContext] [MCTS] slow search: 482 ms (100 iterations, depth 3)
[GameContext] Precision Design gains 1 credit. (5 total)
[GameContext] === Multifarious Marketeer Turn 5 begins. Credits: 4, Clicks: 4 ===
[GameContext] MuslihaT: Multifarious Marketeer peeks at the top of their stack.
[GameContext] MuslihaT: Multifarious Marketeer declines.
Player install: card is: Marjanah and charged cost is: 0
[GameContext] Multifarious Marketeer installs Marjanah. [MU: 1/4 used]
[GameContext] --- Run on HQ begins ---
[GameContext] [Initiation] Run declared on HQ.
[GameContext] [Approach] Runner approaches unrezzed ice (position 0).
[CorpRunAI] AI: rezzing Envelopment would breach credit floor — holding.
[GameContext] [Approach] Corp declines to rez. Runner passes unrezzed ice.
[GameContext] Placed 1 power counter(s) on Marjanah.
[GameContext] [Movement] Runner approaches the server root.
[GameContext] [Success] Run successful on HQ!
[GameContext] [Debug/gain_on_success] run_modifiers at success: {  }
[GameContext] [Breach] Runner breaches HQ.
[GameContext] [Access] Runner accesses: Élivágar Bifurcation
[GameContext] [Access] Runner steals Élivágar Bifurcation! (1 agenda points)
[GameContext] [End] Run ended successfully.
[GameContext] Multifarious Marketeer plays Pinhole Threading.
[GameContext] Multifarious Marketeer draws Revolver.
[GameContext] Precision Design draws Echo.
[GameContext] === Precision Design Turn 5 begins. Credits: 5, Clicks: 3 ===
[GameContext] [MCTS] slow search: 266 ms (100 iterations, depth 3)
[GameContext] Precision Design pays 1 credit(s) to install ice.
[GameContext] Precision Design installs Echo in HQ.
[GameContext] [MCTS] slow search: 351 ms (100 iterations, depth 3)
[GameContext] Precision Design gains 6 credits.
[GameContext] Precision Design plays Extract.
[GameContext] [MCTS] slow search: 351 ms (100 iterations, depth 3)
[GameContext] Precision Design draws Hákarl 1.0.
[heartbeat] game 8/10 — turn 5, time 394s
[GameContext] === Multifarious Marketeer Turn 6 begins. Credits: 3, Clicks: 4 ===
[GameContext] MuslihaT: Multifarious Marketeer peeks at the top of their stack.
[GameContext] MuslihaT: Multifarious Marketeer declines.
[GameContext] Multifarious Marketeer gains 1 credit. (4 total)
[GameContext] --- Run on HQ begins ---
[GameContext] [Initiation] Run declared on HQ.
[GameContext] [Approach] Runner approaches unrezzed ice (position 0).
[GameContext] [Approach] Corp declines to rez. Runner passes unrezzed ice.
[GameContext] Placed 1 power counter(s) on Marjanah.
[GameContext] [Approach] Runner approaches unrezzed ice (position 1).
[GameContext] [Approach] Corp declines to rez. Runner passes unrezzed ice.
[GameContext] Placed 1 power counter(s) on Marjanah.
[GameContext] [Movement] Runner approaches the server root.
[GameContext] [Success] Run successful on HQ!
[GameContext] [Debug/gain_on_success] run_modifiers at success: {  }
[GameContext] [Breach] Runner breaches HQ.
[GameContext] [Access] Runner accesses: Hákarl 1.0
[GameContext] [End] Run ended successfully.
Player install: card is: Revolver and charged cost is: 2
[GameContext] Placed 6 power counter(s) on Revolver.
[GameContext] Multifarious Marketeer installs Revolver. [MU: 2/4 used]
[GameContext] Multifarious Marketeer draws Jailbreak.
[GameContext] Precision Design draws Trieste Model Bioroids.
[GameContext] === Precision Design Turn 6 begins. Credits: 7, Clicks: 3 ===
[GameContext] [MCTS] slow search: 476 ms (100 iterations, depth 3)
[GameContext] Precision Design installs Trieste Model Bioroids in Server 0.
[GameContext] [MCTS] slow search: 365 ms (100 iterations, depth 3)
[GameContext] Precision Design pays 2 credit(s) to install ice.
[GameContext] Precision Design installs Hákarl 1.0 in HQ.
[GameContext] [MCTS] slow search: 328 ms (100 iterations, depth 3)
[GameContext] Precision Design draws Spin Doctor.
[GameContext] === Multifarious Marketeer Turn 7 begins. Credits: 2, Clicks: 4 ===
[GameContext] MuslihaT: Multifarious Marketeer peeks at the top of their stack.
[GameContext] MuslihaT: Multifarious Marketeer declines.
[GameContext] Run modifier set: bonus_access = 1
[GameContext] --- Run on HQ begins ---
[GameContext] [Initiation] Run declared on HQ.
[GameContext] [Approach] Runner approaches unrezzed ice (position 0).
[CorpRunAI] AI: rezzing Hákarl 1.0 would breach credit floor — holding.
[GameContext] [Approach] Corp declines to rez. Runner passes unrezzed ice.
[GameContext] Placed 1 power counter(s) on Marjanah.
[GameContext] [Approach] Runner approaches unrezzed ice (position 1).
[CorpRunAI] AI: rezzing Hákarl 1.0 would breach credit floor — holding.
[GameContext] [Approach] Corp declines to rez. Runner passes unrezzed ice.
[GameContext] Placed 1 power counter(s) on Marjanah.
[GameContext] [Approach] Runner approaches unrezzed ice (position 2).
[CorpRunAI] AI: rezzing Hákarl 1.0 would breach credit floor — holding.
[GameContext] [Approach] Corp declines to rez. Runner passes unrezzed ice.
[GameContext] Placed 1 power counter(s) on Marjanah.
[GameContext] [Movement] Runner approaches the server root.
[GameContext] [Success] Run successful on HQ!
[GameContext] [Debug/gain_on_success] run_modifiers at success: { "bonus_access": 1, "run_event_active": 1 }
[GameContext] [Breach] Runner breaches HQ.
[GameContext] [Breach] Bonus access: 1 extra card(s).
[GameContext] [Access] Runner accesses: Government Subsidy
[GameContext] [Access] Runner accesses: Hákarl 1.0
[GameContext] [End] Run ended successfully.
[GameContext] Multifarious Marketeer plays Jailbreak.
[GameContext] Multifarious Marketeer draws Red Team.
[GameContext] Multifarious Marketeer draws Sure Gamble.
[GameContext] Multifarious Marketeer gains 1 credit. (3 total)
[GameContext] Precision Design draws Envelopment.
[GameContext] === Precision Design Turn 7 begins. Credits: 5, Clicks: 3 ===
[GameContext] [Trieste] No rezzed bioroid ice to lock — ability has no target.
[GameContext] Precision Design rezzes Trieste Model Bioroids for 2 cr.
[GameContext] [MCTS] slow search: 448 ms (100 iterations, depth 3)
[GameContext] Precision Design gains 1 credit. (4 total)
[GameContext] [MCTS] slow search: 453 ms (100 iterations, depth 3)
[GameContext] Precision Design installs Hákarl 1.0 in Server 1.
[GameContext] [MCTS] slow search: 436 ms (100 iterations, depth 3)
[GameContext] Precision Design draws Hedge Fund.
[heartbeat] game 8/10 — turn 7, time 399s
[GameContext] === Multifarious Marketeer Turn 8 begins. Credits: 3, Clicks: 4 ===
[GameContext] MuslihaT: Multifarious Marketeer peeks at the top of their stack.
[GameContext] MuslihaT: Multifarious Marketeer declines.
[GameContext] Multifarious Marketeer gains 1 credit. (4 total)
[GameContext] Multifarious Marketeer gains 1 credit. (5 total)
[GameContext] Multifarious Marketeer gains 9 credits.
[GameContext] Multifarious Marketeer plays Sure Gamble.
[GameContext] --- Run on R&D begins ---
[GameContext] [Initiation] Run declared on R&D.
[GameContext] [Approach] Runner approaches unrezzed ice (position 0).
[CorpRunAI] AI: rezzing Echo would breach credit floor — holding.
[GameContext] [Approach] Corp declines to rez. Runner passes unrezzed ice.
[GameContext] Placed 1 power counter(s) on Marjanah.
[GameContext] [Approach] Runner approaches Maskirovka (position 1).
[CorpRunAI] AI: rezzing Echo would breach credit floor — holding.
[GameContext] [Encounter] Runner encounters Maskirovka.
[GameContext] [Encounter] Marjanah breaks 'Gain 2[credit].' for 2 cr.
[GameContext] [Encounter] Marjanah breaks 'End the run.' for 2 cr.
[GameContext] [Encounter] Subroutine 0 broken.
[GameContext] [Encounter] Subroutine 1 broken.
[GameContext] Placed 1 power counter(s) on Marjanah.
[GameContext] [Movement] Runner approaches the server root.
[GameContext] [Success] Run successful on R&D!
[GameContext] [Debug/gain_on_success] run_modifiers at success: { "overclock_credits": 0, "concerto_credits": 0, "bad_pub_credits": 0 }
[GameContext] [Breach] Runner breaches R&D.
[GameContext] [Access] Runner accesses: Hedge Fund
[GameContext] [End] Run ended successfully.
[GameContext] Precision Design draws Hedge Fund.
[GameContext] === Precision Design Turn 8 begins. Credits: 4, Clicks: 3 ===
[GameContext] Precision Design gains 1 credit. (5 total)
[GameContext] Precision Design gains 9 credits.
[GameContext] Precision Design plays Hedge Fund.
[GameContext] Precision Design gains 1 credit. (10 total)
[GameContext] === Multifarious Marketeer Turn 9 begins. Credits: 5, Clicks: 4 ===
[GameContext] MuslihaT: Multifarious Marketeer peeks at the top of their stack.
[GameContext] MuslihaT: Multifarious Marketeer declines.
[GameContext] Multifarious Marketeer draws Bravado.
[GameContext] --- Run on HQ begins ---
[GameContext] [Initiation] Run declared on HQ.
[GameContext] [Approach] Runner approaches unrezzed ice (position 0).
[CorpRunAI] AI: Hákarl 1.0 — rez_cost=5  tax/enc=7.0  enc=3.0  LTV=21.0
[GameContext] [Rez] Corp rezzes Hákarl 1.0 for 5 credits.
[GameContext] [Encounter] Runner encounters Hákarl 1.0.
[GameContext] [Encounter] Marjanah breaks 'Do 1 core damage.' for 2 cr.
[GameContext] [Encounter] Subroutine 0 broken.
[GameContext] Run ended.
[GameContext] [Encounter] Run ended by subroutine.
[GameContext] [End] Run ended unsuccessfully.
[GameContext] [Bravado] Run unsuccessful — no bonus credits.
[GameContext] Multifarious Marketeer plays Bravado.
[GameContext] Multifarious Marketeer draws Pinhole Threading.
[GameContext] Multifarious Marketeer gains 1 credit. (1 total)
[GameContext] Precision Design draws Maskirovka.
[GameContext] === Precision Design Turn 9 begins. Credits: 5, Clicks: 3 ===
[GameContext] [MCTS] slow search: 690 ms (100 iterations, depth 3)
[GameContext] Precision Design gains 9 credits.
[GameContext] Precision Design plays Hedge Fund.
[GameContext] [MCTS] slow search: 613 ms (100 iterations, depth 3)
[GameContext] Precision Design gains 1 credit. (10 total)
[GameContext] [MCTS] slow search: 644 ms (100 iterations, depth 3)
[GameContext] Precision Design gains 1 credit. (11 total)
[heartbeat] game 8/10 — turn 9, time 404s
[GameContext] === Multifarious Marketeer Turn 10 begins. Credits: 1, Clicks: 4 ===
[GameContext] MuslihaT: Multifarious Marketeer peeks at the top of their stack.
[GameContext] MuslihaT: Multifarious Marketeer declines.
[GameContext] Multifarious Marketeer plays Pinhole Threading.
[GameContext] Multifarious Marketeer draws Mutual Favor.
[GameContext] Multifarious Marketeer reveals and takes Cat's Cradle from their deck.
[GameContext] Multifarious Marketeer's deck is shuffled.
[GameContext] Multifarious Marketeer plays Mutual Favor.
[GameContext] Multifarious Marketeer gains 1 credit. (1 total)
[GameContext] Precision Design draws Mavirus.
[GameContext] === Precision Design Turn 10 begins. Credits: 11, Clicks: 3 ===
[GameContext] [MCTS] slow search: 839 ms (100 iterations, depth 3)
[GameContext] Precision Design installs Mavirus in HQ.
[GameContext] [MCTS] slow search: 593 ms (100 iterations, depth 3)
[GameContext] Precision Design draws Spin Doctor.
[GameContext] [MCTS] slow search: 947 ms (100 iterations, depth 3)
[GameContext] Precision Design gains 14 credits.
[GameContext] Precision Design plays Government Subsidy.
[GameContext] === Multifarious Marketeer Turn 11 begins. Credits: 1, Clicks: 4 ===
[GameContext] MuslihaT: Multifarious Marketeer peeks at the top of their stack.
[GameContext] MuslihaT: top card is not an icebreaker or run event — not revealed.
[GameContext] Multifarious Marketeer gains 1 credit. (2 total)
Player install: card is: Cat's Cradle and charged cost is: 2
[GameContext] Multifarious Marketeer installs Cat's Cradle. [MU: 3/4 used]
[GameContext] Multifarious Marketeer draws Bravado.
[GameContext] Multifarious Marketeer gains 1 credit. (1 total)
[GameContext] Precision Design draws Ivik.
[GameContext] === Precision Design Turn 11 begins. Credits: 15, Clicks: 3 ===
[GameContext] Precision Design rezzes Mavirus for 3 cr.
[GameContext] Precision Design gains 1 credit. (13 total)
[GameContext] Precision Design gains 1 credit. (14 total)
[heartbeat] game 8/10 — turn 11, time 409s
[GameContext] Precision Design pays 2 credit(s) to install ice.
[GameContext] Precision Design installs Envelopment in R&D.
[GameContext] === Multifarious Marketeer Turn 12 begins. Credits: 1, Clicks: 4 ===
[GameContext] MuslihaT: Multifarious Marketeer peeks at the top of their stack.
[GameContext] MuslihaT: top card is not an icebreaker or run event — not revealed.
[GameContext] Multifarious Marketeer gains 1 credit. (2 total)
[GameContext] Multifarious Marketeer gains 1 credit. (3 total)
[GameContext] --- Run on HQ begins ---
[GameContext] [Initiation] Run declared on HQ.
[GameContext] [Approach] Runner approaches Hákarl 1.0 (position 0).
[GameContext] [Encounter] Runner encounters Hákarl 1.0.
[GameContext] Runner takes 1 core damage.
[GameContext]   Trashed from grip: the_class_act
[GameContext] 1 card(s) trashed from Multifarious Marketeer's grip.
[GameContext] Multifarious Marketeer's maximum hand size permanently reduced to 4 (core damage total: 1).
[GameContext] Run ended.
[GameContext] [Encounter] Run ended by subroutine.
[GameContext] [End] Run ended unsuccessfully.
[GameContext] [Bravado] Run unsuccessful — no bonus credits.
[GameContext] Multifarious Marketeer plays Bravado.
[GameContext] Multifarious Marketeer draws Boomerang.
[GameContext] Precision Design draws Spin Doctor.
[GameContext] === Precision Design Turn 12 begins. Credits: 12, Clicks: 3 ===
[GameContext] Precision Design installs Ivik in Server 2.
[GameContext] Precision Design gains 1 credit. (13 total)
[GameContext] Precision Design gains 1 credit. (14 total)
[GameContext] === Multifarious Marketeer Turn 13 begins. Credits: 0, Clicks: 4 ===
[GameContext] MuslihaT: Multifarious Marketeer peeks at the top of their stack.
[GameContext] MuslihaT: top card is not an icebreaker or run event — not revealed.
[GameContext] Multifarious Marketeer gains 1 credit. (1 total)
[GameContext] Multifarious Marketeer gains 1 credit. (2 total)
[GameContext] Multifarious Marketeer gains 1 credit. (3 total)
[GameContext] Multifarious Marketeer gains 1 credit. (4 total)
[GameContext] Precision Design draws Ansel 1.0.
[GameContext] === Precision Design Turn 13 begins. Credits: 14, Clicks: 3 ===
[GameContext] Precision Design installs Spin Doctor in Server 3.
[GameContext] Precision Design gains 1 credit. (15 total)
[GameContext] Precision Design gains 1 credit. (16 total)
[GameContext] === Multifarious Marketeer Turn 14 begins. Credits: 4, Clicks: 4 ===
[GameContext] MuslihaT: Multifarious Marketeer peeks at the top of their stack.
[GameContext] MuslihaT: top card is not an icebreaker or run event — not revealed.
[GameContext] Multifarious Marketeer gains 1 credit. (5 total)
[GameContext] Multifarious Marketeer gains 1 credit. (6 total)
[GameContext] Multifarious Marketeer gains 1 credit. (7 total)
[GameContext] Multifarious Marketeer gains 1 credit. (8 total)
[GameContext] Precision Design draws Echo.
[GameContext] === Precision Design Turn 14 begins. Credits: 16, Clicks: 3 ===
[GameContext] Precision Design draws 2 card(s).
[GameContext] Precision Design rezzes Spin Doctor for 0 cr.
[GameContext] Precision Design installs Spin Doctor in Server 1.
[GameContext] Precision Design installs Echo in Server 4.
[heartbeat] game 8/10 — turn 14, time 414s
[GameContext] Precision Design installs Maskirovka in Server 5.
[GameContext] === Multifarious Marketeer Turn 15 begins. Credits: 8, Clicks: 4 ===
[GameContext] MuslihaT: Multifarious Marketeer peeks at the top of their stack.
[GameContext] MuslihaT: top card is not an icebreaker or run event — not revealed.
[GameContext] Multifarious Marketeer gains 1 credit. (9 total)
[GameContext] Multifarious Marketeer gains 1 credit. (10 total)
[GameContext] Multifarious Marketeer gains 1 credit. (11 total)
[GameContext] Multifarious Marketeer gains 1 credit. (12 total)
[GameContext] Precision Design draws Extract.
[GameContext] === Precision Design Turn 15 begins. Credits: 16, Clicks: 3 ===
[GameContext] Precision Design draws 2 card(s).
[GameContext] Precision Design rezzes Spin Doctor for 0 cr.
[GameContext] [◆ Unique] Duplicate Spin Doctor trashed (cannot be prevented).
[GameContext] Precision Design installs Midnight-3 Arcology in Server 5.
[GameContext] Precision Design advances Midnight-3 Arcology (1 counters).
[GameContext] Precision Design advances Midnight-3 Arcology (2 counters).
[GameContext] Precision Design discards Extract to hand limit.
[GameContext] === Multifarious Marketeer Turn 16 begins. Credits: 12, Clicks: 4 ===
[GameContext] MuslihaT: Multifarious Marketeer peeks at the top of their stack.
[GameContext] MuslihaT: top card is not an icebreaker or run event — not revealed.
[GameContext] --- Run on Server 5 begins ---
[GameContext] [Initiation] Run declared on Server 5.
[GameContext] [Approach] Runner approaches unrezzed ice (position 0).
[CorpRunAI] AI: Maskirovka — rez_cost=3  tax/enc=6.0  enc=2.5  LTV=15.0
[GameContext] [Rez] Corp rezzes Maskirovka for 3 credits.
[GameContext] [Encounter] Runner encounters Maskirovka.
[GameContext] [Encounter] Marjanah breaks 'Gain 2[credit].' for 2 cr.
[GameContext] [Encounter] Marjanah breaks 'End the run.' for 2 cr.
[GameContext] [Encounter] Subroutine 0 broken.
[GameContext] [Encounter] Subroutine 1 broken.
[GameContext] Placed 1 power counter(s) on Marjanah.
[GameContext] [Movement] Runner approaches the server root.
[GameContext] [Success] Run successful on Server 5!
[GameContext] [Debug/gain_on_success] run_modifiers at success: { "overclock_credits": 0, "concerto_credits": 0, "bad_pub_credits": 0 }
[GameContext] [Breach] Runner breaches Server 5.
[GameContext] [Access] Runner accesses: Midnight-3 Arcology
[GameContext] [Access] Runner steals Midnight-3 Arcology! (2 agenda points)
[GameContext] Runner wins by stealing agendas!
[GameContext] [End] Run ended successfully.
[GameContext] Game over — Multifarious Marketeer wins. Multifarious Marketeer stole enough agendas to win
  [  8/ 10]  RUNNER    Multifarious Marketeer stole enough agendas to win  16 turns
[GameContext] Precision Design draws Ivik.
[GameContext] === Precision Design Turn 1 begins. Credits: 5, Clicks: 3 ===
[GameContext] [MCTS] slow search: 668 ms (100 iterations, depth 3)
[GameContext] Precision Design installs Ivik in R&D.
[GameContext] [MCTS] slow search: 621 ms (100 iterations, depth 3)
[GameContext] Precision Design installs Hákarl 1.0 in Server 0.
[GameContext] [MCTS] slow search: 660 ms (100 iterations, depth 3)
[GameContext] Precision Design installs Élivágar Bifurcation in Server 0.
[heartbeat] game 9/10 — turn 1, time 419s
[GameContext] === Multifarious Marketeer Turn 2 begins. Credits: 5, Clicks: 4 ===
[GameContext] MuslihaT: Multifarious Marketeer peeks at the top of their stack.
[GameContext] MuslihaT: Multifarious Marketeer declines.
[GameContext] Multifarious Marketeer gains 9 credits.
[GameContext] Multifarious Marketeer plays Sure Gamble.
[GameContext] --- Run on Server 0 begins ---
[GameContext] [Initiation] Run declared on Server 0.
[GameContext] [Approach] Runner approaches unrezzed ice (position 0).
[CorpRunAI] AI: Hákarl 1.0 — rez_cost=5  tax/enc=10.0  enc=2.5  LTV=25.0
[GameContext] [Rez] Corp rezzes Hákarl 1.0 for 5 credits.
[GameContext] [Encounter] Runner encounters Hákarl 1.0.
[GameContext] Runner takes 1 core damage.
[GameContext]   Trashed from grip: boomerang
[GameContext] 1 card(s) trashed from Multifarious Marketeer's grip.
[GameContext] Multifarious Marketeer's maximum hand size permanently reduced to 4 (core damage total: 1).
[GameContext] Run ended.
[GameContext] [Encounter] Run ended by subroutine.
[GameContext] [End] Run ended unsuccessfully.
[GameContext] --- Run on R&D begins ---
[GameContext] [Initiation] Run declared on R&D.
[GameContext] [Approach] Runner approaches unrezzed ice (position 0).
[GameContext] [Approach] Corp declines to rez. Runner passes unrezzed ice.
[GameContext] [Movement] Runner approaches the server root.
[GameContext] [Success] Run successful on R&D!
[GameContext] [Debug/gain_on_success] run_modifiers at success: {  }
[GameContext] [Breach] Runner breaches R&D.
[GameContext] [Access] Runner accesses: Mavirus
[GameContext] [Access] Runner may trash Mavirus for 0 credits (Runner has 9 total).
[GameContext] [End] Run ended successfully.
[GameContext] --- Run on HQ begins ---
[GameContext] [Initiation] Run declared on HQ.
[GameContext] [Initiation] No ice protecting server — proceeding to root.
[GameContext] [Movement] Runner approaches the server root.
[GameContext] [Success] Run successful on HQ!
[GameContext] [Debug/gain_on_success] run_modifiers at success: {  }
[GameContext] [Breach] Runner breaches HQ.
[GameContext] [Access] Runner accesses: Hákarl 1.0
[GameContext] [End] Run ended successfully.
[GameContext] Precision Design draws Mavirus.
[GameContext] === Precision Design Turn 2 begins. Credits: 0, Clicks: 3 ===
[GameContext] [MCTS] slow search: 583 ms (100 iterations, depth 3)
[GameContext] Precision Design gains 1 credit. (1 total)
[GameContext] [MCTS] slow search: 604 ms (100 iterations, depth 3)
[GameContext] Precision Design advances Élivágar Bifurcation (1 counters).
[GameContext] [MCTS] slow search: 604 ms (100 iterations, depth 3)
[GameContext] Precision Design installs Ansel 1.0 in HQ.
[GameContext] === Multifarious Marketeer Turn 3 begins. Credits: 9, Clicks: 4 ===
[GameContext] MuslihaT: Multifarious Marketeer peeks at the top of their stack.
[GameContext] MuslihaT: Multifarious Marketeer declines.
[GameContext] --- Run on R&D begins ---
[GameContext] [Initiation] Run declared on R&D.
[GameContext] [Approach] Runner approaches unrezzed ice (position 0).
[GameContext] [Approach] Corp declines to rez. Runner passes unrezzed ice.
[GameContext] [Movement] Runner approaches the server root.
[GameContext] [Success] Run successful on R&D!
[GameContext] [Debug/gain_on_success] run_modifiers at success: {  }
[GameContext] [Breach] Runner breaches R&D.
[GameContext] [Access] Runner accesses: Spin Doctor
[GameContext] [Access] Runner may trash Spin Doctor for 2 credits (Runner has 9 total).
[GameContext] [Access] Runner trashes Spin Doctor.
[GameContext] [End] Run ended successfully.
[GameContext] --- Run on HQ begins ---
[GameContext] [Initiation] Run declared on HQ.
[GameContext] [Approach] Runner approaches unrezzed ice (position 0).
[GameContext] [Approach] Corp declines to rez. Runner passes unrezzed ice.
[GameContext] [Movement] Runner approaches the server root.
[GameContext] [Success] Run successful on HQ!
[GameContext] [Debug/gain_on_success] run_modifiers at success: {  }
[GameContext] [Breach] Runner breaches HQ.
[GameContext] [Access] Runner accesses: Hákarl 1.0
[GameContext] [End] Run ended successfully.
[GameContext] Multifarious Marketeer gains 9 credits.
[GameContext] Multifarious Marketeer plays Sure Gamble.
[GameContext] Multifarious Marketeer draws Boomerang.
[GameContext] Precision Design draws Hedge Fund.
[GameContext] === Precision Design Turn 3 begins. Credits: 0, Clicks: 3 ===
[GameContext] [MCTS] slow search: 554 ms (100 iterations, depth 3)
[GameContext] Precision Design gains 1 credit. (1 total)
[GameContext] [MCTS] Scoring line detected — executing: Advance elivagar_bifurcation
[GameContext] Precision Design advances Élivágar Bifurcation (2 counters).
[GameContext] Precision Design scores Élivágar Bifurcation! (1 agenda points)
[GameContext] Precision Design: Precision Design adds Spin Doctor from Archives to HQ.
[heartbeat] game 9/10 — turn 3, time 424s
[GameContext] [MCTS] slow search: 752 ms (100 iterations, depth 3)
[GameContext] Precision Design installs Mavirus in HQ.
[GameContext] === Multifarious Marketeer Turn 4 begins. Credits: 11, Clicks: 4 ===
[GameContext] MuslihaT: Multifarious Marketeer peeks at the top of their stack.
[GameContext] MuslihaT: Multifarious Marketeer declines.
[GameContext] --- Run on R&D begins ---
[GameContext] [Initiation] Run declared on R&D.
[GameContext] [Approach] Runner approaches unrezzed ice (position 0).
[GameContext] [Approach] Corp declines to rez. Runner passes unrezzed ice.
[GameContext] [Movement] Runner approaches the server root.
[GameContext] [Success] Run successful on R&D!
[GameContext] [Debug/gain_on_success] run_modifiers at success: {  }
[GameContext] [Breach] Runner breaches R&D.
[GameContext] [Access] Runner accesses: Ansel 1.0
[GameContext] [End] Run ended successfully.
[GameContext] --- Run on HQ begins ---
[GameContext] [Initiation] Run declared on HQ.
[GameContext] [Approach] Runner approaches unrezzed ice (position 0).
[GameContext] [Approach] Corp declines to rez. Runner passes unrezzed ice.
[GameContext] [Movement] Runner approaches the server root.
[GameContext] [Success] Run successful on HQ!
[GameContext] [Debug/gain_on_success] run_modifiers at success: {  }
[GameContext] [Breach] Runner breaches HQ.
[GameContext] [Access] Runner accesses: Mavirus
[GameContext] [Access] Runner may trash Mavirus for 0 credits (Runner has 11 total).
[GameContext] [Access] Runner accesses: Spin Doctor
[GameContext] [Access] Runner may trash Spin Doctor for 2 credits (Runner has 11 total).
[GameContext] [Access] Runner trashes Spin Doctor.
[GameContext] [End] Run ended successfully.
[GameContext] Multifarious Marketeer draws No Free Lunch.
[GameContext] Multifarious Marketeer draws Cat's Cradle.
[GameContext] Multifarious Marketeer discards No Free Lunch to hand limit. (4 cards remaining)
[GameContext] Precision Design draws Ansel 1.0.
[GameContext] === Precision Design Turn 4 begins. Credits: 0, Clicks: 3 ===
[GameContext] [MCTS] slow search: 516 ms (100 iterations, depth 3)
[GameContext] Precision Design gains 1 credit. (1 total)
[GameContext] [MCTS] slow search: 557 ms (100 iterations, depth 3)
[GameContext] Precision Design gains 1 credit. (2 total)
[GameContext] [MCTS] slow search: 579 ms (100 iterations, depth 3)
[GameContext] Precision Design gains 1 credit. (3 total)
[GameContext] === Multifarious Marketeer Turn 5 begins. Credits: 9, Clicks: 4 ===
[GameContext] MuslihaT: Multifarious Marketeer peeks at the top of their stack.
[GameContext] MuslihaT: Multifarious Marketeer declines.
[GameContext] --- Run on R&D begins ---
[GameContext] [Initiation] Run declared on R&D.
[GameContext] [Approach] Runner approaches unrezzed ice (position 0).
[GameContext] [Approach] Corp declines to rez. Runner passes unrezzed ice.
[GameContext] [Movement] Runner approaches the server root.
[GameContext] [Success] Run successful on R&D!
[GameContext] [Debug/gain_on_success] run_modifiers at success: {  }
[GameContext] [Breach] Runner breaches R&D.
[GameContext] [Access] Runner accesses: Spin Doctor
[GameContext] [Access] Runner may trash Spin Doctor for 2 credits (Runner has 9 total).
[GameContext] [Access] Runner trashes Spin Doctor.
[GameContext] [End] Run ended successfully.
[GameContext] --- Run on HQ begins ---
[GameContext] [Initiation] Run declared on HQ.
[GameContext] [Rez] Corp rezzes Mavirus for 3 credits.
[GameContext] [Approach] Runner approaches unrezzed ice (position 0).
[GameContext] [Approach] Corp declines to rez. Runner passes unrezzed ice.
[GameContext] [Movement] Runner approaches the server root.
[GameContext] [Success] Run successful on HQ!
[GameContext] [Debug/gain_on_success] run_modifiers at success: {  }
[GameContext] [Breach] Runner breaches HQ.
[GameContext] [Access] Runner accesses: Mavirus
[GameContext] [Mavirus] Rezzed — deals 1 net damage.
[GameContext] Runner takes 1 net damage.
[GameContext]   Trashed from grip: backstitching
[GameContext] 1 card(s) trashed from Multifarious Marketeer's grip.
[GameContext] [Access] Runner may trash Mavirus for 0 credits (Runner has 7 total).
[GameContext] [Access] Runner accesses: Ansel 1.0
[GameContext] [End] Run ended successfully.
Player install: card is: Cat's Cradle and charged cost is: 2
[GameContext] Multifarious Marketeer installs Cat's Cradle. [MU: 1/4 used]
[GameContext] Multifarious Marketeer draws Revolver.
[GameContext] Precision Design draws Hedge Fund.
[GameContext] === Precision Design Turn 5 begins. Credits: 0, Clicks: 3 ===
[GameContext] [MCTS] slow search: 574 ms (100 iterations, depth 3)
[heartbeat] game 9/10 — turn 5, time 430s
[GameContext] Precision Design gains 1 credit. (1 total)
[GameContext] [MCTS] slow search: 554 ms (100 iterations, depth 3)
[GameContext] Precision Design pays 1 credit(s) to install ice.
[GameContext] Precision Design installs Hákarl 1.0 in R&D.
[GameContext] [MCTS] slow search: 466 ms (100 iterations, depth 3)
[GameContext] Precision Design gains 1 credit. (1 total)
[GameContext] === Multifarious Marketeer Turn 6 begins. Credits: 5, Clicks: 4 ===
[GameContext] MuslihaT: Multifarious Marketeer peeks at the top of their stack.
[GameContext] MuslihaT: Multifarious Marketeer declines.
[GameContext] --- Run on R&D begins ---
[GameContext] [Initiation] Run declared on R&D.
[GameContext] [Approach] Runner approaches unrezzed ice (position 0).
[GameContext] [Approach] Corp declines to rez. Runner passes unrezzed ice.
[GameContext] [Approach] Runner approaches unrezzed ice (position 1).
[GameContext] [Approach] Corp declines to rez. Runner passes unrezzed ice.
[GameContext] [Movement] Runner approaches the server root.
[GameContext] [Success] Run successful on R&D!
[GameContext] [Debug/gain_on_success] run_modifiers at success: {  }
[GameContext] [Breach] Runner breaches R&D.
[GameContext] [Access] Runner accesses: Echo
[GameContext] [End] Run ended successfully.
[GameContext] --- Run on HQ begins ---
[GameContext] [Initiation] Run declared on HQ.
[GameContext] [Approach] Runner approaches unrezzed ice (position 0).
[GameContext] [Approach] Corp declines to rez. Runner passes unrezzed ice.
[GameContext] [Movement] Runner approaches the server root.
[GameContext] [Success] Run successful on HQ!
[GameContext] [Debug/gain_on_success] run_modifiers at success: {  }
[GameContext] [Breach] Runner breaches HQ.
[GameContext] [Access] Runner accesses: Mavirus
[GameContext] [Mavirus] Rezzed — deals 1 net damage.
[GameContext] Runner takes 1 net damage.
[GameContext]   Trashed from grip: boomerang
[GameContext] 1 card(s) trashed from Multifarious Marketeer's grip.
[GameContext] [Access] Runner may trash Mavirus for 0 credits (Runner has 5 total).
[GameContext] [Access] Runner accesses: Ansel 1.0
[GameContext] [End] Run ended successfully.
Player install: card is: Revolver and charged cost is: 2
[GameContext] Placed 6 power counter(s) on Revolver.
[GameContext] Multifarious Marketeer installs Revolver. [MU: 2/4 used]
[GameContext] Multifarious Marketeer draws Daily Casts.
[GameContext] Precision Design draws Echo.
[GameContext] === Precision Design Turn 6 begins. Credits: 1, Clicks: 3 ===
[GameContext] [MCTS] slow search: 589 ms (100 iterations, depth 3)
[GameContext] Precision Design pays 1 credit(s) to install ice.
[GameContext] Precision Design installs Echo in HQ.
[GameContext] [MCTS] slow search: 507 ms (100 iterations, depth 3)
[GameContext] Precision Design gains 1 credit. (1 total)
[GameContext] [MCTS] slow search: 492 ms (100 iterations, depth 3)
[GameContext] Precision Design gains 1 credit. (2 total)
[heartbeat] game 9/10 — turn 6, time 435s
[GameContext] === Multifarious Marketeer Turn 7 begins. Credits: 3, Clicks: 4 ===
[GameContext] MuslihaT: Multifarious Marketeer peeks at the top of their stack.
[GameContext] MuslihaT: Multifarious Marketeer declines.
[GameContext] --- Run on R&D begins ---
[GameContext] [Initiation] Run declared on R&D.
[GameContext] [Approach] Runner approaches unrezzed ice (position 0).
[GameContext] [Approach] Corp declines to rez. Runner passes unrezzed ice.
[GameContext] [Approach] Runner approaches unrezzed ice (position 1).
[GameContext] [Approach] Corp declines to rez. Runner passes unrezzed ice.
[GameContext] [Movement] Runner approaches the server root.
[GameContext] [Success] Run successful on R&D!
[GameContext] [Debug/gain_on_success] run_modifiers at success: {  }
[GameContext] [Breach] Runner breaches R&D.
[GameContext] [Access] Runner accesses: Trieste Model Bioroids
[GameContext] [Access] Runner may trash Trieste Model Bioroids for 3 credits (Runner has 3 total).
[GameContext] [Access] Runner trashes Trieste Model Bioroids.
[GameContext] [End] Run ended successfully.
[GameContext] Multifarious Marketeer gains 1 credit. (1 total)
[GameContext] Multifarious Marketeer gains 1 credit. (2 total)
[GameContext] --- Run on HQ begins ---
[GameContext] [Initiation] Run declared on HQ.
[GameContext] [Approach] Runner approaches unrezzed ice (position 0).
[CorpRunAI] AI: rezzing Echo would breach credit floor — holding.
[GameContext] [Approach] Corp declines to rez. Runner passes unrezzed ice.
[GameContext] [Approach] Runner approaches unrezzed ice (position 1).
[CorpRunAI] AI: rezzing Echo would breach credit floor — holding.
[GameContext] [Approach] Corp declines to rez. Runner passes unrezzed ice.
[GameContext] [Movement] Runner approaches the server root.
[GameContext] [Success] Run successful on HQ!
[GameContext] [Debug/gain_on_success] run_modifiers at success: {  }
[GameContext] [Breach] Runner breaches HQ.
[GameContext] [Access] Runner accesses: Mavirus
[GameContext] [Mavirus] Rezzed — deals 1 net damage.
[GameContext] Runner takes 1 net damage.
[GameContext]   Trashed from grip: red_team
[GameContext] 1 card(s) trashed from Multifarious Marketeer's grip.
[GameContext] [Access] Runner may trash Mavirus for 0 credits (Runner has 2 total).
[GameContext] [Access] Runner accesses: Hedge Fund
[GameContext] [End] Run ended successfully.
[GameContext] Precision Design draws Envelopment.
[GameContext] === Precision Design Turn 7 begins. Credits: 2, Clicks: 3 ===
[GameContext] [MCTS] slow search: 647 ms (100 iterations, depth 3)
[GameContext] Precision Design gains 1 credit. (3 total)
[GameContext] [MCTS] slow search: 652 ms (100 iterations, depth 3)
[GameContext] Precision Design installs Regolith Mining License in Server 1.
[GameContext] [MCTS] slow search: 532 ms (100 iterations, depth 3)
[GameContext] Precision Design gains 1 credit. (4 total)
[GameContext] === Multifarious Marketeer Turn 8 begins. Credits: 2, Clicks: 4 ===
[GameContext] MuslihaT: Multifarious Marketeer peeks at the top of their stack.
[GameContext] MuslihaT: Multifarious Marketeer declines.
[GameContext] Multifarious Marketeer gains 1 credit. (3 total)
[GameContext] Multifarious Marketeer gains 1 credit. (4 total)
[GameContext] --- Run on R&D begins ---
[GameContext] [Initiation] Run declared on R&D.
[GameContext] [Approach] Runner approaches unrezzed ice (position 0).
[GameContext] [Approach] Corp declines to rez. Runner passes unrezzed ice.
[GameContext] [Approach] Runner approaches unrezzed ice (position 1).
[GameContext] [Approach] Corp declines to rez. Runner passes unrezzed ice.
[GameContext] [Movement] Runner approaches the server root.
[GameContext] [Success] Run successful on R&D!
[GameContext] [Debug/gain_on_success] run_modifiers at success: {  }
[GameContext] [Breach] Runner breaches R&D.
[GameContext] [Access] Runner accesses: Mavirus
[GameContext] [Mavirus] Rezzed — deals 1 net damage.
[GameContext] Runner takes 1 net damage.
[GameContext]   Trashed from grip: daily_casts
[GameContext] 1 card(s) trashed from Multifarious Marketeer's grip.
[GameContext] [Access] Runner may trash Mavirus for 0 credits (Runner has 4 total).
[GameContext] [End] Run ended successfully.
[GameContext] Game over — Precision Design wins. "Multifarious Marketeer" flatlined (empty grip)
  [  9/ 10]  CORP      "Multifarious Marketeer" flatlined (empty grip)   8 turns
[GameContext] Precision Design draws Ansel 1.0.
[GameContext] === Precision Design Turn 1 begins. Credits: 5, Clicks: 3 ===
[GameContext] [MCTS] slow search: 516 ms (100 iterations, depth 3)
[GameContext] Precision Design installs Echo in R&D.
[GameContext] [MCTS] slow search: 503 ms (100 iterations, depth 3)
[GameContext] Precision Design installs Ansel 1.0 in HQ.
[heartbeat] game 10/10 — turn 1, time 440s
[GameContext] [MCTS] slow search: 480 ms (100 iterations, depth 3)
[GameContext] Precision Design installs Hákarl 1.0 in Server 0.
[GameContext] === Multifarious Marketeer Turn 2 begins. Credits: 5, Clicks: 4 ===
[GameContext] MuslihaT: Multifarious Marketeer peeks at the top of their stack.
[GameContext] MuslihaT: top card is not an icebreaker or run event — not revealed.
[GameContext] Run modifier set: gain_on_success = 6
[GameContext] --- Run on HQ begins ---
[GameContext] [Initiation] Run declared on HQ.
[GameContext] [Approach] Runner approaches unrezzed ice (position 0).
[GameContext] [Approach] Corp declines to rez. Runner passes unrezzed ice.
[GameContext] [Movement] Runner approaches the server root.
[GameContext] [Success] Run successful on HQ!
[GameContext] [Debug/gain_on_success] run_modifiers at success: { "gain_on_success": 6, "run_event_active": 1 }
[GameContext] Multifarious Marketeer gains 6 cr (run successful).
[GameContext] [Breach] Runner breaches HQ.
[GameContext] [Access] Runner accesses: Hedge Fund
[GameContext] [End] Run ended successfully.
[GameContext] Multifarious Marketeer plays Clean Getaway.
[GameContext] --- Run on HQ begins ---
[GameContext] [Initiation] Run declared on HQ.
[GameContext] [Approach] Runner approaches unrezzed ice (position 0).
[GameContext] [Approach] Corp declines to rez. Runner passes unrezzed ice.
[GameContext] [Movement] Runner approaches the server root.
[GameContext] [Success] Run successful on HQ!
[GameContext] [Debug/gain_on_success] run_modifiers at success: { "run_event_active": 1 }
[GameContext] [Breach] Runner breaches HQ.
[GameContext] [Access] Runner accesses: Hedge Fund
[GameContext] [End] Run ended successfully.
[GameContext] Multifarious Marketeer gains 7 credits.
[GameContext] [Bravado] Multifarious Marketeer passed 1 ice — gains 7¢ total.
[GameContext] Multifarious Marketeer plays Bravado.
[GameContext] --- Run on R&D begins ---
[GameContext] [Initiation] Run declared on R&D.
[GameContext] [Approach] Runner approaches unrezzed ice (position 0).
[GameContext] [Approach] Corp declines to rez. Runner passes unrezzed ice.
[GameContext] [Movement] Runner approaches the server root.
[GameContext] [Success] Run successful on R&D!
[GameContext] [Debug/gain_on_success] run_modifiers at success: {  }
[GameContext] [Breach] Runner breaches R&D.
[GameContext] [Access] Runner accesses: Élivágar Bifurcation
[GameContext] [Access] Runner steals Élivágar Bifurcation! (1 agenda points)
[GameContext] [End] Run ended successfully.
[GameContext] --- Run on HQ begins ---
[GameContext] [Initiation] Run declared on HQ.
[GameContext] [Approach] Runner approaches unrezzed ice (position 0).
[GameContext] [Approach] Corp declines to rez. Runner passes unrezzed ice.
[GameContext] [Movement] Runner approaches the server root.
[GameContext] [Success] Run successful on HQ!
[GameContext] [Debug/gain_on_success] run_modifiers at success: {  }
[GameContext] [Breach] Runner breaches HQ.
[GameContext] [Access] Runner accesses: Hedge Fund
[GameContext] [End] Run ended successfully.
[GameContext] Precision Design draws Maskirovka.
[GameContext] === Precision Design Turn 2 begins. Credits: 5, Clicks: 3 ===
[GameContext] [MCTS] slow search: 498 ms (100 iterations, depth 3)
[GameContext] Precision Design gains 9 credits.
[GameContext] Precision Design plays Hedge Fund.
[GameContext] [MCTS] slow search: 492 ms (100 iterations, depth 3)
[GameContext] Precision Design draws Regolith Mining License.
[GameContext] [MCTS] slow search: 685 ms (100 iterations, depth 3)
[GameContext] Precision Design installs Élivágar Bifurcation in Server 0.
[GameContext] === Multifarious Marketeer Turn 3 begins. Credits: 12, Clicks: 4 ===
[GameContext] MuslihaT: Multifarious Marketeer peeks at the top of their stack.
[GameContext] MuslihaT: top card is not an icebreaker or run event — not revealed.
[GameContext] --- Run on Server 0 begins ---
[GameContext] [Initiation] Run declared on Server 0.
[GameContext] [Approach] Runner approaches unrezzed ice (position 0).
[CorpRunAI] AI: Hákarl 1.0 — rez_cost=5  tax/enc=10.0  enc=2.5  LTV=25.0
[GameContext] [Rez] Corp rezzes Hákarl 1.0 for 5 credits.
[GameContext] [Encounter] Runner encounters Hákarl 1.0.
[GameContext] Runner takes 1 core damage.
[GameContext]   Trashed from grip: backstitching
[GameContext] 1 card(s) trashed from Multifarious Marketeer's grip.
[GameContext] Multifarious Marketeer's maximum hand size permanently reduced to 4 (core damage total: 1).
[GameContext] Run ended.
[GameContext] [Encounter] Run ended by subroutine.
[GameContext] [End] Run ended unsuccessfully.
[GameContext] Multifarious Marketeer reveals and takes Revolver from their deck.
[GameContext] Multifarious Marketeer's deck is shuffled.
[GameContext] Multifarious Marketeer plays Mutual Favor.
[GameContext] --- Run on R&D begins ---
[GameContext] [Initiation] Run declared on R&D.
[GameContext] [Approach] Runner approaches unrezzed ice (position 0).
[GameContext] [Approach] Corp declines to rez. Runner passes unrezzed ice.
[GameContext] [Movement] Runner approaches the server root.
[GameContext] [Success] Run successful on R&D!
[GameContext] [Debug/gain_on_success] run_modifiers at success: {  }
[GameContext] [Breach] Runner breaches R&D.
[GameContext] [Access] Runner accesses: Extract
[GameContext] [End] Run ended successfully.
[GameContext] --- Run on HQ begins ---
[GameContext] [Initiation] Run declared on HQ.
[GameContext] [Approach] Runner approaches unrezzed ice (position 0).
[GameContext] [Approach] Corp declines to rez. Runner passes unrezzed ice.
[GameContext] [Movement] Runner approaches the server root.
[GameContext] [Success] Run successful on HQ!
[GameContext] [Debug/gain_on_success] run_modifiers at success: {  }
[GameContext] [Breach] Runner breaches HQ.
[GameContext] [Access] Runner accesses: Regolith Mining License
[GameContext] [Access] Runner may trash Regolith Mining License for 3 credits (Runner has 12 total).
[GameContext] [Access] Runner trashes Regolith Mining License.
[GameContext] [End] Run ended successfully.
[GameContext] Precision Design draws Extract.
[GameContext] === Precision Design Turn 3 begins. Credits: 4, Clicks: 3 ===
[GameContext] [MCTS] Scoring line detected — executing: Advance elivagar_bifurcation
[GameContext] Precision Design advances Élivágar Bifurcation (1 counters).
[heartbeat] game 10/10 — turn 3, time 445s
[GameContext] [MCTS] Scoring line detected — executing: Advance elivagar_bifurcation
[GameContext] Precision Design advances Élivágar Bifurcation (2 counters).
[GameContext] Precision Design scores Élivágar Bifurcation! (1 agenda points)
[GameContext] Precision Design: Precision Design adds Hedge Fund from Archives to HQ.
[GameContext] [MCTS] slow search: 433 ms (100 iterations, depth 3)
[GameContext] Precision Design gains 1 credit. (3 total)
[GameContext] === Multifarious Marketeer Turn 4 begins. Credits: 9, Clicks: 4 ===
[GameContext] MuslihaT: Multifarious Marketeer peeks at the top of their stack.
[GameContext] MuslihaT: Multifarious Marketeer declines.
[GameContext] --- Run on R&D begins ---
[GameContext] [Initiation] Run declared on R&D.
[GameContext] [Approach] Runner approaches unrezzed ice (position 0).
[CorpRunAI] AI: rezzing Echo would breach credit floor — holding.
[GameContext] [Approach] Corp declines to rez. Runner passes unrezzed ice.
[GameContext] [Movement] Runner approaches the server root.
[GameContext] [Success] Run successful on R&D!
[GameContext] [Debug/gain_on_success] run_modifiers at success: {  }
[GameContext] [Breach] Runner breaches R&D.
[GameContext] [Access] Runner accesses: Hedge Fund
[GameContext] [End] Run ended successfully.
[GameContext] --- Run on HQ begins ---
[GameContext] [Initiation] Run declared on HQ.
[GameContext] [Approach] Runner approaches unrezzed ice (position 0).
[GameContext] [Approach] Corp declines to rez. Runner passes unrezzed ice.
[GameContext] [Movement] Runner approaches the server root.
[GameContext] [Success] Run successful on HQ!
[GameContext] [Debug/gain_on_success] run_modifiers at success: {  }
[GameContext] [Breach] Runner breaches HQ.
[GameContext] [Access] Runner accesses: Hedge Fund
[GameContext] [End] Run ended successfully.
Player install: card is: Revolver and charged cost is: 2
[GameContext] Placed 6 power counter(s) on Revolver.
[GameContext] Multifarious Marketeer installs Revolver. [MU: 1/4 used]
[GameContext] Multifarious Marketeer draws Jailbreak.
[GameContext] Precision Design draws Hedge Fund.
[GameContext] === Precision Design Turn 4 begins. Credits: 3, Clicks: 3 ===
[GameContext] [MCTS] slow search: 459 ms (100 iterations, depth 3)
[GameContext] Precision Design draws Echo.
[GameContext] [MCTS] slow search: 749 ms (100 iterations, depth 3)
[GameContext] Precision Design gains 6 credits.
[GameContext] Precision Design plays Extract.
[GameContext] [MCTS] slow search: 690 ms (100 iterations, depth 3)
[GameContext] Precision Design gains 9 credits.
[GameContext] Precision Design plays Hedge Fund.
[GameContext] === Multifarious Marketeer Turn 5 begins. Credits: 7, Clicks: 4 ===
[GameContext] MuslihaT: Multifarious Marketeer peeks at the top of their stack.
[GameContext] MuslihaT: Multifarious Marketeer declines.
[GameContext] Run modifier set: bonus_access = 1
[GameContext] --- Run on HQ begins ---
[GameContext] [Initiation] Run declared on HQ.
[GameContext] [Approach] Runner approaches unrezzed ice (position 0).
[CorpRunAI] AI: Ansel 1.0 — rez_cost=6  tax/enc=3.0  enc=3.0  LTV=9.0
[GameContext] [Rez] Corp rezzes Ansel 1.0 for 6 credits.
[GameContext] [Encounter] Runner encounters Ansel 1.0.
[GameContext] No valid Multifarious Marketeer cards to trash.
[GameContext] Precision Design installs Hákarl 1.0 from HQ on HQ (ignoring costs).
[GameContext] Run ended.
[GameContext] [Encounter] Run ended by subroutine.
[GameContext] [End] Run ended unsuccessfully.
[GameContext] Multifarious Marketeer plays Jailbreak.
[GameContext] --- Run on R&D begins ---
[GameContext] [Initiation] Run declared on R&D.
[GameContext] [Approach] Runner approaches unrezzed ice (position 0).
[GameContext] [Approach] Corp declines to rez. Runner passes unrezzed ice.
[GameContext] [Movement] Runner approaches the server root.
[GameContext] [Success] Run successful on R&D!
[GameContext] [Debug/gain_on_success] run_modifiers at success: {  }
[GameContext] [Breach] Runner breaches R&D.
[GameContext] [Access] Runner accesses: Spin Doctor
[GameContext] [Access] Runner may trash Spin Doctor for 2 credits (Runner has 7 total).
[GameContext] [Access] Runner trashes Spin Doctor.
[GameContext] [End] Run ended successfully.
[GameContext] Multifarious Marketeer draws The Class Act.
[GameContext] Multifarious Marketeer draws Jailbreak.
[GameContext] Precision Design draws Hákarl 1.0.
[GameContext] === Precision Design Turn 5 begins. Credits: 4, Clicks: 3 ===
[GameContext] [MCTS] slow search: 554 ms (100 iterations, depth 3)
[heartbeat] game 10/10 — turn 5, time 450s
[GameContext] Precision Design gains 1 credit. (5 total)
[GameContext] [MCTS] slow search: 581 ms (100 iterations, depth 3)
[GameContext] Precision Design draws Extract.
[GameContext] [MCTS] slow search: 797 ms (100 iterations, depth 3)
[GameContext] Precision Design gains 9 credits.
[GameContext] Precision Design plays Hedge Fund.
[GameContext] === Multifarious Marketeer Turn 6 begins. Credits: 5, Clicks: 4 ===
[GameContext] MuslihaT: Multifarious Marketeer peeks at the top of their stack.
[GameContext] MuslihaT: Multifarious Marketeer declines.
[GameContext] --- Run on R&D begins ---
[GameContext] [Initiation] Run declared on R&D.
[GameContext] [Approach] Runner approaches unrezzed ice (position 0).
[GameContext] [Approach] Corp declines to rez. Runner passes unrezzed ice.
[GameContext] [Movement] Runner approaches the server root.
[GameContext] [Success] Run successful on R&D!
[GameContext] [Debug/gain_on_success] run_modifiers at success: {  }
[GameContext] [Breach] Runner breaches R&D.
[GameContext] [Access] Runner accesses: Hedge Fund
[GameContext] [End] Run ended successfully.
[GameContext] Run modifier set: bonus_access = 1
[GameContext] --- Run on HQ begins ---
[GameContext] [Initiation] Run declared on HQ.
[GameContext] [Approach] Runner approaches unrezzed ice (position 0).
[CorpRunAI] AI: Hákarl 1.0 — rez_cost=5  tax/enc=10.0  enc=3.0  LTV=30.0
[GameContext] [Rez] Corp rezzes Hákarl 1.0 for 5 credits.
[GameContext] [Encounter] Runner encounters Hákarl 1.0.
[GameContext] Runner takes 1 core damage.
[GameContext]   Trashed from grip: carmen
[GameContext] 1 card(s) trashed from Multifarious Marketeer's grip.
[GameContext] Multifarious Marketeer's maximum hand size permanently reduced to 3 (core damage total: 2).
[GameContext] Run ended.
[GameContext] [Encounter] Run ended by subroutine.
[GameContext] [End] Run ended unsuccessfully.
[GameContext] Multifarious Marketeer plays Jailbreak.
[GameContext] Multifarious Marketeer draws Cezve.
[GameContext] Multifarious Marketeer draws Pinhole Threading.
[GameContext] Precision Design draws Hedge Fund.
[GameContext] === Precision Design Turn 6 begins. Credits: 4, Clicks: 3 ===
[GameContext] [MCTS] slow search: 681 ms (100 iterations, depth 3)
[GameContext] Precision Design gains 1 credit. (5 total)
[GameContext] [MCTS] slow search: 831 ms (100 iterations, depth 3)
[GameContext] Precision Design gains 9 credits.
[GameContext] Precision Design plays Hedge Fund.
[heartbeat] game 10/10 — turn 6, time 455s
[GameContext] [MCTS] slow search: 664 ms (100 iterations, depth 3)
[GameContext] Precision Design gains 1 credit. (10 total)
[GameContext] === Multifarious Marketeer Turn 7 begins. Credits: 5, Clicks: 4 ===
[GameContext] MuslihaT: Multifarious Marketeer peeks at the top of their stack.
[GameContext] MuslihaT: Multifarious Marketeer declines.
[GameContext] --- Run on R&D begins ---
[GameContext] [Initiation] Run declared on R&D.
[GameContext] [Approach] Runner approaches unrezzed ice (position 0).
[GameContext] [Approach] Corp declines to rez. Runner passes unrezzed ice.
[GameContext] [Movement] Runner approaches the server root.
[GameContext] [Success] Run successful on R&D!
[GameContext] [Debug/gain_on_success] run_modifiers at success: {  }
[GameContext] [Breach] Runner breaches R&D.
[GameContext] [Access] Runner accesses: Maskirovka
[GameContext] [End] Run ended successfully.
[GameContext] Multifarious Marketeer gains 1 credit. (6 total)
[GameContext] Multifarious Marketeer gains 1 credit. (7 total)
[GameContext] Multifarious Marketeer gains 1 credit. (8 total)
[GameContext] Precision Design draws Maskirovka.
[GameContext] === Precision Design Turn 7 begins. Credits: 10, Clicks: 3 ===
[GameContext] [MCTS] slow search: 829 ms (100 iterations, depth 3)
[GameContext] Precision Design pays 1 credit(s) to install ice.
[GameContext] Precision Design installs Maskirovka in R&D.
[GameContext] [MCTS] slow search: 625 ms (100 iterations, depth 3)
[GameContext] Precision Design draws Mavirus.
[GameContext] [MCTS] slow search: 837 ms (100 iterations, depth 3)
[GameContext] Precision Design installs Mavirus in HQ.
[GameContext] === Multifarious Marketeer Turn 8 begins. Credits: 8, Clicks: 4 ===
[GameContext] MuslihaT: Multifarious Marketeer peeks at the top of their stack.
[GameContext] MuslihaT: Multifarious Marketeer declines.
[GameContext] --- Run on R&D begins ---
[GameContext] [Initiation] Run declared on R&D.
[GameContext] [Approach] Runner approaches unrezzed ice (position 0).
[CorpRunAI] AI: Maskirovka — rez_cost=3  tax/enc=9.0  enc=3.0  LTV=27.0
[GameContext] [Rez] Corp rezzes Maskirovka for 3 credits.
[GameContext] [Encounter] Runner encounters Maskirovka.
[GameContext] Precision Design gains 2 credits.
[GameContext] Run ended.
[GameContext] [Encounter] Run ended by subroutine.
[GameContext] [End] Run ended unsuccessfully.
[GameContext] Multifarious Marketeer gains 1 credit. (9 total)
[GameContext] Multifarious Marketeer gains 1 credit. (10 total)
[GameContext] Multifarious Marketeer gains 1 credit. (11 total)
[GameContext] Precision Design draws Mavirus.
[GameContext] === Precision Design Turn 8 begins. Credits: 8, Clicks: 3 ===
[GameContext] Precision Design rezzes Mavirus for 3 cr.
[GameContext] [MCTS] slow search: 854 ms (100 iterations, depth 3)
[heartbeat] game 10/10 — turn 8, time 461s
[GameContext] Precision Design gains 6 credits.
[GameContext] Precision Design plays Extract.
[GameContext] [MCTS] slow search: 668 ms (100 iterations, depth 3)
[GameContext] Precision Design draws Midnight-3 Arcology.
[GameContext] [MCTS] slow search: 1101 ms (100 iterations, depth 3)
[GameContext] Precision Design installs Mavirus in HQ.
[GameContext] === Multifarious Marketeer Turn 9 begins. Credits: 11, Clicks: 4 ===
[GameContext] MuslihaT: Multifarious Marketeer peeks at the top of their stack.
[GameContext] MuslihaT: Multifarious Marketeer declines.
[GameContext] Multifarious Marketeer gains 1 credit. (12 total)
[GameContext] Multifarious Marketeer gains 1 credit. (13 total)
[GameContext] Multifarious Marketeer gains 1 credit. (14 total)
[GameContext] Multifarious Marketeer gains 1 credit. (15 total)
[GameContext] Precision Design draws Spin Doctor.
[GameContext] === Precision Design Turn 9 begins. Credits: 8, Clicks: 3 ===
[GameContext] Precision Design rezzes Mavirus for 3 cr.
[GameContext] [MCTS] slow search: 1084 ms (100 iterations, depth 3)
[GameContext] Precision Design installs Midnight-3 Arcology in Server 0.
[GameContext] [MCTS] slow search: 1302 ms (100 iterations, depth 3)
[GameContext] Precision Design advances Midnight-3 Arcology (1 counters).
[heartbeat] game 10/10 — turn 9, time 467s
[GameContext] [MCTS] slow search: 1281 ms (100 iterations, depth 3)
[GameContext] Precision Design advances Midnight-3 Arcology (2 counters).
[GameContext] === Multifarious Marketeer Turn 10 begins. Credits: 15, Clicks: 4 ===
[GameContext] MuslihaT: Multifarious Marketeer peeks at the top of their stack.
[GameContext] MuslihaT: Multifarious Marketeer declines.
[GameContext] Multifarious Marketeer plays Pinhole Threading.
[GameContext] Multifarious Marketeer draws Pinhole Threading.
[GameContext] Multifarious Marketeer plays Pinhole Threading.
[GameContext] Multifarious Marketeer draws Transfer of Wealth.
[GameContext] Precision Design draws Envelopment.
[GameContext] === Precision Design Turn 10 begins. Credits: 3, Clicks: 3 ===
[GameContext] [MCTS] Scoring line detected — executing: Advance midnight_3_arcology
[GameContext] Precision Design advances Midnight-3 Arcology (3 counters).
[GameContext] [MCTS] Scoring line detected — executing: Advance midnight_3_arcology
[GameContext] Precision Design advances Midnight-3 Arcology (4 counters).
[GameContext] Precision Design scores Midnight-3 Arcology! (2 agenda points)
[GameContext] Precision Design draws 3 card(s).
[GameContext] Precision Design skips the discard phase this turn.
[GameContext] Precision Design: Precision Design adds Regolith Mining License from Archives to HQ.
[GameContext] [MCTS] slow search: 3058 ms (100 iterations, depth 3)
[GameContext] Precision Design installs Midnight-3 Arcology in Server 0.
[heartbeat] game 10/10 — turn 10, time 473s
[GameContext] Precision Design skips the discard phase this turn (Midnight-3 Arcology).
[GameContext] === Multifarious Marketeer Turn 11 begins. Credits: 13, Clicks: 4 ===
[GameContext] MuslihaT: Multifarious Marketeer peeks at the top of their stack.
[GameContext] MuslihaT: Multifarious Marketeer declines.
[GameContext] Run modifier set: transfer_of_wealth_on_success = 1
[GameContext] --- Run on HQ begins ---
[GameContext] [Initiation] Run declared on HQ.
[GameContext] [Approach] Runner approaches Hákarl 1.0 (position 0).
[GameContext] [Encounter] Runner encounters Hákarl 1.0.
[GameContext] Runner takes 1 core damage.
[GameContext]   Trashed from grip: cezve
[GameContext] 1 card(s) trashed from Multifarious Marketeer's grip.
[GameContext] Multifarious Marketeer's maximum hand size permanently reduced to 2 (core damage total: 3).
[GameContext] Run ended.
[GameContext] [Encounter] Run ended by subroutine.
[GameContext] [End] Run ended unsuccessfully.
[GameContext] Multifarious Marketeer plays Transfer of Wealth.
[GameContext] Multifarious Marketeer draws Sure Gamble.
[GameContext] Multifarious Marketeer gains 9 credits.
[GameContext] Multifarious Marketeer plays Sure Gamble.
[GameContext] Multifarious Marketeer draws Backstitching.
[GameContext] Precision Design draws Echo.
[GameContext] === Precision Design Turn 11 begins. Credits: 1, Clicks: 3 ===
[GameContext] [MCTS] slow search: 3054 ms (100 iterations, depth 3)
[GameContext] Precision Design advances Midnight-3 Arcology (1 counters).
[GameContext] [MCTS] slow search: 3239 ms (100 iterations, depth 3)
[GameContext] Precision Design gains 1 credit. (1 total)
[heartbeat] game 10/10 — turn 11, time 480s
[GameContext] [MCTS] slow search: 3346 ms (100 iterations, depth 3)
[GameContext] Precision Design advances Midnight-3 Arcology (2 counters).
[GameContext] Precision Design discards Spin Doctor to hand limit.
[GameContext] Precision Design discards Spin Doctor to hand limit.
[GameContext] Precision Design discards Regolith Mining License to hand limit.
[GameContext] Precision Design discards Echo to hand limit.
[GameContext] === Multifarious Marketeer Turn 12 begins. Credits: 17, Clicks: 4 ===
[GameContext] MuslihaT: Multifarious Marketeer peeks at the top of their stack.
[GameContext] MuslihaT: Multifarious Marketeer declines.
[GameContext] Multifarious Marketeer gains 1 credit. (18 total)
[GameContext] Multifarious Marketeer gains 1 credit. (19 total)
[GameContext] Multifarious Marketeer gains 1 credit. (20 total)
[GameContext] Multifarious Marketeer gains 1 credit. (21 total)
[GameContext] Precision Design draws Maskirovka.
[GameContext] === Precision Design Turn 12 begins. Credits: 0, Clicks: 3 ===
[GameContext] [MCTS] slow search: 1757 ms (100 iterations, depth 3)
[heartbeat] game 10/10 — turn 12, time 486s
[GameContext] Precision Design gains 1 credit. (1 total)
[GameContext] [MCTS] slow search: 1947 ms (100 iterations, depth 3)
[GameContext] Precision Design draws Government Subsidy.
[GameContext] [MCTS] slow search: 2056 ms (100 iterations, depth 3)
[GameContext] Precision Design advances Midnight-3 Arcology (3 counters).
[heartbeat] game 10/10 — turn 12, time 491s
[GameContext] Precision Design discards Government Subsidy to hand limit.
[GameContext] Precision Design discards Echo to hand limit.
[GameContext] === Multifarious Marketeer Turn 13 begins. Credits: 21, Clicks: 4 ===
[GameContext] MuslihaT: Multifarious Marketeer peeks at the top of their stack.
[GameContext] MuslihaT: Multifarious Marketeer declines.
[GameContext] Multifarious Marketeer gains 1 credit. (22 total)
[GameContext] Multifarious Marketeer gains 1 credit. (23 total)
[GameContext] Multifarious Marketeer gains 1 credit. (24 total)
[GameContext] Multifarious Marketeer gains 1 credit. (25 total)
[GameContext] Precision Design draws Ansel 1.0.
[GameContext] === Precision Design Turn 13 begins. Credits: 0, Clicks: 3 ===
[GameContext] [MCTS] slow search: 1454 ms (100 iterations, depth 3)
[GameContext] Precision Design gains 1 credit. (1 total)
[GameContext] [MCTS] Scoring line detected — executing: Advance midnight_3_arcology
[GameContext] Precision Design advances Midnight-3 Arcology (4 counters).
[GameContext] Precision Design scores Midnight-3 Arcology! (2 agenda points)
[GameContext] Precision Design draws 3 card(s).
[GameContext] Precision Design skips the discard phase this turn.
[GameContext] Precision Design: Precision Design adds Extract from Archives to HQ.
[GameContext] [MCTS] slow search: 3316 ms (100 iterations, depth 3)
[GameContext] Precision Design gains 1 credit. (1 total)
[heartbeat] game 10/10 — turn 13, time 497s
[GameContext] Precision Design skips the discard phase this turn (Midnight-3 Arcology).
[GameContext] === Multifarious Marketeer Turn 14 begins. Credits: 25, Clicks: 4 ===
[GameContext] MuslihaT: Multifarious Marketeer peeks at the top of their stack.
[GameContext] MuslihaT: Multifarious Marketeer declines.
[GameContext] Multifarious Marketeer gains 1 credit. (26 total)
[GameContext] Multifarious Marketeer gains 1 credit. (27 total)
[GameContext] Multifarious Marketeer gains 1 credit. (28 total)
[GameContext] Multifarious Marketeer gains 1 credit. (29 total)
[GameContext] Precision Design draws Envelopment.
[GameContext] === Precision Design Turn 14 begins. Credits: 1, Clicks: 3 ===
[GameContext] [MCTS] slow search: 2087 ms (100 iterations, depth 3)
[GameContext] Precision Design gains 1 credit. (2 total)
[GameContext] [MCTS] slow search: 2715 ms (100 iterations, depth 3)
[GameContext] Precision Design gains 1 credit. (3 total)
[heartbeat] game 10/10 — turn 14, time 503s
[GameContext] [MCTS] slow search: 2757 ms (100 iterations, depth 3)
[GameContext] Precision Design gains 6 credits.
[GameContext] Precision Design plays Extract.
[GameContext] Precision Design discards Extract to hand limit.
[GameContext] Precision Design discards Regolith Mining License to hand limit.
[GameContext] Precision Design discards Trieste Model Bioroids to hand limit.
[GameContext] Precision Design discards Maskirovka to hand limit.
[GameContext] Precision Design discards Maskirovka to hand limit.
[GameContext] === Multifarious Marketeer Turn 15 begins. Credits: 29, Clicks: 4 ===
[GameContext] MuslihaT: Multifarious Marketeer peeks at the top of their stack.
[GameContext] MuslihaT: Multifarious Marketeer declines.
[GameContext] Multifarious Marketeer gains 1 credit. (30 total)
[GameContext] Multifarious Marketeer gains 1 credit. (31 total)
[GameContext] Multifarious Marketeer gains 1 credit. (32 total)
[GameContext] Multifarious Marketeer gains 1 credit. (33 total)
[GameContext] Precision Design draws Government Subsidy.
[GameContext] === Precision Design Turn 15 begins. Credits: 6, Clicks: 3 ===
[GameContext] [MCTS] slow search: 656 ms (100 iterations, depth 3)
[GameContext] Precision Design installs Envelopment in Server 1.
[GameContext] [MCTS] slow search: 707 ms (100 iterations, depth 3)
[GameContext] Precision Design installs Envelopment in Server 2.
[heartbeat] game 10/10 — turn 15, time 509s
[GameContext] [MCTS] slow search: 484 ms (100 iterations, depth 3)
[GameContext] Precision Design pays 2 credit(s) to install ice.
[GameContext] Precision Design installs Hákarl 1.0 in R&D.
[GameContext] === Multifarious Marketeer Turn 16 begins. Credits: 33, Clicks: 4 ===
[GameContext] MuslihaT: Multifarious Marketeer peeks at the top of their stack.
[GameContext] MuslihaT: Multifarious Marketeer declines.
[GameContext] Multifarious Marketeer gains 1 credit. (34 total)
[GameContext] Multifarious Marketeer gains 1 credit. (35 total)
[GameContext] Multifarious Marketeer gains 1 credit. (36 total)
[GameContext] Multifarious Marketeer gains 1 credit. (37 total)
[GameContext] Precision Design draws Élivágar Bifurcation.
[GameContext] === Precision Design Turn 16 begins. Credits: 4, Clicks: 3 ===
[GameContext] [MCTS] slow search: 408 ms (100 iterations, depth 3)
[GameContext] Precision Design gains 1 credit. (5 total)
[GameContext] [MCTS] slow search: 458 ms (100 iterations, depth 3)
[GameContext] Precision Design installs Élivágar Bifurcation in Server 2.
[GameContext] [MCTS] slow search: 448 ms (100 iterations, depth 3)
[GameContext] Precision Design draws Ivik.
[GameContext] === Multifarious Marketeer Turn 17 begins. Credits: 37, Clicks: 4 ===
[GameContext] MuslihaT: Multifarious Marketeer peeks at the top of their stack.
[GameContext] MuslihaT: Multifarious Marketeer declines.
[GameContext] Multifarious Marketeer gains 1 credit. (38 total)
[GameContext] Multifarious Marketeer gains 1 credit. (39 total)
[GameContext] Multifarious Marketeer gains 1 credit. (40 total)
[GameContext] --- Run on Server 2 begins ---
[GameContext] [Initiation] Run declared on Server 2.
[GameContext] [Approach] Runner approaches unrezzed ice (position 0).
[CorpRunAI] AI: Envelopment — rez_cost=5  tax/enc=9.0  enc=2.5  LTV=22.5
[CorpRunAI] AI: deferring Envelopment (pri=9.00) — saving for Hákarl 1.0 on rd (pri=15.00)
[GameContext] [Approach] Corp declines to rez. Runner passes unrezzed ice.
[GameContext] [Movement] Runner approaches the server root.
[GameContext] [Success] Run successful on Server 2!
[GameContext] [Debug/gain_on_success] run_modifiers at success: {  }
[GameContext] [Breach] Runner breaches Server 2.
[GameContext] [Access] Runner accesses: Élivágar Bifurcation
[GameContext] [Access] Runner steals Élivágar Bifurcation! (1 agenda points)
[GameContext] [End] Run ended successfully.
[GameContext] Precision Design draws Trieste Model Bioroids.
[GameContext] === Precision Design Turn 17 begins. Credits: 5, Clicks: 3 ===
[GameContext] [MCTS] slow search: 923 ms (100 iterations, depth 3)
[GameContext] Precision Design gains 1 credit. (6 total)
[heartbeat] game 10/10 — turn 17, time 514s
[GameContext] [MCTS] slow search: 837 ms (100 iterations, depth 3)
[GameContext] Precision Design gains 1 credit. (7 total)
[GameContext] [MCTS] slow search: 901 ms (100 iterations, depth 3)
[GameContext] Precision Design gains 1 credit. (8 total)
[GameContext] === Multifarious Marketeer Turn 18 begins. Credits: 40, Clicks: 4 ===
[GameContext] MuslihaT: Multifarious Marketeer peeks at the top of their stack.
[GameContext] MuslihaT: Multifarious Marketeer declines.
[GameContext] Multifarious Marketeer gains 1 credit. (41 total)
[GameContext] Multifarious Marketeer gains 1 credit. (42 total)
[GameContext] Multifarious Marketeer gains 1 credit. (43 total)
[GameContext] Multifarious Marketeer gains 1 credit. (44 total)
[GameContext] Precision Design deck is empty — Precision Design loses!
[GameContext] Game over — Multifarious Marketeer wins. Corp could not draw (empty R&D)
[GameContext] === Precision Design Turn 18 begins. Credits: 8, Clicks: 3 ===
  [ 10/ 10]  RUNNER    Corp could not draw (empty R&D)   18 turns

╔══════════════════════════════════════════════════════╗
║  BATCH SUMMARY  (10 games)                           
╠══════════════════════════════════════════════════════╣
║  Corp   wins :   4  ( 40.0%)                        
║  Runner wins :   6  ( 60.0%)                        
║  Draws       :   0  (  0.0%)                        
║  Avg turns   : 16.6                                  
╠══════════════════════════════════════════════════════╣
║  Win reasons:
║    "Multifarious Marketeer" flatlined (empty grip)    3
║    Corp could not draw (empty R&D)     5
║    Multifarious Marketeer stole enough agendas to win    1
║    Precision Design scored 7 agenda points    1
╚══════════════════════════════════════════════════════╝
